ts,open,high,low,close,volume
1767225600000,863.6,866.0,863.1,865.7,998.57
1767229200000,865.7,873.2,865.5,872.5,4274.16
1767232800000,872.5,874.5,870.4,871.3,4175.98
1767236400000,871.3,873.0,868.3,868.6,2204.1
1767240000000,868.6,868.9,861.6,862.9,1697.29
1767243600000,862.9,864.7,862.1,862.4,1749.08
1767247200000,862.4,864.4,861.2,861.3,2060.46
1767250800000,861.3,861.3,858.6,858.8,2393.76
1767254400000,858.8,860.9,858.2,860.6,2294.86
1767258000000,860.6,861.0,859.3,859.4,1754.7
1767261600000,859.4,861.3,859.4,860.5,994.63
1767265200000,860.5,861.4,859.9,861.1,1629.24
1767268800000,861.1,861.1,855.5,858.5,3812.57
1767272400000,858.5,860.2,857.7,858.0,2046.45
1767276000000,858.0,859.0,856.2,857.3,1879.94
1767279600000,857.3,860.1,855.7,858.8,4960.37
1767283200000,858.8,859.2,856.7,857.4,947.08
1767286800000,857.4,860.4,856.5,859.2,2006.8
1767290400000,859.2,859.5,858.1,859.3,438.2
1767294000000,859.3,861.0,858.5,860.9,658.63
1767297600000,860.9,861.5,859.4,860.3,1143.95
1767301200000,860.3,862.2,860.2,861.7,623.11
1767304800000,861.7,863.4,860.7,862.9,2410.54
1767308400000,862.9,864.2,861.6,863.8,1181.52
1767312000000,863.8,864.4,860.9,863.7,2589.67
1767315600000,863.7,864.2,861.2,862.0,1585.31
1767319200000,862.0,862.7,858.9,862.7,1865.53
1767322800000,862.7,866.9,862.1,865.3,3001.2
1767326400000,865.3,865.8,863.0,864.3,3752.73
1767330000000,864.3,866.7,862.6,865.7,2177.09
1767333600000,865.7,867.4,865.0,865.7,1334.73
1767337200000,865.7,866.2,864.0,864.3,1560.19
1767340800000,864.3,868.9,864.3,867.5,3365.16
1767344400000,867.5,871.8,867.1,870.8,2944.22
1767348000000,870.8,874.1,870.6,871.6,6123.28
1767351600000,871.6,871.7,866.7,869.4,3194.13
1767355200000,869.4,871.0,868.7,869.4,1421.38
1767358800000,869.4,872.0,868.7,870.2,1864.32
1767362400000,870.2,877.8,864.8,875.4,10013.14
1767366000000,875.4,882.5,870.1,878.0,9401.51
1767369600000,878.0,887.2,877.3,886.6,7892.06
1767373200000,886.6,891.2,883.8,887.0,10722.22
1767376800000,887.0,888.4,878.8,880.6,3529.65
1767380400000,880.6,883.0,880.0,880.3,1751.89
1767384000000,880.3,883.1,878.3,879.0,1034.64
1767387600000,879.0,882.7,878.8,882.1,1410.93
1767391200000,882.1,885.2,881.7,884.7,2520.92
1767394800000,884.7,885.4,880.1,881.0,1726.23
1767398400000,881.0,884.0,880.3,881.3,2090.14
1767402000000,881.3,881.5,878.8,879.6,1264.13
1767405600000,879.6,879.6,874.9,877.6,3472.12
1767409200000,877.6,878.9,876.7,878.6,1653.96
1767412800000,878.6,879.6,877.2,878.8,2539.23
1767416400000,878.8,879.0,873.7,876.2,1478.55
1767420000000,876.2,876.5,872.4,873.6,2245.71
1767423600000,873.6,874.6,867.9,872.5,3999.5
1767427200000,872.5,875.2,871.1,873.6,2930.87
1767430800000,873.6,875.0,872.9,874.1,1859.63
1767434400000,874.1,874.2,872.3,872.9,1806.48
1767438000000,872.9,873.8,871.7,873.5,800.5
1767441600000,873.5,875.4,872.9,874.7,1698.47
1767445200000,874.7,877.0,874.4,876.4,1960.71
1767448800000,876.4,876.4,872.7,873.7,3514.72
1767452400000,873.7,874.6,871.2,872.9,3021.3
1767456000000,872.9,875.8,872.9,875.2,1816.01
1767459600000,875.2,876.8,874.7,876.3,689.59
1767463200000,876.3,876.8,874.8,876.4,737.65
1767466800000,876.4,876.7,875.6,875.8,917.57
1767470400000,875.8,877.0,875.1,876.8,467.67
1767474000000,876.8,879.1,876.4,878.9,1238.31
1767477600000,878.9,879.7,877.6,878.2,1557.28
1767481200000,878.2,879.3,877.7,878.0,839.37
1767484800000,878.0,883.1,877.9,880.8,5594.07
1767488400000,880.8,883.7,880.1,882.3,2978.86
1767492000000,882.3,882.3,879.7,880.4,896.71
1767495600000,880.4,883.2,880.4,882.8,1187.72
1767499200000,882.8,890.6,882.4,888.5,7570.3
1767502800000,888.5,888.6,885.1,887.6,3025.1
1767506400000,887.6,889.5,883.7,884.3,3059.66
1767510000000,884.3,885.2,882.6,884.2,1662.26
1767513600000,884.2,886.4,882.0,885.7,3026.83
1767517200000,885.7,886.5,884.0,886.0,2166.14
1767520800000,886.0,887.2,885.4,886.9,719.71
1767524400000,886.9,886.9,884.0,884.6,1002.05
1767528000000,884.6,887.9,883.4,886.9,2681.48
1767531600000,886.9,890.0,886.0,888.7,2517.45
1767535200000,888.7,888.7,884.5,886.7,1712.83
1767538800000,886.7,889.1,884.7,889.0,1944.45
1767542400000,889.0,897.7,889.0,897.1,3744.84
1767546000000,897.1,903.1,896.1,901.1,9693.42
1767549600000,901.1,901.1,894.8,895.1,4053.11
1767553200000,895.1,895.4,890.4,892.4,6618.82
1767556800000,892.4,897.7,892.3,896.1,2032.28
1767560400000,896.1,897.3,894.6,896.7,1346.0
1767564000000,896.7,897.1,891.9,893.2,2215.18
1767567600000,893.2,896.3,892.3,895.1,1723.1
1767571200000,895.1,900.9,894.2,899.7,5076.39
1767574800000,899.7,906.7,898.8,903.0,9276.57
1767578400000,903.0,904.0,898.6,901.1,3474.45
1767582000000,901.1,901.7,898.6,899.6,2712.62
1767585600000,899.6,900.3,889.5,894.9,4751.27
1767589200000,894.9,895.0,892.1,892.1,1731.92
1767592800000,892.1,900.3,891.7,899.8,4561.03
1767596400000,899.8,900.3,897.7,899.0,2461.19
1767600000000,899.0,900.3,897.0,898.0,1979.68
1767603600000,898.0,899.5,895.2,897.3,1710.92
1767607200000,897.3,905.5,897.3,903.4,2920.29
1767610800000,903.4,908.9,902.2,908.7,3408.82
1767614400000,908.7,908.8,903.3,905.8,4101.27
1767618000000,905.8,906.8,900.7,903.5,2763.36
1767621600000,903.5,906.3,899.7,904.1,3016.25
1767625200000,904.1,906.8,900.3,905.9,2480.88
1767628800000,905.9,906.8,902.8,904.5,3002.07
1767632400000,904.5,906.8,900.8,906.3,4880.47
1767636000000,906.3,908.6,902.9,908.0,3120.84
1767639600000,908.0,913.8,906.3,910.8,4234.88
1767643200000,910.8,916.4,910.4,912.0,4293.31
1767646800000,912.0,912.9,908.4,911.7,1784.12
1767650400000,911.7,914.3,911.2,912.7,1002.16
1767654000000,912.7,912.9,909.8,909.8,1076.04
1767657600000,909.8,911.2,904.1,908.3,2677.4
1767661200000,908.3,910.8,905.6,906.3,2022.57
1767664800000,906.3,907.6,904.4,904.6,1496.36
1767668400000,904.6,908.5,904.5,907.7,1677.33
1767672000000,907.7,909.7,906.1,907.1,1046.44
1767675600000,907.1,907.4,903.2,904.8,2691.55
1767679200000,904.8,909.4,904.2,907.2,3177.66
1767682800000,907.2,907.2,902.4,904.2,2183.47
1767686400000,904.2,907.9,903.9,907.1,1438.46
1767690000000,907.1,913.9,907.1,912.4,3947.2
1767693600000,912.4,914.6,910.6,911.2,1877.22
1767697200000,911.2,914.2,910.7,912.7,1369.9
1767700800000,912.7,913.3,910.9,912.5,930.27
1767704400000,912.5,914.6,912.0,914.1,2808.12
1767708000000,914.1,922.7,913.9,920.2,10825.61
1767711600000,920.2,924.1,915.1,918.7,7788.72
1767715200000,918.7,920.5,904.4,907.5,8125.92
1767718800000,907.5,908.8,891.4,893.3,9006.79
1767722400000,893.3,902.4,890.9,900.2,5256.83
1767726000000,900.2,902.2,899.7,900.6,1378.49
1767729600000,900.6,906.7,900.4,905.1,2484.12
1767733200000,905.1,915.0,904.0,912.1,4446.74
1767736800000,912.1,915.1,911.2,912.9,2069.13
1767740400000,912.9,919.6,912.8,917.4,2153.84
1767744000000,917.4,918.7,908.3,908.6,2991.24
1767747600000,908.6,911.3,904.7,906.5,2672.07
1767751200000,906.5,911.9,904.2,911.2,1541.16
1767754800000,911.2,912.6,909.2,909.6,1240.01
1767758400000,909.6,910.9,908.5,910.1,614.39
1767762000000,910.1,914.9,909.5,912.2,1277.25
1767765600000,912.2,916.8,912.0,914.0,2134.83
1767769200000,914.0,918.7,914.0,918.5,4725.14
1767772800000,918.5,920.3,915.3,917.2,8886.61
1767776400000,917.2,917.9,908.8,910.0,10401.68
1767780000000,910.0,912.2,908.1,910.6,12346.64
1767783600000,910.6,912.8,909.4,910.2,4691.55
1767787200000,910.2,910.7,904.6,904.7,2774.53
1767790800000,904.7,907.1,902.0,903.8,4641.74
1767794400000,903.8,904.8,897.5,903.1,8425.01
1767798000000,903.1,903.4,894.2,899.0,7959.59
1767801600000,899.0,901.3,896.9,898.0,2074.91
1767805200000,898.0,901.7,895.9,896.9,2253.28
1767808800000,896.9,899.0,894.7,896.1,2172.59
1767812400000,896.1,897.8,891.9,896.4,4220.38
1767816000000,896.4,897.3,893.2,895.3,624.82
1767819600000,895.3,898.0,894.9,897.3,1180.42
1767823200000,897.3,900.3,895.8,897.4,1088.6
1767826800000,897.4,900.8,894.6,899.8,2228.31
1767830400000,899.8,901.9,896.4,901.6,1674.33
1767834000000,901.6,904.4,900.3,900.8,899.57
1767837600000,900.8,901.6,893.0,895.2,2348.9
1767841200000,895.2,897.9,892.1,893.0,2065.19
1767844800000,893.0,896.3,890.8,894.0,3025.26
1767848400000,894.0,897.0,893.6,893.9,1347.51
1767852000000,893.9,894.5,879.5,879.5,11704.82
1767855600000,879.5,884.9,874.2,884.3,5943.98
1767859200000,884.3,886.9,882.0,882.8,2075.5
1767862800000,882.8,884.8,880.3,881.6,2822.34
1767866400000,881.6,887.0,878.5,886.1,2578.88
1767870000000,886.1,887.2,883.1,886.0,1985.11
1767873600000,886.0,886.2,881.6,883.4,1786.41
1767877200000,883.4,885.6,882.7,884.4,2013.55
1767880800000,884.4,885.0,877.0,883.4,3968.75
1767884400000,883.4,888.7,881.4,888.3,3541.54
1767888000000,888.3,889.7,885.2,889.5,1270.41
1767891600000,889.5,891.0,887.0,890.9,1566.87
1767895200000,890.9,891.0,886.9,887.9,1700.35
1767898800000,887.9,890.0,886.4,887.7,721.43
1767902400000,887.7,890.7,884.6,890.1,1518.7
1767906000000,890.1,891.8,889.0,891.7,1384.12
1767909600000,891.7,893.5,889.6,891.6,1697.53
1767913200000,891.6,894.1,891.2,891.7,1382.63
1767916800000,891.7,893.7,891.3,893.6,404.45
1767920400000,893.6,895.7,887.3,889.7,4079.69
1767924000000,889.7,893.4,889.5,891.3,2546.48
1767927600000,891.3,896.1,890.8,895.1,1617.82
1767931200000,895.1,896.0,894.0,895.3,663.06
1767934800000,895.3,897.8,895.2,897.8,2134.46
1767938400000,897.8,898.4,894.8,896.1,1824.94
1767942000000,896.1,896.1,893.2,893.2,831.63
1767945600000,893.2,894.0,885.5,889.3,3571.45
1767949200000,889.3,891.2,887.4,887.8,1738.58
1767952800000,887.8,889.9,887.0,889.8,1079.35
1767956400000,889.8,891.4,888.7,889.0,855.48
1767960000000,889.0,889.7,887.2,888.7,1295.3
1767963600000,888.7,893.6,887.5,890.0,2592.41
1767967200000,890.0,890.1,885.3,887.0,2139.4
1767970800000,887.0,900.0,884.6,894.2,7966.38
1767974400000,894.2,900.7,894.2,898.7,5550.74
1767978000000,898.7,899.4,895.1,898.7,3615.37
1767981600000,898.7,899.5,891.1,895.2,1903.48
1767985200000,895.2,895.2,890.5,892.9,1088.24
1767988800000,892.9,895.7,892.3,892.7,830.42
1767992400000,892.7,895.9,891.3,895.9,1022.51
1767996000000,895.9,896.5,893.8,896.2,1230.81
1767999600000,896.2,897.9,895.7,896.4,693.48
1768003200000,896.4,899.1,896.2,897.3,853.89
1768006800000,897.3,899.6,897.2,898.9,516.17
1768010400000,898.9,901.1,898.5,899.6,1998.57
1768014000000,899.6,908.0,898.5,907.4,5491.08
1768017600000,907.4,908.7,902.8,906.1,4076.19
1768021200000,906.1,910.3,904.9,907.1,6723.9
1768024800000,907.1,909.6,905.6,906.1,2439.82
1768028400000,906.1,908.7,905.2,905.3,1745.12
1768032000000,905.3,906.4,902.4,903.8,2395.19
1768035600000,903.8,903.9,898.8,900.6,3642.28
1768039200000,900.6,902.7,899.9,902.6,1436.24
1768042800000,902.6,902.6,900.2,900.2,826.79
1768046400000,900.2,900.4,899.0,899.2,2385.44
1768050000000,899.2,902.9,898.6,902.3,1403.19
1768053600000,902.3,905.6,900.9,904.6,1226.03
1768057200000,904.6,910.7,903.8,908.6,5762.63
1768060800000,908.6,909.6,906.5,909.2,4371.71
1768064400000,909.2,910.6,907.5,907.9,2965.6
1768068000000,907.9,913.6,907.9,912.4,4422.77
1768071600000,912.4,916.0,911.4,914.1,7411.09
1768075200000,914.1,916.2,909.4,909.4,3909.79
1768078800000,909.4,909.9,903.3,904.5,4984.69
1768082400000,904.5,904.9,902.1,903.2,2932.91
1768086000000,903.2,908.1,903.1,907.8,2751.53
1768089600000,907.8,909.4,904.9,905.9,1482.67
1768093200000,905.9,908.2,903.8,907.8,5455.28
1768096800000,907.8,910.8,907.4,910.2,3490.9
1768100400000,910.2,913.6,908.4,913.0,2085.32
1768104000000,913.0,914.9,911.2,913.0,2466.89
1768107600000,913.0,914.4,910.6,913.1,1748.7
1768111200000,913.1,914.2,910.4,913.7,661.99
1768114800000,913.7,916.2,912.0,913.2,3052.23
1768118400000,913.2,917.2,912.2,916.7,1112.8
1768122000000,916.7,917.0,911.7,913.1,3097.53
1768125600000,913.1,913.2,911.5,912.3,542.83
1768129200000,912.3,913.2,911.5,911.8,634.18
1768132800000,911.8,914.1,911.8,913.2,1014.31
1768136400000,913.2,913.9,911.8,913.6,2130.79
1768140000000,913.6,915.3,910.0,910.9,3948.3
1768143600000,910.9,911.3,905.9,908.4,4964.26
1768147200000,908.4,910.9,906.9,907.2,5283.58
1768150800000,907.2,908.5,905.5,906.9,2372.63
1768154400000,906.9,906.9,904.7,905.6,2479.29
1768158000000,905.6,906.2,902.8,903.9,2959.15
1768161600000,903.9,904.3,900.0,901.8,4387.09
1768165200000,901.8,905.1,899.2,904.3,3647.01
1768168800000,904.3,904.3,900.6,902.0,2442.72
1768172400000,902.0,904.2,897.6,903.7,3072.39
1768176000000,903.7,905.5,896.0,901.4,5902.42
1768179600000,901.4,904.7,899.7,902.8,4557.46
1768183200000,902.8,909.1,901.3,908.2,3663.94
1768186800000,908.2,910.1,904.3,904.5,4991.38
1768190400000,904.5,909.6,904.3,908.7,1011.88
1768194000000,908.7,909.4,906.5,907.5,1123.63
1768197600000,907.5,908.6,905.9,906.9,1500.17
1768201200000,906.9,907.9,903.2,904.2,2059.57
1768204800000,904.2,907.8,898.6,902.6,3964.98
1768208400000,902.6,903.0,899.7,900.1,1530.87
1768212000000,900.1,901.2,897.9,898.4,1244.11
1768215600000,898.4,901.5,897.7,900.7,1113.24
1768219200000,900.7,903.1,898.8,901.3,3699.52
1768222800000,901.3,901.4,897.7,899.4,1390.23
1768226400000,899.4,901.6,893.1,899.1,6305.19
1768230000000,899.1,904.8,898.4,903.7,3059.93
1768233600000,903.7,907.5,903.6,904.9,2419.94
1768237200000,904.9,906.6,899.4,904.0,2342.73
1768240800000,904.0,907.7,903.7,907.3,1850.34
1768244400000,907.3,908.9,905.0,907.5,1352.39
1768248000000,907.5,907.9,904.6,904.7,1017.03
1768251600000,904.7,905.7,900.5,902.0,1311.16
1768255200000,902.0,906.7,902.0,905.4,1425.73
1768258800000,905.4,906.9,903.3,905.1,1605.03
1768262400000,905.1,907.5,903.7,905.6,1644.45
1768266000000,905.6,906.7,901.8,902.9,973.53
1768269600000,902.9,905.1,901.5,904.3,1995.18
1768273200000,904.3,906.5,903.1,905.9,1275.55
1768276800000,905.9,908.9,905.9,908.8,1874.91
1768280400000,908.8,911.8,908.3,908.8,3936.41
1768284000000,908.8,911.9,907.5,911.3,1811.39
1768287600000,911.3,914.7,909.5,909.6,8708.46
1768291200000,909.6,911.6,907.7,909.9,7852.6
1768294800000,909.9,911.6,907.5,908.4,12168.14
1768298400000,908.4,910.7,907.6,908.7,9559.92
1768302000000,908.7,909.3,907.3,907.6,2397.95
1768305600000,907.6,909.5,905.8,909.1,3334.05
1768309200000,909.1,912.8,908.1,909.4,5149.09
1768312800000,909.4,913.8,908.0,910.2,3712.92
1768316400000,910.2,916.5,908.2,916.3,6416.24
1768320000000,916.3,923.6,916.1,920.0,11134.37
1768323600000,920.0,922.2,916.8,920.4,3092.01
1768327200000,920.4,939.7,919.9,939.6,20509.74
1768330800000,939.6,945.5,938.6,941.5,6150.06
1768334400000,941.5,946.0,939.8,943.1,4191.39
1768338000000,943.1,944.0,940.9,941.9,3273.61
1768341600000,941.9,954.0,940.6,945.8,17421.57
1768345200000,945.8,948.3,941.0,943.3,3002.79
1768348800000,943.3,949.0,943.3,947.7,3341.71
1768352400000,947.7,951.5,946.1,947.3,2378.2
1768356000000,947.3,954.5,947.1,948.2,2459.51
1768359600000,948.2,950.4,945.6,949.7,1413.76
1768363200000,949.7,952.1,942.8,944.0,3084.41
1768366800000,944.0,944.1,939.7,940.3,2810.97
1768370400000,940.3,940.3,935.6,938.4,3415.72
1768374000000,938.4,940.0,935.1,937.2,1944.29
1768377600000,937.2,938.3,934.6,935.8,1022.58
1768381200000,935.8,938.4,935.6,937.2,616.18
1768384800000,937.2,938.4,934.2,935.8,1793.82
1768388400000,935.8,935.8,927.7,928.2,5130.07
1768392000000,928.2,934.7,927.9,933.8,2817.66
1768395600000,933.8,935.0,931.1,932.0,1315.31
1768399200000,932.0,943.1,931.7,941.1,6257.08
1768402800000,941.1,945.5,938.0,941.5,4127.86
1768406400000,941.5,947.2,941.5,943.5,3566.43
1768410000000,943.5,945.6,939.3,941.9,2784.2
1768413600000,941.9,944.5,937.8,942.6,2431.45
1768417200000,942.6,947.3,942.0,943.3,2944.94
1768420800000,943.3,947.6,942.6,944.0,1683.1
1768424400000,944.0,946.1,942.7,945.1,688.23
1768428000000,945.1,948.3,944.0,944.6,2578.96
1768431600000,944.6,949.7,944.6,948.2,2042.57
1768435200000,948.2,948.5,939.3,940.5,3703.85
1768438800000,940.5,942.1,934.0,936.2,2471.06
1768442400000,936.2,938.4,931.5,933.5,2358.85
1768446000000,933.5,934.7,927.6,931.2,5071.54
1768449600000,931.2,936.3,930.5,935.1,4096.09
1768453200000,935.1,937.6,935.0,935.7,955.7
1768456800000,935.7,936.7,932.8,933.2,1786.17
1768460400000,933.2,939.7,933.1,938.6,3694.9
1768464000000,938.6,942.4,937.0,942.4,2158.5
1768467600000,942.4,942.6,939.3,940.5,1813.32
1768471200000,940.5,941.0,938.6,938.6,574.1
1768474800000,938.6,940.2,937.0,937.7,1824.27
1768478400000,937.7,940.8,936.7,940.5,778.66
1768482000000,940.5,944.4,939.4,942.8,1514.88
1768485600000,942.8,945.3,932.9,937.9,5065.11
1768489200000,937.9,939.5,929.5,937.1,5947.52
1768492800000,937.1,940.2,934.3,939.7,2481.6
1768496400000,939.7,942.1,936.7,937.5,1991.22
1768500000000,937.5,938.0,930.4,931.1,3580.46
1768503600000,931.1,931.1,924.2,927.5,8296.75
1768507200000,927.5,928.3,923.3,924.9,3079.83
1768510800000,924.9,930.1,924.5,929.0,1174.89
1768514400000,929.0,933.4,928.7,931.4,2032.85
1768518000000,931.4,932.1,928.9,930.6,718.16
1768521600000,930.6,933.8,928.4,932.7,3749.03
1768525200000,932.7,932.9,928.6,931.9,809.92
1768528800000,931.9,932.7,928.6,931.5,1015.96
1768532400000,931.5,932.3,928.7,928.9,632.8
1768536000000,928.9,930.7,926.4,927.9,2279.42
1768539600000,927.9,933.6,927.4,932.9,1325.5
1768543200000,932.9,935.5,931.7,935.3,1259.64
1768546800000,935.3,935.6,932.1,933.7,734.83
1768550400000,933.7,938.1,933.6,936.5,1609.49
1768554000000,936.5,937.2,934.2,935.0,880.45
1768557600000,935.0,935.6,932.6,933.3,1071.63
1768561200000,933.3,935.2,931.5,934.7,970.39
1768564800000,934.7,936.9,933.8,934.0,1208.18
1768568400000,934.0,934.3,930.6,934.0,1423.14
1768572000000,934.0,935.2,929.7,930.0,2255.98
1768575600000,930.0,933.0,922.5,926.5,7250.12
1768579200000,926.5,930.3,925.8,929.5,4967.69
1768582800000,929.5,931.1,926.5,930.7,1071.84
1768586400000,930.7,931.9,930.0,930.7,674.12
1768590000000,930.7,931.5,928.6,930.8,619.51
1768593600000,930.8,934.1,928.1,934.0,997.74
1768597200000,934.0,935.4,932.6,934.8,1350.2
1768600800000,934.8,938.1,933.2,937.8,2419.36
1768604400000,937.8,939.0,936.8,937.7,1581.07
1768608000000,937.7,938.2,934.6,935.6,1547.94
1768611600000,935.6,938.7,935.2,938.1,1042.08
1768615200000,938.1,938.1,935.0,937.2,394.57
1768618800000,937.2,937.2,935.5,937.1,241.52
1768622400000,937.1,938.2,935.6,937.6,624.38
1768626000000,937.6,938.8,936.3,937.8,551.04
1768629600000,937.8,937.8,935.7,936.7,283.98
1768633200000,936.7,937.0,934.9,935.4,839.57
1768636800000,935.4,938.1,935.2,937.7,744.57
1768640400000,937.7,942.2,936.8,942.1,2145.23
1768644000000,942.1,943.3,940.7,941.2,1884.87
1768647600000,941.2,944.5,939.9,942.6,2226.36
1768651200000,942.6,944.2,942.0,942.3,1325.75
1768654800000,942.3,943.3,940.8,943.3,856.42
1768658400000,943.3,944.2,941.2,943.4,685.32
1768662000000,943.4,959.1,942.2,955.3,6808.63
1768665600000,955.3,956.0,948.6,950.1,6176.45
1768669200000,950.1,953.6,949.7,952.3,1243.86
1768672800000,952.3,953.5,951.0,952.9,1033.36
1768676400000,952.9,953.5,951.0,952.0,1959.87
1768680000000,952.0,952.8,949.5,951.6,695.1
1768683600000,951.6,953.8,950.7,951.1,571.1
1768687200000,951.1,952.2,944.8,946.1,2220.81
1768690800000,946.1,948.4,945.8,946.8,965.16
1768694400000,946.8,950.4,944.9,945.1,1838.02
1768698000000,945.1,945.7,942.6,944.5,1783.82
1768701600000,944.5,947.0,944.3,945.8,453.83
1768705200000,945.8,950.6,945.7,950.0,1207.91
1768708800000,950.0,950.0,947.4,948.3,616.76
1768712400000,948.3,949.1,946.6,946.9,376.5
1768716000000,946.9,947.7,945.4,946.3,613.52
1768719600000,946.3,947.3,943.9,943.9,652.11
1768723200000,943.9,946.6,943.1,945.7,1118.71
1768726800000,945.7,946.9,944.7,945.1,953.78
1768730400000,945.1,945.2,943.2,944.1,1025.69
1768734000000,944.1,946.8,943.5,946.2,851.27
1768737600000,946.2,948.1,945.1,947.7,1151.9
1768741200000,947.7,948.1,944.9,946.6,1695.74
1768744800000,946.6,948.6,944.4,944.7,1440.12
1768748400000,944.7,950.3,943.8,949.6,1334.23
1768752000000,949.6,950.7,948.4,949.9,708.95
1768755600000,949.9,952.0,948.5,951.4,1710.01
1768759200000,951.4,953.0,949.9,951.1,2440.64
1768762800000,951.1,952.0,948.5,949.1,547.73
1768766400000,949.1,953.1,948.6,951.9,1266.25
1768770000000,951.9,952.1,950.1,951.0,1639.11
1768773600000,951.0,951.2,949.4,950.6,1061.66
1768777200000,950.6,950.6,930.8,931.7,13454.06
1768780800000,931.7,931.7,899.6,918.3,54895.85
1768784400000,918.3,921.6,915.7,919.1,3684.23
1768788000000,919.1,921.4,916.6,920.2,4032.89
1768791600000,920.2,925.0,919.9,924.5,1743.61
1768795200000,924.5,927.0,922.1,925.9,2497.88
1768798800000,925.9,927.5,922.5,924.4,4510.81
1768802400000,924.4,925.6,922.3,924.5,1728.23
1768806000000,924.5,927.4,922.9,926.7,1089.24
1768809600000,926.7,928.4,924.6,926.2,3745.03
1768813200000,926.2,927.9,923.6,927.7,1797.87
1768816800000,927.7,929.5,925.3,926.1,2456.04
1768820400000,926.1,928.5,924.9,927.4,1753.99
1768824000000,927.4,927.9,924.6,927.3,3061.05
1768827600000,927.3,929.6,925.2,928.3,5354.94
1768831200000,928.3,929.0,922.8,923.9,5501.81
1768834800000,923.9,926.0,923.8,924.9,1803.15
1768838400000,924.9,928.6,924.3,928.2,733.63
1768842000000,928.2,928.3,926.2,927.3,928.93
1768845600000,927.3,927.4,924.8,926.7,469.54
1768849200000,926.7,928.7,925.9,926.1,480.61
1768852800000,926.1,927.2,924.6,925.7,1380.48
1768856400000,925.7,926.9,924.2,924.4,542.02
1768860000000,924.4,926.0,921.1,921.2,2512.12
1768863600000,921.2,925.2,918.8,923.0,2688.22
1768867200000,923.0,930.7,922.8,928.9,5651.9
1768870800000,928.9,932.8,927.4,932.0,2681.4
1768874400000,932.0,932.1,926.4,927.8,3146.41
1768878000000,927.8,928.7,926.0,927.0,1250.0
1768881600000,927.0,928.2,925.6,926.1,992.64
1768885200000,926.1,926.3,919.4,921.8,6751.35
1768888800000,921.8,921.8,913.5,915.0,5528.17
1768892400000,915.0,918.9,914.0,917.1,3503.4
1768896000000,917.1,917.4,908.4,913.7,6090.42
1768899600000,913.7,913.9,912.1,912.6,1320.86
1768903200000,912.6,915.5,912.0,914.0,1510.5
1768906800000,914.0,915.0,911.5,912.0,1164.15
1768910400000,912.0,915.5,911.9,913.2,648.96
1768914000000,913.2,913.3,905.0,905.6,2750.72
1768917600000,905.6,910.5,901.7,902.8,10541.9
1768921200000,902.8,904.9,896.0,904.8,8779.48
1768924800000,904.8,907.9,895.7,896.1,4561.3
1768928400000,896.1,899.5,886.6,889.8,6556.84
1768932000000,889.8,894.2,889.7,891.4,2739.77
1768935600000,891.4,896.1,891.0,895.1,2322.12
1768939200000,895.1,897.5,893.8,895.4,1538.06
1768942800000,895.4,896.0,892.9,894.0,772.68
1768946400000,894.0,896.6,884.2,890.6,7329.85
1768950000000,890.6,890.6,883.5,883.6,4241.53
1768953600000,883.6,883.7,866.4,880.4,20325.74
1768957200000,880.4,883.3,877.9,879.2,4107.87
1768960800000,879.2,881.5,876.0,876.8,2205.35
1768964400000,876.8,881.6,874.8,880.9,2751.9
1768968000000,880.9,882.1,878.7,879.0,1825.28
1768971600000,879.0,885.4,878.2,883.4,2906.33
1768975200000,883.4,884.0,877.0,877.5,1776.28
1768978800000,877.5,879.1,873.6,874.7,2317.15
1768982400000,874.7,874.8,869.1,872.2,4127.88
1768986000000,872.2,874.8,871.5,872.0,1571.69
1768989600000,872.0,875.6,871.5,872.6,1882.98
1768993200000,872.6,874.4,869.3,870.0,1603.83
1768996800000,870.0,871.0,863.6,870.8,5392.16
1769000400000,870.8,875.5,870.5,873.5,3283.84
1769004000000,873.5,884.1,872.7,883.2,8471.68
1769007600000,883.2,893.3,883.0,891.9,8873.88
1769011200000,891.9,892.7,866.8,867.2,11211.23
1769014800000,867.2,873.7,865.0,869.1,4645.23
1769018400000,869.1,875.0,866.6,872.9,1985.1
1769022000000,872.9,889.5,870.7,889.3,7079.98
1769025600000,889.3,889.8,881.9,888.0,2685.7
1769029200000,888.0,890.3,886.7,888.9,1723.31
1769032800000,888.9,892.9,885.8,887.2,2811.05
1769036400000,887.2,889.9,881.4,882.9,2851.25
1769040000000,882.9,890.0,882.7,888.6,1801.62
1769043600000,888.6,892.3,888.3,891.6,2049.9
1769047200000,891.6,894.1,888.3,888.8,5264.96
1769050800000,888.8,892.0,888.2,890.9,1488.06
1769054400000,890.9,892.7,890.5,891.7,1823.71
1769058000000,891.7,892.6,889.4,890.6,747.8
1769061600000,890.6,892.2,888.7,890.1,1759.61
1769065200000,890.1,890.4,887.1,888.1,817.36
1769068800000,888.1,891.9,888.1,891.3,1604.81
1769072400000,891.3,895.8,890.9,894.9,1822.01
1769076000000,894.9,897.1,894.2,896.0,1365.55
1769079600000,896.0,896.4,891.4,892.3,2185.27
1769083200000,892.3,893.5,891.4,892.0,1071.33
1769086800000,892.0,894.5,885.8,887.6,3041.71
1769090400000,887.6,888.2,880.8,882.5,3224.26
1769094000000,882.5,887.2,877.5,882.6,6075.34
1769097600000,882.6,887.3,881.2,884.6,3879.34
1769101200000,884.6,887.8,883.0,887.5,1618.57
1769104800000,887.5,888.2,883.3,883.7,1390.75
1769108400000,883.7,888.5,882.3,887.9,1422.32
1769112000000,887.9,889.0,885.8,886.9,1475.68
1769115600000,886.9,889.7,886.3,887.8,930.05
1769119200000,887.8,891.2,886.3,887.2,2691.97
1769122800000,887.2,887.7,884.9,887.6,939.07
1769126400000,887.6,890.0,887.2,889.0,1649.25
1769130000000,889.0,891.6,888.4,891.6,855.98
1769133600000,891.6,891.9,888.0,888.3,396.92
1769137200000,888.3,891.8,888.3,891.1,458.17
1769140800000,891.1,893.2,890.6,891.6,692.38
1769144400000,891.6,891.8,888.8,891.0,759.35
1769148000000,891.0,892.5,888.6,889.7,2015.09
1769151600000,889.7,891.8,889.7,890.8,949.67
1769155200000,890.8,891.3,887.4,888.2,1690.4
1769158800000,888.2,889.9,886.3,887.0,1260.44
1769162400000,887.0,888.9,885.1,888.1,2165.58
1769166000000,888.1,889.9,886.6,886.9,739.24
1769169600000,886.9,888.0,885.9,887.0,1172.6
1769173200000,887.0,888.1,885.6,887.5,1162.37
1769176800000,887.5,890.8,882.6,886.5,5584.44
1769180400000,886.5,892.3,883.4,891.7,4616.63
1769184000000,891.7,898.6,891.5,895.7,10106.57
1769187600000,895.7,904.8,894.0,899.1,6926.5
1769191200000,899.1,902.9,897.7,899.6,5413.7
1769194800000,899.6,899.9,890.0,893.3,4665.78
1769198400000,893.3,894.6,888.2,890.5,2128.49
1769202000000,890.5,892.0,889.4,889.6,702.69
1769205600000,889.6,892.9,889.4,892.3,1005.26
1769209200000,892.3,892.3,890.0,891.1,599.99
1769212800000,891.1,892.0,888.9,889.3,898.89
1769216400000,889.3,890.2,888.7,889.9,746.06
1769220000000,889.9,892.8,889.6,892.2,831.7
1769223600000,892.2,893.8,891.3,892.3,674.62
1769227200000,892.3,893.7,891.6,892.1,472.52
1769230800000,892.1,893.2,891.8,892.2,488.93
1769234400000,892.2,892.9,891.5,891.7,754.29
1769238000000,891.7,892.8,890.9,891.7,771.12
1769241600000,891.7,892.0,890.7,892.0,474.91
1769245200000,892.0,892.1,891.1,891.8,986.12
1769248800000,891.8,892.3,891.1,891.7,459.71
1769252400000,891.7,893.5,891.6,892.1,581.9
1769256000000,892.1,892.1,891.2,891.6,363.03
1769259600000,891.6,891.9,889.9,890.1,412.06
1769263200000,890.1,892.3,890.1,891.1,572.16
1769266800000,891.1,892.1,888.2,888.2,1283.78
1769270400000,888.2,888.3,886.0,887.2,1516.87
1769274000000,887.2,889.1,886.7,888.8,315.9
1769277600000,888.8,889.8,888.0,888.4,310.99
1769281200000,888.4,888.4,887.4,887.7,172.33
1769284800000,887.7,888.4,886.9,887.3,163.13
1769288400000,887.3,888.1,886.8,888.1,143.93
1769292000000,888.1,889.1,887.5,888.3,869.65
1769295600000,888.3,888.6,886.4,886.6,352.11
1769299200000,886.6,887.2,884.9,885.5,1862.47
1769302800000,885.5,885.7,883.2,884.1,839.28
1769306400000,884.1,884.5,883.1,883.4,845.93
1769310000000,883.4,884.0,879.5,880.7,1927.41
1769313600000,880.7,883.1,880.4,881.9,1418.65
1769317200000,881.9,882.2,880.0,881.5,524.15
1769320800000,881.5,881.8,879.2,881.3,563.48
1769324400000,881.3,881.3,878.9,878.9,459.93
1769328000000,878.9,881.4,876.6,878.0,2146.19
1769331600000,878.0,881.7,877.6,880.6,791.31
1769335200000,880.6,882.9,880.1,881.7,428.4
1769338800000,881.7,882.3,879.3,880.1,906.34
1769342400000,880.1,880.6,878.7,880.3,418.13
1769346000000,880.3,880.8,878.2,880.0,344.86
1769349600000,880.0,880.3,876.0,878.2,1033.25
1769353200000,878.2,879.5,876.2,876.9,1103.96
1769356800000,876.9,877.0,867.2,870.2,8510.16
1769360400000,870.2,870.5,866.7,868.8,1934.4
1769364000000,868.8,869.4,861.3,866.1,5333.27
1769367600000,866.1,867.1,855.3,858.2,6042.97
1769371200000,858.2,860.9,855.4,860.2,2429.38
1769374800000,860.2,864.1,859.5,863.5,2217.48
1769378400000,863.5,863.7,859.2,861.4,2202.89
1769382000000,861.4,866.2,858.6,865.7,1475.45
1769385600000,865.7,869.4,864.5,867.1,2864.18
1769389200000,867.1,875.4,867.0,873.7,4088.3
1769392800000,873.7,874.4,870.1,871.2,2204.1
1769396400000,871.2,872.3,866.3,867.5,2150.09
1769400000000,867.5,873.4,867.5,871.9,1463.21
1769403600000,871.9,872.3,870.7,871.5,640.72
1769407200000,871.5,873.2,869.7,872.4,613.87
1769410800000,872.4,874.3,870.7,874.3,905.59
1769414400000,874.3,877.4,872.5,873.1,2656.78
1769418000000,873.1,873.1,868.8,869.7,1358.28
1769421600000,869.7,872.3,869.6,871.6,598.12
1769425200000,871.6,872.7,870.7,872.5,1228.52
1769428800000,872.5,874.7,871.2,872.0,1794.0
1769432400000,872.0,874.1,871.6,874.0,465.4
1769436000000,874.0,876.1,869.0,873.8,3672.7
1769439600000,873.8,877.9,868.6,871.5,6312.41
1769443200000,871.5,874.8,869.4,872.5,3582.53
1769446800000,872.5,874.2,868.1,873.4,3410.13
1769450400000,873.4,878.7,873.0,877.7,2994.58
1769454000000,877.7,878.5,873.7,873.9,790.42
1769457600000,873.9,875.0,871.1,872.2,1164.88
1769461200000,872.2,878.2,871.6,876.0,1381.91
1769464800000,876.0,878.6,875.5,877.4,1317.34
1769468400000,877.4,881.3,876.2,878.9,785.49
1769472000000,878.9,879.1,875.9,877.3,714.36
1769475600000,877.3,881.2,875.7,880.7,606.45
1769479200000,880.7,884.9,880.6,884.5,1602.36
1769482800000,884.5,885.3,883.5,884.2,532.82
1769486400000,884.2,887.6,883.9,885.0,1987.07
1769490000000,885.0,885.2,881.8,884.2,987.13
1769493600000,884.2,884.9,881.9,882.7,815.56
1769497200000,882.7,885.1,882.6,883.1,502.75
1769500800000,883.1,884.6,882.8,883.9,687.87
1769504400000,883.9,883.9,880.9,880.9,1258.02
1769508000000,880.9,881.5,876.3,876.6,3089.53
1769511600000,876.6,879.8,876.1,879.8,1858.54
1769515200000,879.8,881.3,879.6,880.1,1572.18
1769518800000,880.1,882.8,878.5,881.7,1385.84
1769522400000,881.7,884.7,880.0,881.1,2293.98
1769526000000,881.1,885.8,880.7,885.3,2140.38
1769529600000,885.3,896.6,885.3,894.6,5094.11
1769533200000,894.6,897.7,884.4,886.5,6350.83
1769536800000,886.5,894.6,885.9,892.1,3371.54
1769540400000,892.1,893.3,889.4,891.6,1533.03
1769544000000,891.6,898.9,891.3,898.4,2519.65
1769547600000,898.4,899.2,894.5,895.4,1305.83
1769551200000,895.4,899.7,895.4,898.8,925.22
1769554800000,898.8,901.1,897.7,898.1,1251.58
1769558400000,898.1,900.8,897.6,900.0,1590.04
1769562000000,900.0,900.9,894.8,896.3,1648.06
1769565600000,896.3,896.7,894.1,896.7,666.84
1769569200000,896.7,897.4,894.5,896.7,940.64
1769572800000,896.7,898.9,895.0,898.8,1798.81
1769576400000,898.8,900.6,897.8,900.6,1510.13
1769580000000,900.6,904.8,899.4,903.5,2097.33
1769583600000,903.5,904.0,901.6,903.0,2276.69
1769587200000,903.0,905.9,902.0,902.3,3728.62
1769590800000,902.3,908.6,902.3,908.3,3121.05
1769594400000,908.3,909.3,904.9,905.2,2402.34
1769598000000,905.2,908.0,902.5,907.4,3130.31
1769601600000,907.4,907.5,903.3,904.8,2138.35
1769605200000,904.8,907.9,904.8,905.6,2305.51
1769608800000,905.6,905.6,900.2,901.5,2574.37
1769612400000,901.5,903.3,896.6,902.3,2111.88
1769616000000,902.3,903.1,897.2,899.4,2810.71
1769619600000,899.4,906.8,897.7,903.8,5196.08
1769623200000,903.8,904.1,899.9,902.1,2497.03
1769626800000,902.1,904.7,899.5,903.6,2961.55
1769630400000,903.6,907.1,901.6,902.3,1319.48
1769634000000,902.3,904.2,898.9,903.7,2525.64
1769637600000,903.7,904.7,901.8,903.9,1480.8
1769641200000,903.9,904.5,901.0,902.4,1640.31
1769644800000,902.4,903.8,899.9,903.0,1094.99
1769648400000,903.0,904.4,898.2,899.1,2024.22
1769652000000,899.1,900.7,892.6,894.3,4454.5
1769655600000,894.3,898.5,893.3,896.2,2424.74
1769659200000,896.2,901.1,894.7,900.2,1792.37
1769662800000,900.2,902.8,897.5,898.1,4930.58
1769666400000,898.1,901.1,898.1,901.1,1473.81
1769670000000,901.1,906.5,901.0,904.5,5495.51
1769673600000,904.5,905.3,901.9,903.4,7851.75
1769677200000,903.4,905.7,902.2,903.7,10120.98
1769680800000,903.7,904.5,894.4,894.5,18378.69
1769684400000,894.5,896.1,892.8,893.6,5420.12
1769688000000,893.6,894.0,888.9,890.5,5816.38
1769691600000,890.5,891.7,889.4,889.6,2719.25
1769695200000,889.6,890.6,877.0,877.1,8927.1
1769698800000,877.1,877.5,855.9,863.3,25691.96
1769702400000,863.3,865.0,855.9,864.5,7419.47
1769706000000,864.5,869.6,861.8,862.6,6562.34
1769709600000,862.6,866.9,855.4,857.5,9056.51
1769713200000,857.5,862.2,852.2,859.8,6515.26
1769716800000,859.8,865.2,858.9,863.9,3476.1
1769720400000,863.9,866.7,861.9,864.8,2351.05
1769724000000,864.8,866.8,862.6,866.8,1372.38
1769727600000,866.8,869.0,864.5,868.1,1028.83
1769731200000,868.1,869.3,863.6,864.6,2551.74
1769734800000,864.6,864.8,835.8,847.2,27631.21
1769738400000,847.2,847.3,834.7,841.8,8990.3
1769742000000,841.8,846.3,841.8,845.2,3213.64
1769745600000,845.2,854.0,845.0,849.9,3526.06
1769749200000,849.9,851.4,846.8,846.9,2233.21
1769752800000,846.9,846.9,835.4,839.6,5342.42
1769756400000,839.6,847.7,839.6,846.6,3596.63
1769760000000,846.6,847.4,839.3,841.1,3405.85
1769763600000,841.1,842.8,832.2,833.8,8573.28
1769767200000,833.8,838.3,832.5,838.3,2555.92
1769770800000,838.3,844.4,836.3,842.2,2915.65
1769774400000,842.2,842.9,835.7,837.3,2234.95
1769778000000,837.3,851.5,836.9,844.6,14998.02
1769781600000,844.6,855.6,844.6,850.1,6668.49
1769785200000,850.1,855.0,844.4,849.8,8844.45
1769788800000,849.8,853.8,847.3,850.3,2859.34
1769792400000,850.3,852.7,846.9,848.1,2345.75
1769796000000,848.1,851.8,831.3,849.9,12995.16
1769799600000,849.9,855.4,849.9,853.7,3054.84
1769803200000,853.7,861.4,845.8,858.4,13201.3
1769806800000,858.4,859.6,852.7,858.4,7165.86
1769810400000,858.4,859.7,856.3,859.5,1267.05
1769814000000,859.5,861.5,855.9,858.2,2395.1
1769817600000,858.2,860.4,855.9,856.1,2102.38
1769821200000,856.1,858.4,853.3,853.9,3384.35
1769824800000,853.9,854.8,851.4,854.0,1354.72
1769828400000,854.0,855.7,852.2,852.8,1043.0
1769832000000,852.8,854.2,850.6,851.0,1418.56
1769835600000,851.0,853.1,849.8,850.6,3227.95
1769839200000,850.6,851.8,848.4,850.7,1038.55
1769842800000,850.7,850.9,845.1,847.3,2412.37
1769846400000,847.3,847.3,831.5,835.2,8299.05
1769850000000,835.2,840.6,835.1,838.3,2906.48
1769853600000,838.3,839.9,836.0,838.2,1977.37
1769857200000,838.2,838.3,835.1,836.2,1676.5
1769860800000,836.2,836.9,832.4,833.0,2570.48
1769864400000,833.0,833.6,827.8,829.5,7756.04
1769868000000,829.5,831.4,804.7,811.6,27092.28
1769871600000,811.6,816.4,801.2,802.7,7954.72
1769875200000,802.7,810.0,789.5,792.8,19902.77
1769878800000,792.8,795.4,772.9,781.0,43050.47
1769882400000,781.0,783.6,748.5,772.0,43516.63
1769886000000,772.0,780.9,767.1,770.6,11222.07
1769889600000,770.6,775.2,765.4,770.1,4169.15
1769893200000,770.1,777.1,765.9,775.7,11044.19
1769896800000,775.7,777.6,771.4,773.8,2942.89
1769900400000,773.8,785.6,772.8,780.8,8125.28
1769904000000,780.8,786.0,779.1,784.8,7160.03
1769907600000,784.8,785.4,778.4,784.6,5195.2
1769911200000,784.6,789.3,783.5,786.4,4517.71
1769914800000,786.4,786.8,779.1,782.9,2965.76
1769918400000,782.9,784.6,781.2,781.5,1060.63
1769922000000,781.5,783.6,778.6,780.3,2844.79
1769925600000,780.3,782.9,777.0,777.1,2679.3
1769929200000,777.1,782.3,773.3,777.7,3737.25
1769932800000,777.7,782.3,774.6,778.6,2604.05
1769936400000,778.6,782.1,776.5,781.2,3630.05
1769940000000,781.2,782.0,768.7,769.3,4769.46
1769943600000,769.3,775.4,767.9,773.7,3384.19
1769947200000,773.7,773.8,766.8,769.0,2804.23
1769950800000,769.0,773.1,763.1,765.0,3272.08
1769954400000,765.0,766.9,745.1,762.0,15864.11
1769958000000,762.0,762.3,741.6,749.5,14545.04
1769961600000,749.5,756.9,745.4,753.0,12230.61
1769965200000,753.0,756.0,748.9,755.6,4647.94
1769968800000,755.6,766.5,755.5,762.8,7217.87
1769972400000,762.8,764.0,753.5,756.7,2593.82
1769976000000,756.7,763.5,751.3,757.1,4805.38
1769979600000,757.1,758.0,750.7,753.3,4502.98
1769983200000,753.3,765.1,753.2,761.4,4275.19
1769986800000,761.4,766.1,739.3,758.1,23252.14
1769990400000,758.1,770.3,753.5,763.9,6882.27
1769994000000,763.9,769.1,753.2,764.8,6596.48
1769997600000,764.8,766.7,757.0,758.1,2999.06
1770001200000,758.1,758.6,728.0,751.4,22870.66
1770004800000,751.4,760.3,743.1,751.1,7876.84
1770008400000,751.1,752.9,735.1,737.5,8904.56
1770012000000,737.5,754.8,728.3,747.5,26844.89
1770015600000,747.5,756.6,746.5,752.2,6009.14
1770019200000,752.2,760.0,752.2,758.1,5433.33
1770022800000,758.1,767.1,755.1,763.6,7687.02
1770026400000,763.6,765.2,759.2,759.9,3938.57
1770030000000,759.9,765.6,759.9,762.1,3456.96
1770033600000,762.1,769.2,762.0,766.1,4458.31
1770037200000,766.1,769.0,763.3,767.3,2500.34
1770040800000,767.3,774.6,761.2,768.6,11612.25
1770044400000,768.6,780.6,766.6,777.2,8611.48
1770048000000,777.2,781.1,773.9,774.8,6693.51
1770051600000,774.8,777.6,772.0,774.4,4464.73
1770055200000,774.4,777.0,771.5,774.2,4554.83
1770058800000,774.2,775.6,769.2,769.6,2468.25
1770062400000,769.6,773.1,766.7,769.2,5914.12
1770066000000,769.2,774.2,769.0,773.3,2604.21
1770069600000,773.3,775.7,773.1,775.6,1448.32
1770073200000,775.6,776.5,773.1,773.6,2300.28
1770076800000,773.6,774.2,769.3,774.2,2706.43
1770080400000,774.2,774.9,769.9,773.2,1260.83
1770084000000,773.2,773.5,762.7,763.7,3207.14
1770087600000,763.7,773.1,762.1,772.0,7078.8
1770091200000,772.0,778.7,770.5,777.5,3754.87
1770094800000,777.5,778.0,773.2,773.6,2383.48
1770098400000,773.6,778.6,770.8,777.5,2763.62
1770102000000,777.5,783.3,776.3,781.6,2928.01
1770105600000,781.6,782.3,777.4,779.0,4314.56
1770109200000,779.0,780.1,768.7,771.3,12755.52
1770112800000,771.3,773.0,765.4,767.2,4209.78
1770116400000,767.2,770.3,766.7,768.3,2369.55
1770120000000,768.3,775.1,767.2,773.9,2998.07
1770123600000,773.9,776.2,772.5,774.8,2173.37
1770127200000,774.8,776.0,764.8,764.8,3948.57
1770130800000,764.8,778.0,763.5,776.5,10148.91
1770134400000,776.5,776.5,762.7,763.4,6671.45
1770138000000,763.4,764.4,750.2,750.5,8125.29
1770141600000,750.5,752.9,736.0,736.5,16157.04
1770145200000,736.5,759.5,735.8,757.6,16386.52
1770148800000,757.6,775.2,751.9,771.1,16462.5
1770152400000,771.1,775.0,763.6,764.3,3374.3
1770156000000,764.3,764.7,754.7,756.7,3891.69
1770159600000,756.7,759.4,751.8,754.5,3892.91
1770163200000,754.5,757.1,751.3,753.5,2503.73
1770166800000,753.5,762.1,753.5,759.1,2620.94
1770170400000,759.1,760.8,751.4,754.3,1703.32
1770174000000,754.3,763.9,753.8,761.2,4597.78
1770177600000,761.2,762.7,757.9,758.2,1396.65
1770181200000,758.2,758.8,753.7,755.5,1861.29
1770184800000,755.5,763.5,755.2,762.3,1311.47
1770188400000,762.3,765.1,759.5,763.8,3377.6
1770192000000,763.8,763.9,758.0,761.8,1703.27
1770195600000,761.8,761.8,754.7,755.3,1486.53
1770199200000,755.3,756.6,754.5,755.6,994.47
1770202800000,755.6,755.6,746.8,749.9,6644.15
1770206400000,749.9,751.9,747.3,751.6,2226.89
1770210000000,751.6,752.0,739.9,740.0,5060.68
1770213600000,740.0,747.3,733.3,735.3,12283.49
1770217200000,735.3,739.7,726.7,733.4,18830.26
1770220800000,733.4,736.0,725.7,728.7,9794.75
1770224400000,728.7,731.5,714.2,715.3,10826.65
1770228000000,715.3,722.8,706.4,710.3,16776.76
1770231600000,710.3,718.9,708.8,717.4,7336.59
1770235200000,717.4,718.3,711.2,712.2,3443.57
1770238800000,712.2,713.6,698.9,701.6,6830.58
1770242400000,701.6,703.2,686.2,690.6,12042.41
1770246000000,690.6,702.1,689.7,696.8,7072.77
1770249600000,696.8,699.6,693.9,695.5,3519.55
1770253200000,695.5,702.8,690.3,697.9,8448.54
1770256800000,697.9,701.9,691.9,694.0,5495.48
1770260400000,694.0,698.8,691.6,693.8,5097.69
1770264000000,693.8,696.7,688.9,692.2,7726.46
1770267600000,692.2,698.9,685.3,692.0,7191.21
1770271200000,692.0,693.6,687.9,691.4,5110.89
1770274800000,691.4,700.1,689.7,691.0,8014.27
1770278400000,691.0,697.0,690.5,691.1,3580.37
1770282000000,691.1,699.9,691.0,697.3,5454.44
1770285600000,697.3,699.1,688.6,691.0,7244.95
1770289200000,691.0,691.2,674.2,683.0,16832.48
1770292800000,683.0,687.7,672.4,676.6,11810.7
1770296400000,676.6,679.1,669.2,674.3,8254.14
1770300000000,674.3,688.3,673.8,675.7,10859.52
1770303600000,675.7,677.6,646.1,658.2,43561.49
1770307200000,658.2,673.6,655.3,669.5,16438.76
1770310800000,669.5,671.0,651.7,654.4,14383.86
1770314400000,654.4,658.0,633.5,653.6,22493.26
1770318000000,653.6,654.4,637.8,640.9,8801.1
1770321600000,640.9,644.8,611.1,617.4,56605.29
1770325200000,617.4,631.8,605.7,610.7,35755.92
1770328800000,610.7,624.1,601.8,616.9,16218.77
1770332400000,616.9,628.0,604.4,608.0,19762.19
1770336000000,608.0,620.3,569.7,614.4,128932.37
1770339600000,614.4,629.8,613.3,629.5,20025.41
1770343200000,629.5,633.5,618.7,622.0,10332.28
1770346800000,622.0,624.7,611.2,614.8,6198.6
1770350400000,614.8,624.1,612.7,620.0,5849.37
1770354000000,620.0,641.9,619.3,638.8,8823.58
1770357600000,638.8,641.5,625.4,626.0,8506.72
1770361200000,626.0,628.4,620.3,622.3,6598.22
1770364800000,622.3,625.3,616.2,619.0,9552.67
1770368400000,619.0,630.8,616.5,628.9,7633.48
1770372000000,628.9,635.6,626.6,633.0,5212.71
1770375600000,633.0,637.9,631.7,635.5,5501.75
1770379200000,635.5,636.7,632.0,636.3,3127.55
1770382800000,636.3,647.3,635.6,643.2,8642.38
1770386400000,643.2,654.5,637.6,649.7,14302.66
1770390000000,649.7,654.4,643.8,650.6,11583.95
1770393600000,650.6,662.4,648.6,658.8,13153.09
1770397200000,658.8,669.0,656.3,661.1,16449.93
1770400800000,661.1,662.0,648.4,653.5,11076.92
1770404400000,653.5,659.6,651.5,658.2,4995.73
1770408000000,658.2,664.8,655.3,656.6,5070.87
1770411600000,656.6,663.8,654.3,661.8,3792.96
1770415200000,661.8,667.9,659.9,665.0,4530.86
1770418800000,665.0,668.1,656.4,656.5,4938.77
1770422400000,656.5,656.7,651.3,652.7,6629.83
1770426000000,652.7,657.5,649.7,657.2,3241.89
1770429600000,657.2,657.5,654.0,656.4,1597.53
1770433200000,656.4,661.3,656.1,658.6,3780.33
1770436800000,658.6,663.2,653.6,656.2,5810.74
1770440400000,656.2,658.7,652.4,654.0,5009.0
1770444000000,654.0,655.7,642.6,642.7,8024.56
1770447600000,642.7,644.9,631.8,638.1,19360.83
1770451200000,638.1,641.0,635.8,639.6,5058.93
1770454800000,639.6,640.6,633.9,635.6,3861.69
1770458400000,635.6,636.7,630.4,633.9,3626.53
1770462000000,633.9,636.0,633.1,635.0,1894.6
1770465600000,635.0,646.6,634.6,638.6,8179.51
1770469200000,638.6,640.1,635.1,637.8,2142.41
1770472800000,637.8,639.4,633.3,634.0,2777.78
1770476400000,634.0,643.6,633.3,641.7,3184.59
1770480000000,641.7,649.6,638.6,642.8,80060.65
1770483600000,642.8,648.2,639.5,646.9,2768.15
1770487200000,646.9,654.9,646.0,651.9,4931.16
1770490800000,651.9,652.9,649.1,649.7,1077.19
1770494400000,649.7,653.5,648.7,652.6,1795.99
1770498000000,652.6,653.3,648.7,649.5,1263.43
1770501600000,649.5,651.5,647.4,648.6,1013.42
1770505200000,648.6,648.8,643.5,646.6,2538.15
1770508800000,646.6,648.4,645.2,646.8,1748.06
1770512400000,646.8,650.4,646.5,649.1,1148.98
1770516000000,649.1,650.8,644.7,646.3,1806.6
1770519600000,646.3,647.0,642.0,642.2,1208.5
1770523200000,642.2,643.4,639.8,643.4,1010.7
1770526800000,643.4,644.5,641.4,642.4,638.4
1770530400000,642.4,643.7,639.9,640.2,1180.96
1770534000000,640.2,643.0,638.7,642.6,2390.21
1770537600000,642.6,650.5,640.2,649.5,5388.18
1770541200000,649.5,650.2,640.0,641.2,6003.4
1770544800000,641.2,644.5,636.8,639.1,4579.45
1770548400000,639.1,645.8,638.8,645.1,5809.06
1770552000000,645.1,645.6,641.8,644.6,2647.07
1770555600000,644.6,646.1,641.0,644.5,3866.96
1770559200000,644.5,646.6,642.9,646.3,2414.09
1770562800000,646.3,647.8,640.5,643.4,3964.82
1770566400000,643.4,645.0,631.9,634.4,6082.53
1770570000000,634.4,639.5,634.2,638.6,2684.96
1770573600000,638.6,649.4,638.5,646.1,3927.28
1770577200000,646.1,649.1,645.2,648.1,1737.98
1770580800000,648.1,648.3,642.6,643.4,1408.71
1770584400000,643.4,646.2,639.6,641.4,2136.56
1770588000000,641.4,644.2,641.1,643.3,1569.51
1770591600000,643.3,652.8,635.6,639.4,8635.96
1770595200000,639.4,642.8,635.4,639.5,3614.6
1770598800000,639.5,643.1,633.1,636.3,4705.71
1770602400000,636.3,643.5,635.1,639.9,1754.57
1770606000000,639.9,645.8,639.9,644.6,1938.04
1770609600000,644.6,644.8,641.2,642.0,1216.85
1770613200000,642.0,642.0,639.8,641.3,872.24
1770616800000,641.3,641.3,633.3,635.2,6840.15
1770620400000,635.2,636.8,630.4,631.5,4305.01
1770624000000,631.5,633.1,621.8,625.5,5362.2
1770627600000,625.5,628.0,623.4,624.7,2493.61
1770631200000,624.7,626.2,615.7,618.0,5402.13
1770634800000,618.0,622.8,618.0,621.4,4186.89
1770638400000,621.4,627.4,621.3,626.7,1761.55
1770642000000,626.7,630.9,624.7,625.0,3017.46
1770645600000,625.0,631.4,621.5,627.9,8615.4
1770649200000,627.9,632.2,624.6,630.6,4146.89
1770652800000,630.6,638.2,626.8,635.2,5776.62
1770656400000,635.2,642.6,631.6,640.0,4801.19
1770660000000,640.0,643.1,635.9,639.7,2265.56
1770663600000,639.7,642.6,638.5,642.2,2551.63
1770667200000,642.2,643.9,637.6,640.4,1749.79
1770670800000,640.4,641.0,633.0,638.0,4008.66
1770674400000,638.0,639.8,636.8,637.7,1286.97
1770678000000,637.7,639.6,635.3,635.9,1280.38
1770681600000,635.9,637.7,635.2,636.0,1342.91
1770685200000,636.0,641.7,635.9,640.4,1624.95
1770688800000,640.4,640.5,636.8,637.8,373.59
1770692400000,637.8,638.3,629.5,633.0,11026.48
1770696000000,633.0,637.5,632.6,637.2,2185.72
1770699600000,637.2,639.1,635.1,637.2,2400.68
1770703200000,637.2,637.7,627.8,629.2,8186.05
1770706800000,629.2,633.2,628.9,631.2,5776.05
1770710400000,631.2,633.5,628.4,632.9,3207.64
1770714000000,632.9,634.9,627.1,629.4,7464.2
1770717600000,629.4,629.9,626.1,626.7,1666.72
1770721200000,626.7,630.6,624.6,626.0,4565.4
1770724800000,626.0,628.7,624.3,624.5,2538.05
1770728400000,624.5,627.0,622.4,624.6,4541.59
1770732000000,624.6,626.7,613.0,616.9,12772.76
1770735600000,616.9,622.0,614.8,618.8,6827.82
1770739200000,618.8,622.9,616.1,620.6,3117.04
1770742800000,620.6,625.0,618.5,623.3,1526.03
1770746400000,623.3,623.7,613.4,615.3,3812.89
1770750000000,615.3,618.8,613.6,616.8,2775.01
1770753600000,616.8,618.4,614.9,617.4,1255.19
1770757200000,617.4,619.1,614.0,615.5,1912.88
1770760800000,615.5,619.3,615.5,618.7,1908.49
1770764400000,618.7,620.2,617.3,619.5,2036.41
1770768000000,619.5,622.9,618.9,622.2,1743.07
1770771600000,622.2,622.6,619.7,620.3,1251.47
1770775200000,620.3,623.8,619.7,619.7,1461.9
1770778800000,619.7,620.2,614.8,617.0,2265.96
1770782400000,617.0,618.1,609.0,610.2,6000.92
1770786000000,610.2,612.3,606.9,607.9,2949.7
1770789600000,607.9,608.5,597.2,599.0,12806.73
1770793200000,599.0,602.7,598.2,600.2,3242.17
1770796800000,600.2,601.7,594.1,595.3,7076.19
1770800400000,595.3,598.8,592.2,593.2,2972.21
1770804000000,593.2,593.5,586.8,587.3,6488.43
1770807600000,587.3,593.1,587.2,592.5,4611.74
1770811200000,592.5,594.0,590.5,591.2,4911.77
1770814800000,591.2,598.4,589.5,597.5,7648.47
1770818400000,597.5,611.7,595.7,597.2,17110.34
1770822000000,597.2,599.8,588.4,593.3,9523.02
1770825600000,593.3,602.3,592.3,593.4,5314.52
1770829200000,593.4,605.8,591.8,603.0,5257.77
1770832800000,603.0,610.3,599.4,609.8,4806.34
1770836400000,609.8,613.2,608.8,610.2,3440.79
1770840000000,610.2,611.0,606.0,609.7,2738.46
1770843600000,609.7,617.7,608.9,613.4,5408.82
1770847200000,613.4,613.6,608.1,608.7,3058.37
1770850800000,608.7,609.9,604.2,607.7,2780.47
1770854400000,607.7,612.6,607.7,611.2,2751.43
1770858000000,611.2,613.9,611.2,611.5,2528.8
1770861600000,611.5,616.0,610.5,612.9,3624.32
1770865200000,612.9,617.1,612.4,616.5,3075.07
1770868800000,616.5,618.2,613.4,613.4,2996.99
1770872400000,613.4,615.9,611.1,615.5,3421.13
1770876000000,615.5,618.2,614.9,615.5,1825.02
1770879600000,615.5,617.8,614.0,615.0,2635.99
1770883200000,615.0,616.0,610.5,611.2,2386.87
1770886800000,611.2,617.2,610.1,614.2,3852.93
1770890400000,614.2,618.7,613.4,618.6,2293.32
1770894000000,618.6,620.6,616.0,617.3,2732.11
1770897600000,617.3,617.6,613.7,615.0,1646.46
1770901200000,615.0,617.9,612.8,617.8,3639.22
1770904800000,617.8,617.9,610.3,611.8,3891.53
1770908400000,611.8,613.9,607.2,608.5,4592.69
1770912000000,608.5,609.6,599.9,603.8,6632.77
1770915600000,603.8,608.6,602.6,603.0,2270.4
1770919200000,603.0,607.3,601.5,606.5,1561.64
1770922800000,606.5,611.9,604.5,607.7,3163.58
1770926400000,607.7,609.4,603.4,604.5,1101.7
1770930000000,604.5,607.8,604.4,606.9,1089.18
1770933600000,606.9,612.0,605.3,611.9,1465.77
1770937200000,611.9,615.4,611.3,613.9,2029.52
1770940800000,613.9,616.3,609.5,610.6,2704.26
1770944400000,610.6,615.9,610.4,615.2,988.94
1770948000000,615.2,615.8,608.5,609.9,3131.6
1770951600000,609.9,611.7,607.0,608.5,1939.14
1770955200000,608.5,609.2,605.2,605.7,1070.6
1770958800000,605.7,605.8,598.0,598.3,4268.59
1770962400000,598.3,598.4,591.6,597.2,6593.08
1770966000000,597.2,600.5,595.6,597.6,3675.94
1770969600000,597.6,604.1,597.1,601.8,2489.85
1770973200000,601.8,602.7,599.0,601.7,2934.41
1770976800000,601.7,602.8,598.8,600.9,2399.41
1770980400000,600.9,601.4,597.8,601.4,2871.03
1770984000000,601.4,601.4,596.7,598.7,2189.89
1770987600000,598.7,602.7,596.0,598.4,6289.78
1770991200000,598.4,604.8,594.9,602.2,9545.17
1770994800000,602.2,615.0,600.2,609.9,11344.52
1770998400000,609.9,618.8,608.6,615.5,8086.17
1771002000000,615.5,618.2,612.9,615.4,5066.72
1771005600000,615.4,618.3,613.5,617.2,4648.83
1771009200000,617.2,621.1,616.6,617.7,3392.32
1771012800000,617.7,618.5,615.3,618.0,1231.96
1771016400000,618.0,622.5,617.6,620.9,3142.63
1771020000000,620.9,621.0,617.6,619.7,2211.25
1771023600000,619.7,620.6,617.8,618.6,2017.08
1771027200000,618.6,623.4,618.0,622.8,2219.64
1771030800000,622.8,625.4,622.3,623.8,2447.69
1771034400000,623.8,623.8,620.0,620.7,993.86
1771038000000,620.7,621.4,616.7,617.3,2426.21
1771041600000,617.3,617.6,615.7,617.0,1291.71
1771045200000,617.0,618.3,615.5,616.4,949.8
1771048800000,616.4,619.6,615.7,619.2,3247.97
1771052400000,619.2,622.3,618.7,622.1,2109.64
1771056000000,622.1,627.5,621.8,626.7,4581.0
1771059600000,626.7,629.4,625.8,628.6,2543.41
1771063200000,628.6,628.8,626.0,627.3,1047.85
1771066800000,627.3,633.4,626.9,633.0,4247.28
1771070400000,633.0,634.0,626.5,627.4,2832.04
1771074000000,627.4,630.6,626.5,629.7,3977.1
1771077600000,629.7,637.2,629.4,635.6,3427.88
1771081200000,635.6,636.6,633.3,634.5,2657.76
1771084800000,634.5,634.5,628.7,633.0,2640.5
1771088400000,633.0,634.2,630.8,631.6,962.59
1771092000000,631.6,632.6,630.6,631.4,932.94
1771095600000,631.4,633.0,629.6,632.4,1001.88
1771099200000,632.4,633.7,629.9,632.0,1381.15
1771102800000,632.0,634.5,628.2,630.8,3517.6
1771106400000,630.8,633.5,630.5,632.1,1099.34
1771110000000,632.1,634.1,631.1,632.4,1482.41
1771113600000,632.4,633.1,629.5,631.6,1551.25
1771117200000,631.6,633.7,628.5,632.6,2091.6
1771120800000,632.6,633.8,626.4,630.2,2890.29
1771124400000,630.2,633.6,626.9,633.2,3063.99
1771128000000,633.2,638.9,633.2,635.3,2593.47
1771131600000,635.3,638.3,635.0,636.1,1384.26
1771135200000,636.1,638.1,634.5,636.1,1540.25
1771138800000,636.1,642.1,635.5,639.5,2021.87
1771142400000,639.5,640.9,628.0,631.1,4720.87
1771146000000,631.1,633.3,629.0,630.2,1468.5
1771149600000,630.2,630.5,625.6,629.5,3590.51
1771153200000,629.5,630.7,628.6,628.9,894.3
1771156800000,628.9,629.7,618.9,619.0,6529.92
1771160400000,619.0,623.9,615.2,617.3,7970.55
1771164000000,617.3,621.6,616.7,620.6,4354.34
1771167600000,620.6,622.8,619.2,621.1,1769.68
1771171200000,621.1,621.1,617.3,619.4,2278.74
1771174800000,619.4,620.3,609.5,613.4,9255.29
1771178400000,613.4,614.8,610.3,611.1,3385.47
1771182000000,611.1,613.1,608.3,611.4,3685.53
1771185600000,611.4,614.1,609.4,613.2,1765.38
1771189200000,613.2,616.8,612.9,615.3,3618.6
1771192800000,615.3,616.5,613.8,616.2,2434.82
1771196400000,616.2,616.2,611.1,614.6,1316.25
1771200000000,614.6,616.4,613.2,615.7,1476.34
1771203600000,615.7,617.9,612.2,614.4,811.49
1771207200000,614.4,616.0,611.3,611.9,506.66
1771210800000,611.9,613.1,610.8,613.1,631.49
1771214400000,613.1,617.8,613.0,617.7,738.84
1771218000000,617.7,618.5,610.1,611.9,2283.63
1771221600000,611.9,613.6,609.7,612.3,2587.88
1771225200000,612.3,614.6,610.9,612.8,3663.34
1771228800000,612.8,614.6,612.0,614.2,2650.65
1771232400000,614.2,619.4,614.1,618.2,3291.78
1771236000000,618.2,618.8,616.3,618.2,822.81
1771239600000,618.2,619.6,613.1,618.2,1444.81
1771243200000,618.2,628.9,618.2,627.8,4709.27
1771246800000,627.8,630.9,614.2,615.7,8963.97
1771250400000,615.7,617.8,611.8,613.3,3748.46
1771254000000,613.3,616.0,604.0,607.1,12199.56
1771257600000,607.1,613.0,606.7,612.5,4448.71
1771261200000,612.5,616.7,611.6,615.3,3290.15
1771264800000,615.3,617.8,613.9,614.1,1665.85
1771268400000,614.1,617.4,614.0,616.3,968.13
1771272000000,616.3,622.2,615.6,622.0,2286.06
1771275600000,622.0,626.4,620.9,626.1,1980.57
1771279200000,626.1,628.2,624.8,625.8,3101.2
1771282800000,625.8,627.9,624.9,627.0,1385.51
1771286400000,627.0,628.3,625.7,626.5,3531.93
1771290000000,626.5,628.2,624.1,624.3,1182.37
1771293600000,624.3,631.8,621.1,629.0,4584.96
1771297200000,629.0,629.4,625.9,626.7,1217.87
1771300800000,626.7,628.1,624.7,625.9,1971.28
1771304400000,625.9,627.0,620.0,622.7,3066.43
1771308000000,622.7,624.9,622.7,624.6,1123.34
1771311600000,624.6,624.6,621.9,622.6,1128.22
1771315200000,622.6,623.8,619.3,619.9,2127.53
1771318800000,619.9,620.6,617.9,619.3,1034.81
1771322400000,619.3,619.9,614.9,616.3,2539.97
1771326000000,616.3,618.5,615.6,618.0,971.92
1771329600000,618.0,621.3,617.6,619.0,1535.7
1771333200000,619.0,625.0,617.9,623.4,2927.68
1771336800000,623.4,625.7,609.1,611.5,10555.32
1771340400000,611.5,614.9,608.7,614.7,5354.93
1771344000000,614.7,621.9,614.2,618.0,6612.54
1771347600000,618.0,619.2,611.8,614.5,3943.7
1771351200000,614.5,623.7,613.9,621.9,4585.68
1771354800000,621.9,624.0,619.4,619.8,1939.03
1771358400000,619.8,620.7,616.4,618.4,1934.05
1771362000000,618.4,620.2,616.2,618.5,792.74
1771365600000,618.5,619.3,617.4,617.6,1107.46
1771369200000,617.6,617.8,615.6,617.3,1714.07
1771372800000,617.3,618.8,615.9,616.2,779.84
1771376400000,616.2,616.3,612.8,614.3,2622.73
1771380000000,614.3,617.5,614.1,616.7,1006.78
1771383600000,616.7,619.4,616.2,618.5,1083.57
1771387200000,618.5,618.6,616.0,616.9,895.03
1771390800000,616.9,617.6,615.6,615.7,890.13
1771394400000,615.7,617.9,615.7,615.9,2850.08
1771398000000,615.9,621.3,614.2,620.7,7802.52
1771401600000,620.7,626.4,619.8,623.2,7307.51
1771405200000,623.2,624.2,622.5,622.7,1060.49
1771408800000,622.7,623.8,618.5,618.8,1565.07
1771412400000,618.8,619.2,612.8,613.7,6116.28
1771416000000,613.7,616.4,613.2,615.2,1550.91
1771419600000,615.2,616.6,607.8,610.4,9791.74
1771423200000,610.4,612.4,607.2,611.7,5101.83
1771426800000,611.7,622.7,611.3,617.8,5063.54
1771430400000,617.8,618.2,613.0,616.0,2426.15
1771434000000,616.0,620.1,615.7,616.0,1832.35
1771437600000,616.0,616.7,608.7,610.2,3284.41
1771441200000,610.2,611.7,600.6,602.4,12465.63
1771444800000,602.4,606.1,602.1,603.2,2681.21
1771448400000,603.2,605.7,601.4,603.8,1682.78
1771452000000,603.8,605.3,602.1,604.3,2150.47
1771455600000,604.3,605.2,603.3,604.5,2682.11
1771459200000,604.5,605.3,602.1,602.1,4847.18
1771462800000,602.1,606.7,602.1,606.6,5184.79
1771466400000,606.6,607.1,603.6,605.8,3898.96
1771470000000,605.8,607.8,604.2,607.6,542.26
1771473600000,607.6,610.1,607.2,608.5,1408.29
1771477200000,608.5,609.4,606.1,608.0,757.5
1771480800000,608.0,614.9,607.9,613.1,4867.23
1771484400000,613.1,613.9,610.0,610.5,1885.99
1771488000000,610.5,610.5,605.1,606.3,1903.36
1771491600000,606.3,608.5,604.2,606.0,1922.31
1771495200000,606.0,607.7,605.1,605.9,2275.65
1771498800000,605.9,606.8,603.3,603.8,1562.17
1771502400000,603.8,606.1,602.9,605.0,1317.42
1771506000000,605.0,605.8,595.3,598.0,9594.3
1771509600000,598.0,603.9,597.2,601.9,9531.2
1771513200000,601.9,604.5,597.2,600.0,4746.29
1771516800000,600.0,601.5,595.6,599.6,3213.49
1771520400000,599.6,604.6,596.7,598.6,4059.71
1771524000000,598.6,606.4,598.1,605.6,2953.79
1771527600000,605.6,606.5,601.6,604.2,1491.82
1771531200000,604.2,607.5,602.6,606.9,2514.77
1771534800000,606.9,609.0,606.2,607.6,1742.51
1771538400000,607.6,607.6,604.7,606.3,1313.67
1771542000000,606.3,607.7,605.4,607.5,746.21
1771545600000,607.5,610.2,606.7,608.2,1938.88
1771549200000,608.2,608.5,606.2,607.1,1768.02
1771552800000,607.1,608.2,605.8,606.5,1198.55
1771556400000,606.5,608.5,606.0,607.6,642.02
1771560000000,607.6,609.0,604.7,608.3,1901.26
1771563600000,608.3,613.7,607.8,611.6,3532.37
1771567200000,611.6,612.6,609.9,611.7,4373.29
1771570800000,611.7,612.6,610.6,611.9,1158.76
1771574400000,611.9,613.2,610.6,611.5,1220.0
1771578000000,611.5,614.2,611.4,613.1,4062.68
1771581600000,613.1,615.2,611.8,612.1,3341.81
1771585200000,612.1,612.1,607.6,608.4,3997.01
1771588800000,608.4,610.3,607.9,609.2,2417.99
1771592400000,609.2,609.2,600.7,603.9,7987.55
1771596000000,603.9,610.6,603.5,609.0,3950.92
1771599600000,609.0,617.9,608.7,616.6,10158.77
1771603200000,616.6,620.6,616.3,619.8,6652.48
1771606800000,619.8,623.7,615.8,623.3,10277.52
1771610400000,623.3,627.5,621.9,627.1,6313.68
1771614000000,627.1,628.4,624.7,626.2,3522.3
1771617600000,626.2,629.2,625.4,628.9,4666.77
1771621200000,628.9,629.8,626.8,626.9,1694.48
1771624800000,626.9,627.5,624.7,627.1,2570.76
1771628400000,627.1,627.6,624.7,625.9,1360.12
1771632000000,625.9,628.3,623.9,624.6,4159.09
1771635600000,624.6,628.3,624.6,627.9,2289.11
1771639200000,627.9,628.8,627.0,627.7,1027.62
1771642800000,627.7,627.7,624.6,625.2,1062.24
1771646400000,625.2,627.3,624.8,627.1,521.44
1771650000000,627.1,628.0,626.7,627.1,699.25
1771653600000,627.1,627.4,625.1,625.7,804.25
1771657200000,625.7,627.8,625.1,625.8,2057.46
1771660800000,625.8,628.2,625.6,627.9,1357.12
1771664400000,627.9,630.8,627.7,628.7,3040.81
1771668000000,628.7,630.1,628.5,629.7,453.93
1771671600000,629.7,631.3,629.4,630.1,1007.7
1771675200000,630.1,630.8,628.6,630.5,1134.36
1771678800000,630.5,633.7,629.9,633.4,3403.24
1771682400000,633.4,634.7,631.6,632.4,3201.74
1771686000000,632.4,633.1,627.3,627.5,4177.66
1771689600000,627.5,628.0,623.9,625.6,4495.22
1771693200000,625.6,628.0,624.9,627.3,1454.67
1771696800000,627.3,629.3,626.8,628.3,1087.62
1771700400000,628.3,628.3,626.3,626.6,792.37
1771704000000,626.6,627.4,624.6,624.9,1187.49
1771707600000,624.9,626.4,624.2,626.4,1133.96
1771711200000,626.4,627.1,625.1,625.6,1904.11
1771714800000,625.6,626.4,624.5,625.5,2785.25
1771718400000,625.5,626.0,622.5,624.1,2267.05
1771722000000,624.1,626.6,624.0,626.2,544.02
1771725600000,626.2,626.7,623.1,623.3,944.65
1771729200000,623.3,624.0,620.2,621.2,2438.68
1771732800000,621.2,621.9,620.2,620.8,539.17
1771736400000,620.8,621.0,618.4,619.3,1011.06
1771740000000,619.3,621.7,619.1,621.4,1643.55
1771743600000,621.4,623.5,620.9,622.1,2130.04
1771747200000,622.1,622.8,620.7,621.4,1404.49
1771750800000,621.4,623.9,621.1,623.6,683.3
1771754400000,623.6,624.6,623.0,623.2,991.24
1771758000000,623.2,624.8,623.1,624.4,1803.21
1771761600000,624.4,624.4,620.1,620.5,1762.72
1771765200000,620.5,621.7,617.6,619.1,8651.28
1771768800000,619.1,619.7,616.4,617.6,5692.04
1771772400000,617.6,617.9,613.1,615.5,6664.73
1771776000000,615.5,615.8,611.9,613.5,4560.16
1771779600000,613.5,613.5,609.5,610.6,5639.81
1771783200000,610.6,612.6,610.2,611.0,1964.41
1771786800000,611.0,612.3,610.0,612.0,598.29
1771790400000,612.0,612.1,610.5,610.8,885.96
1771794000000,610.8,614.0,610.8,613.6,976.24
1771797600000,613.6,616.0,613.3,615.3,4570.43
1771801200000,615.3,615.5,613.0,614.4,712.21
1771804800000,614.4,615.7,605.5,605.7,5142.38
1771808400000,605.7,606.0,582.3,585.7,40096.68
1771812000000,585.7,589.1,583.9,586.6,9029.8
1771815600000,586.6,590.4,585.3,589.5,4962.44
1771819200000,589.5,589.9,585.1,586.7,3553.59
1771822800000,586.7,595.5,586.7,593.2,7643.84
1771826400000,593.2,599.4,593.1,598.3,3346.81
1771830000000,598.3,599.5,596.1,598.8,4872.02
1771833600000,598.8,599.0,596.1,598.8,2305.19
1771837200000,598.8,610.3,598.8,609.0,6487.78
1771840800000,609.0,610.2,606.2,607.2,4484.09
1771844400000,607.2,608.7,605.6,606.1,1963.91
1771848000000,606.1,612.3,604.3,610.3,8947.38
1771851600000,610.3,611.9,607.9,610.0,5389.37
1771855200000,610.0,611.0,605.9,608.3,4838.57
1771858800000,608.3,610.1,603.8,604.3,7226.47
1771862400000,604.3,606.1,600.7,601.9,7125.53
1771866000000,601.9,603.2,591.2,597.1,8690.74
1771869600000,597.1,600.7,595.1,597.1,3764.21
1771873200000,597.1,597.8,591.1,591.7,2289.0
1771876800000,591.7,595.3,589.5,594.8,4090.36
1771880400000,594.8,597.2,594.4,595.8,2489.48
1771884000000,595.8,598.4,595.3,596.3,3373.0
1771887600000,596.3,597.9,594.9,595.8,1525.64
1771891200000,595.8,602.4,595.6,602.0,4061.79
1771894800000,602.0,602.0,589.1,597.5,12382.04
1771898400000,597.5,601.2,596.5,597.9,2400.07
1771902000000,597.9,597.9,590.9,592.8,3473.85
1771905600000,592.8,593.5,588.7,591.6,5692.09
1771909200000,591.6,593.6,588.0,590.2,4760.97
1771912800000,590.2,591.0,586.0,586.6,2058.65
1771916400000,586.6,590.1,585.7,589.2,2769.87
1771920000000,589.2,592.5,588.1,591.8,2471.13
1771923600000,591.8,592.1,586.4,588.7,2424.86
1771927200000,588.7,589.3,587.0,588.3,1844.04
1771930800000,588.3,588.6,585.4,586.6,1826.1
1771934400000,586.6,588.0,585.0,585.6,2923.01
1771938000000,585.6,586.2,578.8,582.3,8346.07
1771941600000,582.3,585.4,576.5,581.4,9569.36
1771945200000,581.4,586.9,580.1,585.6,4171.82
1771948800000,585.6,589.2,583.4,587.4,4110.26
1771952400000,587.4,589.3,585.4,586.1,2871.23
1771956000000,586.1,589.3,584.5,587.7,2770.06
1771959600000,587.7,589.8,586.2,588.2,1547.1
1771963200000,588.2,590.0,587.6,588.1,916.77
1771966800000,588.1,588.1,583.1,584.2,2196.04
1771970400000,584.2,586.4,583.6,585.1,2334.23
1771974000000,585.1,585.3,582.2,583.2,2611.2
1771977600000,583.2,584.7,581.1,583.9,2689.85
1771981200000,583.9,600.2,583.4,597.2,15496.7
1771984800000,597.2,601.8,597.2,597.8,5258.87
1771988400000,597.8,598.5,592.6,593.8,4284.87
1771992000000,593.8,596.1,590.6,595.0,3869.74
1771995600000,595.0,595.5,589.5,592.0,3236.11
1771999200000,592.0,595.1,591.9,593.1,1847.88
1772002800000,593.1,596.5,592.8,595.8,2024.72
1772006400000,595.8,600.5,595.6,600.2,3321.77
1772010000000,600.2,603.4,599.9,603.0,6037.02
1772013600000,603.0,603.9,600.4,602.6,2723.8
1772017200000,602.6,605.3,601.7,604.8,2866.36
1772020800000,604.8,612.5,604.4,610.9,4960.14
1772024400000,610.9,616.4,610.9,614.2,4380.81
1772028000000,614.2,619.1,613.1,618.7,9384.72
1772031600000,618.7,623.1,615.9,621.4,8527.43
1772035200000,621.4,626.2,620.9,625.5,7596.16
1772038800000,625.5,630.2,625.0,629.2,9523.3
1772042400000,629.2,634.5,626.6,632.6,5749.5
1772046000000,632.6,633.4,628.4,632.3,4873.42
1772049600000,632.3,633.4,630.0,631.8,3625.03
1772053200000,631.8,640.9,629.6,635.1,9957.52
1772056800000,635.1,637.4,628.1,632.1,5757.99
1772060400000,632.1,635.3,624.4,629.7,10891.99
1772064000000,629.7,634.1,627.7,630.4,4264.21
1772067600000,630.4,632.6,627.2,627.7,4047.82
1772071200000,627.7,629.0,625.6,628.2,2168.6
1772074800000,628.2,628.9,626.5,628.1,1934.81
1772078400000,628.1,632.6,627.6,630.7,2918.05
1772082000000,630.7,630.8,626.2,628.5,1700.62
1772085600000,628.5,630.1,625.9,626.8,2142.47
1772089200000,626.8,628.6,625.4,625.7,2369.92
1772092800000,625.7,629.3,625.7,626.4,2774.92
1772096400000,626.4,630.4,625.9,629.4,2447.39
1772100000000,629.4,630.3,625.0,626.1,5494.86
1772103600000,626.1,626.8,622.8,622.9,3441.79
1772107200000,622.9,626.7,622.7,626.5,1406.41
1772110800000,626.5,628.2,624.9,626.4,1527.27
1772114400000,626.4,628.5,620.7,625.2,9393.88
1772118000000,625.2,625.8,618.3,623.0,6764.97
1772121600000,623.0,624.6,613.9,614.5,8326.3
1772125200000,614.5,618.9,614.1,616.5,2501.96
1772128800000,616.5,620.5,613.9,619.9,3506.15
1772132400000,619.9,624.9,619.7,624.1,8638.23
1772136000000,624.1,625.9,620.9,621.7,2239.82
1772139600000,621.7,623.8,620.5,623.3,694.4
1772143200000,623.3,625.9,622.9,625.9,1054.09
1772146800000,625.9,626.6,624.0,625.5,742.83
1772150400000,625.5,625.9,622.8,624.9,1367.19
1772154000000,624.9,626.0,622.2,625.5,2711.86
1772157600000,625.5,630.1,625.2,629.5,1631.22
1772161200000,629.5,629.9,627.6,628.9,1924.68
1772164800000,628.9,633.2,628.5,631.5,3808.48
1772168400000,631.5,633.4,629.6,631.4,1805.15
1772172000000,631.4,631.5,628.0,628.4,1451.78
1772175600000,628.4,628.5,624.5,626.8,3700.3
1772179200000,626.8,629.1,626.1,628.1,1889.23
1772182800000,628.1,629.7,623.8,623.9,1371.2
1772186400000,623.9,624.5,615.7,616.3,6532.17
1772190000000,616.3,618.7,612.6,614.3,8640.54
1772193600000,614.3,616.5,612.8,614.2,3607.93
1772197200000,614.2,615.8,609.1,613.7,5997.28
1772200800000,613.7,615.1,610.3,611.3,3968.38
1772204400000,611.3,615.1,610.2,614.0,3925.32
1772208000000,614.0,614.2,609.4,609.6,3532.88
1772211600000,609.6,612.3,606.3,611.9,7530.06
1772215200000,611.9,612.4,609.4,609.8,1189.47
1772218800000,609.8,610.0,607.2,609.3,1300.91
1772222400000,609.3,611.4,609.1,610.8,885.7
1772226000000,610.8,612.6,609.6,610.7,654.84
1772229600000,610.7,611.6,605.0,611.5,2433.56
1772233200000,611.5,613.9,611.3,613.5,2209.58
1772236800000,613.5,614.8,611.8,614.0,1763.99
1772240400000,614.0,614.4,611.6,612.1,1123.63
1772244000000,612.1,614.8,611.8,614.7,607.55
1772247600000,614.7,615.3,612.8,614.4,1413.38
1772251200000,614.4,615.0,610.3,612.1,1271.68
1772254800000,612.1,612.9,609.9,610.8,1997.2
1772258400000,610.8,610.8,590.2,592.1,21960.94
1772262000000,592.1,601.0,590.0,597.0,8974.02
1772265600000,597.0,597.1,590.0,590.8,4793.07
1772269200000,590.8,594.4,588.8,591.0,5504.32
1772272800000,591.0,594.8,588.2,594.0,8278.11
1772276400000,594.0,598.3,593.7,594.2,4589.19
1772280000000,594.2,598.0,593.7,596.6,2646.3
1772283600000,596.6,603.5,594.6,602.7,12556.73
1772287200000,602.7,605.4,598.9,600.3,7486.58
1772290800000,600.3,604.4,597.8,603.7,4736.33
1772294400000,603.7,604.8,601.7,603.2,2582.12
1772298000000,603.2,605.8,600.5,605.4,3079.98
1772301600000,605.4,613.3,603.9,611.5,5669.28
1772305200000,611.5,614.4,608.0,612.8,4141.07
1772308800000,612.8,619.5,611.6,617.9,6473.17
1772312400000,617.9,618.1,613.7,615.8,3589.68
1772316000000,615.8,621.2,615.7,617.5,2766.9
1772319600000,617.5,617.9,614.9,616.7,946.41
1772323200000,616.7,617.9,615.2,617.8,2122.94
1772326800000,617.8,628.1,614.2,624.8,6260.67
1772330400000,624.8,631.6,624.7,629.8,11962.36
1772334000000,629.8,632.2,627.9,628.6,6767.0
1772337600000,628.6,631.5,625.7,629.9,9267.13
1772341200000,629.9,631.2,627.6,627.8,2417.06
1772344800000,627.8,628.2,623.1,625.3,6243.31
1772348400000,625.3,626.3,623.5,625.4,2070.31
1772352000000,625.4,626.5,619.1,620.1,2929.09
1772355600000,620.1,623.5,618.6,619.9,4084.03
1772359200000,619.9,623.4,618.9,623.0,3261.81
1772362800000,623.0,624.4,622.4,622.7,1276.34
1772366400000,622.7,623.1,620.3,620.3,1355.5
1772370000000,620.3,628.8,619.5,625.8,8823.16
1772373600000,625.8,629.3,625.4,627.7,3777.54
1772377200000,627.7,629.8,626.1,626.3,3104.48
1772380800000,626.3,629.6,619.6,622.7,6818.95
1772384400000,622.7,623.6,617.3,619.3,4084.97
1772388000000,619.3,625.7,619.1,622.7,4861.81
1772391600000,622.7,623.0,618.1,619.4,3415.33
1772395200000,619.4,620.3,610.9,612.2,7046.02
1772398800000,612.2,617.3,611.3,611.6,7607.08
1772402400000,611.6,618.4,610.6,614.9,8965.02
1772406000000,614.9,620.6,614.1,617.6,3162.11
1772409600000,617.6,622.0,613.9,619.5,6379.54
1772413200000,619.5,624.1,618.3,621.2,3422.89
1772416800000,621.2,624.6,616.8,621.8,3508.0
1772420400000,621.8,625.3,620.2,624.0,1715.03
1772424000000,624.0,624.7,621.8,622.9,1198.47
1772427600000,622.9,625.3,621.0,623.1,1673.04
1772431200000,623.1,623.2,616.0,616.7,3460.14
1772434800000,616.7,616.9,612.6,616.1,2535.13
1772438400000,616.1,618.8,612.4,618.1,3687.14
1772442000000,618.1,621.7,617.4,618.5,2908.18
1772445600000,618.5,620.6,617.0,620.6,827.07
1772449200000,620.6,622.8,618.4,621.7,2285.97
1772452800000,621.7,622.9,619.5,621.6,3569.69
1772456400000,621.6,624.0,619.0,619.8,3407.82
1772460000000,619.8,634.9,618.4,633.9,11280.26
1772463600000,633.9,649.7,633.5,646.4,22174.81
1772467200000,646.4,653.0,645.7,649.2,12028.71
1772470800000,649.2,650.0,640.9,644.7,8769.97
1772474400000,644.7,644.8,638.8,639.7,2971.22
1772478000000,639.7,640.0,635.8,636.2,5000.01
1772481600000,636.2,637.3,632.2,634.5,4903.06
1772485200000,634.5,635.8,632.4,635.1,3606.78
1772488800000,635.1,640.2,635.1,639.4,2812.48
1772492400000,639.4,640.1,636.0,637.3,4324.51
1772496000000,637.3,641.0,636.3,640.2,4185.01
1772499600000,640.2,642.0,635.2,635.3,3724.26
1772503200000,635.3,637.6,632.9,635.3,3683.54
1772506800000,635.3,635.7,633.6,635.0,981.09
1772510400000,635.0,637.0,633.5,633.7,769.26
1772514000000,633.7,638.0,628.3,631.5,7794.38
1772517600000,631.5,633.3,629.6,632.7,2729.31
1772521200000,632.7,635.4,632.3,632.9,2160.32
1772524800000,632.9,633.6,621.8,623.2,12278.11
1772528400000,623.2,626.3,620.3,622.0,7937.91
1772532000000,622.0,626.2,620.9,625.1,6033.13
1772535600000,625.1,627.0,624.1,625.8,3100.05
1772539200000,625.8,631.4,625.5,627.0,4272.46
1772542800000,627.0,627.3,622.7,624.0,2102.91
1772546400000,624.0,628.7,620.4,623.2,7230.11
1772550000000,623.2,630.4,621.8,630.1,5949.33
1772553600000,630.1,638.6,628.3,634.3,9478.72
1772557200000,634.3,634.8,628.8,633.5,5649.51
1772560800000,633.5,637.6,631.3,634.0,2593.79
1772564400000,634.0,634.8,631.1,632.6,2717.52
1772568000000,632.6,633.2,629.8,631.2,3091.52
1772571600000,631.2,631.3,628.1,629.6,1650.15
1772575200000,629.6,634.2,629.6,633.5,2182.19
1772578800000,633.5,636.7,632.4,633.1,2695.85
1772582400000,633.1,634.3,629.0,631.5,2413.31
1772586000000,631.5,636.2,630.2,633.6,2667.74
1772589600000,633.6,634.2,630.1,633.6,1323.69
1772593200000,633.6,633.9,625.7,629.0,4458.17
1772596800000,629.0,630.2,626.8,629.6,1965.11
1772600400000,629.6,633.5,628.5,632.1,2673.8
1772604000000,632.1,635.2,630.8,634.6,1595.47
1772607600000,634.6,640.9,633.7,639.8,5832.35
1772611200000,639.8,652.3,638.6,650.9,9973.86
1772614800000,650.9,654.7,649.6,651.3,15321.7
1772618400000,651.3,653.8,650.2,651.0,8905.75
1772622000000,651.0,652.1,647.3,650.2,5861.37
1772625600000,650.2,651.2,645.6,650.4,7016.18
1772629200000,650.4,653.9,650.2,653.1,7121.72
1772632800000,653.1,657.2,648.5,651.6,15760.18
1772636400000,651.6,661.6,651.0,660.8,12501.47
1772640000000,660.8,662.2,655.4,659.1,8290.13
1772643600000,659.1,660.7,654.7,658.0,5425.33
1772647200000,658.0,661.5,655.9,661.1,3515.89
1772650800000,661.1,665.7,660.6,662.3,6786.71
1772654400000,662.3,662.8,659.7,660.3,2510.03
1772658000000,660.3,660.9,658.3,659.7,3119.11
1772661600000,659.7,662.1,656.7,656.9,2348.31
1772665200000,656.9,658.9,656.1,657.5,5072.82
1772668800000,657.5,659.7,656.0,657.3,2631.97
1772672400000,657.3,660.5,651.9,652.8,4916.8
1772676000000,652.8,656.6,652.2,653.6,2088.04
1772679600000,653.6,654.9,652.2,653.9,1074.74
1772683200000,653.9,657.0,653.5,654.8,2667.56
1772686800000,654.8,655.9,652.1,652.8,1957.13
1772690400000,652.8,655.0,649.8,654.1,3190.71
1772694000000,654.1,654.8,648.2,649.8,2522.25
1772697600000,649.8,652.6,649.1,652.2,2114.03
1772701200000,652.2,656.8,652.1,655.5,2579.71
1772704800000,655.5,665.0,655.2,663.7,6902.83
1772708400000,663.7,664.1,658.3,658.9,3886.72
1772712000000,658.9,660.3,654.7,659.5,4278.65
1772715600000,659.5,659.8,653.0,656.7,5573.77
1772719200000,656.7,658.0,652.0,656.2,9127.4
1772722800000,656.2,656.8,647.8,652.6,7368.68
1772726400000,652.6,653.3,645.6,652.4,8563.37
1772730000000,652.4,654.4,646.2,647.0,6898.23
1772733600000,647.0,650.4,645.8,649.8,6587.98
1772737200000,649.8,653.1,647.3,648.1,5421.57
1772740800000,648.1,651.1,647.3,650.3,2522.04
1772744400000,650.3,651.9,646.0,646.9,4362.28
1772748000000,646.9,649.3,645.8,648.1,1989.84
1772751600000,648.1,649.6,646.6,647.5,1554.91
1772755200000,647.5,649.2,646.0,647.2,1302.71
1772758800000,647.2,651.4,645.0,650.6,2848.75
1772762400000,650.6,651.1,648.9,649.5,864.06
1772766000000,649.5,650.1,647.7,649.4,2901.92
1772769600000,649.4,649.6,640.5,643.6,3869.04
1772773200000,643.6,646.1,642.2,644.6,5692.79
1772776800000,644.6,646.1,643.3,644.7,1561.41
1772780400000,644.7,647.7,643.3,646.5,2812.24
1772784000000,646.5,646.5,643.6,644.1,1379.13
1772787600000,644.1,644.7,638.6,640.3,7097.07
1772791200000,640.3,641.2,639.0,639.2,2065.92
1772794800000,639.2,639.7,636.5,636.8,1790.35
1772798400000,636.8,637.8,634.1,637.1,3388.41
1772802000000,637.1,640.5,632.7,633.1,10420.51
1772805600000,633.1,633.7,624.2,626.1,11392.13
1772809200000,626.1,631.7,624.5,627.6,7086.89
1772812800000,627.6,630.8,626.1,628.6,2996.29
1772816400000,628.6,630.1,625.3,627.7,4372.08
1772820000000,627.7,631.5,627.5,630.4,1773.08
1772823600000,630.4,632.6,629.7,630.3,1486.62
1772827200000,630.3,631.1,627.1,628.6,4848.51
1772830800000,628.6,629.4,627.3,629.2,1381.35
1772834400000,629.2,630.5,628.6,629.7,1602.0
1772838000000,629.7,629.8,626.4,626.8,4458.67
1772841600000,626.8,629.4,625.9,628.6,1241.83
1772845200000,628.6,629.2,627.6,628.1,351.6
1772848800000,628.1,628.3,625.8,627.1,641.4
1772852400000,627.1,629.3,626.3,626.6,1188.51
1772856000000,626.6,627.3,623.9,626.7,1857.16
1772859600000,626.7,628.1,626.4,627.1,685.23
1772863200000,627.1,627.4,625.8,626.0,905.71
1772866800000,626.0,627.7,624.8,627.4,1034.01
1772870400000,627.4,628.9,627.1,627.8,725.45
1772874000000,627.8,629.8,627.0,629.4,834.81
1772877600000,629.4,629.7,626.2,626.4,605.56
1772881200000,626.4,628.6,625.8,627.3,1083.37
1772884800000,627.3,627.7,625.8,626.3,489.08
1772888400000,626.3,627.2,625.9,626.3,724.06
1772892000000,626.3,627.4,623.2,627.1,2508.72
1772895600000,627.1,627.3,623.5,624.9,2616.91
1772899200000,624.9,624.9,622.1,623.8,3305.98
1772902800000,623.8,624.8,623.0,623.2,840.46
1772906400000,623.2,623.5,620.1,622.0,1586.56
1772910000000,622.0,622.1,617.8,619.2,2873.8
1772913600000,619.2,621.5,619.2,620.7,1308.92
1772917200000,620.7,622.2,620.0,620.8,2068.29
1772920800000,620.8,621.1,617.1,619.5,1945.01
1772924400000,619.5,620.5,619.2,619.8,645.8
1772928000000,619.8,621.6,618.4,618.8,1366.39
1772931600000,618.8,619.9,617.6,619.4,670.36
1772935200000,619.4,619.4,614.6,615.6,2436.69
1772938800000,615.6,617.4,615.4,616.6,868.28
1772942400000,616.6,617.4,613.8,614.8,1346.49
1772946000000,614.8,618.6,614.8,617.7,885.21
1772949600000,617.7,619.1,617.1,618.7,1075.78
1772953200000,618.7,622.0,618.5,619.5,3036.35
1772956800000,619.5,619.7,617.4,619.1,908.79
1772960400000,619.1,621.3,618.4,619.8,1416.02
1772964000000,619.8,623.8,619.6,622.6,3200.75
1772967600000,622.6,622.6,618.4,619.8,2150.51
1772971200000,619.8,620.7,615.6,618.8,2344.44
1772974800000,618.8,619.3,612.5,616.0,4548.68
1772978400000,616.0,617.7,615.0,617.5,1859.62
1772982000000,617.5,617.7,615.0,615.8,1695.83
1772985600000,615.8,616.0,611.3,612.4,2257.37
1772989200000,612.4,614.6,612.2,612.7,1704.26
1772992800000,612.7,613.7,611.6,613.2,556.63
1772996400000,613.2,619.4,612.8,618.7,2145.38
1773000000000,618.7,619.8,616.5,617.2,1550.85
1773003600000,617.2,617.7,614.8,617.0,2969.44
1773007200000,617.0,617.0,607.4,614.1,9640.69
1773010800000,614.1,615.7,610.8,611.5,1754.89
1773014400000,611.5,618.2,610.5,615.0,3867.62
1773018000000,615.0,618.1,613.4,614.2,2376.49
1773021600000,614.2,619.3,613.1,617.7,2255.1
1773025200000,617.7,628.0,617.3,623.0,6068.56
1773028800000,623.0,625.9,622.1,622.5,1392.25
1773032400000,622.5,629.8,622.2,629.1,6298.45
1773036000000,629.1,629.7,622.6,623.4,5015.07
1773039600000,623.4,623.4,617.7,621.5,3935.75
1773043200000,621.5,626.2,621.4,625.3,4002.24
1773046800000,625.3,630.2,623.5,626.9,4002.47
1773050400000,626.9,628.5,626.0,626.9,3195.72
1773054000000,626.9,627.7,624.0,627.0,1695.69
1773057600000,627.0,632.4,627.0,630.8,3812.08
1773061200000,630.8,638.4,630.5,636.1,8378.41
1773064800000,636.1,638.4,632.8,635.6,5872.11
1773068400000,635.6,640.1,634.8,639.0,5342.06
1773072000000,639.0,641.5,637.8,639.3,4572.65
1773075600000,639.3,640.3,635.0,636.7,4922.31
1773079200000,636.7,637.4,633.9,634.5,2465.58
1773082800000,634.5,642.9,633.8,637.9,5200.43
1773086400000,637.9,638.6,636.2,638.1,1293.74
1773090000000,638.1,640.5,637.8,639.8,979.99
1773093600000,639.8,640.4,635.7,636.5,2000.41
1773097200000,636.5,637.5,633.3,634.2,1677.52
1773100800000,634.2,640.2,633.9,638.6,2564.66
1773104400000,638.6,639.6,635.6,638.4,1548.94
1773108000000,638.4,645.7,637.3,643.7,2862.56
1773111600000,643.7,644.7,638.8,639.3,1603.31
1773115200000,639.3,644.2,639.0,643.6,2242.66
1773118800000,643.6,645.9,643.1,643.8,1969.2
1773122400000,643.8,645.2,642.1,643.8,1549.01
1773126000000,643.8,646.7,643.1,644.1,3030.68
1773129600000,644.1,648.6,643.7,645.4,2202.62
1773133200000,645.4,647.9,644.2,647.2,3943.82
1773136800000,647.2,647.6,644.8,647.0,1600.18
1773140400000,647.0,647.6,644.2,645.1,1364.38
1773144000000,645.1,646.5,644.3,646.1,1577.83
1773147600000,646.1,647.8,640.8,642.0,4220.9
1773151200000,642.0,651.6,637.8,650.5,7382.89
1773154800000,650.5,652.0,645.7,648.8,4616.49
1773158400000,648.8,652.3,647.1,649.4,4219.15
1773162000000,649.4,649.8,644.1,646.2,2321.84
1773165600000,646.2,646.2,640.0,641.0,2138.92
1773169200000,641.0,642.3,639.5,641.4,1424.73
1773172800000,641.4,643.9,641.2,643.7,1201.67
1773176400000,643.7,644.9,639.3,641.0,2076.13
1773180000000,641.0,642.1,639.2,641.5,1852.98
1773183600000,641.5,642.8,640.8,641.5,557.71
1773187200000,641.5,643.6,640.7,642.9,1610.01
1773190800000,642.9,643.9,641.9,643.8,721.39
1773194400000,643.8,643.8,638.2,640.6,1530.19
1773198000000,640.6,642.2,639.1,639.5,1690.87
1773201600000,639.5,644.6,638.7,644.2,1597.07
1773205200000,644.2,644.5,637.3,637.5,3565.25
1773208800000,637.5,643.2,637.5,642.6,1990.61
1773212400000,642.6,642.8,639.4,640.1,1399.59
1773216000000,640.1,642.3,639.4,642.0,1838.88
1773219600000,642.0,642.0,639.0,639.4,878.35
1773223200000,639.4,643.7,639.3,643.2,1633.67
1773226800000,643.2,643.4,634.2,637.8,34910.68
1773230400000,637.8,642.2,636.3,641.2,8280.13
1773234000000,641.2,652.0,641.0,646.3,9056.96
1773237600000,646.3,651.1,644.4,648.2,6505.34
1773241200000,648.2,649.1,641.6,645.5,2354.78
1773244800000,645.5,649.5,645.0,647.8,2647.73
1773248400000,647.8,655.6,647.8,651.5,6828.07
1773252000000,651.5,654.1,650.5,652.5,2650.07
1773255600000,652.5,653.6,650.8,652.9,1904.59
1773259200000,652.9,653.0,651.2,652.6,721.72
1773262800000,652.6,654.0,651.4,653.9,2136.49
1773266400000,653.9,656.1,651.1,652.0,2797.19
1773270000000,652.0,653.0,649.9,651.2,1164.62
1773273600000,651.2,652.2,650.4,652.0,2266.33
1773277200000,652.0,652.0,646.4,646.5,2857.05
1773280800000,646.5,647.6,642.1,642.6,3240.36
1773284400000,642.6,644.7,641.6,642.8,3117.37
1773288000000,642.8,643.9,641.2,642.7,2281.42
1773291600000,642.7,644.3,642.4,644.0,927.39
1773295200000,644.0,645.0,643.0,643.8,1400.41
1773298800000,643.8,646.7,643.4,645.4,2009.93
1773302400000,645.4,648.4,645.2,647.3,2177.9
1773306000000,647.3,650.9,645.3,649.6,2259.91
1773309600000,649.6,652.5,649.0,651.8,1355.38
1773313200000,651.8,653.8,650.7,652.1,2457.25
1773316800000,652.1,657.6,651.1,655.4,4958.54
1773320400000,655.4,656.0,650.4,652.3,5057.73
1773324000000,652.3,656.0,645.2,646.5,8961.53
1773327600000,646.5,653.6,645.6,649.7,4536.19
1773331200000,649.7,652.3,647.7,651.3,1384.14
1773334800000,651.3,652.2,649.1,650.2,894.79
1773338400000,650.2,651.2,647.4,647.5,1407.87
1773342000000,647.5,651.3,646.0,650.7,1525.86
1773345600000,650.7,651.3,648.6,649.3,763.33
1773349200000,649.3,652.2,649.3,651.5,1610.91
1773352800000,651.5,651.9,649.6,650.8,946.46
1773356400000,650.8,654.7,650.8,651.4,2592.95
1773360000000,651.4,663.6,650.1,658.6,11260.69
1773363600000,658.6,661.9,657.8,661.7,3105.94
1773367200000,661.7,662.3,658.7,659.1,2344.06
1773370800000,659.1,661.9,657.1,661.4,1741.18
1773374400000,661.4,661.7,658.9,660.3,1348.42
1773378000000,660.3,661.8,658.9,660.2,1436.0
1773381600000,660.2,661.1,658.4,660.3,2349.64
1773385200000,660.3,664.1,659.7,660.9,3245.22
1773388800000,660.9,668.0,660.3,665.6,7572.54
1773392400000,665.6,667.8,663.9,666.8,5071.41
1773396000000,666.8,668.4,665.6,666.5,6951.5
1773399600000,666.5,667.9,665.6,666.3,1673.43
1773403200000,666.3,673.4,666.2,670.8,4989.88
1773406800000,670.8,678.9,670.1,674.1,9133.82
1773410400000,674.1,678.1,667.1,667.6,11460.29
1773414000000,667.6,671.0,660.7,661.7,8213.37
1773417600000,661.7,663.1,657.7,661.3,8668.23
1773421200000,661.3,664.0,653.0,655.4,10788.53
1773424800000,655.4,658.0,653.6,656.3,5228.92
1773428400000,656.3,657.6,655.5,656.7,1204.35
1773432000000,656.7,658.2,655.8,656.8,1946.61
1773435600000,656.8,658.3,655.7,656.5,1532.46
1773439200000,656.5,657.0,653.2,655.1,4088.42
1773442800000,655.1,655.8,654.0,655.3,2612.99
1773446400000,655.3,655.7,652.0,652.5,2684.07
1773450000000,652.5,656.5,652.3,655.9,1556.57
1773453600000,655.9,656.2,654.6,655.2,620.93
1773457200000,655.2,656.7,654.8,656.3,1269.55
1773460800000,656.3,657.8,654.7,654.8,1251.77
1773464400000,654.8,656.2,654.1,655.1,912.74
1773468000000,655.1,655.1,650.4,652.9,1862.13
1773471600000,652.9,654.0,651.4,651.6,1266.05
1773475200000,651.6,653.4,651.2,651.5,1152.79
1773478800000,651.5,652.8,649.8,650.7,746.58
1773482400000,650.7,650.8,649.5,650.5,775.81
1773486000000,650.5,653.6,650.4,653.1,1021.32
1773489600000,653.1,654.2,652.1,653.1,2547.21
1773493200000,653.1,654.2,652.5,653.7,753.15
1773496800000,653.7,654.5,651.2,651.9,3907.71
1773500400000,651.9,653.4,651.5,653.1,1268.32
1773504000000,653.1,654.0,651.7,653.6,740.12
1773507600000,653.6,653.6,652.2,652.5,413.4
1773511200000,652.5,653.4,651.8,652.9,745.63
1773514800000,652.9,653.7,652.2,653.2,537.67
1773518400000,653.2,654.2,652.7,653.6,748.91
1773522000000,653.6,654.5,652.4,654.2,1017.63
1773525600000,654.2,655.0,653.8,654.5,723.43
1773529200000,654.5,657.6,654.5,657.3,1823.66
1773532800000,657.3,657.5,654.8,655.4,864.51
1773536400000,655.4,655.7,653.9,655.1,757.24
1773540000000,655.1,660.1,655.1,659.0,1708.26
1773543600000,659.0,660.7,657.4,658.5,878.17
1773547200000,658.5,660.1,657.7,658.8,2106.68
1773550800000,658.8,660.5,658.0,659.1,901.76
1773554400000,659.1,659.7,657.2,658.1,594.13
1773558000000,658.1,660.2,657.7,659.5,1113.12
1773561600000,659.5,663.9,659.2,663.8,1994.94
1773565200000,663.8,666.3,662.5,663.3,2421.56
1773568800000,663.3,663.6,661.7,662.5,869.62
1773572400000,662.5,662.7,659.3,661.2,1311.29
1773576000000,661.2,661.5,659.3,661.5,1495.71
1773579600000,661.5,662.1,656.1,659.6,4152.16
1773583200000,659.6,660.1,657.9,659.9,1156.46
1773586800000,659.9,661.0,659.1,659.3,3202.37
1773590400000,659.3,660.6,658.0,658.5,1158.28
1773594000000,658.5,663.0,658.4,661.6,1253.88
1773597600000,661.6,662.1,657.5,657.9,1175.93
1773601200000,657.9,660.2,657.6,660.0,775.13
1773604800000,660.0,665.0,659.3,663.6,3452.0
1773608400000,663.6,668.8,662.3,667.1,3268.75
1773612000000,667.1,678.8,665.1,676.2,7795.63
1773615600000,676.2,678.8,671.4,673.6,9290.61
1773619200000,673.6,676.5,670.6,671.9,3256.67
1773622800000,671.9,676.8,670.0,675.7,3168.21
1773626400000,675.7,676.6,670.3,672.8,1376.82
1773630000000,672.8,685.8,671.9,680.4,10532.4
1773633600000,680.4,687.4,680.4,683.1,6302.49
1773637200000,683.1,686.1,681.8,685.0,3843.14
1773640800000,685.0,685.2,679.0,679.1,2727.26
1773644400000,679.1,680.5,676.8,677.7,2861.68
1773648000000,677.7,680.7,673.4,674.9,2692.03
1773651600000,674.9,677.4,674.1,676.1,2704.25
1773655200000,676.1,678.8,674.8,678.7,3771.04
1773658800000,678.7,679.1,675.8,676.7,1027.59
1773662400000,676.7,680.8,676.7,678.1,4056.54
1773666000000,678.1,683.3,677.3,680.5,6160.85
1773669600000,680.5,682.0,669.6,674.0,9659.31
1773673200000,674.0,676.5,670.6,671.2,3509.55
1773676800000,671.2,675.8,670.6,674.8,3783.06
1773680400000,674.8,678.2,674.2,677.7,3402.01
1773684000000,677.7,680.1,676.4,676.7,3346.59
1773687600000,676.7,681.1,675.8,678.2,3091.89
1773691200000,678.2,678.3,673.5,676.6,2589.7
1773694800000,676.6,682.3,675.8,679.1,8098.57
1773698400000,679.1,684.2,679.0,680.9,2899.11
1773702000000,680.9,681.0,675.6,679.0,4711.39
1773705600000,679.0,683.6,677.2,682.0,5781.57
1773709200000,682.0,686.1,680.1,683.5,7897.59
1773712800000,683.5,684.3,680.0,682.3,2975.55
1773716400000,682.3,682.8,674.6,675.7,3173.18
1773720000000,675.7,677.0,671.3,674.3,4205.56
1773723600000,674.3,676.7,673.0,674.5,2773.19
1773727200000,674.5,676.3,672.3,672.9,1823.07
1773730800000,672.9,675.1,672.8,673.7,2673.16
1773734400000,673.7,676.0,672.6,673.1,2867.5
1773738000000,673.1,675.1,671.3,672.2,3298.53
1773741600000,672.2,673.1,667.4,668.7,5724.83
1773745200000,668.7,670.0,666.9,667.2,2217.87
1773748800000,667.2,669.3,664.3,665.0,2522.12
1773752400000,665.0,668.5,663.1,664.8,7104.98
1773756000000,664.8,669.9,662.5,669.5,3433.43
1773759600000,669.5,672.8,664.7,668.0,3518.96
1773763200000,668.0,671.1,667.1,670.2,2522.32
1773766800000,670.2,672.3,669.3,672.3,865.29
1773770400000,672.3,674.3,671.8,673.3,1290.69
1773774000000,673.3,674.1,671.2,671.6,1124.71
1773777600000,671.6,672.4,670.2,671.7,1083.62
1773781200000,671.7,674.0,671.4,673.1,1225.6
1773784800000,673.1,674.1,668.7,670.9,1001.83
1773788400000,670.9,671.5,667.5,668.3,2108.21
1773792000000,668.3,668.8,665.2,668.0,3374.58
1773795600000,668.0,670.5,667.9,669.2,1422.94
1773799200000,669.2,672.3,669.2,671.2,1326.26
1773802800000,671.2,674.8,670.9,673.1,1382.18
1773806400000,673.1,673.5,670.2,671.4,2662.47
1773810000000,671.4,673.2,669.6,670.9,2932.48
1773813600000,670.9,674.6,670.8,672.4,1135.74
1773817200000,672.4,673.6,671.1,673.6,1340.34
1773820800000,673.6,675.7,673.5,673.9,1476.52
1773824400000,673.9,675.5,673.6,675.5,914.34
1773828000000,675.5,676.0,670.8,672.1,1737.41
1773831600000,672.1,672.7,660.9,662.5,7461.16
1773835200000,662.5,662.5,655.7,657.1,8105.21
1773838800000,657.1,658.7,654.3,656.9,2758.85
1773842400000,656.9,657.2,647.0,647.4,9379.52
1773846000000,647.4,650.1,644.6,648.2,6528.73
1773849600000,648.2,649.4,644.7,647.9,6483.9
1773853200000,647.9,651.4,646.4,649.6,5988.99
1773856800000,649.6,652.6,646.6,647.3,3912.35
1773860400000,647.3,649.9,646.3,647.6,1828.37
1773864000000,647.6,650.7,643.6,649.8,4094.51
1773867600000,649.8,652.5,649.4,652.3,1431.63
1773871200000,652.3,652.3,650.0,651.3,825.65
1773874800000,651.3,652.6,650.4,651.8,854.15
1773878400000,651.8,652.4,650.1,651.0,2093.45
1773882000000,651.0,652.2,650.1,651.0,1350.13
1773885600000,651.0,652.0,648.6,650.2,1596.53
1773889200000,650.2,656.2,650.0,652.2,3076.44
1773892800000,652.2,652.4,647.8,649.0,1824.35
1773896400000,649.0,650.2,647.8,649.0,765.33
1773900000000,649.0,650.5,647.6,648.2,953.04
1773903600000,648.2,648.4,640.5,645.0,6513.34
1773907200000,645.0,645.9,643.4,644.0,2969.69
1773910800000,644.0,648.6,643.6,647.9,2227.07
1773914400000,647.9,648.3,645.4,645.4,641.59
1773918000000,645.4,646.0,643.2,643.6,628.31
1773921600000,643.6,643.8,637.7,638.3,5291.37
1773925200000,638.3,641.7,636.1,640.8,6935.27
1773928800000,640.8,642.2,635.4,637.9,2153.95
1773932400000,637.9,640.1,633.9,637.4,3026.81
1773936000000,637.4,637.4,634.0,635.5,5637.53
1773939600000,635.5,638.8,632.9,638.0,2379.14
1773943200000,638.0,638.0,635.9,637.6,810.37
1773946800000,637.6,641.9,637.5,639.6,6238.42
1773950400000,639.6,642.4,639.1,641.6,1203.11
1773954000000,641.6,643.6,641.2,641.9,1914.13
1773957600000,641.9,642.1,638.6,640.0,1015.41
1773961200000,640.0,641.3,637.9,638.9,1892.51
1773964800000,638.9,641.5,638.1,640.7,1844.04
1773968400000,640.7,643.5,640.5,641.6,1004.33
1773972000000,641.6,642.8,639.0,642.2,1084.8
1773975600000,642.2,644.7,642.0,644.0,948.29
1773979200000,644.0,645.6,641.2,643.8,1494.04
1773982800000,643.8,644.4,641.6,642.9,651.64
1773986400000,642.9,642.9,640.8,642.0,461.79
1773990000000,642.0,644.4,639.2,643.8,1417.58
1773993600000,643.8,647.2,643.3,646.2,1906.66
1773997200000,646.2,646.2,640.6,641.3,776.25
1774000800000,641.3,643.5,639.8,642.7,1362.92
1774004400000,642.7,643.9,640.1,641.2,682.75
1774008000000,641.2,642.9,640.0,641.0,1199.67
1774011600000,641.0,642.6,637.3,637.5,2709.32
1774015200000,637.5,642.0,636.1,638.7,8037.98
1774018800000,638.7,641.2,637.6,640.2,3634.3
1774022400000,640.2,641.5,638.6,640.1,657.88
1774026000000,640.1,640.8,636.6,640.0,2090.58
1774029600000,640.0,640.5,636.0,637.7,1288.23
1774033200000,637.7,640.4,636.0,640.0,1638.94
1774036800000,640.0,640.4,637.2,639.3,744.65
1774040400000,639.3,642.9,638.6,641.3,2304.34
1774044000000,641.3,644.4,641.3,643.4,884.73
1774047600000,643.4,643.5,641.2,641.9,882.54
1774051200000,641.9,643.0,641.1,641.9,413.42
1774054800000,641.9,642.6,639.9,640.2,987.37
1774058400000,640.2,642.0,639.8,641.9,614.39
1774062000000,641.9,642.2,641.1,641.9,330.87
1774065600000,641.9,643.0,641.4,641.4,371.69
1774069200000,641.4,642.9,641.4,641.9,688.34
1774072800000,641.9,643.1,641.6,642.9,256.2
1774076400000,642.9,644.0,642.5,642.7,361.42
1774080000000,642.7,643.1,641.7,642.7,696.89
1774083600000,642.7,644.0,642.5,642.7,1169.87
1774087200000,642.7,642.7,641.7,642.5,547.45
1774090800000,642.5,643.6,642.4,643.4,517.27
1774094400000,643.4,644.0,643.2,643.5,340.61
1774098000000,643.5,643.9,642.9,643.7,238.6
1774101600000,643.7,646.1,641.8,641.9,1467.36
1774105200000,641.9,643.0,641.1,642.5,1010.04
1774108800000,642.5,643.0,640.6,641.1,938.56
1774112400000,641.1,641.7,640.3,641.1,502.35
1774116000000,641.1,642.1,640.7,641.2,439.32
1774119600000,641.2,641.6,640.9,641.2,203.45
1774123200000,641.2,642.3,641.1,642.2,519.08
1774126800000,642.2,642.7,641.3,641.4,910.21
1774130400000,641.4,642.1,640.7,642.0,510.32
1774134000000,642.0,642.0,627.0,630.0,10437.16
1774137600000,630.0,632.2,622.0,629.9,10689.51
1774141200000,629.9,631.6,628.8,630.6,1320.7
1774144800000,630.6,634.7,630.6,633.8,2017.53
1774148400000,633.8,637.5,632.4,634.4,2551.67
1774152000000,634.4,636.2,632.0,634.8,4076.53
1774155600000,634.8,634.9,632.8,633.2,2247.41
1774159200000,633.2,633.8,632.1,633.3,469.73
1774162800000,633.3,634.3,631.4,631.5,762.96
1774166400000,631.5,631.7,628.4,630.5,1393.48
1774170000000,630.5,631.4,629.5,630.7,488.44
1774173600000,630.7,631.1,628.7,629.1,762.74
1774177200000,629.1,629.7,627.0,627.5,1018.48
1774180800000,627.5,630.6,627.4,629.0,1094.46
1774184400000,629.0,631.3,628.5,629.8,1035.0
1774188000000,629.8,631.3,628.4,629.7,766.64
1774191600000,629.7,631.2,628.8,629.3,722.76
1774195200000,629.3,630.4,628.9,630.2,608.28
1774198800000,630.2,631.9,629.5,630.4,1301.15
1774202400000,630.4,631.2,627.3,629.1,929.56
1774206000000,629.1,629.1,626.1,627.1,1055.76
1774209600000,627.1,629.6,627.1,627.7,1144.48
1774213200000,627.7,628.2,621.4,625.4,3780.6
1774216800000,625.4,629.7,622.6,629.6,1505.88
1774220400000,629.6,631.4,625.8,626.0,1504.24
1774224000000,626.0,627.8,621.8,624.4,2934.05
1774227600000,624.4,627.8,623.4,626.0,3711.93
1774231200000,626.0,629.8,624.9,628.4,1059.27
1774234800000,628.4,630.5,626.0,626.2,944.59
1774238400000,626.2,629.3,626.1,629.2,845.76
1774242000000,629.2,631.6,629.2,631.5,1258.75
1774245600000,631.5,631.6,620.8,622.3,6859.68
1774249200000,622.3,625.3,619.7,623.8,3100.29
1774252800000,623.8,626.1,623.0,624.0,1358.84
1774256400000,624.0,625.7,621.0,625.4,2547.15
1774260000000,625.4,627.7,624.8,626.4,1909.59
1774263600000,626.4,650.7,626.4,638.1,66116.21
1774267200000,638.1,645.4,635.6,644.8,6800.87
1774270800000,644.8,649.4,642.7,647.6,6401.66
1774274400000,647.6,649.2,644.3,646.0,4920.26
1774278000000,646.0,647.7,636.5,637.1,9993.85
1774281600000,637.1,638.8,633.7,635.5,5171.38
1774285200000,635.5,638.0,632.4,637.8,4621.69
1774288800000,637.8,639.6,636.0,639.4,1345.73
1774292400000,639.4,640.5,636.9,637.4,1620.66
1774296000000,637.4,639.6,636.2,639.1,461.22
1774299600000,639.1,642.9,638.4,639.5,6665.89
1774303200000,639.5,639.9,637.1,638.4,1511.38
1774306800000,638.4,639.0,635.9,638.8,813.83
1774310400000,638.8,639.9,634.4,636.5,2484.99
1774314000000,636.5,636.6,632.1,633.3,1556.62
1774317600000,633.3,635.1,631.5,632.5,1089.44
1774321200000,632.5,633.2,631.9,632.2,1128.68
1774324800000,632.2,633.6,628.4,628.8,1845.46
1774328400000,628.8,629.2,626.8,628.8,2119.44
1774332000000,628.8,631.1,628.6,630.6,853.21
1774335600000,630.6,638.2,630.4,637.6,3164.96
1774339200000,637.6,638.1,634.0,634.5,2202.08
1774342800000,634.5,638.6,633.5,638.3,2551.02
1774346400000,638.3,638.3,636.2,637.7,982.1
1774350000000,637.7,639.5,635.6,638.6,1680.76
1774353600000,638.6,639.1,636.2,637.1,820.69
1774357200000,637.1,637.9,630.9,632.0,6605.04
1774360800000,632.0,634.0,626.6,629.5,5863.01
1774364400000,629.5,633.0,629.4,630.7,2075.98
1774368000000,630.7,631.6,627.8,628.9,2212.55
1774371600000,628.9,629.4,626.6,628.4,3333.02
1774375200000,628.4,632.1,628.3,630.4,1011.82
1774378800000,630.4,631.8,629.2,630.0,892.87
1774382400000,630.0,637.3,629.5,636.5,3443.49
1774386000000,636.5,637.3,634.7,637.3,1627.77
1774389600000,637.3,638.5,635.5,636.6,1300.72
1774393200000,636.6,639.5,636.2,638.0,1229.57
1774396800000,638.0,641.4,637.3,639.9,4098.92
1774400400000,639.9,641.1,638.4,638.9,2100.74
1774404000000,638.9,640.1,638.2,639.2,1727.98
1774407600000,639.2,642.8,638.4,642.0,3401.91
1774411200000,642.0,643.0,641.4,642.6,999.2
1774414800000,642.6,645.7,642.1,643.6,3245.53
1774418400000,643.6,646.8,643.5,644.5,2392.76
1774422000000,644.5,645.8,642.7,643.1,3499.54
1774425600000,643.1,648.5,643.1,647.0,5366.51
1774429200000,647.0,650.1,646.6,649.2,6770.36
1774432800000,649.2,649.6,645.8,646.7,5284.89
1774436400000,646.7,650.9,646.5,648.2,3464.75
1774440000000,648.2,650.5,645.6,648.8,3975.86
1774443600000,648.8,652.7,647.9,649.3,1935.85
1774447200000,649.3,650.1,646.7,646.9,2874.24
1774450800000,646.9,647.3,641.6,645.3,4496.24
1774454400000,645.3,650.9,644.8,647.3,3992.19
1774458000000,647.3,648.0,644.8,645.1,1346.35
1774461600000,645.1,646.3,643.7,644.9,1312.0
1774465200000,644.9,647.0,644.7,645.7,555.35
1774468800000,645.7,646.5,643.7,646.3,964.59
1774472400000,646.3,648.5,646.0,646.8,1215.2
1774476000000,646.8,649.9,645.7,648.8,2346.02
1774479600000,648.8,648.8,646.4,647.4,683.67
1774483200000,647.4,648.1,645.8,646.8,2015.78
1774486800000,646.8,647.4,645.4,646.3,869.39
1774490400000,646.3,646.3,642.1,643.2,1279.61
1774494000000,643.2,643.3,640.9,642.5,2754.14
1774497600000,642.5,642.9,640.7,641.9,1927.12
1774501200000,641.9,641.9,634.1,634.7,5842.95
1774504800000,634.7,635.4,632.8,634.7,4194.63
1774508400000,634.7,635.4,633.3,634.9,1886.21
1774512000000,634.9,634.9,632.0,633.0,1922.64
1774515600000,633.0,633.5,627.6,629.4,6540.5
1774519200000,629.4,631.1,628.2,630.1,1696.76
1774522800000,630.1,630.6,627.6,628.8,2236.23
1774526400000,628.8,629.6,627.9,629.3,861.17
1774530000000,629.3,632.3,628.3,630.9,2766.87
1774533600000,630.9,632.0,627.8,629.2,2078.36
1774537200000,629.2,629.4,624.3,626.3,2359.12
1774540800000,626.3,627.1,625.4,626.5,1758.45
1774544400000,626.5,628.5,623.9,625.1,4068.21
1774548000000,625.1,625.8,622.5,625.2,2078.03
1774551600000,625.2,626.1,624.3,625.2,988.81
1774555200000,625.2,631.0,624.7,629.5,6903.52
1774558800000,629.5,631.0,628.1,630.3,2586.47
1774562400000,630.3,630.9,627.6,629.2,1241.02
1774566000000,629.2,630.1,627.3,628.5,745.31
1774569600000,628.5,629.3,626.8,628.6,1337.97
1774573200000,628.6,631.0,628.1,630.9,683.21
1774576800000,630.9,631.4,629.7,630.1,760.71
1774580400000,630.1,630.2,627.8,627.9,636.83
1774584000000,627.9,628.0,624.5,626.9,1539.77
1774587600000,626.9,629.6,626.3,627.4,1351.09
1774591200000,627.4,628.4,627.2,627.7,461.73
1774594800000,627.7,629.6,627.0,628.2,1037.32
1774598400000,628.2,628.7,617.3,620.1,6274.2
1774602000000,620.1,621.1,617.4,619.4,2387.81
1774605600000,619.4,619.8,607.2,608.5,13061.55
1774609200000,608.5,611.9,606.6,610.7,5625.79
1774612800000,610.7,611.5,609.4,611.0,1989.35
1774616400000,611.0,612.0,606.9,607.8,5054.64
1774620000000,607.8,610.0,605.5,609.3,2927.48
1774623600000,609.3,613.8,608.9,610.2,5376.36
1774627200000,610.2,610.4,607.5,609.0,2345.04
1774630800000,609.0,611.6,606.7,607.2,1732.02
1774634400000,607.2,609.3,606.3,609.0,923.03
1774638000000,609.0,610.5,607.7,609.8,1143.21
1774641600000,609.8,611.0,608.3,610.8,1310.88
1774645200000,610.8,612.0,610.4,610.6,1603.01
1774648800000,610.6,610.7,609.5,610.1,695.86
1774652400000,610.1,613.9,609.4,613.6,1135.32
1774656000000,613.6,613.8,611.8,612.1,842.09
1774659600000,612.1,612.2,609.5,611.0,906.58
1774663200000,611.0,612.4,610.3,610.5,1053.95
1774666800000,610.5,611.6,610.5,610.8,365.6
1774670400000,610.8,611.5,610.1,610.7,535.67
1774674000000,610.7,612.0,610.2,611.9,326.64
1774677600000,611.9,613.9,611.5,613.5,795.5
1774681200000,613.5,614.1,612.6,613.6,408.11
1774684800000,613.6,614.0,612.3,612.3,1295.25
1774688400000,612.3,612.3,611.1,611.8,523.24
1774692000000,611.8,613.1,610.0,611.1,575.31
1774695600000,611.1,612.8,611.0,612.7,672.31
1774699200000,612.7,613.6,611.3,612.3,804.84
1774702800000,612.3,618.2,612.0,615.6,5710.94
1774706400000,615.6,617.1,614.3,614.7,1777.56
1774710000000,614.7,618.6,614.3,616.9,2064.89
1774713600000,616.9,617.0,616.1,616.7,1077.29
1774717200000,616.7,617.4,615.0,616.0,521.82
1774720800000,616.0,617.1,615.9,616.4,725.87
1774724400000,616.4,616.5,615.2,616.2,862.91
1774728000000,616.2,617.7,616.2,617.6,489.81
1774731600000,617.6,617.7,614.4,615.2,868.27
1774735200000,615.2,616.1,614.6,615.5,519.16
1774738800000,615.5,615.5,610.2,610.7,3492.12
1774742400000,610.7,611.5,609.4,611.5,707.99
1774746000000,611.5,613.1,611.0,612.4,656.86
1774749600000,612.4,613.5,612.2,613.1,187.18
1774753200000,613.1,614.8,612.6,613.6,806.58
1774756800000,613.6,613.9,612.6,612.6,645.02
1774760400000,612.6,613.6,611.6,613.4,709.18
1774764000000,613.4,614.3,612.8,613.5,403.79
1774767600000,613.5,613.7,612.5,613.3,423.56
1774771200000,613.3,614.0,612.9,613.5,320.14
1774774800000,613.5,613.8,612.1,612.9,1006.48
1774778400000,612.9,612.9,610.7,611.8,1518.12
1774782000000,611.8,614.2,611.7,613.2,889.22
1774785600000,613.2,613.4,611.4,612.4,785.46
1774789200000,612.4,612.5,609.5,609.8,1092.21
1774792800000,609.8,612.0,608.8,609.0,1892.37
1774796400000,609.0,609.9,607.0,609.2,2065.54
1774800000000,609.2,610.8,608.7,609.2,960.15
1774803600000,609.2,609.6,607.2,608.5,816.52
1774807200000,608.5,609.6,607.9,609.2,475.06
1774810800000,609.2,609.3,608.5,608.8,447.98
1774814400000,608.8,612.0,608.6,609.2,849.7
1774818000000,609.2,610.8,609.0,610.6,1201.65
1774821600000,610.6,610.6,595.8,603.9,10790.56
1774825200000,603.9,607.6,603.6,605.7,3313.15
1774828800000,605.7,614.2,604.7,609.2,4795.43
1774832400000,609.2,614.7,609.2,613.6,1426.11
1774836000000,613.6,619.0,612.1,616.5,2846.13
1774839600000,616.5,616.7,614.6,615.4,894.85
1774843200000,615.4,617.7,615.4,616.9,1486.78
1774846800000,616.9,618.4,615.9,616.7,1277.27
1774850400000,616.7,617.8,615.4,615.6,1272.58
1774854000000,615.6,619.1,615.2,618.0,2070.56
1774857600000,618.0,621.5,616.9,619.8,5347.34
1774861200000,619.8,619.9,617.3,617.8,2278.99
1774864800000,617.8,618.2,616.3,618.1,865.33
1774868400000,618.1,621.3,617.4,617.6,4445.98
1774872000000,617.6,619.7,617.6,619.5,706.95
1774875600000,619.5,620.7,616.3,616.7,2138.15
1774879200000,616.7,618.1,613.2,617.0,1957.34
1774882800000,617.0,619.2,615.2,618.2,1138.52
1774886400000,618.2,618.5,615.2,616.5,2377.11
1774890000000,616.5,617.4,611.5,613.0,2427.04
1774893600000,613.0,613.5,609.9,610.6,1797.57
1774897200000,610.6,610.8,607.9,610.4,1049.27
1774900800000,610.4,611.3,608.9,609.9,2120.16
1774904400000,609.9,613.1,609.2,612.1,2104.29
1774908000000,612.1,613.3,610.2,610.9,571.09
1774911600000,610.9,610.9,607.1,608.8,1964.5
1774915200000,608.8,612.0,607.8,611.0,1994.74
1774918800000,611.0,619.3,610.2,616.3,4653.47
1774922400000,616.3,617.2,614.6,614.6,1021.37
1774926000000,614.6,614.7,612.3,613.1,795.46
1774929600000,613.1,614.2,611.3,612.1,1324.62
1774933200000,612.1,613.6,611.0,613.1,1271.55
1774936800000,613.1,613.1,610.7,611.9,690.09
1774940400000,611.9,612.2,608.9,610.7,904.85
1774944000000,610.7,610.9,606.1,606.8,2508.96
1774947600000,606.8,608.0,598.5,600.0,4613.55
1774951200000,600.0,603.0,599.4,602.3,4608.05
1774954800000,602.3,606.1,601.9,604.9,3837.26
1774958400000,604.9,607.5,603.9,606.0,2343.3
1774962000000,606.0,613.5,605.8,612.0,3469.87
1774965600000,612.0,615.7,606.2,608.2,8133.51
1774969200000,608.2,611.4,607.5,607.7,2403.31
1774972800000,607.7,616.5,607.7,614.1,5370.1
1774976400000,614.1,619.6,613.6,613.8,6157.31
1774980000000,613.8,616.9,613.8,615.8,828.92
1774983600000,615.8,616.9,614.8,615.5,539.99
1774987200000,615.5,619.7,615.5,618.9,2138.81
1774990800000,618.9,619.3,616.7,617.8,1183.52
1774994400000,617.8,618.3,615.0,616.7,1612.56
1774998000000,616.7,617.8,616.0,617.1,845.2
1775001600000,617.1,619.5,615.8,618.9,1650.42
1775005200000,618.9,619.3,615.1,615.3,1277.66
1775008800000,615.3,616.3,613.7,614.5,1057.78
1775012400000,614.5,617.1,614.5,616.6,1364.11
1775016000000,616.6,617.0,615.3,615.7,836.2
1775019600000,615.7,619.1,614.7,617.2,3851.97
1775023200000,617.2,622.0,617.1,619.3,3443.42
1775026800000,619.3,621.0,616.0,616.0,1955.01
1775030400000,616.0,617.2,614.7,615.3,2091.92
1775034000000,615.3,615.8,613.6,615.5,1288.6
1775037600000,615.5,616.4,613.5,614.6,1989.27
1775041200000,614.6,615.6,614.0,615.1,854.1
1775044800000,615.1,617.6,612.9,614.4,4912.29
1775048400000,614.4,616.4,609.6,610.5,3371.66
1775052000000,610.5,614.4,610.3,613.6,2626.08
1775055600000,613.6,614.9,611.8,614.6,1039.44
1775059200000,614.6,617.1,611.2,616.1,4852.88
1775062800000,616.1,619.3,613.5,613.8,2286.18
1775066400000,613.8,614.6,612.0,612.8,1200.44
1775070000000,612.8,614.3,612.2,613.4,821.38
1775073600000,613.4,613.6,610.5,613.1,1197.86
1775077200000,613.1,615.6,613.1,614.1,1267.73
1775080800000,614.1,614.1,609.3,610.5,3568.74
1775084400000,610.5,611.1,609.4,610.4,771.91
1775088000000,610.4,613.2,609.7,613.2,1401.42
1775091600000,613.2,613.2,602.2,603.8,8142.59
1775095200000,603.8,603.9,595.9,596.7,4878.2
1775098800000,596.7,597.7,591.3,591.6,4487.54
1775102400000,591.6,592.2,586.9,587.6,3046.41
1775106000000,587.6,591.0,587.5,590.4,2925.02
1775109600000,590.4,591.4,588.1,589.7,1885.74
1775113200000,589.7,592.0,589.0,591.4,1972.28
1775116800000,591.4,591.4,587.4,587.5,1746.24
1775120400000,587.5,587.9,584.6,585.3,2023.14
1775124000000,585.3,585.9,580.8,581.2,3076.43
1775127600000,581.2,581.7,576.8,580.9,4078.55
1775131200000,580.9,581.0,574.8,575.2,4751.96
1775134800000,575.2,575.8,570.1,573.1,6118.63
1775138400000,573.1,579.1,571.3,575.8,8009.65
1775142000000,575.8,576.5,571.2,573.8,3134.76
1775145600000,573.8,580.7,573.5,579.5,4918.03
1775149200000,579.5,582.7,577.8,578.1,4585.25
1775152800000,578.1,582.4,578.0,581.6,1467.13
1775156400000,581.6,583.4,579.9,583.1,1564.46
1775160000000,583.1,584.6,582.4,583.3,936.64
1775163600000,583.3,584.1,581.7,583.9,1184.3
1775167200000,583.9,584.4,580.9,582.9,1722.76
1775170800000,582.9,583.8,581.9,583.1,1523.6
1775174400000,583.1,585.2,582.6,583.7,2612.02
1775178000000,583.7,586.7,583.2,584.0,1454.96
1775181600000,584.0,585.7,581.6,584.4,2410.62
1775185200000,584.4,586.0,584.0,585.4,1202.08
1775188800000,585.4,586.7,584.6,586.4,1177.21
1775192400000,586.4,587.8,584.5,586.4,1368.67
1775196000000,586.4,587.4,584.8,585.8,1312.54
1775199600000,585.8,588.6,585.4,586.0,1499.97
1775203200000,586.0,587.9,583.5,585.2,1531.26
1775206800000,585.2,585.7,582.8,584.9,1847.51
1775210400000,584.9,585.6,583.3,585.6,624.55
1775214000000,585.6,587.3,585.2,587.0,2816.35
1775217600000,587.0,590.0,584.1,585.0,5010.64
1775221200000,585.0,586.4,583.5,586.0,2288.89
1775224800000,586.0,587.9,585.3,587.3,888.42
1775228400000,587.3,588.6,585.9,586.7,2064.43
1775232000000,586.7,588.7,586.6,588.4,2256.11
1775235600000,588.4,588.9,586.7,588.0,853.84
1775239200000,588.0,588.7,587.2,587.5,301.91
1775242800000,587.5,588.4,586.2,588.1,952.92
1775246400000,588.1,589.0,587.8,588.2,2228.58
1775250000000,588.2,588.8,587.2,588.5,1581.92
1775253600000,588.5,588.5,586.6,587.0,1105.06
1775257200000,587.0,588.2,586.7,587.9,1338.53
1775260800000,587.9,588.3,586.8,587.3,1154.5
1775264400000,587.3,587.8,586.7,587.3,585.61
1775268000000,587.3,588.3,587.1,587.9,361.05
1775271600000,587.9,588.9,587.8,588.7,355.97
1775275200000,588.7,589.0,588.1,588.3,229.59
1775278800000,588.3,589.3,587.9,589.3,734.85
1775282400000,589.3,591.9,589.2,591.3,2068.04
1775286000000,591.3,591.3,588.9,589.8,1163.27
1775289600000,589.8,591.5,588.8,589.1,1126.19
1775293200000,589.1,590.1,588.8,589.8,513.54
1775296800000,589.8,590.2,588.8,589.8,1237.95
1775300400000,589.8,590.0,588.7,589.2,1163.6
1775304000000,589.2,589.4,588.6,589.4,588.84
1775307600000,589.4,590.6,589.3,589.9,707.16
1775311200000,589.9,590.2,587.7,589.8,988.76
1775314800000,589.8,591.3,589.3,590.7,1723.07
1775318400000,590.7,593.1,589.9,591.0,1816.16
1775322000000,591.0,592.5,590.4,592.3,655.33
1775325600000,592.3,593.2,592.1,593.0,630.84
1775329200000,593.0,596.4,592.7,593.1,2338.89
1775332800000,593.1,593.5,592.3,593.1,737.33
1775336400000,593.1,594.9,592.8,594.1,1673.92
1775340000000,594.1,594.5,593.5,594.0,243.42
1775343600000,594.0,594.0,592.3,593.0,463.01
1775347200000,593.0,593.9,591.8,592.1,1498.19
1775350800000,592.1,593.4,591.3,591.8,2060.61
1775354400000,591.8,593.1,591.0,593.1,584.86
1775358000000,593.1,593.5,592.4,593.2,367.13
1775361600000,593.2,593.3,592.5,592.8,262.86
1775365200000,592.8,593.8,591.8,592.0,755.66
1775368800000,592.0,592.2,587.4,590.4,4874.75
1775372400000,590.4,591.2,589.3,590.1,1992.58
1775376000000,590.1,592.9,589.8,592.2,1473.3
1775379600000,592.2,593.6,592.2,593.0,694.91
1775383200000,593.0,594.7,592.6,593.6,1985.58
1775386800000,593.6,594.2,592.7,593.7,1133.91
1775390400000,593.7,593.7,588.7,589.2,2500.91
1775394000000,589.2,589.3,586.6,588.7,2968.17
1775397600000,588.7,590.6,588.3,589.1,1371.72
1775401200000,589.1,596.2,588.1,592.8,3575.09
1775404800000,592.8,593.4,592.0,592.6,762.61
1775408400000,592.6,593.1,591.5,592.7,1007.64
1775412000000,592.7,593.3,591.5,591.7,857.31
1775415600000,591.7,593.2,591.2,592.1,1547.72
1775419200000,592.1,593.2,591.1,593.1,894.76
1775422800000,593.1,593.1,590.0,590.8,1730.76
1775426400000,590.8,597.7,590.3,596.9,5483.63
1775430000000,596.9,604.3,596.5,601.3,9251.24
1775433600000,601.3,607.7,601.3,603.3,7194.15
1775437200000,603.3,603.8,600.3,600.6,3012.26
1775440800000,600.6,605.1,600.6,602.9,1677.39
1775444400000,602.9,603.0,600.0,600.5,1724.25
1775448000000,600.5,601.3,598.5,599.7,2272.53
1775451600000,599.7,602.2,599.7,601.7,910.31
1775455200000,601.7,604.0,599.6,601.0,2906.79
1775458800000,601.0,604.2,599.8,603.7,3345.6
1775462400000,603.7,605.1,603.6,604.2,1395.02
1775466000000,604.2,610.3,603.9,606.9,4206.76
1775469600000,606.9,607.8,605.6,606.5,1948.2
1775473200000,606.5,606.5,604.9,605.2,797.39
1775476800000,605.2,605.6,604.0,604.2,1582.67
1775480400000,604.2,606.8,604.0,605.3,1381.06
1775484000000,605.3,608.2,604.7,606.8,3722.4
1775487600000,606.8,608.7,606.6,608.3,1561.74
1775491200000,608.3,608.9,605.4,605.5,1403.18
1775494800000,605.5,605.6,602.6,604.3,1878.67
1775498400000,604.3,607.1,603.3,606.9,1399.95
1775502000000,606.9,606.9,605.0,606.5,1160.4
1775505600000,606.5,607.8,605.7,606.3,1299.49
1775509200000,606.3,606.4,604.7,605.1,854.88
1775512800000,605.1,605.9,599.8,599.8,1490.56
1775516400000,599.8,600.6,595.9,599.9,4172.93
1775520000000,599.9,601.1,598.4,598.9,1697.1
1775523600000,598.9,600.4,596.7,596.9,1783.82
1775527200000,596.9,599.2,596.1,598.2,1028.61
1775530800000,598.2,599.0,597.7,598.7,519.1
1775534400000,598.7,601.8,597.8,599.9,1912.97
1775538000000,599.9,599.9,596.6,597.3,2785.93
1775541600000,597.3,598.8,596.3,598.4,871.05
1775545200000,598.4,599.1,597.0,598.8,730.94
1775548800000,598.8,602.6,598.7,602.0,2223.21
1775552400000,602.0,606.3,602.0,604.9,4693.87
1775556000000,604.9,605.1,596.6,597.4,7994.23
1775559600000,597.4,597.8,596.1,596.7,2415.94
1775563200000,596.7,599.0,591.4,597.9,12306.08
1775566800000,597.9,599.6,596.0,596.1,1494.38
1775570400000,596.1,596.5,593.0,594.3,2788.04
1775574000000,594.3,598.9,593.8,598.1,2280.13
1775577600000,598.1,602.3,598.1,601.0,1687.14
1775581200000,601.0,606.9,600.7,604.2,1782.54
1775584800000,604.2,604.5,602.3,603.1,1258.89
1775588400000,603.1,608.7,602.8,608.1,3552.23
1775592000000,608.1,609.7,606.9,607.5,2889.59
1775595600000,607.5,613.4,607.5,611.5,4543.53
1775599200000,611.5,619.3,611.5,619.2,10265.88
1775602800000,619.2,624.8,617.0,620.2,11243.47
1775606400000,620.2,621.6,615.1,617.4,7313.96
1775610000000,617.4,618.9,615.6,616.0,1743.71
1775613600000,616.0,617.4,614.7,615.2,1713.13
1775617200000,615.2,615.8,613.0,613.3,1805.64
1775620800000,613.3,615.9,613.2,615.1,2526.49
1775624400000,615.1,616.8,615.0,615.7,616.61
1775628000000,615.7,617.1,613.6,613.8,2227.93
1775631600000,613.8,614.7,611.9,613.1,2051.39
1775635200000,613.1,613.8,611.3,612.5,2056.62
1775638800000,612.5,614.4,611.3,611.5,1790.99
1775642400000,611.5,612.8,611.0,611.8,875.56
1775646000000,611.8,612.9,610.6,612.8,983.06
1775649600000,612.8,614.5,611.5,613.4,3209.43
1775653200000,613.4,615.6,606.1,607.0,7023.21
1775656800000,607.0,608.0,601.0,602.2,5492.27
1775660400000,602.2,605.4,601.3,605.0,4523.96
1775664000000,605.0,606.8,604.6,605.0,1684.28
1775667600000,605.0,607.4,604.3,606.6,1139.56
1775671200000,606.6,606.8,602.4,602.7,1709.47
1775674800000,602.7,604.4,602.4,603.9,1772.19
1775678400000,603.9,604.6,603.2,604.5,825.12
1775682000000,604.5,607.1,604.5,606.2,1687.76
1775685600000,606.2,606.4,603.8,604.0,1017.74
1775689200000,604.0,604.0,599.5,600.9,2978.73
1775692800000,600.9,601.3,598.3,599.3,2430.32
1775696400000,599.3,601.3,596.6,601.2,2422.01
1775700000000,601.2,602.5,600.8,601.6,2075.33
1775703600000,601.6,601.6,599.7,599.8,1151.75
1775707200000,599.8,599.8,598.5,598.6,598.46
1775710800000,598.6,600.9,598.4,599.8,1093.2
1775714400000,599.8,600.4,598.2,600.2,512.73
1775718000000,600.2,600.7,599.5,599.6,730.54
1775721600000,599.6,601.7,598.9,600.6,2172.62
1775725200000,600.6,602.7,599.6,602.3,2632.76
1775728800000,602.3,602.7,600.6,602.2,3527.94
1775732400000,602.2,602.8,601.0,602.2,1215.6
1775736000000,602.2,603.3,601.0,603.0,1546.21
1775739600000,603.0,603.4,599.7,600.4,2838.19
1775743200000,600.4,601.2,597.9,600.5,1957.92
1775746800000,600.5,607.0,599.3,605.8,5798.53
1775750400000,605.8,607.1,603.2,605.6,3243.32
1775754000000,605.6,608.5,605.2,608.2,1881.32
1775757600000,608.2,608.4,605.1,606.4,1028.02
1775761200000,606.4,609.6,606.1,608.5,3774.86
1775764800000,608.5,609.5,607.6,608.2,1339.97
1775768400000,608.2,610.0,606.5,606.7,2341.05
1775772000000,606.7,612.0,605.5,605.5,3147.68
1775775600000,605.5,605.8,601.8,602.8,2949.66
1775779200000,602.8,603.4,600.8,603.1,1334.38
1775782800000,603.1,605.0,600.8,602.8,3340.96
1775786400000,602.8,603.3,600.8,601.4,1185.28
1775790000000,601.4,601.5,599.5,600.8,1662.72
1775793600000,600.8,602.3,600.5,600.7,1192.57
1775797200000,600.7,602.3,600.1,601.4,2174.16
1775800800000,601.4,601.6,599.0,600.1,1581.57
1775804400000,600.1,600.9,598.6,598.8,822.81
1775808000000,598.8,600.4,596.9,600.2,2113.71
1775811600000,600.2,601.7,599.9,601.4,1675.1
1775815200000,601.4,601.4,599.4,600.3,718.39
1775818800000,600.3,603.0,600.1,602.2,2476.71
1775822400000,602.2,604.3,601.1,602.4,2696.99
1775826000000,602.4,603.0,600.6,601.9,1041.9
1775829600000,601.9,607.2,601.6,606.6,4980.28
1775833200000,606.6,608.6,602.4,603.0,4546.14
1775836800000,603.0,605.7,603.0,605.4,2201.77
1775840400000,605.4,607.0,605.0,606.9,1708.18
1775844000000,606.9,609.1,606.1,608.7,1005.31
1775847600000,608.7,609.7,608.0,609.3,1250.32
1775851200000,609.3,610.0,607.2,609.6,3222.97
1775854800000,609.6,609.8,606.0,607.3,1437.03
1775858400000,607.3,607.7,605.6,606.4,758.51
1775862000000,606.4,606.4,605.0,605.1,437.43
1775865600000,605.1,605.4,604.0,604.2,752.06
1775869200000,604.2,605.0,603.0,604.6,594.37
1775872800000,604.6,606.1,604.0,605.3,1165.11
1775876400000,605.3,607.3,605.3,606.3,899.32
1775880000000,606.3,607.2,605.0,605.5,868.47
1775883600000,605.5,606.5,604.3,605.3,640.1
1775887200000,605.3,605.8,604.1,605.4,916.2
1775890800000,605.4,606.3,605.1,605.6,413.53
1775894400000,605.6,606.9,604.7,605.5,990.73
1775898000000,605.5,606.9,605.2,606.4,1190.64
1775901600000,606.4,606.5,604.9,605.2,529.08
1775905200000,605.2,605.5,604.0,605.1,1213.1
1775908800000,605.1,606.5,604.7,606.1,327.96
1775912400000,606.1,606.1,603.2,604.4,1553.96
1775916000000,604.4,605.1,603.8,604.3,720.62
1775919600000,604.3,606.4,603.8,605.2,1081.26
1775923200000,605.2,608.7,605.2,607.1,1605.41
1775926800000,607.1,607.9,605.9,607.5,448.95
1775930400000,607.5,611.3,606.8,610.6,2230.82
1775934000000,610.6,613.8,610.6,612.8,3975.0
1775937600000,612.8,612.9,609.0,609.8,2655.99
1775941200000,609.8,611.1,609.5,609.7,1976.01
1775944800000,609.7,611.8,609.4,610.7,1698.16
1775948400000,610.7,610.7,605.4,606.8,2994.7
1775952000000,606.8,606.9,605.7,606.5,1129.51
1775955600000,606.5,607.1,589.9,593.0,14124.85
1775959200000,593.0,597.3,591.5,596.9,3464.58
1775962800000,596.9,597.4,594.5,595.1,3729.9
1775966400000,595.1,595.3,593.9,594.4,2875.21
1775970000000,594.4,595.7,593.8,595.2,1495.67
1775973600000,595.2,595.6,593.9,594.3,1142.95
1775977200000,594.3,594.4,592.6,593.9,2952.06
1775980800000,593.9,594.4,593.0,593.2,3093.06
1775984400000,593.2,593.9,592.5,593.0,819.86
1775988000000,593.0,595.1,592.5,593.2,1252.35
1775991600000,593.2,595.1,593.1,595.0,1920.08
1775995200000,595.0,595.6,592.1,592.4,2737.47
1775998800000,592.4,592.6,590.4,590.8,3152.67
1776002400000,590.8,592.3,588.7,589.4,3008.07
1776006000000,589.4,591.8,589.4,591.2,1079.69
1776009600000,591.2,592.0,590.6,591.6,558.93
1776013200000,591.6,593.0,591.0,592.2,773.55
1776016800000,592.2,592.5,590.9,592.0,863.17
1776020400000,592.0,593.0,591.8,591.9,1318.81
1776024000000,591.9,596.6,591.3,595.2,2700.93
1776027600000,595.2,596.5,593.9,594.9,1075.39
1776031200000,594.9,594.9,590.6,593.5,2149.98
1776034800000,593.5,593.5,590.6,591.8,1041.41
1776038400000,591.8,596.0,591.2,595.8,928.14
1776042000000,595.8,596.4,594.6,596.1,1231.81
1776045600000,596.1,597.8,595.2,596.0,1537.63
1776049200000,596.0,596.3,594.3,594.5,469.2
1776052800000,594.5,596.8,594.3,595.1,416.62
1776056400000,595.1,597.4,594.8,597.4,848.97
1776060000000,597.4,599.4,597.3,598.0,1594.03
1776063600000,598.0,598.2,595.7,596.9,2392.36
1776067200000,596.9,597.1,595.0,596.3,793.05
1776070800000,596.3,597.6,596.3,597.1,729.67
1776074400000,597.1,597.8,596.5,597.1,647.89
1776078000000,597.1,598.5,596.8,596.9,850.79
1776081600000,596.9,598.9,596.1,598.3,2735.47
1776085200000,598.3,599.6,595.2,599.4,3652.98
1776088800000,599.4,603.1,597.3,603.1,4150.91
1776092400000,603.1,604.6,600.0,603.2,3718.4
1776096000000,603.2,608.0,602.0,606.1,5297.37
1776099600000,606.1,607.8,604.4,604.6,2882.67
1776103200000,604.6,605.2,603.1,604.6,1869.31
1776106800000,604.6,609.0,603.7,608.4,2646.67
1776110400000,608.4,608.9,607.0,607.2,2129.15
1776114000000,607.2,609.4,606.9,607.8,1792.88
1776117600000,607.8,616.3,607.7,615.2,7190.06
1776121200000,615.2,617.9,614.2,614.6,5675.6
1776124800000,614.6,615.8,611.8,612.1,3726.41
1776128400000,612.1,614.1,610.7,613.6,2092.38
1776132000000,613.6,615.3,612.6,614.8,1803.06
1776135600000,614.8,616.0,614.3,615.9,1024.54
1776139200000,615.9,616.0,614.5,614.6,1618.97
1776142800000,614.6,614.6,611.6,612.8,1360.02
1776146400000,612.8,615.1,612.7,614.7,646.91
1776150000000,614.7,615.4,613.1,613.3,1000.08
1776153600000,613.3,618.6,613.1,617.6,9808.42
1776157200000,617.6,619.3,617.3,618.0,1979.81
1776160800000,618.0,619.4,617.1,617.8,1839.87
1776164400000,617.8,617.9,615.5,616.5,1673.81
1776168000000,616.5,616.6,615.2,615.5,1381.55
1776171600000,615.5,622.6,615.5,622.2,4360.38
1776175200000,622.2,623.1,618.2,619.1,6021.12
1776178800000,619.1,625.3,618.3,623.4,6571.81
1776182400000,623.4,625.1,617.9,618.8,3398.21
1776186000000,618.8,620.3,615.7,617.1,5024.65
1776189600000,617.1,618.3,613.1,613.8,2828.49
1776193200000,613.8,615.2,611.8,613.8,2276.49
1776196800000,613.8,614.8,612.8,613.5,545.62
1776200400000,613.5,616.0,613.5,615.7,1880.74
1776204000000,615.7,616.9,613.8,614.1,1303.68
1776207600000,614.1,614.6,613.2,613.7,1219.09
1776211200000,613.7,616.9,613.7,616.6,5484.92
1776214800000,616.6,619.7,615.6,619.1,3676.79
1776218400000,619.1,619.5,615.2,615.8,1772.31
1776222000000,615.8,616.2,614.7,615.8,492.33
1776225600000,615.8,616.9,613.7,615.1,1199.31
1776229200000,615.1,616.0,612.6,613.0,1701.24
1776232800000,613.0,614.7,612.4,613.8,1099.79
1776236400000,613.8,614.2,610.4,611.2,2171.9
1776240000000,611.2,614.6,610.1,614.2,2977.81
1776243600000,614.2,615.6,613.3,615.2,1598.32
1776247200000,615.2,618.3,615.0,616.6,2933.76
1776250800000,616.6,620.3,616.6,619.3,2465.62
1776254400000,619.3,619.4,617.2,617.8,2449.07
1776258000000,617.8,619.0,616.3,618.6,1672.84
1776261600000,618.6,620.2,616.7,618.2,1630.39
1776265200000,618.2,619.6,615.5,618.8,1715.52
1776268800000,618.8,621.1,618.2,620.3,2320.73
1776272400000,620.3,621.5,619.6,621.1,1272.15
1776276000000,621.1,622.6,620.7,622.1,1160.41
1776279600000,622.1,627.3,622.0,625.0,3056.34
1776283200000,625.0,625.4,621.9,623.1,1681.15
1776286800000,623.1,623.6,621.7,623.1,1836.37
1776290400000,623.1,626.5,622.7,624.0,1666.6
1776294000000,624.0,624.0,621.0,622.2,2222.21
1776297600000,622.2,623.0,620.1,622.9,1790.43
1776301200000,622.9,623.0,620.5,622.0,722.06
1776304800000,622.0,625.9,621.8,623.9,1165.88
1776308400000,623.9,625.3,623.7,623.9,894.39
1776312000000,623.9,624.8,621.8,623.0,873.98
1776315600000,623.0,624.9,622.3,624.7,1147.74
1776319200000,624.7,625.9,623.6,624.4,845.09
1776322800000,624.4,625.0,621.5,622.1,1292.28
1776326400000,622.1,622.9,620.3,622.1,1082.54
1776330000000,622.1,623.5,621.3,622.4,5459.14
1776333600000,622.4,622.9,618.9,619.4,6289.66
1776337200000,619.4,620.6,618.5,620.6,1214.39
1776340800000,620.6,621.6,620.3,621.2,1117.8
1776344400000,621.2,623.7,614.6,617.3,6914.83
1776348000000,617.3,620.2,614.9,618.8,4905.3
1776351600000,618.8,626.2,618.3,624.5,4262.66
1776355200000,624.5,627.7,623.4,625.1,7276.15
1776358800000,625.1,627.3,623.3,627.0,2104.43
1776362400000,627.0,637.4,626.0,635.6,8115.52
1776366000000,635.6,636.8,633.7,636.3,5663.65
1776369600000,636.3,637.3,632.9,634.3,1463.44
1776373200000,634.3,634.8,631.6,632.3,2406.13
1776376800000,632.3,634.1,631.5,633.0,1000.71
1776380400000,633.0,636.2,632.7,635.5,999.14
1776384000000,635.5,636.3,632.7,633.2,2189.87
1776387600000,633.2,634.1,629.1,631.0,1651.91
1776391200000,631.0,631.4,627.9,629.4,2128.26
1776394800000,629.4,631.0,628.7,629.0,2576.77
1776398400000,629.0,629.9,628.4,629.3,1334.53
1776402000000,629.3,629.4,626.8,627.6,1063.55
1776405600000,627.6,628.9,627.2,628.0,862.16
1776409200000,628.0,629.5,626.3,626.9,1648.15
1776412800000,626.9,630.8,626.5,630.5,3927.9
1776416400000,630.5,635.0,628.9,632.3,6213.24
1776420000000,632.3,632.9,628.5,630.0,2610.3
1776423600000,630.0,633.6,629.9,632.2,796.66
1776427200000,632.2,636.2,631.4,635.5,2458.47
1776430800000,635.5,643.2,635.0,642.7,13747.76
1776434400000,642.7,645.3,640.6,643.5,4344.19
1776438000000,643.5,643.6,640.8,643.1,3888.05
1776441600000,643.1,645.4,642.8,645.3,2573.84
1776445200000,645.3,645.4,639.7,641.5,4810.72
1776448800000,641.5,641.8,638.3,639.5,3009.01
1776452400000,639.5,641.7,638.4,641.0,1247.72
1776456000000,641.0,641.9,638.9,640.5,783.99
1776459600000,640.5,642.1,640.5,641.9,1041.53
1776463200000,641.9,644.2,641.1,643.5,1815.36
1776466800000,643.5,644.4,641.4,642.9,3013.12
1776470400000,642.9,645.1,641.2,643.6,2715.32
1776474000000,643.6,646.6,642.7,644.5,3036.29
1776477600000,644.5,645.5,643.3,643.8,2497.18
1776481200000,643.8,643.8,639.8,639.9,3107.88
1776484800000,639.9,644.7,639.7,644.1,836.61
1776488400000,644.1,648.5,643.7,644.7,3534.46
1776492000000,644.7,645.4,642.9,643.5,1098.77
1776495600000,643.5,644.2,642.3,643.1,1353.56
1776499200000,643.1,643.3,634.3,636.6,7197.87
1776502800000,636.6,636.6,633.2,635.4,3397.7
1776506400000,635.4,635.5,631.5,633.6,2268.66
1776510000000,633.6,634.2,630.9,632.9,1576.45
1776513600000,632.9,634.4,631.2,633.7,2013.25
1776517200000,633.7,634.0,630.9,633.2,728.75
1776520800000,633.2,634.1,631.8,633.8,1478.99
1776524400000,633.8,634.6,632.0,632.9,1130.18
1776528000000,632.9,633.9,630.7,632.9,2217.18
1776531600000,632.9,633.6,631.3,633.1,724.62
1776535200000,633.1,633.8,628.6,629.1,2663.14
1776538800000,629.1,630.8,627.8,630.1,1582.83
1776542400000,630.1,631.2,629.4,629.7,1943.5
1776546000000,629.7,631.5,629.3,631.5,2690.1
1776549600000,631.5,631.5,629.4,630.5,618.23
1776553200000,630.5,631.4,629.3,629.5,554.64
1776556800000,629.5,629.9,627.7,628.9,902.19
1776560400000,628.9,630.0,626.9,627.5,1167.47
1776564000000,627.5,627.6,623.0,624.6,3708.66
1776567600000,624.6,624.8,620.5,622.8,3149.23
1776571200000,622.8,624.2,619.8,621.7,2579.75
1776574800000,621.7,623.2,621.4,622.2,868.36
1776578400000,622.2,623.1,619.5,622.5,2009.4
1776582000000,622.5,622.5,617.8,619.8,3878.25
1776585600000,619.8,621.1,617.8,620.8,1740.1
1776589200000,620.8,621.2,618.7,619.5,1944.41
1776592800000,619.5,620.5,618.8,619.9,1109.24
1776596400000,619.9,622.9,619.7,622.0,2099.79
1776600000000,622.0,623.5,621.7,622.8,2082.52
1776603600000,622.8,625.8,622.6,624.8,4515.82
1776607200000,624.8,628.1,623.2,626.6,3335.92
1776610800000,626.6,627.1,622.8,625.7,3776.66
1776614400000,625.7,626.3,622.5,623.2,5528.26
1776618000000,623.2,624.5,619.8,620.0,3443.73
1776621600000,620.0,621.7,618.9,621.7,3463.45
1776625200000,621.7,623.1,621.6,622.5,1109.98
1776628800000,622.5,622.5,619.5,620.6,1425.42
1776632400000,620.6,622.8,619.7,619.9,2123.08
1776636000000,619.9,619.9,613.9,616.6,6316.08
1776639600000,616.6,617.5,614.6,615.7,1145.67
1776643200000,615.7,620.7,615.6,619.4,1839.14
1776646800000,619.4,622.4,619.3,621.6,909.0
1776650400000,621.6,621.6,619.7,620.9,657.58
1776654000000,620.9,621.7,620.7,621.5,433.53
1776657600000,621.5,621.5,619.9,620.7,788.34
1776661200000,620.7,620.7,616.5,618.3,1928.44
1776664800000,618.3,624.0,618.1,623.9,2598.47
1776668400000,623.9,629.1,622.5,624.3,3760.82
1776672000000,624.3,625.2,622.3,623.5,1767.54
1776675600000,623.5,626.5,623.0,626.3,1063.23
1776679200000,626.3,627.8,625.6,625.8,920.37
1776682800000,625.8,626.4,624.8,625.0,910.25
1776686400000,625.0,627.4,623.7,624.6,1888.51
1776690000000,624.6,626.1,623.0,625.5,2142.85
1776693600000,625.5,627.7,622.5,623.2,2281.31
1776697200000,623.2,628.0,620.5,628.0,4023.78
1776700800000,628.0,629.0,626.4,626.8,1282.5
1776704400000,626.8,629.9,626.3,629.3,1410.85
1776708000000,629.3,631.6,628.9,630.6,1923.46
1776711600000,630.6,631.4,629.7,630.3,776.13
1776715200000,630.3,631.7,629.3,630.6,847.05
1776718800000,630.6,631.8,629.0,630.0,1777.97
1776722400000,630.0,631.4,628.3,628.6,597.32
1776726000000,628.6,629.1,627.7,629.0,954.95
1776729600000,629.0,631.7,628.9,631.3,1492.93
1776733200000,631.3,632.3,629.9,630.2,908.5
1776736800000,630.2,630.5,628.2,628.3,1181.11
1776740400000,628.3,629.9,627.8,629.6,811.52
1776744000000,629.6,630.6,628.5,630.4,824.45
1776747600000,630.4,631.9,630.2,630.6,561.11
1776751200000,630.6,632.9,629.7,632.0,680.84
1776754800000,632.0,633.5,631.4,632.5,1088.84
1776758400000,632.5,637.2,631.9,634.8,2818.7
1776762000000,634.8,636.6,634.3,636.4,1878.9
1776765600000,636.4,640.4,636.4,638.3,3354.42
1776769200000,638.3,638.4,633.1,634.0,5018.59
1776772800000,634.0,634.5,629.4,631.5,1935.55
1776776400000,631.5,632.7,630.3,631.8,1385.01
1776780000000,631.8,634.7,629.6,629.9,1968.33
1776783600000,629.9,632.4,628.9,631.3,1620.73
1776787200000,631.3,633.3,630.9,631.4,1348.67
1776790800000,631.4,631.7,626.7,629.4,2959.94
1776794400000,629.4,630.1,628.0,630.0,1334.52
1776798000000,630.0,631.2,624.2,626.2,2802.52
1776801600000,626.2,630.3,625.0,629.4,3464.08
1776805200000,629.4,629.6,628.1,628.7,709.25
1776808800000,628.7,629.3,627.2,628.6,578.53
1776812400000,628.6,632.0,628.4,631.3,1318.14
1776816000000,631.3,632.9,631.3,632.5,927.65
1776819600000,632.5,632.7,630.6,632.1,589.74
1776823200000,632.1,640.6,632.1,639.9,5519.95
1776826800000,639.9,641.2,638.9,639.4,2353.27
1776830400000,639.4,640.5,638.4,639.6,1899.8
1776834000000,639.6,644.7,639.5,642.7,8819.35
1776837600000,642.7,643.2,641.3,642.2,2798.53
1776841200000,642.2,642.6,641.2,641.9,1581.96
1776844800000,641.9,642.8,640.9,642.1,1139.62
1776848400000,642.1,643.7,641.6,642.1,1480.78
1776852000000,642.1,643.1,641.3,641.9,1253.98
1776855600000,641.9,642.8,640.9,642.6,728.58
1776859200000,642.6,643.8,642.0,643.3,942.9
1776862800000,643.3,653.8,642.8,650.6,9647.78
1776866400000,650.6,653.4,647.7,650.3,4286.06
1776870000000,650.3,650.5,648.1,649.1,2119.61
1776873600000,649.1,651.0,643.0,644.4,4465.03
1776877200000,644.4,645.8,643.5,644.5,3116.1
1776880800000,644.5,646.6,644.4,644.8,596.0
1776884400000,644.8,646.3,643.6,643.8,1502.17
1776888000000,643.8,644.0,640.3,640.7,4432.19
1776891600000,640.7,643.2,640.1,641.3,1863.18
1776895200000,641.3,642.2,639.0,639.8,1231.2
1776898800000,639.8,640.4,636.9,637.0,2020.3
1776902400000,637.0,639.2,633.6,638.0,5389.39
1776906000000,638.0,638.7,636.4,637.2,986.06
1776909600000,637.2,637.7,633.3,634.5,2713.79
1776913200000,634.5,635.5,632.8,635.2,1485.3
1776916800000,635.2,635.8,634.5,635.7,1143.79
1776920400000,635.7,636.7,635.0,636.4,1444.28
1776924000000,636.4,637.8,636.2,636.6,3922.06
1776927600000,636.6,637.0,635.1,635.4,1891.19
1776931200000,635.4,636.0,633.7,635.0,1156.92
1776934800000,635.0,635.1,631.8,632.6,1946.0
1776938400000,632.6,633.1,630.7,631.1,2010.76
1776942000000,631.1,633.5,630.8,633.0,1490.19
1776945600000,633.0,634.5,631.4,634.2,3268.62
1776949200000,634.2,635.7,633.8,635.6,2111.62
1776952800000,635.6,636.9,634.8,636.5,1665.33
1776956400000,636.5,639.8,635.4,639.4,2463.8
1776960000000,639.4,640.1,638.0,638.2,1099.77
1776963600000,638.2,638.6,630.5,633.6,5118.97
1776967200000,633.6,636.3,633.3,633.7,1325.39
1776970800000,633.7,636.2,633.3,635.5,1191.2
1776974400000,635.5,638.1,635.2,637.4,2136.24
1776978000000,637.4,638.6,636.5,637.4,1402.58
1776981600000,637.4,639.5,637.4,638.2,721.37
1776985200000,638.2,638.6,637.3,638.4,1168.8
1776988800000,638.4,640.4,637.9,639.7,1461.84
1776992400000,639.7,639.8,637.2,639.5,572.3
1776996000000,639.5,639.5,636.3,636.5,525.8
1776999600000,636.5,636.6,633.1,634.3,1877.76
1777003200000,634.3,634.3,632.0,633.4,1206.17
1777006800000,633.4,634.2,631.5,633.6,2925.16
1777010400000,633.6,634.8,632.8,634.2,1274.61
1777014000000,634.2,636.6,633.9,634.6,936.39
1777017600000,634.6,637.5,634.5,636.7,1425.74
1777021200000,636.7,636.8,633.0,633.6,1267.98
1777024800000,633.6,635.3,633.4,634.7,679.78
1777028400000,634.7,638.4,634.7,637.7,1434.23
1777032000000,637.7,638.5,636.0,638.1,2138.27
1777035600000,638.1,640.1,637.1,638.2,1883.33
1777039200000,638.2,638.7,635.7,637.7,1794.97
1777042800000,637.7,639.6,635.4,639.1,1377.84
1777046400000,639.1,639.6,636.4,637.6,804.47
1777050000000,637.6,638.2,636.3,637.5,792.93
1777053600000,637.5,637.5,634.9,637.1,538.51
1777057200000,637.1,638.7,636.5,637.9,710.6
1777060800000,637.9,638.0,636.1,637.8,1053.59
1777064400000,637.8,638.2,636.6,637.0,1256.55
1777068000000,637.0,637.3,635.0,635.7,382.83
1777071600000,635.7,636.2,635.6,635.8,405.32
1777075200000,635.8,636.2,634.9,635.6,980.48
1777078800000,635.6,636.9,635.3,636.6,365.56
1777082400000,636.6,637.4,636.1,637.3,950.34
1777086000000,637.3,637.4,636.5,637.2,326.39
1777089600000,637.2,637.7,636.5,637.5,488.7
1777093200000,637.5,637.5,636.1,636.5,479.31
1777096800000,636.5,637.9,635.9,637.2,477.65
1777100400000,637.2,637.3,636.5,636.6,400.4
1777104000000,636.6,638.1,636.4,637.8,323.8
1777107600000,637.8,638.2,636.8,637.5,371.59
1777111200000,637.5,638.0,637.3,637.7,263.0
1777114800000,637.7,637.7,634.0,634.4,906.12
1777118400000,634.4,634.9,632.6,632.7,1014.09
1777122000000,632.7,633.5,632.4,632.4,749.46
1777125600000,632.4,632.6,630.6,630.6,1661.93
1777129200000,630.6,631.3,628.4,629.3,4304.65
1777132800000,629.3,630.0,626.8,629.0,2115.66
1777136400000,629.0,629.5,627.0,627.1,922.73
1777140000000,627.1,628.8,626.8,628.3,747.99
1777143600000,628.3,629.0,627.7,628.3,804.85
1777147200000,628.3,629.0,627.9,628.9,472.6
1777150800000,628.9,629.3,628.4,628.9,603.01
1777154400000,628.9,630.0,628.6,629.1,679.78
1777158000000,629.1,629.3,627.9,628.1,1985.39
1777161600000,628.1,629.0,626.9,628.4,1265.26
1777165200000,628.4,630.1,627.9,629.3,848.5
1777168800000,629.3,629.7,628.7,629.4,478.01
1777172400000,629.4,629.6,626.4,628.1,1228.05
1777176000000,628.1,630.3,627.8,629.7,764.27
1777179600000,629.7,632.5,629.5,631.2,1526.17
1777183200000,631.2,632.0,630.3,630.6,989.14
1777186800000,630.6,632.2,630.5,632.1,697.93
1777190400000,632.1,632.3,629.5,630.1,1849.29
1777194000000,630.1,631.6,629.4,631.3,1172.62
1777197600000,631.3,631.4,630.7,630.9,1045.41
1777201200000,630.9,632.2,630.9,632.1,478.34
1777204800000,632.1,632.1,630.1,630.5,464.63
1777208400000,630.5,631.2,630.1,631.0,483.77
1777212000000,631.0,632.7,630.5,631.7,1955.92
1777215600000,631.7,632.5,631.2,632.0,667.24
1777219200000,632.0,632.1,630.5,630.6,343.6
1777222800000,630.6,631.6,630.0,631.4,440.71
1777226400000,631.4,634.1,631.2,633.3,1423.27
1777230000000,633.3,636.3,633.1,635.6,1776.61
1777233600000,635.6,635.9,634.1,634.1,631.46
1777237200000,634.1,636.3,632.8,635.4,2714.38
1777240800000,635.4,638.0,633.5,634.7,2015.44
1777244400000,634.7,636.6,633.6,635.5,1016.13
1777248000000,635.5,638.2,633.5,638.1,1864.9
1777251600000,638.1,639.7,635.6,638.2,1880.56
1777255200000,638.2,639.5,637.2,638.3,2752.09
1777258800000,638.3,639.6,638.0,638.1,882.36
1777262400000,638.1,638.4,636.2,636.7,668.28
1777266000000,636.7,637.0,627.3,628.7,7780.95
1777269600000,628.7,629.1,624.6,626.9,4028.41
1777273200000,626.9,626.9,624.9,625.3,1806.44
1777276800000,625.3,627.5,624.8,627.4,1511.9
1777280400000,627.4,628.4,626.6,627.9,5219.95
1777284000000,627.9,628.0,626.9,627.4,779.69
1777287600000,627.4,627.5,626.1,627.0,1095.59
1777291200000,627.0,627.0,624.8,625.5,755.43
1777294800000,625.5,626.7,623.7,625.1,2042.71
1777298400000,625.1,628.4,624.6,626.1,2077.58
1777302000000,626.1,626.2,618.2,620.6,9754.9
1777305600000,620.6,622.2,620.2,621.3,1456.13
1777309200000,621.3,623.9,621.3,622.9,1793.09
1777312800000,622.9,623.6,622.2,623.3,783.47
1777316400000,623.3,623.4,620.6,623.1,1662.68
1777320000000,623.1,624.1,623.1,623.8,557.83
1777323600000,623.8,624.4,623.0,623.0,864.11
1777327200000,623.0,624.9,622.8,624.5,684.24
1777330800000,624.5,627.1,624.0,626.4,3454.11
1777334400000,626.4,627.3,625.7,626.6,902.28
1777338000000,626.6,626.7,625.4,625.4,880.63
1777341600000,625.4,626.4,622.9,624.3,1054.73
1777345200000,624.3,624.4,623.2,624.2,459.53
1777348800000,624.2,625.6,623.4,625.1,1137.47
1777352400000,625.1,626.2,623.9,624.2,1420.16
1777356000000,624.2,625.5,622.5,622.7,2116.91
1777359600000,622.7,624.0,621.2,623.8,2046.64
1777363200000,623.8,625.1,623.3,624.1,458.59
1777366800000,624.1,624.5,621.9,622.5,331.54
1777370400000,622.5,623.3,622.2,622.4,326.62
1777374000000,622.4,622.6,620.7,621.4,814.43
1777377600000,621.4,623.1,620.8,622.8,1295.66
1777381200000,622.8,623.4,620.1,621.8,1951.36
1777384800000,621.8,621.9,618.6,621.9,3064.86
1777388400000,621.9,622.7,621.4,622.4,741.41
1777392000000,622.4,623.5,621.5,623.1,872.15
1777395600000,623.1,623.6,622.2,623.2,774.2
1777399200000,623.2,623.7,622.7,623.4,395.57
1777402800000,623.4,623.9,622.6,623.8,484.86
1777406400000,623.8,624.1,623.3,623.9,898.18
1777410000000,623.9,624.3,622.5,623.1,1730.32
1777413600000,623.1,623.9,622.4,622.7,358.76
1777417200000,622.7,624.2,622.5,624.2,395.67
1777420800000,624.2,624.5,623.2,624.2,929.67
1777424400000,624.2,625.1,622.2,624.3,678.11
1777428000000,624.3,624.9,623.3,623.7,475.31
1777431600000,623.7,626.4,623.7,625.7,1951.58
1777435200000,625.7,628.1,624.8,627.5,2276.62
1777438800000,627.5,627.9,626.7,626.9,771.43
1777442400000,626.9,627.3,625.2,625.9,1022.27
1777446000000,625.9,626.5,624.5,624.7,1441.04
1777449600000,624.7,625.4,624.0,625.2,532.4
1777453200000,625.2,629.5,624.8,628.8,3799.65
1777456800000,628.8,629.3,627.1,627.5,1221.06
1777460400000,627.5,627.7,625.6,625.7,881.78
1777464000000,625.7,625.8,621.7,623.3,6802.82
1777467600000,623.3,623.7,619.6,621.7,2591.3
1777471200000,621.7,622.5,620.3,620.7,1092.29
1777474800000,620.7,620.8,615.1,616.0,3915.42
1777478400000,616.0,617.6,615.7,617.2,2609.7
1777482000000,617.2,619.5,617.2,619.4,1425.31
1777485600000,619.4,619.9,609.7,613.4,9259.4
1777489200000,613.4,614.0,611.9,612.9,1442.94
1777492800000,612.9,615.7,612.7,615.0,1493.93
1777496400000,615.0,618.2,614.5,616.8,1325.6
1777500000000,616.8,617.8,616.0,617.5,831.23
1777503600000,617.5,618.0,616.3,617.0,1060.06
1777507200000,617.0,620.1,616.2,619.8,2468.58
1777510800000,619.8,620.4,618.8,618.9,1005.13
1777514400000,618.9,619.7,615.7,617.1,1134.24
1777518000000,617.1,618.1,616.6,617.6,488.2
1777521600000,617.6,617.7,614.0,614.3,939.63
1777525200000,614.3,616.2,612.9,615.9,1450.59
1777528800000,615.9,616.5,615.1,615.3,1685.14
1777532400000,615.3,618.0,615.2,617.3,1483.59
1777536000000,617.3,618.1,616.3,616.4,1015.74
1777539600000,616.4,618.5,616.3,616.7,818.5
1777543200000,616.7,616.9,615.4,615.6,544.66
1777546800000,615.6,616.9,614.2,615.4,1301.09
1777550400000,615.4,616.5,614.8,615.1,553.68
1777554000000,615.1,616.5,613.8,615.3,945.96
1777557600000,615.3,616.0,613.1,616.0,1185.62
1777561200000,616.0,617.9,615.5,616.7,955.2
1777564800000,616.7,616.9,615.7,616.0,630.75
1777568400000,616.0,617.1,615.4,616.9,789.11
1777572000000,616.9,618.3,616.7,617.3,815.85
1777575600000,617.3,618.4,616.8,618.1,282.94
1777579200000,618.1,618.2,617.3,617.3,344.71
1777582800000,617.3,617.4,615.6,615.6,795.58
1777586400000,615.6,616.0,614.4,614.7,807.1
1777590000000,614.7,615.2,614.4,614.9,384.36
1777593600000,614.9,616.4,614.9,615.4,763.34
1777597200000,615.4,617.2,615.2,617.0,403.79
1777600800000,617.0,617.2,616.2,616.7,341.37
1777604400000,616.7,621.2,616.5,618.2,3053.22
1777608000000,618.2,618.8,616.5,616.8,837.02
1777611600000,616.8,618.2,616.6,617.6,855.47
1777615200000,617.6,618.0,615.8,616.4,533.85
1777618800000,616.4,617.2,615.8,617.0,1222.61
1777622400000,617.0,619.2,616.7,618.2,1191.36
1777626000000,618.2,618.3,616.0,616.5,660.22
1777629600000,616.5,617.0,615.6,617.0,433.51
1777633200000,617.0,618.6,616.9,618.6,622.49
1777636800000,618.6,620.5,618.2,618.8,1441.78
1777640400000,618.8,622.7,618.8,622.1,2608.74
1777644000000,622.1,622.6,619.3,620.4,1714.19
1777647600000,620.4,622.4,619.4,620.6,1703.19
1777651200000,620.6,621.6,619.1,619.3,1015.92
1777654800000,619.3,620.3,618.7,620.2,454.87
1777658400000,620.2,620.7,618.7,619.0,614.75
1777662000000,619.0,620.0,618.6,619.0,594.58
1777665600000,619.0,619.1,616.0,616.6,1476.64
1777669200000,616.6,617.5,616.5,617.0,1463.63
1777672800000,617.0,617.6,614.5,614.9,1839.76
1777676400000,614.9,615.4,613.4,615.1,1319.71
1777680000000,615.1,615.9,614.5,615.5,886.18
1777683600000,615.5,616.4,615.2,615.5,451.88
1777687200000,615.5,616.9,615.3,615.9,1021.51
1777690800000,615.9,616.6,615.1,615.9,341.34
1777694400000,615.9,615.9,613.9,614.6,1566.47
1777698000000,614.6,615.2,613.7,614.7,720.92
1777701600000,614.7,615.9,614.4,615.8,390.26
1777705200000,615.8,616.0,614.7,615.4,427.68
1777708800000,615.4,615.8,614.7,615.3,623.0
1777712400000,615.3,615.5,614.8,615.1,526.57
1777716000000,615.1,615.4,614.7,615.3,349.08
1777719600000,615.3,615.3,614.2,615.2,356.68
1777723200000,615.2,616.1,614.9,615.3,777.95
1777726800000,615.3,616.8,615.3,616.6,280.35
1777730400000,616.6,617.2,616.2,616.4,774.49
1777734000000,616.4,617.9,616.3,617.8,743.39
1777737600000,617.8,619.0,617.3,618.3,1258.79
1777741200000,618.3,618.5,617.6,617.9,466.28
1777744800000,617.9,619.0,617.3,618.3,990.52
1777748400000,618.3,618.7,618.0,618.6,487.62
1777752000000,618.6,618.8,617.8,618.5,770.96
1777755600000,618.5,621.5,618.4,619.3,2212.0
1777759200000,619.3,619.8,618.1,619.5,574.94
1777762800000,619.5,619.5,617.5,617.8,433.72
1777766400000,617.8,618.1,616.6,617.2,1805.51
1777770000000,617.2,617.4,615.3,615.6,869.85
1777773600000,615.6,615.9,614.5,615.3,583.98
1777777200000,615.3,616.1,614.9,615.8,515.86
1777780800000,615.8,616.0,614.8,615.1,691.37
1777784400000,615.1,617.2,615.0,616.6,1708.27
1777788000000,616.6,617.1,615.1,616.7,715.86
1777791600000,616.7,618.1,616.3,616.7,1172.02
1777795200000,616.7,617.6,616.5,617.4,370.13
1777798800000,617.4,619.3,617.3,618.5,1476.18
1777802400000,618.5,618.6,617.5,617.6,938.98
1777806000000,617.6,619.5,616.9,618.7,1400.42
1777809600000,618.7,619.7,618.6,618.7,661.92
1777813200000,618.7,619.1,617.9,618.8,1005.55
1777816800000,618.8,619.9,618.7,619.7,544.41
1777820400000,619.7,620.3,619.4,619.7,522.95
1777824000000,619.7,620.1,618.6,619.6,934.32
1777827600000,619.6,620.5,618.7,619.5,445.97
1777831200000,619.5,619.8,618.9,619.4,206.71
1777834800000,619.4,619.9,618.8,619.2,210.42
1777838400000,619.2,620.9,618.6,619.4,649.54
1777842000000,619.4,619.8,617.4,618.6,1143.72
1777845600000,618.6,621.8,618.6,620.5,2360.67
1777849200000,620.5,622.0,616.6,616.9,1674.58
1777852800000,616.9,617.0,615.0,616.8,2818.52
1777856400000,616.8,623.1,615.9,621.9,4216.9
1777860000000,621.9,626.4,621.5,624.6,6642.61
1777863600000,624.6,626.5,623.6,626.5,2688.29
1777867200000,626.5,639.0,626.5,632.7,15700.66
1777870800000,632.7,634.5,631.7,633.4,2864.21
1777874400000,633.4,634.2,627.1,628.2,5614.4
1777878000000,628.2,629.4,627.5,628.2,1144.41
1777881600000,628.2,628.8,627.1,627.7,1480.33
1777885200000,627.7,630.6,627.4,630.3,1165.56
1777888800000,630.3,630.4,619.6,623.4,11625.47
1777892400000,623.4,624.2,622.0,622.6,931.72
1777896000000,622.6,623.2,621.8,621.9,738.6
1777899600000,621.9,624.2,620.7,623.0,3586.06
1777903200000,623.0,628.0,621.1,626.7,5186.67
1777906800000,626.7,628.0,622.9,625.0,5364.71
1777910400000,625.0,626.5,623.1,625.5,3248.9
1777914000000,625.5,628.6,625.4,627.5,2218.58
1777917600000,627.5,627.7,625.1,625.4,757.69
1777921200000,625.4,625.6,624.4,624.6,532.44
1777924800000,624.6,625.3,622.4,622.9,1979.32
1777928400000,622.9,625.0,622.8,624.7,1287.77
1777932000000,624.7,625.7,623.9,624.1,1494.09
1777935600000,624.1,624.1,622.2,622.2,701.87
1777939200000,622.2,624.7,622.1,624.5,2130.29
1777942800000,624.5,625.3,623.7,624.4,1273.15
1777946400000,624.4,626.6,623.9,624.9,1545.28
1777950000000,624.9,627.9,624.5,627.4,1324.02
1777953600000,627.4,627.6,625.5,625.8,551.72
1777957200000,625.8,628.3,625.5,627.8,1065.61
1777960800000,627.8,628.1,625.8,626.8,1326.55
1777964400000,626.8,628.6,626.5,627.2,1186.19
1777968000000,627.2,628.7,626.8,627.1,1122.63
1777971600000,627.1,627.2,625.6,626.7,599.11
1777975200000,626.7,628.6,626.3,628.1,1042.48
1777978800000,628.1,628.9,627.7,628.5,856.05
1777982400000,628.5,630.2,627.8,629.8,1557.27
1777986000000,629.8,633.8,629.7,630.8,5003.3
1777989600000,630.8,631.3,628.1,630.2,2280.53
1777993200000,630.2,632.0,629.8,630.7,675.38
1777996800000,630.7,631.6,628.4,628.9,1970.37
1778000400000,628.9,629.2,627.4,628.8,1757.54
1778004000000,628.8,630.3,628.6,630.2,579.86
1778007600000,630.2,632.2,629.9,631.5,2473.45
1778011200000,631.5,634.1,631.2,633.0,2449.67
1778014800000,633.0,634.7,631.3,633.1,3390.22
1778018400000,633.1,634.6,629.9,631.7,4147.0
1778022000000,631.7,632.1,629.5,630.3,937.77
1778025600000,630.3,631.4,628.7,630.8,1601.85
1778029200000,630.8,634.4,630.3,634.1,1587.97
1778032800000,634.1,634.9,632.6,634.0,1270.0
1778036400000,634.0,635.6,631.0,634.9,3582.81
1778040000000,634.9,636.1,633.3,634.4,3409.85
1778043600000,634.4,634.9,632.7,634.8,1374.94
1778047200000,634.8,636.1,634.4,635.7,1891.73
1778050800000,635.7,640.4,635.5,637.9,3876.89
1778054400000,637.9,646.5,637.8,646.1,5095.7
1778058000000,646.1,647.5,643.4,647.0,4761.05
1778061600000,647.0,648.3,644.9,645.4,3145.06
1778065200000,645.4,652.5,645.1,652.3,7663.33
1778068800000,652.3,663.9,651.2,657.1,13320.51
1778072400000,657.1,657.1,645.5,647.3,6862.9
1778076000000,647.3,650.0,643.3,647.1,4424.11
1778079600000,647.1,649.1,646.2,648.3,3061.22
1778083200000,648.3,651.0,646.0,649.2,2187.54
1778086800000,649.2,650.0,647.5,648.2,1361.62
1778090400000,648.2,650.1,647.1,649.5,1605.1
1778094000000,649.5,650.7,648.4,650.2,497.03
1778097600000,650.2,651.3,647.2,648.4,879.08
1778101200000,648.4,650.4,647.0,649.5,718.95
1778104800000,649.5,649.8,646.3,646.6,1034.97
1778108400000,646.6,647.6,644.2,647.5,1307.68
1778112000000,647.5,649.5,644.4,644.5,3317.05
1778115600000,644.5,645.1,641.2,644.5,3724.94
1778119200000,644.5,644.6,641.5,643.6,1814.7
1778122800000,643.6,644.2,641.1,642.2,1896.7
1778126400000,642.2,643.9,641.6,643.8,1529.62
1778130000000,643.8,646.7,643.7,646.7,1502.52
1778133600000,646.7,647.8,644.5,647.7,3000.58
1778137200000,647.7,653.0,647.1,651.6,2195.76
1778140800000,651.6,652.8,648.8,650.5,1909.15
1778144400000,650.5,650.6,647.1,648.5,1773.64
1778148000000,648.5,649.3,645.7,647.4,595.49
1778151600000,647.4,648.9,646.1,647.6,1225.7
1778155200000,647.6,650.6,646.9,650.3,1184.15
1778158800000,650.3,650.3,644.8,646.5,2500.39
1778162400000,646.5,646.8,640.2,641.9,4864.26
1778166000000,641.9,643.7,638.8,642.0,3319.43
1778169600000,642.0,643.1,638.3,641.1,10739.38
1778173200000,641.1,643.2,639.3,643.2,1422.64
1778176800000,643.2,644.3,641.6,642.9,1015.52
1778180400000,642.9,643.7,641.3,643.1,726.98
1778184000000,643.1,644.7,642.9,643.0,1737.05
1778187600000,643.0,643.4,640.4,641.9,5385.34
1778191200000,641.9,641.9,633.0,635.0,12577.25
1778194800000,635.0,637.1,633.8,636.6,1845.22
1778198400000,636.6,638.6,636.2,637.3,2730.09
1778202000000,637.3,638.1,635.6,637.7,595.44
1778205600000,637.7,639.5,635.0,638.3,2227.41
1778209200000,638.3,640.4,636.4,639.3,2016.32
1778212800000,639.3,640.8,637.9,639.6,2379.2
1778216400000,639.6,640.0,637.7,637.8,2015.85
1778220000000,637.8,638.2,634.2,636.3,4088.07
1778223600000,636.3,636.8,634.5,636.5,1846.94
1778227200000,636.5,637.9,635.5,637.9,2354.95
1778230800000,637.9,639.4,637.1,638.0,1717.49
1778234400000,638.0,639.7,637.4,639.1,1229.24
1778238000000,639.1,641.0,639.1,640.6,736.98
1778241600000,640.6,640.9,638.8,639.2,1060.77
1778245200000,639.2,639.6,637.0,638.5,914.03
1778248800000,638.5,642.5,638.5,641.9,1708.61
1778252400000,641.9,643.9,638.8,643.6,1119.48
1778256000000,643.6,644.1,642.1,642.1,837.85
1778259600000,642.1,646.8,642.1,645.4,3262.39
1778263200000,645.4,649.2,645.4,647.5,4275.24
1778266800000,647.5,648.6,646.7,648.0,994.26
1778270400000,648.0,648.6,645.7,646.5,2780.37
1778274000000,646.5,650.0,646.1,650.0,1714.31
1778277600000,650.0,651.4,649.9,650.0,1269.16
1778281200000,650.0,650.2,647.5,649.2,886.62
1778284800000,649.2,652.4,648.8,651.7,2984.06
1778288400000,651.7,655.9,651.6,654.3,2279.53
1778292000000,654.3,655.0,653.3,654.0,648.33
1778295600000,654.0,654.6,652.6,653.4,919.76
1778299200000,653.4,655.7,652.6,652.9,1344.81
1778302800000,652.9,652.9,650.9,651.1,1013.05
1778306400000,651.1,651.9,649.5,651.2,1356.32
1778310000000,651.2,651.5,648.6,649.7,2890.81
1778313600000,649.7,650.9,649.4,650.4,884.46
1778317200000,650.4,650.9,648.3,649.5,1006.61
1778320800000,649.5,649.6,648.2,648.9,927.27
1778324400000,648.9,650.4,648.8,649.9,429.26
1778328000000,649.9,650.5,648.8,649.6,1915.54
1778331600000,649.6,649.8,648.1,649.2,754.99
1778335200000,649.2,649.3,646.5,646.8,810.26
1778338800000,646.8,648.2,646.0,647.4,713.9
1778342400000,647.4,649.6,646.7,648.1,1093.58
1778346000000,648.1,650.3,648.0,649.7,1114.82
1778349600000,649.7,651.6,649.6,650.9,510.21
1778353200000,650.9,651.0,650.1,650.8,231.83
1778356800000,650.8,651.0,649.7,650.3,514.77
1778360400000,650.3,652.2,650.3,651.2,1523.68
1778364000000,651.2,651.9,650.3,650.7,500.78
1778367600000,650.7,651.3,649.3,649.5,150.74
1778371200000,649.5,650.3,646.3,646.7,1989.88
1778374800000,646.7,646.7,644.3,646.3,3512.44
1778378400000,646.3,647.5,645.2,647.3,810.94
1778382000000,647.3,648.6,646.5,647.3,438.52
1778385600000,647.3,648.2,646.8,647.6,275.25
1778389200000,647.6,648.4,647.1,648.1,231.44
1778392800000,648.1,648.5,647.0,648.0,472.55
1778396400000,648.0,649.0,647.4,648.0,344.69
1778400000000,648.0,650.5,647.7,650.2,1408.29
1778403600000,650.2,651.6,649.2,651.1,4450.7
1778407200000,651.1,651.3,649.5,650.6,626.15
1778410800000,650.6,651.0,647.4,649.3,1537.0
1778414400000,649.3,649.3,648.1,649.1,343.46
1778418000000,649.1,651.3,649.0,650.8,1001.72
1778421600000,650.8,652.4,649.6,651.4,1559.39
1778425200000,651.4,656.0,651.4,655.1,2448.04
1778428800000,655.1,657.5,654.2,656.9,3964.41
1778432400000,656.9,661.0,655.9,660.4,3594.48
1778436000000,660.4,662.0,659.4,660.5,1972.62
1778439600000,660.5,662.4,658.8,661.1,2673.83
1778443200000,661.1,662.8,648.3,651.3,7019.79
1778446800000,651.3,654.4,650.4,652.2,2475.37
1778450400000,652.2,666.5,651.4,665.6,8143.97
1778454000000,665.6,666.6,663.1,663.5,2496.44
1778457600000,663.5,664.8,656.3,657.7,2729.83
1778461200000,657.7,660.3,655.3,656.8,3613.5
1778464800000,656.8,657.5,653.5,655.0,1322.5
1778468400000,655.0,655.0,649.6,651.3,2730.27
1778472000000,651.3,652.8,650.0,651.6,2188.51
1778475600000,651.6,653.2,650.6,652.5,2473.05
1778479200000,652.5,653.7,650.3,651.1,979.4
1778482800000,651.1,651.1,649.5,650.2,927.7
1778486400000,650.2,651.5,648.9,650.7,964.13
1778490000000,650.7,652.8,650.5,652.5,1634.2
1778493600000,652.5,654.3,652.3,653.3,1090.1
1778497200000,653.3,655.5,652.5,655.4,956.01
1778500800000,655.4,656.0,653.7,654.3,1418.78
1778504400000,654.3,656.3,650.8,654.2,1767.18
1778508000000,654.2,655.9,651.2,655.9,2314.49
1778511600000,655.9,661.3,655.3,661.2,2168.79
1778515200000,661.2,663.3,659.7,661.5,4565.85
1778518800000,661.5,662.9,659.2,662.4,1912.25
1778522400000,662.4,663.4,661.0,661.1,1496.18
1778526000000,661.1,663.3,660.5,663.0,2065.84
1778529600000,663.0,663.6,660.6,662.2,1401.5
1778533200000,662.2,664.1,662.0,663.7,847.1
1778536800000,663.7,671.5,662.6,670.0,4674.73
1778540400000,670.0,673.0,667.8,670.3,4013.68
1778544000000,670.3,671.3,667.2,668.4,1358.98
1778547600000,668.4,669.4,658.6,663.1,6255.97
1778551200000,663.1,664.7,661.0,662.5,2245.67
1778554800000,662.5,663.1,660.6,661.5,581.02
1778558400000,661.5,663.7,660.6,662.0,1082.28
1778562000000,662.0,663.7,661.9,662.0,728.32
1778565600000,662.0,663.0,659.4,659.7,1243.46
1778569200000,659.7,660.5,657.2,658.1,1973.73
1778572800000,658.1,659.9,657.1,659.0,932.33
1778576400000,659.0,661.7,658.1,661.4,1360.45
1778580000000,661.4,662.1,659.8,661.1,2188.26
1778583600000,661.1,663.0,660.4,663.0,1175.97
1778587200000,663.0,664.4,660.7,661.2,2170.28
1778590800000,661.2,662.4,655.6,656.5,3407.5
1778594400000,656.5,658.4,652.1,653.6,9342.27
1778598000000,653.6,655.7,649.9,651.9,6762.07
1778601600000,651.9,653.5,650.1,651.4,2589.24
1778605200000,651.4,656.5,651.4,656.2,3034.59
1778608800000,656.2,660.5,655.8,659.9,1424.46
1778612400000,659.9,663.0,659.9,662.5,2962.31
1778616000000,662.5,665.4,662.5,664.9,2234.86
1778619600000,664.9,667.1,664.2,664.9,2195.82
1778623200000,664.9,668.0,664.9,666.0,2736.98
1778626800000,666.0,666.3,663.7,664.7,1879.73
1778630400000,664.7,667.9,664.1,667.3,2712.01
1778634000000,667.3,680.1,666.6,678.3,14042.53
1778637600000,678.3,680.8,677.7,680.3,4826.2
1778641200000,680.3,683.1,679.5,681.2,5109.21
1778644800000,681.2,682.3,676.5,679.6,6498.32
1778648400000,679.6,681.1,677.3,678.1,3163.67
1778652000000,678.1,678.7,675.7,676.0,3944.85
1778655600000,676.0,679.2,675.7,678.7,2754.8
1778659200000,678.7,682.8,678.1,682.7,2624.38
1778662800000,682.7,685.6,681.4,684.9,5157.59
1778666400000,684.9,685.2,680.0,680.1,3314.79
1778670000000,680.1,680.7,676.9,678.1,4212.18
1778673600000,678.1,680.1,668.4,672.2,11068.15
1778677200000,672.2,674.3,666.5,667.1,6220.63
1778680800000,667.1,672.9,664.9,671.6,8533.21
1778684400000,671.6,673.7,663.1,663.7,7870.7
1778688000000,663.7,669.9,663.6,669.6,5576.81
1778691600000,669.6,670.9,668.5,670.3,1918.28
1778695200000,670.3,674.3,670.3,671.0,1447.91
1778698800000,671.0,671.5,668.6,670.8,1298.32
1778702400000,670.8,672.0,670.2,672.0,655.83
1778706000000,672.0,672.0,668.5,668.7,1302.38
1778709600000,668.7,671.8,667.6,671.5,540.35
1778713200000,671.5,673.4,670.8,671.2,1169.65
1778716800000,671.2,677.1,671.0,674.9,3072.67
1778720400000,674.9,676.0,673.6,675.1,1698.03
1778724000000,675.1,675.4,668.9,669.4,1098.46
1778727600000,669.4,671.3,664.8,665.4,4265.78
1778731200000,665.4,668.0,665.0,667.1,1857.27
1778734800000,667.1,671.2,666.6,669.4,1557.86
1778738400000,669.4,671.2,668.7,669.6,1285.02
1778742000000,669.6,671.7,667.9,668.8,1662.45
1778745600000,668.8,673.3,668.2,672.7,1412.62
1778749200000,672.7,673.1,669.1,670.3,1791.88
1778752800000,670.3,673.1,670.0,672.8,1025.5
1778756400000,672.8,673.7,670.3,670.3,1407.34
1778760000000,670.3,678.4,670.2,678.1,4111.69
1778763600000,678.1,678.4,673.3,673.9,4251.47
1778767200000,673.9,680.0,673.4,677.9,7180.47
1778770800000,677.9,680.4,675.8,679.7,6037.84
1778774400000,679.7,682.6,678.0,682.2,4958.5
1778778000000,682.2,688.1,680.4,681.8,11318.48
1778781600000,681.8,685.2,680.2,682.3,3564.82
1778785200000,682.3,683.0,679.1,679.9,1678.29
1778788800000,679.9,680.5,677.5,680.4,1348.89
1778792400000,680.4,681.9,679.2,681.0,2366.97
1778796000000,681.0,681.7,680.1,680.4,531.44
1778799600000,680.4,680.4,677.0,678.0,1534.05
1778803200000,678.0,686.0,677.7,683.2,4768.36
1778806800000,683.2,684.7,679.0,679.4,1522.27
1778810400000,679.4,680.7,677.0,679.5,2401.34
1778814000000,679.5,683.5,678.1,681.7,3324.5
1778817600000,681.7,681.7,677.8,678.0,686.02
1778821200000,678.0,679.2,673.3,675.8,3649.73
1778824800000,675.8,683.4,675.2,682.6,4675.19
1778828400000,682.6,689.1,680.6,684.1,9627.01
1778832000000,684.1,687.2,682.3,685.5,3725.34
1778835600000,685.5,685.8,681.0,682.7,2956.06
1778839200000,682.7,690.7,681.9,689.0,5994.02
1778842800000,689.0,689.3,685.0,686.3,6112.32
1778846400000,686.3,686.5,681.7,682.3,5051.12
1778850000000,682.3,682.3,669.6,670.7,14123.28
1778853600000,670.7,676.2,669.2,675.4,9764.16
1778857200000,675.4,675.9,668.4,671.2,4003.94
1778860800000,671.2,674.8,670.5,674.3,1856.88
1778864400000,674.3,676.4,674.0,674.9,1065.4
1778868000000,674.9,676.2,672.7,673.8,758.55
1778871600000,673.8,674.9,671.8,673.6,894.41
1778875200000,673.6,674.0,671.4,673.3,845.43
1778878800000,673.3,674.2,671.1,671.5,1253.09
1778882400000,671.5,673.4,671.4,673.0,461.69
1778886000000,673.0,673.2,670.7,672.0,595.97
1778889600000,672.0,674.8,671.5,671.8,1152.07
1778893200000,671.8,673.1,669.5,670.1,1413.67
1778896800000,670.1,670.7,666.8,668.3,2510.79
1778900400000,668.3,668.5,664.3,664.6,2349.24
1778904000000,664.6,664.6,660.2,662.0,4707.99
1778907600000,662.0,664.5,661.1,663.9,963.89
1778911200000,663.9,664.4,658.7,659.8,2728.95
1778914800000,659.8,660.9,655.7,660.1,4900.47
1778918400000,660.1,661.4,659.1,661.2,853.47
1778922000000,661.2,661.4,650.8,652.1,10227.37
1778925600000,652.1,654.2,650.2,653.7,3656.44
1778929200000,653.7,656.0,653.6,653.6,2122.21
1778932800000,653.6,654.7,652.5,653.2,2168.84
1778936400000,653.2,653.2,651.5,651.9,878.88
1778940000000,651.9,654.6,650.7,652.7,2488.99
1778943600000,652.7,658.3,652.7,654.7,4978.9
1778947200000,654.7,657.2,654.6,656.4,1780.17
1778950800000,656.4,656.9,654.3,655.5,2281.26
1778954400000,655.5,658.1,655.0,657.5,2255.42
1778958000000,657.5,657.6,655.5,655.7,893.97
1778961600000,655.7,657.2,655.7,656.2,288.34
1778965200000,656.2,657.2,655.9,657.1,755.56
1778968800000,657.1,657.1,655.8,656.1,298.57
1778972400000,656.1,656.7,655.5,655.9,875.69
1778976000000,655.9,656.9,650.3,651.5,3918.22
1778979600000,651.5,653.7,649.3,650.2,2932.81
1778983200000,650.2,652.0,650.1,650.7,1775.69
1778986800000,650.7,653.6,650.7,652.4,1105.77
1778990400000,652.4,654.4,652.0,654.3,703.09
1778994000000,654.3,655.8,654.2,654.7,539.87
1778997600000,654.7,655.5,653.9,654.9,353.85
1779001200000,654.9,655.5,654.0,654.8,316.81
1779004800000,654.8,655.0,653.3,653.5,1002.87
1779008400000,653.5,654.3,649.7,652.7,1779.86
1779012000000,652.7,655.0,652.7,654.4,1366.07
1779015600000,654.4,655.1,653.3,654.6,895.22
1779019200000,654.6,657.4,654.1,656.1,1547.61
1779022800000,656.1,656.2,652.5,653.2,1545.62
1779026400000,653.2,653.3,650.1,651.6,925.38
1779030000000,651.6,652.6,650.5,651.9,629.65
1779033600000,651.9,653.3,650.9,651.3,525.0
1779037200000,651.3,651.7,649.6,651.3,1776.98
1779040800000,651.3,653.3,649.9,653.0,2045.19
1779044400000,653.0,656.0,653.0,655.8,1113.66
1779048000000,655.8,656.0,653.7,654.4,511.42
1779051600000,654.4,657.3,653.6,656.6,1495.23
1779055200000,656.6,656.6,652.6,653.4,1140.83
1779058800000,653.4,653.4,638.8,649.1,17946.54
1779062400000,649.1,649.3,644.7,646.0,3610.31
1779066000000,646.0,646.5,641.8,646.1,1744.93
1779069600000,646.1,648.0,643.8,644.2,3254.89
1779073200000,644.2,645.6,642.7,643.0,713.43
1779076800000,643.0,644.2,640.6,643.6,1564.82
1779080400000,643.6,644.2,641.2,641.6,727.28
1779084000000,641.6,642.2,636.7,640.1,6111.38
1779087600000,640.1,641.8,638.4,641.5,998.93
1779091200000,641.5,641.8,638.3,639.7,1155.39
1779094800000,639.7,640.2,638.4,639.0,860.22
1779098400000,639.0,639.0,636.8,637.9,1067.75
1779102000000,637.9,643.3,637.2,641.4,1607.99
1779105600000,641.4,645.1,641.3,642.8,2529.83
1779109200000,642.8,642.9,637.2,639.4,3085.92
1779112800000,639.4,639.4,634.7,636.4,3365.9
1779116400000,636.4,637.2,633.8,636.6,2667.92
1779120000000,636.6,639.9,635.2,639.0,3629.62
1779123600000,639.0,640.7,638.3,640.0,1248.86
1779127200000,640.0,640.0,635.7,637.3,1878.26
1779130800000,637.3,644.6,637.1,644.3,4137.0
1779134400000,644.3,645.3,641.8,642.4,1285.0
1779138000000,642.4,645.8,641.6,645.1,1605.26
1779141600000,645.1,646.1,643.5,644.6,1137.21
1779145200000,644.6,645.4,642.7,643.2,634.41
1779148800000,643.2,646.7,643.1,645.4,1248.53
1779152400000,645.4,645.6,642.6,642.6,1341.43
1779156000000,642.6,644.4,640.7,641.6,2029.22
1779159600000,641.6,644.2,640.9,642.5,1097.12
1779163200000,642.5,644.3,641.3,643.0,330.51
1779166800000,643.0,643.5,640.3,643.5,745.76
1779170400000,643.5,644.9,642.6,644.0,1287.74
1779174000000,644.0,645.9,642.8,645.5,1032.54
1779177600000,645.5,645.5,641.3,642.0,920.54
1779181200000,642.0,642.2,639.3,640.2,1235.55
1779184800000,640.2,640.8,637.4,639.8,2634.75
1779188400000,639.8,640.5,638.0,639.6,1620.57
1779192000000,639.6,641.2,639.1,641.2,1456.91
1779195600000,641.2,641.7,638.5,640.0,1412.91
1779199200000,640.0,641.0,635.8,637.8,3103.75
1779202800000,637.8,640.3,637.3,638.2,1457.15
1779206400000,638.2,640.6,637.5,640.4,1240.01
1779210000000,640.4,641.3,639.3,640.4,914.05
1779213600000,640.4,640.9,639.0,640.0,816.74
1779217200000,640.0,641.5,638.9,639.5,595.56
1779220800000,639.5,641.0,639.4,640.9,2329.79
1779224400000,640.9,641.4,639.9,639.9,993.67
1779228000000,639.9,639.9,637.2,638.2,589.79
1779231600000,638.2,641.1,637.6,639.6,544.14
1779235200000,639.6,639.7,637.0,638.9,805.4
1779238800000,638.9,640.6,637.4,639.9,1041.35
1779242400000,639.9,640.3,637.9,638.6,1071.16
1779246000000,638.6,640.2,637.6,639.9,529.04
1779249600000,639.9,640.4,637.9,639.5,469.02
1779253200000,639.5,643.5,639.5,642.2,3233.25
1779256800000,642.2,643.6,641.2,643.5,1058.03
1779260400000,643.5,644.7,642.7,643.2,545.87
1779264000000,643.2,645.0,642.8,644.1,880.98
1779267600000,644.1,644.8,643.4,644.0,552.8
1779271200000,644.0,644.9,642.9,643.5,1174.25
1779274800000,643.5,643.7,641.8,643.0,474.51
1779278400000,643.0,645.8,642.6,644.5,848.82
1779282000000,644.5,644.9,641.4,642.8,1462.26
1779285600000,642.8,649.3,640.8,647.6,3947.5
1779289200000,647.6,649.7,646.5,648.5,2211.42
1779292800000,648.5,649.4,645.6,648.5,1186.34
1779296400000,648.5,651.0,647.4,649.2,1379.17
1779300000000,649.2,649.6,648.2,648.5,617.99
1779303600000,648.5,650.8,647.6,650.2,1053.02
1779307200000,650.2,651.2,648.3,650.8,1226.1
1779310800000,650.8,651.2,648.9,648.9,942.2
1779314400000,648.9,648.9,646.7,648.2,524.54
1779318000000,648.2,649.2,647.0,649.0,537.56
1779321600000,649.0,653.7,648.8,653.4,2054.52
1779325200000,653.4,654.5,651.9,652.8,2152.62
1779328800000,652.8,655.0,652.1,653.5,715.2
1779332400000,653.5,655.0,652.6,654.4,668.83
1779336000000,654.4,654.9,653.1,654.1,836.91
1779339600000,654.1,655.2,651.7,652.6,941.78
1779343200000,652.6,652.8,650.1,651.1,1054.54
1779346800000,651.1,652.8,650.7,652.6,1467.45
1779350400000,652.6,655.8,652.5,654.7,1477.74
1779354000000,654.7,655.2,652.5,653.0,1059.16
1779357600000,653.0,653.6,647.7,648.0,2015.67
1779361200000,648.0,649.3,646.9,647.5,1611.84
1779364800000,647.5,649.9,647.1,649.2,812.59
1779368400000,649.2,650.3,645.9,649.1,1880.0
1779372000000,649.1,650.9,647.3,648.5,1070.89
1779375600000,648.5,652.9,648.3,652.0,1614.98
1779379200000,652.0,652.9,649.8,650.7,2753.04
1779382800000,650.7,659.5,650.7,657.5,7334.49
1779386400000,657.5,659.3,654.0,655.6,2009.79
1779390000000,655.6,658.3,655.5,657.7,1403.07
1779393600000,657.7,658.2,656.8,657.2,819.26
1779397200000,657.2,658.9,657.1,657.2,1171.54
1779400800000,657.2,657.9,655.9,656.7,1007.37
1779404400000,656.7,658.4,656.0,658.3,1470.78
1779408000000,658.3,659.0,656.6,656.6,2361.06
1779411600000,656.6,660.1,655.8,659.1,2347.71
1779415200000,659.1,660.8,658.6,660.2,5143.08
1779418800000,660.2,661.2,658.9,659.2,1101.91
1779422400000,659.2,660.1,658.1,658.8,1143.42
1779426000000,658.8,658.9,656.2,656.7,1841.19
1779429600000,656.7,657.5,655.2,655.8,1057.68
1779433200000,655.8,659.6,655.1,659.2,776.41
1779436800000,659.2,661.0,658.6,659.1,1532.51
1779440400000,659.1,659.1,656.0,656.9,2078.44
1779444000000,656.9,657.0,654.4,655.7,1292.83
1779447600000,655.7,657.7,654.9,657.7,968.97
1779451200000,657.7,660.5,657.5,660.5,1467.28
1779454800000,660.5,663.7,660.1,663.7,6696.06
1779458400000,663.7,663.8,656.3,656.9,6069.94
1779462000000,656.9,659.5,655.8,658.0,1745.1
1779465600000,658.0,660.5,657.4,660.2,3427.91
1779469200000,660.2,661.2,658.5,659.4,2443.73
1779472800000,659.4,659.4,648.1,653.1,4954.4
1779476400000,653.1,653.8,647.9,651.9,4141.53
1779480000000,651.9,653.7,651.4,652.7,1980.93
1779483600000,652.7,653.7,651.7,652.8,1044.67
1779487200000,652.8,653.1,650.4,652.1,1159.59
1779490800000,652.1,653.2,648.1,650.0,2585.0
1779494400000,650.0,651.7,647.6,650.7,2196.88
1779498000000,650.7,651.9,648.6,649.8,1437.12
1779501600000,649.8,651.2,649.3,651.0,774.16
1779505200000,651.0,652.7,649.6,651.9,632.24
1779508800000,651.9,652.4,649.4,649.7,1658.85
1779512400000,649.7,649.9,647.9,648.6,1719.6
1779516000000,648.6,649.2,647.7,648.2,1226.08
1779519600000,648.2,648.6,634.6,636.2,13096.87
1779523200000,636.2,639.9,635.1,639.7,5198.29
1779526800000,639.7,640.2,638.0,638.1,1148.1
1779530400000,638.1,640.3,638.1,639.8,1508.87
1779534000000,639.8,640.7,639.2,639.7,401.0
1779537600000,639.7,640.4,638.8,640.1,509.02
1779541200000,640.1,643.3,640.1,642.6,2518.25
1779544800000,642.6,647.5,641.8,647.0,2439.96
1779548400000,647.0,648.6,646.1,647.2,3829.21
1779552000000,647.2,647.9,645.9,646.4,1182.01
1779555600000,646.4,649.2,646.4,648.7,821.28
1779559200000,648.7,652.7,648.6,651.3,1464.38
1779562800000,651.3,652.7,650.4,652.1,692.23
1779566400000,652.1,661.1,651.5,661.1,4839.0
1779570000000,661.1,663.7,654.8,657.4,6159.82
1779573600000,657.4,658.3,654.0,656.3,1612.37
1779577200000,656.3,657.2,655.6,655.8,624.99
1779580800000,655.8,657.6,655.2,656.3,1007.93
1779584400000,656.3,657.9,656.1,657.1,286.97
1779588000000,657.1,658.4,655.8,657.6,748.36
1779591600000,657.6,658.5,656.1,656.9,961.1
1779595200000,656.9,657.8,656.1,656.1,440.34
1779598800000,656.1,656.1,653.6,655.1,834.12
1779602400000,655.1,657.7,654.6,657.1,806.8
1779606000000,657.1,657.4,655.5,656.3,329.14
1779609600000,656.3,659.0,655.9,658.6,1288.3
1779613200000,658.6,659.9,658.1,659.5,1063.3
1779616800000,659.5,662.4,658.7,660.6,2518.86
1779620400000,660.6,662.4,660.4,661.0,1751.74
1779624000000,661.0,661.1,658.3,659.9,1116.13
1779627600000,659.9,660.7,656.3,657.5,1233.55
1779631200000,657.5,658.2,651.8,655.4,5446.75
1779634800000,655.4,656.5,655.1,655.3,402.64
1779638400000,655.3,657.3,655.0,656.5,1001.0
1779642000000,656.5,657.3,656.0,656.0,1038.94
1779645600000,656.0,656.1,654.7,655.0,829.11
1779649200000,655.0,656.3,654.9,655.9,464.51
1779652800000,655.9,656.0,654.6,654.9,283.29
1779656400000,654.9,655.7,649.1,649.8,2113.71
1779660000000,649.8,655.8,649.7,654.2,2653.27
1779663600000,654.2,657.4,654.2,656.4,1854.86
1779667200000,656.4,659.5,656.3,658.6,1066.83
1779670800000,658.6,659.7,655.4,655.4,581.94
1779674400000,655.4,659.7,655.4,656.6,2112.08
1779678000000,656.6,657.1,655.1,656.6,1989.19
1779681600000,656.6,659.6,655.6,659.1,2678.28
1779685200000,659.1,660.9,658.8,660.5,931.33
1779688800000,660.5,661.7,658.9,660.6,821.3
1779692400000,660.6,661.8,659.9,661.7,1416.89
1779696000000,661.7,662.5,660.6,661.8,1211.19
1779699600000,661.8,663.2,660.8,661.1,1545.05
1779703200000,661.1,662.2,660.9,661.2,1288.14
1779706800000,661.2,662.2,660.5,662.0,1272.17
1779710400000,662.0,670.9,661.9,669.5,7846.11
1779714000000,669.5,671.9,668.9,671.9,3754.72
1779717600000,671.9,673.1,670.2,671.2,5619.06
1779721200000,671.2,671.5,666.4,667.6,2163.85
1779724800000,667.6,668.0,666.2,666.8,1469.19
1779728400000,666.8,667.1,660.6,660.9,4367.29
1779732000000,660.9,663.8,660.7,662.9,2674.29
1779735600000,662.9,662.9,660.7,662.2,484.45
1779739200000,662.2,662.7,660.0,661.0,741.62
1779742800000,661.0,662.3,660.8,661.5,1267.53
1779746400000,661.5,662.7,660.0,660.4,1893.38
1779750000000,660.4,662.9,660.0,662.8,779.68
1779753600000,662.8,663.4,656.7,659.2,3375.1
1779757200000,659.2,659.3,655.5,657.2,3299.29
1779760800000,657.2,659.2,656.5,658.8,2419.94
1779764400000,658.8,658.9,656.8,657.6,790.36
1779768000000,657.6,659.2,656.5,658.5,1692.37
1779771600000,658.5,659.4,657.8,658.7,1978.19
1779775200000,658.7,659.3,657.1,657.7,979.05
1779778800000,657.7,658.7,654.6,657.4,3471.03
1779782400000,657.4,657.7,656.0,656.6,1733.42
1779786000000,656.6,657.6,655.8,656.3,1129.1
1779789600000,656.3,664.2,656.0,662.5,2735.51
1779793200000,662.5,663.3,661.2,662.1,1725.88
1779796800000,662.1,662.6,659.8,662.1,1451.69
1779800400000,662.1,664.8,660.3,663.0,4362.0
1779804000000,663.0,667.9,660.4,662.4,5003.68
1779807600000,662.4,663.1,656.8,659.7,3214.18
1779811200000,659.7,660.6,657.0,659.3,2078.24
1779814800000,659.3,659.8,652.9,655.2,5679.68
1779818400000,655.2,657.3,654.4,655.0,784.38
1779822000000,655.0,657.4,654.3,656.7,595.67
1779825600000,656.7,657.5,656.1,656.8,383.53
1779829200000,656.8,657.1,654.4,656.0,1788.54
1779832800000,656.0,657.1,654.8,655.4,918.01
1779836400000,655.4,657.4,655.4,655.8,348.06
1779840000000,655.8,658.2,655.8,658.1,1346.47
1779843600000,658.1,658.6,656.3,656.7,994.08
1779847200000,656.7,657.0,654.2,656.2,737.38
1779850800000,656.2,656.5,653.6,654.0,2161.83
1779854400000,654.0,654.0,650.2,653.9,3122.66
1779858000000,653.9,654.3,652.5,652.8,532.86
1779861600000,652.8,653.5,651.4,652.4,1562.46
1779865200000,652.4,653.2,651.2,653.0,761.12
1779868800000,653.0,654.5,651.8,653.2,799.18
1779872400000,653.2,654.2,652.3,653.7,628.27
1779876000000,653.7,655.4,652.9,654.2,1481.5
1779879600000,654.2,655.2,653.4,653.4,1253.34
1779883200000,653.4,657.0,652.6,654.7,2130.21
1779886800000,654.7,655.1,649.5,652.0,1868.98
1779890400000,652.0,654.2,651.0,653.9,2709.05
1779894000000,653.9,658.2,653.6,657.5,3652.74
1779897600000,657.5,659.6,654.3,655.8,2947.03
1779901200000,655.8,655.9,649.9,650.7,2308.67
1779904800000,650.7,653.6,649.9,653.4,1510.26
1779908400000,653.4,654.0,652.4,653.1,584.25
1779912000000,653.1,654.7,652.8,653.7,669.86
1779915600000,653.7,653.9,646.2,648.2,3109.35
1779919200000,648.2,649.6,646.5,646.6,1793.02
1779922800000,646.6,649.0,646.0,648.3,3718.5
1779926400000,648.3,648.6,646.5,648.5,1967.64
1779930000000,648.5,648.9,644.8,646.3,2559.28
1779933600000,646.3,646.5,643.5,644.4,2384.82
1779937200000,644.4,645.2,636.3,637.3,6989.52
1779940800000,637.3,637.3,632.3,635.9,7369.26
1779944400000,635.9,635.9,632.5,634.0,2963.84
1779948000000,634.0,634.7,630.7,633.5,2588.88
1779951600000,633.5,636.1,633.0,634.5,2456.02
1779955200000,634.5,634.8,633.0,634.1,2778.27
1779958800000,634.1,634.7,631.7,633.7,3573.0
1779962400000,633.7,634.6,632.1,632.8,2208.04
1779966000000,632.8,633.0,631.0,632.5,3304.48
1779969600000,632.5,633.4,630.0,632.9,3212.33
1779973200000,632.9,633.6,628.9,631.1,4766.63
1779976800000,631.1,636.3,627.7,635.0,6707.07
1779980400000,635.0,635.6,631.0,634.6,2714.33
1779984000000,634.6,640.4,633.2,639.9,2587.98
1779987600000,639.9,641.7,638.6,640.0,2014.47
1779991200000,640.0,642.4,639.9,641.5,1466.56
1779994800000,641.5,641.7,639.3,639.3,818.56
1779998400000,639.3,641.4,638.0,640.8,1283.03
1780002000000,640.8,642.6,640.3,641.6,1135.03
1780005600000,641.6,642.2,638.1,638.6,1596.26
1780009200000,638.6,639.7,637.4,638.1,942.16
1780012800000,638.1,639.5,638.0,638.4,1356.46
1780016400000,638.4,639.1,635.4,636.8,2029.44
1780020000000,636.8,637.4,633.4,633.8,3857.35
1780023600000,633.8,636.6,633.8,635.3,2292.38
1780027200000,635.3,636.4,634.1,636.2,1493.98
1780030800000,636.2,638.0,636.1,638.0,1039.92
1780034400000,638.0,639.3,637.2,637.7,1034.4
1780038000000,637.7,638.2,635.2,636.7,1392.54
1780041600000,636.7,637.9,636.3,636.3,1256.74
1780045200000,636.3,640.5,636.3,640.4,2221.56
1780048800000,640.4,640.8,638.6,638.9,894.53
1780052400000,638.9,639.1,634.8,636.5,1729.49
1780056000000,636.5,636.7,634.7,635.5,1265.84
1780059600000,635.5,636.4,633.6,635.3,1724.76
1780063200000,635.3,636.4,630.2,634.5,5507.09
1780066800000,634.5,642.7,634.0,639.5,7952.65
1780070400000,639.5,643.7,637.9,643.6,7618.53
1780074000000,643.6,644.6,641.6,642.2,2084.47
1780077600000,642.2,642.8,638.0,639.5,2946.51
1780081200000,639.5,642.8,639.0,641.2,868.53
1780084800000,641.2,643.3,641.1,642.0,784.85
1780088400000,642.0,644.0,641.3,641.4,3356.8
1780092000000,641.4,643.4,641.3,642.6,586.28
1780095600000,642.6,643.1,641.1,642.9,1091.82
1780099200000,642.9,647.2,642.5,646.6,2883.34
1780102800000,646.6,653.6,645.9,653.2,3696.88
1780106400000,653.2,658.5,651.9,657.8,8854.59
1780110000000,657.8,661.1,656.9,658.0,4848.84
1780113600000,658.0,660.8,656.4,658.9,5689.43
1780117200000,658.9,666.6,658.3,666.2,4421.23
1780120800000,666.2,669.0,664.9,667.5,4723.24
1780124400000,667.5,674.3,666.9,672.8,5856.09
1780128000000,672.8,675.5,669.4,673.1,4838.23
1780131600000,673.1,677.3,670.5,674.7,9206.03
1780135200000,674.7,676.0,674.0,675.1,2402.17
1780138800000,675.1,675.1,670.4,673.5,5535.49
1780142400000,673.5,674.0,671.5,672.8,1771.93
1780146000000,672.8,674.8,670.8,674.6,3776.53
1780149600000,674.6,687.5,674.0,686.5,15396.43
1780153200000,686.5,695.2,685.2,694.5,18563.52
1780156800000,694.5,710.5,694.2,708.5,21935.94
1780160400000,708.5,717.3,700.8,713.2,28326.62
1780164000000,713.2,717.1,708.8,716.8,9243.44
1780167600000,716.8,724.5,712.3,720.8,26758.14
1780171200000,720.8,723.3,717.6,719.3,8479.44
1780174800000,719.3,728.6,717.4,719.0,11738.04
1780178400000,719.0,719.7,707.1,715.9,12841.65
1780182000000,715.9,720.3,715.6,718.6,4439.08
1780185600000,718.6,727.3,718.6,723.3,11628.09
1780189200000,723.3,729.7,722.1,728.0,7198.91
1780192800000,728.0,743.4,727.0,739.7,21664.59
1780196400000,739.7,746.0,734.2,739.9,17153.82
1780200000000,739.9,742.3,731.2,734.3,8018.04
1780203600000,734.3,741.2,732.5,737.4,5046.24
1780207200000,737.4,737.6,732.1,736.0,6233.75
1780210800000,736.0,736.0,717.1,719.7,20034.36
1780214400000,719.7,725.3,718.3,723.5,8502.71
1780218000000,723.5,725.4,717.4,719.8,5187.17
1780221600000,719.8,724.5,719.3,721.0,5268.5
1780225200000,721.0,724.5,720.0,722.8,4897.68
1780228800000,722.8,726.4,721.6,724.9,6586.42
1780232400000,724.9,733.9,723.9,727.4,13094.33
1780236000000,727.4,729.8,718.1,719.7,18236.7
1780239600000,719.7,724.8,719.1,720.8,4726.04
1780243200000,720.8,721.9,702.9,709.2,28668.15
1780246800000,709.2,717.4,709.0,713.9,13275.3
1780250400000,713.9,713.9,708.6,709.6,8550.08
1780254000000,709.6,710.7,706.9,708.4,5014.8
1780257600000,708.4,711.3,708.3,710.1,4678.02
1780261200000,710.1,712.1,705.9,710.9,5728.74
1780264800000,710.9,714.7,707.6,711.3,7309.81
1780268400000,711.3,712.9,706.0,710.3,7440.92
1780272000000,710.3,716.8,708.7,710.3,7918.27
1780275600000,710.3,710.6,692.7,695.0,19669.55
1780279200000,695.0,708.7,694.0,707.3,10056.48
1780282800000,707.3,710.0,702.6,703.5,3639.84
1780286400000,703.5,705.6,695.9,698.0,5976.54
1780290000000,698.0,698.3,694.2,695.6,4814.57
1780293600000,695.6,696.0,690.7,693.1,11918.65
1780297200000,693.1,694.0,684.5,686.0,10215.4
1780300800000,686.0,689.5,685.2,689.4,6563.83
1780304400000,689.4,730.1,688.4,711.1,75576.41
1780308000000,711.1,714.3,694.9,701.7,40587.98
1780311600000,701.7,707.8,694.7,697.1,22162.31
1780315200000,697.1,698.2,685.9,692.3,20171.57
1780318800000,692.3,692.8,678.5,686.3,19984.55
1780322400000,686.3,686.4,674.2,678.1,19047.1
1780326000000,678.1,685.4,676.8,677.0,11316.29
1780329600000,677.0,685.4,673.3,684.3,15025.18
1780333200000,684.3,688.4,683.3,687.3,7431.9
1780336800000,687.3,695.4,686.1,690.9,9909.63
1780340400000,690.9,695.9,690.3,695.8,4177.85
1780344000000,695.8,701.3,694.3,695.3,6726.91
1780347600000,695.3,695.4,687.4,689.7,6206.63
1780351200000,689.7,694.2,688.0,693.1,4620.06
1780354800000,693.1,695.5,692.0,692.7,2758.24
1780358400000,692.7,693.7,689.7,690.2,5844.24
1780362000000,690.2,692.3,684.0,684.3,6919.46
1780365600000,684.3,693.1,680.6,690.8,8985.53
1780369200000,690.8,695.2,689.7,693.3,2098.96
1780372800000,693.3,693.8,685.6,686.3,5798.48
1780376400000,686.3,688.6,682.6,683.3,4336.26
1780380000000,683.3,685.0,679.8,682.8,5420.28
1780383600000,682.8,686.1,680.0,681.5,3216.54
1780387200000,681.5,684.7,680.4,681.4,3116.29
1780390800000,681.4,681.9,675.6,677.4,7352.15
1780394400000,677.4,680.8,675.2,679.8,6402.85
1780398000000,679.8,679.8,676.3,677.8,4142.05
1780401600000,677.8,679.7,674.8,675.9,5339.59
1780405200000,675.9,676.7,671.1,674.5,10533.48
1780408800000,674.5,677.4,666.2,673.1,16794.55
1780412400000,673.1,673.2,657.6,662.9,23941.77
1780416000000,662.9,671.3,660.3,663.5,11845.71
1780419600000,663.5,666.9,662.9,665.9,3829.04
1780423200000,665.9,667.1,658.7,659.4,6732.99
1780426800000,659.4,661.7,651.5,659.8,10130.89
1780430400000,659.8,662.4,655.6,660.9,4052.71
1780434000000,660.9,662.9,658.2,659.3,4460.21
1780437600000,659.3,659.3,641.4,647.7,17660.18
1780441200000,647.7,651.3,644.6,650.2,7785.71
1780444800000,650.2,656.9,649.7,654.2,6592.99
1780448400000,654.2,654.6,646.0,649.6,4007.64
1780452000000,649.6,650.0,643.6,644.4,4186.22
1780455600000,644.4,646.2,630.5,633.3,15736.31
1780459200000,633.3,639.5,632.3,636.2,7519.99
1780462800000,636.2,645.9,635.5,645.4,7048.84
1780466400000,645.4,646.3,640.0,640.3,3625.83
1780470000000,640.3,644.8,639.8,643.7,3683.94
1780473600000,643.7,645.4,640.3,644.2,2389.15
1780477200000,644.2,645.5,638.2,641.3,2762.96
1780480800000,641.3,645.7,640.4,641.3,2528.05
1780484400000,641.3,644.7,636.5,636.9,7072.31
1780488000000,636.9,637.1,632.7,635.1,5517.25
1780491600000,635.1,636.9,628.9,632.7,7093.03
1780495200000,632.7,637.4,629.7,636.6,6243.84
1780498800000,636.6,638.8,632.4,632.5,9076.92
1780502400000,632.5,633.2,619.2,627.8,22716.87
1780506000000,627.8,628.5,623.3,626.7,4300.04
1780509600000,626.7,628.7,624.8,627.8,3438.91
1780513200000,627.8,628.6,621.2,622.4,7281.35
1780516800000,622.4,625.4,615.4,619.4,11918.58
1780520400000,619.4,629.2,618.3,629.1,6737.06
1780524000000,629.1,629.6,625.2,626.7,3911.33
1780527600000,626.7,627.3,619.9,620.3,3650.99
1780531200000,620.3,624.0,612.3,615.8,11709.23
1780534800000,615.8,617.3,598.8,601.9,17738.16
1780538400000,601.9,609.3,590.0,607.7,31416.96
1780542000000,607.7,620.8,607.6,618.6,7305.86
1780545600000,618.6,620.8,613.4,614.2,4660.91
1780549200000,614.2,614.2,600.4,604.0,14168.03
1780552800000,604.0,611.1,603.3,605.0,7291.11
1780556400000,605.0,605.5,598.8,599.7,6989.29
1780560000000,599.7,603.3,595.8,601.8,4350.97
1780563600000,601.8,601.9,590.8,597.6,7609.9
1780567200000,597.6,597.7,587.4,590.0,9030.49
1780570800000,590.0,595.1,588.4,594.8,6144.95
1780574400000,594.8,604.5,593.6,603.1,7986.94
1780578000000,603.1,605.8,596.7,604.5,5780.9
1780581600000,604.5,606.2,601.8,604.4,4925.75
1780585200000,604.4,609.0,603.4,605.9,4241.51
1780588800000,605.9,607.0,602.6,603.4,3997.55
1780592400000,603.4,604.8,598.6,604.1,2652.07
1780596000000,604.1,609.9,602.4,608.8,4137.6
1780599600000,608.8,609.7,604.7,605.9,1782.28
1780603200000,605.9,606.1,602.6,604.9,3148.15
1780606800000,604.9,606.9,597.5,598.7,3733.68
1780610400000,598.7,603.1,597.5,602.5,2280.34
1780614000000,602.5,605.0,598.8,604.1,2242.59
1780617600000,604.1,607.7,601.4,601.6,5368.52
1780621200000,601.6,602.5,595.4,602.0,5544.78
1780624800000,602.0,602.7,594.4,595.4,4723.88
1780628400000,595.4,597.5,591.0,595.3,5669.93
1780632000000,595.3,602.6,593.0,601.8,5597.62
1780635600000,601.8,602.6,583.0,584.0,15965.0
1780639200000,584.0,584.9,569.9,580.1,17892.52
1780642800000,580.1,593.1,573.9,592.9,11322.16
1780646400000,592.9,593.0,585.2,586.6,5104.74
1780650000000,586.6,596.7,586.3,595.6,5259.02
1780653600000,595.6,596.3,590.3,592.6,3564.26
1780657200000,592.6,595.2,589.1,589.8,4699.65
1780660800000,589.8,593.7,586.3,590.9,7730.45
1780664400000,590.9,595.9,580.1,580.6,10902.09
1780668000000,580.6,589.7,579.6,582.5,14071.07
1780671600000,582.5,583.8,574.2,578.3,16386.47
1780675200000,578.3,582.9,567.5,577.6,31326.45
1780678800000,577.6,579.7,572.5,575.5,4748.63
1780682400000,575.5,576.5,560.3,561.0,14354.56
1780686000000,561.0,569.8,556.3,566.9,15270.37
1780689600000,566.9,578.2,562.8,577.3,5547.18
1780693200000,577.3,579.2,575.5,576.1,4062.83
1780696800000,576.1,578.1,571.9,576.8,12454.7
1780700400000,576.8,577.8,566.5,571.9,4382.8
1780704000000,571.9,577.6,571.6,576.2,2629.64
1780707600000,576.2,579.7,574.2,576.0,3306.35
1780711200000,576.0,578.8,573.2,576.0,2676.42
1780714800000,576.0,576.4,570.2,572.8,2220.91
1780718400000,572.8,575.3,559.1,564.9,9263.44
1780722000000,564.9,576.7,559.9,575.9,9630.88
1780725600000,575.9,578.9,574.4,575.9,4525.16
1780729200000,575.9,581.4,575.5,578.6,7415.48
1780732800000,578.6,584.2,577.6,580.3,3459.05
1780736400000,580.3,582.1,574.3,576.1,5005.98
1780740000000,576.1,576.1,570.6,573.3,5057.4
1780743600000,573.3,576.2,572.9,573.5,2931.96
1780747200000,573.5,577.2,571.3,575.5,2446.32
1780750800000,575.5,576.9,572.8,574.1,3387.49
1780754400000,574.1,576.9,573.7,574.5,1473.3
1780758000000,574.5,576.6,570.6,575.4,1874.13
1780761600000,575.4,577.3,570.9,573.6,2112.18
1780765200000,573.6,575.0,572.3,573.6,1614.09
1780768800000,573.6,575.7,572.6,574.0,1059.71
1780772400000,574.0,575.7,573.1,573.3,473.68
1780776000000,573.3,575.2,572.2,574.3,1101.3
1780779600000,574.3,576.5,574.2,574.7,1476.9
1780783200000,574.7,574.7,570.3,572.2,1558.21
1780786800000,572.2,575.2,571.9,574.0,647.39
1780790400000,574.0,575.9,573.3,573.7,1363.22
1780794000000,573.7,581.3,573.0,579.4,4467.0
1780797600000,579.4,580.9,576.6,578.7,1326.47
1780801200000,578.7,580.9,577.4,580.6,1430.36
1780804800000,580.6,582.8,577.5,582.4,4256.51
1780808400000,582.4,586.7,581.3,585.1,3678.47
1780812000000,585.1,589.1,583.5,588.3,3258.37
1780815600000,588.3,589.7,587.0,589.4,2631.87
1780819200000,589.4,598.7,587.1,597.6,4593.67
1780822800000,597.6,598.0,591.7,592.6,3698.46
1780826400000,592.6,593.6,589.7,592.4,2718.08
1780830000000,592.4,595.2,591.9,593.0,2192.57
1780833600000,593.0,593.5,585.3,588.2,5441.93
1780837200000,588.2,589.6,586.7,588.5,1729.85
1780840800000,588.5,593.6,588.3,591.1,1578.22
1780844400000,591.1,592.8,588.8,591.1,1575.29
1780848000000,591.1,594.9,589.7,593.8,1394.61
1780851600000,593.8,597.2,593.3,595.7,3247.99
1780855200000,595.7,597.4,594.5,594.8,2425.35
1780858800000,594.8,595.1,586.4,588.4,5773.78
1780862400000,588.4,594.5,587.3,593.6,2119.71
1780866000000,593.6,595.1,592.0,593.7,1498.74
1780869600000,593.7,610.4,592.4,603.0,15168.97
1780873200000,603.0,605.6,602.5,604.0,1514.85
1780876800000,604.0,608.0,602.6,605.2,3094.66
1780880400000,605.2,605.5,598.7,603.7,2198.05
1780884000000,603.7,604.2,601.0,601.5,1482.17
1780887600000,601.5,604.1,600.5,602.9,590.42
1780891200000,602.9,603.3,595.6,596.0,2416.7
1780894800000,596.0,597.0,591.1,594.7,3079.23
1780898400000,594.7,597.6,594.4,595.4,1480.42
1780902000000,595.4,597.4,593.2,595.9,1612.48
1780905600000,595.9,596.0,593.0,594.9,1235.48
1780909200000,594.9,600.7,594.9,599.3,3437.79
1780912800000,599.3,599.7,596.5,597.7,1930.99
1780916400000,597.7,604.0,596.7,601.9,3006.28
1780920000000,601.9,603.3,597.4,602.9,3044.83
1780923600000,602.9,603.2,598.0,600.1,2065.09
1780927200000,600.1,603.2,599.2,602.9,2214.48
1780930800000,602.9,605.9,602.6,603.8,2558.99
1780934400000,603.8,607.4,602.9,603.6,2088.15
1780938000000,603.6,607.7,602.1,607.6,2076.43
1780941600000,607.6,609.6,606.4,607.3,1200.12
1780945200000,607.3,608.3,605.9,607.3,806.86
1780948800000,607.3,607.8,605.1,606.5,890.42
1780952400000,606.5,610.4,606.3,607.2,1863.88
1780956000000,607.2,607.2,603.9,605.9,775.08
1780959600000,605.9,607.2,600.7,601.4,1342.63
1780963200000,601.4,602.4,592.7,595.4,6479.2
1780966800000,595.4,598.6,594.5,597.3,1651.5
1780970400000,597.3,598.1,594.2,597.8,1126.1
1780974000000,597.8,599.6,596.9,598.8,1611.86
1780977600000,598.8,602.8,596.0,602.1,2053.94
1780981200000,602.1,605.3,600.4,603.2,1456.41
1780984800000,603.2,604.9,602.3,603.6,700.62
1780988400000,603.6,604.6,600.9,603.7,1364.67
1780992000000,603.7,604.2,600.8,601.6,1464.26
1780995600000,601.6,603.2,599.2,599.7,1517.81
1780999200000,599.7,600.8,596.4,599.6,2695.8
1781002800000,599.6,599.8,595.8,596.4,2135.59
1781006400000,596.4,600.3,595.8,597.1,4446.66
1781010000000,597.1,598.1,592.9,594.2,2577.7
1781013600000,594.2,595.1,584.2,588.3,7550.64
1781017200000,588.3,591.2,585.7,586.6,2639.87
1781020800000,586.6,589.2,583.3,588.3,5446.89
1781024400000,588.3,592.9,588.0,591.3,1992.0
1781028000000,591.3,594.9,590.9,594.1,1819.49
1781031600000,594.1,596.6,593.0,596.4,1091.58
1781035200000,596.4,598.4,595.8,596.6,1647.55
1781038800000,596.6,597.1,593.7,594.3,1071.61
1781042400000,594.3,595.8,592.1,592.4,2379.62
1781046000000,592.4,593.6,590.7,593.0,1306.28
1781049600000,593.0,594.6,589.6,593.2,1852.68
1781053200000,593.2,594.0,590.4,591.5,1233.52
1781056800000,591.5,592.4,585.9,586.4,1453.11
1781060400000,586.4,589.0,586.0,587.3,611.5
1781064000000,587.3,587.9,583.7,584.9,1189.19
1781067600000,584.9,586.4,583.1,585.1,1926.09
1781071200000,585.1,586.4,583.5,585.6,1872.05
1781074800000,585.6,589.4,585.5,588.2,2307.14
1781078400000,588.2,588.3,583.5,584.2,1993.09
1781082000000,584.2,585.2,580.8,584.4,2399.07
1781085600000,584.4,585.5,582.6,584.0,922.34
1781089200000,584.0,584.6,580.3,582.4,3117.51
1781092800000,582.4,591.0,582.0,588.7,6244.51
1781096400000,588.7,596.2,587.4,592.5,5488.28
1781100000000,592.5,593.9,589.8,592.7,1992.92
1781103600000,592.7,598.4,590.8,596.5,3979.28
1781107200000,596.5,596.8,590.5,592.1,1867.44
1781110800000,592.1,593.6,587.2,589.7,2829.59
1781114400000,589.7,590.4,586.5,589.5,1482.72
1781118000000,589.5,590.1,586.8,587.6,810.45
1781121600000,587.6,588.8,585.8,586.9,1211.54
1781125200000,586.9,586.9,581.6,582.9,1777.07
1781128800000,582.9,585.6,581.9,583.6,1652.27
1781132400000,583.6,586.8,582.3,586.1,2660.78
1781136000000,586.1,589.5,586.1,588.6,1018.59
1781139600000,588.6,594.0,588.6,592.6,2056.44
1781143200000,592.6,592.8,589.0,591.9,1646.04
1781146800000,591.9,598.3,591.0,596.1,5826.46
1781150400000,596.1,596.2,593.7,594.8,1167.31
1781154000000,594.8,595.3,593.4,594.1,709.03
1781157600000,594.1,597.3,593.6,595.7,1167.41
1781161200000,595.7,598.0,594.7,597.8,605.19
1781164800000,597.8,603.3,597.8,600.7,5512.12
1781168400000,600.7,601.2,598.5,600.2,1224.12
1781172000000,600.2,600.5,598.1,599.7,1463.85
1781175600000,599.7,602.4,598.1,600.4,1660.05
1781179200000,600.4,601.0,597.0,599.7,3866.44
1781182800000,599.7,602.7,598.1,601.3,2619.54
1781186400000,601.3,601.9,597.6,598.5,1728.64
1781190000000,598.5,599.8,596.9,598.2,1439.28
1781193600000,598.2,600.3,597.6,598.2,1017.32
1781197200000,598.2,606.4,595.6,605.6,7525.33
1781200800000,605.6,607.2,603.0,604.5,1943.81
1781204400000,604.5,606.3,602.3,604.1,1809.59
1781208000000,604.1,604.3,600.4,602.1,1801.28
1781211600000,602.1,604.6,602.1,603.0,2041.19
1781215200000,603.0,604.8,602.8,603.1,371.44
1781218800000,603.1,605.9,602.1,605.3,1357.3
1781222400000,605.3,605.6,603.3,603.7,1324.41
1781226000000,603.7,603.9,600.9,601.4,1079.24
1781229600000,601.4,605.9,601.4,604.5,1592.47
1781233200000,604.5,604.5,601.9,601.9,789.01
1781236800000,601.9,604.6,601.5,603.3,908.64
1781240400000,603.3,603.4,600.0,600.2,837.65
1781244000000,600.2,601.5,596.2,597.8,2367.46
1781247600000,597.8,600.9,597.8,599.4,1141.4
1781251200000,599.4,605.5,599.4,604.9,1848.54
1781254800000,604.9,607.6,604.1,606.6,2021.18
1781258400000,606.6,607.7,604.1,605.7,2003.5
1781262000000,605.7,608.6,605.6,606.4,2030.22
1781265600000,606.4,606.4,604.5,606.1,1286.46
1781269200000,606.1,607.0,602.8,605.0,2961.99
1781272800000,605.0,610.0,604.7,609.3,2456.96
1781276400000,609.3,613.1,604.6,604.8,6457.89
1781280000000,604.8,608.6,604.0,608.2,1762.6
1781283600000,608.2,609.0,605.6,606.3,661.11
1781287200000,606.3,607.5,605.0,605.3,467.89
1781290800000,605.3,606.1,602.2,603.0,1154.14
1781294400000,603.0,604.3,602.2,602.5,680.02
1781298000000,602.5,604.2,602.0,603.1,1063.52
1781301600000,603.1,603.7,602.0,602.5,423.93
1781305200000,602.5,603.5,601.7,603.4,556.7
1781308800000,603.4,604.8,603.0,604.4,524.45
1781312400000,604.4,605.8,603.3,605.5,1325.93
1781316000000,605.5,605.5,602.7,603.2,1287.39
1781319600000,603.2,604.1,599.7,600.1,4036.51
1781323200000,600.1,600.8,599.1,599.3,956.24
1781326800000,599.3,600.2,599.1,600.0,458.6
1781330400000,600.0,602.6,600.0,602.2,1261.65
1781334000000,602.2,603.6,601.4,602.8,1130.74
1781337600000,602.8,604.1,602.2,603.6,1182.05
1781341200000,603.6,604.0,602.7,603.2,1015.66
1781344800000,603.2,605.2,603.2,604.4,668.24
1781348400000,604.4,607.0,604.3,606.4,498.95
1781352000000,606.4,608.8,605.8,608.5,1327.46
1781355600000,608.5,609.8,607.6,608.2,1449.05
1781359200000,608.2,610.3,607.7,610.1,1392.82
1781362800000,610.1,610.9,609.2,610.2,1434.49
1781366400000,610.2,610.3,607.1,608.4,3333.6
1781370000000,608.4,608.9,606.2,606.7,2681.38
1781373600000,606.7,608.4,606.6,607.3,668.55
1781377200000,607.3,608.4,607.0,608.1,370.88
1781380800000,608.1,608.8,607.3,608.6,574.36
1781384400000,608.6,612.3,608.1,609.3,2612.49
1781388000000,609.3,609.3,607.9,608.5,647.56
1781391600000,608.5,610.1,608.1,609.1,654.12
1781395200000,609.1,609.6,608.3,608.8,403.86
1781398800000,608.8,610.6,608.6,608.7,1138.73
1781402400000,608.7,610.2,608.5,608.9,320.76
1781406000000,608.9,609.7,608.0,609.6,827.95
1781409600000,609.6,609.8,607.3,608.3,762.18
1781413200000,608.3,609.5,608.0,609.4,559.25
1781416800000,609.4,611.7,609.4,610.9,1076.5
1781420400000,610.9,611.2,609.3,609.8,631.03
1781424000000,609.8,611.2,609.6,610.1,524.16
1781427600000,610.1,612.7,609.0,611.6,1298.43
1781431200000,611.6,612.8,610.2,610.6,1022.32
1781434800000,610.6,612.7,610.6,612.0,2047.52
1781438400000,612.0,612.1,609.4,610.7,874.18
1781442000000,610.7,611.8,610.6,610.8,1257.59
1781445600000,610.8,611.4,604.7,605.4,2431.19
1781449200000,605.4,607.9,605.3,607.6,766.87
1781452800000,607.6,608.2,605.4,605.7,1215.54
1781456400000,605.7,607.2,603.4,603.6,2135.87
1781460000000,603.6,604.9,603.2,603.9,993.69
1781463600000,603.9,604.4,602.5,602.7,1700.03
1781467200000,602.7,605.5,602.3,604.5,681.76
1781470800000,604.5,616.9,604.3,614.3,4020.57
1781474400000,614.3,616.3,611.2,613.8,2286.75
1781478000000,613.8,616.7,612.5,616.4,1799.22
1781481600000,616.4,617.8,614.4,615.2,3342.71
1781485200000,615.2,615.9,612.8,613.0,2038.61
1781488800000,613.0,616.4,612.1,615.1,1022.4
1781492400000,615.1,617.9,614.9,617.4,934.93
1781496000000,617.4,617.6,615.4,616.2,958.82
1781499600000,616.2,617.8,615.5,617.0,833.86
1781503200000,617.0,618.6,615.9,616.9,1609.83
1781506800000,616.9,617.2,614.9,615.0,1628.7
1781510400000,615.0,616.6,614.8,615.6,620.85
1781514000000,615.6,615.8,612.2,613.9,902.11
1781517600000,613.9,617.8,613.7,617.2,3801.07
1781521200000,617.2,622.7,616.2,620.2,7575.64
1781524800000,620.2,624.2,619.0,624.1,4320.5
1781528400000,624.1,632.5,623.2,626.0,8993.63
1781532000000,626.0,628.9,624.8,627.5,2630.95
1781535600000,627.5,629.7,623.9,628.5,5720.43
1781539200000,628.5,629.1,626.7,627.2,2580.91
1781542800000,627.2,627.2,623.4,624.9,2231.73
1781546400000,624.9,624.9,621.3,621.4,1531.24
1781550000000,621.4,623.7,618.1,620.3,2079.01
1781553600000,620.3,621.2,618.8,619.1,1486.89
1781557200000,619.1,620.6,617.5,618.8,2179.34
1781560800000,618.8,619.7,615.2,615.2,1642.85
1781564400000,615.2,617.6,614.8,617.4,953.77
1781568000000,617.4,618.7,615.0,615.3,2073.66
1781571600000,615.3,617.6,615.0,615.4,949.15
1781575200000,615.4,615.5,610.6,611.9,2501.51
1781578800000,611.9,614.9,611.3,614.7,1855.95
1781582400000,614.7,615.4,611.2,612.3,1233.52
1781586000000,612.3,614.5,612.2,613.3,1007.51
1781589600000,613.3,616.3,613.2,615.0,1506.98
1781593200000,615.0,618.7,614.9,615.4,3390.51
1781596800000,615.4,619.1,615.0,618.5,2877.54
1781600400000,618.5,618.8,614.1,614.6,3265.73
1781604000000,614.6,616.0,613.0,613.5,1403.92
1781607600000,613.5,614.5,612.7,613.9,1489.07
1781611200000,613.9,617.5,612.8,614.2,2950.73
1781614800000,614.2,614.2,598.1,605.8,40367.97
1781618400000,605.8,607.5,601.8,605.3,8864.53
1781622000000,605.3,607.4,604.5,606.1,1507.47
1781625600000,606.1,607.6,603.6,603.8,3244.68
1781629200000,603.8,608.5,603.6,607.5,1589.48
1781632800000,607.5,610.4,606.8,607.5,1995.66
1781636400000,607.5,607.9,605.5,606.7,1059.6
1781640000000,606.7,608.6,606.2,608.1,587.0
1781643600000,608.1,608.3,605.9,607.1,1523.24
1781647200000,607.1,607.8,605.0,606.0,884.58
1781650800000,606.0,606.9,604.3,604.7,889.24
1781654400000,604.7,606.4,604.5,605.0,2049.93
1781658000000,605.0,607.5,603.0,607.3,916.16
1781661600000,607.3,608.2,603.9,605.1,1628.78
1781665200000,605.1,605.5,603.7,604.5,717.94
1781668800000,604.5,609.2,604.1,607.3,1277.17
1781672400000,607.3,609.7,606.3,607.7,1205.91
1781676000000,607.7,608.1,605.2,606.9,1414.13
1781679600000,606.9,607.7,604.7,606.3,1425.44
1781683200000,606.3,606.4,601.1,602.1,3401.91
1781686800000,602.1,602.9,600.6,601.0,1061.9
1781690400000,601.0,602.8,600.8,601.7,693.0
1781694000000,601.7,604.4,600.7,603.7,2001.16
1781697600000,603.7,609.6,603.4,609.4,5555.42
1781701200000,609.4,612.5,608.4,608.5,7698.45
1781704800000,608.5,608.5,600.7,601.5,13056.63
1781708400000,601.5,606.1,601.3,605.3,4515.92
1781712000000,605.3,609.3,602.2,605.3,10353.73
1781715600000,605.3,609.3,604.8,608.4,3212.01
1781719200000,608.4,609.5,599.4,607.5,8944.36
1781722800000,607.5,609.0,596.6,598.3,9412.05
1781726400000,598.3,600.8,597.1,600.4,1976.16
1781730000000,600.4,601.6,598.6,599.0,1895.5
1781733600000,599.0,600.7,594.4,599.1,2369.74
1781737200000,599.1,601.9,599.0,601.2,680.73
1781740800000,601.2,603.0,601.0,602.0,1310.16
1781744400000,602.0,603.8,600.5,601.4,777.46
1781748000000,601.4,603.1,600.4,601.5,824.59
1781751600000,601.5,601.7,595.6,596.2,1895.41
1781755200000,596.2,596.6,590.2,590.9,4000.9
1781758800000,590.9,590.9,587.0,589.1,2906.42
1781762400000,589.1,590.1,587.0,588.9,3232.02
1781766000000,588.9,590.3,587.5,589.3,2651.69
1781769600000,589.3,592.2,588.5,591.1,2066.06
1781773200000,591.1,592.3,589.8,590.0,1336.22
1781776800000,590.0,590.8,588.4,589.8,1580.9
1781780400000,589.8,590.6,587.9,589.2,640.31
1781784000000,589.2,591.4,588.6,591.1,1892.18
1781787600000,591.1,592.1,587.0,589.0,1793.88
1781791200000,589.0,591.7,587.7,589.2,4373.82
1781794800000,589.2,589.2,572.7,573.4,14629.65
1781798400000,573.4,579.3,573.1,577.2,9856.79
1781802000000,577.2,577.9,574.2,575.8,2728.42
1781805600000,575.8,577.4,574.5,575.9,2672.31
1781809200000,575.9,579.1,575.4,578.7,2743.11
1781812800000,578.7,581.0,578.6,579.5,2166.21
1781816400000,579.5,579.9,577.6,579.2,2497.54
1781820000000,579.2,580.3,577.2,578.0,1187.22
1781823600000,578.0,578.6,576.7,578.2,1478.14
1781827200000,578.2,579.5,577.1,578.9,1260.49
1781830800000,578.9,582.1,578.9,581.5,1490.08
1781834400000,581.5,582.5,580.1,582.0,1125.67
1781838000000,582.0,582.9,575.6,577.9,4692.84
1781841600000,577.9,578.7,570.3,572.3,3155.6
1781845200000,572.3,575.6,572.2,575.3,867.83
1781848800000,575.3,576.8,573.1,574.3,1331.84
1781852400000,574.3,575.3,572.4,574.6,1436.21
1781856000000,574.6,574.9,573.0,573.8,1081.12
1781859600000,573.8,574.0,570.6,571.2,2118.09
1781863200000,571.2,573.0,570.5,572.6,1100.02
1781866800000,572.6,573.6,571.6,572.9,796.65
1781870400000,572.9,575.7,571.8,575.2,1984.76
1781874000000,575.2,577.9,572.8,577.2,2804.78
1781877600000,577.2,578.7,575.8,577.1,1047.29
1781881200000,577.1,579.2,576.0,578.3,1222.45
1781884800000,578.3,580.3,576.7,576.9,1504.46
1781888400000,576.9,579.8,576.6,579.5,1865.81
1781892000000,579.5,579.7,577.8,578.8,938.75
1781895600000,578.8,581.5,577.5,579.4,1395.88
1781899200000,579.4,581.5,578.5,581.2,1915.19
1781902800000,581.2,582.2,579.4,579.6,1236.36
1781906400000,579.6,581.3,579.5,580.2,312.63
1781910000000,580.2,582.0,579.6,581.1,631.4
1781913600000,581.1,582.4,580.4,580.6,590.28
1781917200000,580.6,581.4,579.9,580.9,371.64
1781920800000,580.9,581.2,579.7,579.8,422.43
1781924400000,579.8,581.1,579.7,580.4,225.9
1781928000000,580.4,581.1,580.0,580.8,530.41
1781931600000,580.8,584.2,580.7,582.5,2415.31
1781935200000,582.5,588.4,582.5,587.0,1893.79
1781938800000,587.0,589.3,585.1,587.4,1137.51
1781942400000,587.4,587.6,585.2,585.4,982.16
1781946000000,585.4,587.9,585.4,587.6,1615.26
1781949600000,587.6,587.7,585.4,586.7,891.11
1781953200000,586.7,587.6,586.1,586.2,989.09
1781956800000,586.2,587.0,585.5,586.2,1037.96
1781960400000,586.2,586.7,582.9,584.6,2343.15
1781964000000,584.6,588.1,581.8,585.8,3783.72
1781967600000,585.8,588.9,584.9,586.9,2437.26
1781971200000,586.9,587.2,585.1,586.6,645.74
1781974800000,586.6,586.6,583.8,585.2,870.56
1781978400000,585.2,586.7,585.0,585.1,312.91
1781982000000,585.1,586.4,585.0,585.7,691.18
1781985600000,585.7,586.4,584.8,586.2,354.94
1781989200000,586.2,587.0,585.5,586.2,938.08
1781992800000,586.2,588.2,585.9,587.7,1655.01
1781996400000,587.7,588.3,587.0,587.7,774.96
1782000000000,587.7,588.4,587.1,587.2,546.78
1782003600000,587.2,590.1,586.7,589.2,620.37
1782007200000,589.2,589.4,588.1,589.2,371.8
1782010800000,589.2,590.8,588.7,590.1,1104.83
1782014400000,590.1,590.6,588.7,589.0,461.03
1782018000000,589.0,590.3,588.5,589.5,854.68
1782021600000,589.5,591.6,588.7,590.0,1239.47
1782025200000,590.0,591.7,589.3,590.6,907.02
1782028800000,590.6,590.7,587.2,588.5,1671.35
1782032400000,588.5,590.2,587.9,589.7,753.99
1782036000000,589.7,591.8,589.5,589.9,990.54
1782039600000,589.9,590.4,587.7,588.1,834.15
1782043200000,588.1,588.3,584.9,586.9,3496.77
1782046800000,586.9,588.6,586.5,588.2,1073.68
1782050400000,588.2,589.6,587.5,589.5,2623.86
1782054000000,589.5,590.3,589.1,589.6,1325.76
1782057600000,589.6,590.0,588.3,589.5,850.07
1782061200000,589.5,591.3,589.5,590.7,631.0
1782064800000,590.7,592.0,588.8,591.3,2086.09
1782068400000,591.3,592.3,591.1,591.6,639.44
1782072000000,591.6,591.7,587.0,588.2,1373.6
1782075600000,588.2,588.5,584.8,587.4,2683.22
1782079200000,587.4,588.7,585.1,587.0,1858.11
1782082800000,587.0,587.1,583.2,583.8,1371.27
1782086400000,583.8,589.2,583.6,587.6,2196.69
1782090000000,587.6,595.2,586.8,594.2,6152.43
1782093600000,594.2,594.5,590.9,591.0,1460.45
1782097200000,591.0,592.4,588.6,589.6,2173.55
1782100800000,589.6,590.3,588.8,590.1,947.61
1782104400000,590.1,592.6,589.6,592.6,847.22
1782108000000,592.6,593.7,590.0,590.4,1560.1
1782111600000,590.4,594.8,590.3,593.7,1560.57
1782115200000,593.7,594.6,592.1,592.8,2136.36
1782118800000,592.8,593.4,592.0,592.8,586.35
1782122400000,592.8,592.9,590.8,591.8,896.51
1782126000000,591.8,597.9,591.4,597.0,2836.44
1782129600000,597.0,600.9,597.0,600.3,2708.86
1782133200000,600.3,602.0,598.9,601.7,2380.36
1782136800000,601.7,602.0,595.9,597.5,6522.8
1782140400000,597.5,599.0,595.1,595.8,2345.19
1782144000000,595.8,596.0,592.1,594.4,2828.02
1782147600000,594.4,595.4,592.6,595.1,805.68
1782151200000,595.1,596.6,592.7,592.9,1742.99
1782154800000,592.9,593.6,589.9,591.8,3638.47
1782158400000,591.8,592.7,589.3,591.0,801.38
1782162000000,591.0,591.7,588.5,590.7,1173.47
1782165600000,590.7,591.6,587.4,589.6,1535.37
1782169200000,589.6,590.7,588.6,589.8,818.86
1782172800000,589.8,591.3,588.4,591.0,1153.62
1782176400000,591.0,591.8,587.5,590.0,901.88
1782180000000,590.0,592.4,589.5,592.2,1074.02
1782183600000,592.2,592.2,589.2,591.6,934.54
1782187200000,591.6,591.9,586.6,586.6,1507.22
1782190800000,586.6,587.6,584.4,585.1,2149.02
1782194400000,585.1,585.6,576.7,580.7,11558.92
1782198000000,580.7,582.4,580.3,580.5,1197.64
1782201600000,580.5,580.9,569.9,573.5,8273.49
1782205200000,573.5,574.3,570.9,571.4,3179.48
1782208800000,571.4,573.1,570.3,571.6,3678.49
1782212400000,571.6,574.1,571.1,573.4,2602.78
1782216000000,573.4,575.0,572.5,573.2,1816.82
1782219600000,573.2,575.0,570.8,574.8,4191.95
1782223200000,574.8,576.7,572.8,573.4,3735.55
1782226800000,573.4,574.6,571.5,574.1,1726.99
1782230400000,574.1,576.7,573.6,574.3,1946.58
1782234000000,574.3,575.3,572.8,573.6,793.93
1782237600000,573.6,574.6,572.1,573.4,814.8
1782241200000,573.4,576.3,573.3,575.8,1657.99
1782244800000,575.8,576.6,575.1,575.9,497.4
1782248400000,575.9,577.3,575.7,576.6,1121.27
1782252000000,576.6,577.9,576.0,577.4,1012.72
1782255600000,577.4,578.8,576.3,577.9,2079.37
1782259200000,577.9,580.8,577.6,579.4,2513.87
1782262800000,579.4,581.4,578.5,579.1,1778.55
1782266400000,579.1,579.5,577.1,577.2,1174.94
1782270000000,577.2,578.5,575.0,577.6,3699.55
1782273600000,577.6,578.6,573.8,577.2,2793.43
1782277200000,577.2,581.1,576.9,579.5,921.24
1782280800000,579.5,580.4,578.5,578.7,613.36
1782284400000,578.7,578.9,576.0,576.6,2024.33
1782288000000,576.6,577.8,576.2,577.7,1491.69
1782291600000,577.7,577.7,575.8,576.7,510.73
1782295200000,576.7,576.7,574.9,575.2,922.37
1782298800000,575.2,581.9,573.3,579.4,4365.74
1782302400000,579.4,580.0,576.2,576.3,1935.9
1782306000000,576.3,576.6,567.7,569.6,7651.54
1782309600000,569.6,571.4,567.2,570.0,9028.24
1782313200000,570.0,570.0,560.6,561.0,6529.73
1782316800000,561.0,563.3,551.5,554.3,13796.85
1782320400000,554.3,556.7,546.1,548.4,8836.28
1782324000000,548.4,555.6,547.7,553.1,4058.91
1782327600000,553.1,555.1,551.7,555.0,2069.37
1782331200000,555.0,564.1,554.1,562.7,8356.94
1782334800000,562.7,563.9,559.6,563.9,2895.69
1782338400000,563.9,565.8,562.5,562.9,1775.22
1782342000000,562.9,564.6,562.3,564.2,1192.66
1782345600000,564.2,565.7,562.8,563.8,3217.56
1782349200000,563.8,566.5,563.2,566.0,1273.64
1782352800000,566.0,566.9,565.0,565.4,923.54
1782356400000,565.4,566.6,564.2,565.6,1724.07
1782360000000,565.6,568.6,563.5,568.2,1515.53
1782363600000,568.2,570.6,567.7,569.7,2103.46
1782367200000,569.7,572.4,569.7,570.9,1628.67
1782370800000,570.9,571.7,569.6,570.2,1919.33
1782374400000,570.2,570.3,569.0,569.2,1797.1
1782378000000,569.2,570.1,568.1,568.6,2004.98
1782381600000,568.6,568.7,562.9,563.6,2915.2
1782385200000,563.6,564.0,560.7,562.6,2783.67
1782388800000,562.6,566.5,560.9,562.7,3603.57
1782392400000,562.7,568.3,540.1,541.8,22312.74
1782396000000,541.8,559.0,541.7,552.6,21000.53
1782399600000,552.6,554.3,547.8,553.6,5295.54
1782403200000,553.6,557.0,552.0,553.8,2793.01
1782406800000,553.8,559.3,552.9,559.3,2181.63
1782410400000,559.3,559.9,554.3,555.1,4064.24
1782414000000,555.1,555.2,552.2,554.0,969.74
1782417600000,554.0,556.9,554.0,555.2,1282.75
1782421200000,555.2,561.5,555.1,561.1,2027.77
1782424800000,561.1,561.2,559.3,560.1,1050.07
1782428400000,560.1,562.8,559.0,560.4,956.42
1782432000000,560.4,564.4,559.7,560.6,5786.48
1782435600000,560.6,561.2,556.8,558.2,1482.53
1782439200000,558.2,558.4,550.1,552.1,5778.41
1782442800000,552.1,563.6,550.6,562.7,6424.73
1782446400000,562.7,563.2,559.4,560.2,3648.31
1782450000000,560.2,561.7,559.1,561.1,1085.14
1782453600000,561.1,565.0,558.8,563.9,2105.29
1782457200000,563.9,570.2,563.9,569.2,3028.11
1782460800000,569.2,569.9,566.6,568.4,3501.1
1782464400000,568.4,568.5,563.3,564.1,3572.97
1782468000000,564.1,566.3,562.9,564.0,4642.41
1782471600000,564.0,565.6,558.6,558.7,3185.92
1782475200000,558.7,561.0,554.2,556.0,8448.9
1782478800000,556.0,563.8,551.5,563.7,9026.23
1782482400000,563.7,564.7,558.9,559.6,4648.04
1782486000000,559.6,567.0,559.3,565.1,3100.51
1782489600000,565.1,568.8,562.7,566.8,3483.25
1782493200000,566.8,568.2,566.0,567.2,754.76
1782496800000,567.2,568.2,564.5,565.1,943.59
1782500400000,565.1,568.5,564.6,565.5,2829.22
1782504000000,565.5,568.2,564.2,564.8,2312.66
1782507600000,564.8,568.0,564.1,567.6,1539.97
1782511200000,567.6,568.3,565.4,567.9,862.49
1782514800000,567.9,568.4,566.8,567.3,455.82
1782518400000,567.3,568.4,565.5,567.3,1300.33
1782522000000,567.3,567.4,565.3,565.5,387.01
1782525600000,565.5,568.1,564.9,567.7,958.03
1782529200000,567.7,567.7,565.6,566.6,438.07
1782532800000,566.6,567.8,563.9,564.2,931.59
1782536400000,564.2,565.9,563.6,565.1,818.29
1782540000000,565.1,566.4,564.1,565.1,673.73
1782543600000,565.1,565.5,564.6,565.2,523.68
1782547200000,565.2,565.3,564.0,565.2,809.71
1782550800000,565.2,565.4,563.8,564.4,705.77
1782554400000,564.4,564.4,563.2,564.2,1102.46
1782558000000,564.2,564.3,562.1,562.9,727.81
1782561600000,562.9,564.3,562.1,563.9,535.26
1782565200000,563.9,565.2,563.3,563.9,918.89
1782568800000,563.9,564.9,562.9,564.2,663.77
1782572400000,564.2,566.8,564.0,565.2,1707.79
1782576000000,565.2,566.3,564.5,566.2,937.86
1782579600000,566.2,566.5,562.8,562.8,2201.61
1782583200000,562.8,563.1,561.4,561.8,1197.72
1782586800000,561.8,562.5,557.4,558.8,2204.84
1782590400000,558.8,559.6,558.6,559.3,513.73
1782594000000,559.3,562.9,556.0,557.2,3337.05
1782597600000,557.2,558.7,554.1,558.6,1130.44
1782601200000,558.6,558.8,556.5,556.8,786.92
1782604800000,556.8,558.0,556.4,557.4,895.35
1782608400000,557.4,557.9,556.1,557.6,294.55
1782612000000,557.6,558.4,556.4,557.1,499.54
1782615600000,557.1,558.5,557.0,558.3,505.45
1782619200000,558.3,558.3,556.4,556.6,357.95
1782622800000,556.6,556.8,554.3,555.6,761.65
1782626400000,555.6,556.0,553.6,554.5,569.83
1782630000000,554.5,556.5,554.5,556.1,406.08
1782633600000,556.1,558.6,555.0,557.0,941.19
1782637200000,557.0,557.6,554.7,554.9,576.0
1782640800000,554.9,555.8,553.8,554.8,413.02
1782644400000,554.8,557.1,554.5,556.9,1030.92
1782648000000,556.9,557.6,554.9,556.3,809.69
1782651600000,556.3,556.3,553.7,554.9,1652.0
1782655200000,554.9,556.7,554.5,554.6,1342.23
1782658800000,554.6,555.8,553.2,554.1,1206.94
1782662400000,554.1,554.4,551.0,552.0,1530.75
1782666000000,552.0,552.9,549.4,551.6,1373.93
1782669600000,551.6,553.5,550.9,553.5,1655.15
1782673200000,553.5,553.5,546.9,548.1,3093.03
1782676800000,548.1,555.0,547.8,549.6,7792.52
1782680400000,549.6,551.3,548.0,548.5,1176.01
1782684000000,548.5,552.9,545.4,547.0,2598.93
1782687600000,547.0,553.1,546.5,550.8,1288.32
1782691200000,550.8,552.9,546.3,552.6,2679.2
1782694800000,552.6,552.7,549.3,552.1,1007.37
1782698400000,552.1,554.6,547.0,553.6,2758.21
1782702000000,553.6,556.6,553.4,555.0,1768.68
1782705600000,555.0,555.1,550.5,551.0,1070.26
1782709200000,551.0,553.1,547.9,553.1,2063.47
1782712800000,553.1,555.2,552.6,553.8,2058.2
1782716400000,553.8,554.4,552.4,553.4,926.85
1782720000000,553.4,554.1,551.2,552.7,1077.35
1782723600000,552.7,554.6,552.1,553.4,1388.14
1782727200000,553.4,555.5,553.3,553.5,1300.27
1782730800000,553.5,554.3,550.1,551.5,2205.61
1782734400000,551.5,558.1,549.2,553.1,5439.07
1782738000000,553.1,555.5,548.6,550.3,5430.38
1782741600000,550.3,551.7,545.7,550.5,4054.18
1782745200000,550.5,552.4,547.2,551.5,1918.67
1782748800000,551.5,558.8,550.1,555.9,3048.88
1782752400000,555.9,562.6,555.8,561.0,4645.82
1782756000000,561.0,562.3,560.2,560.9,1406.97
1782759600000,560.9,562.7,559.8,561.6,1790.63
1782763200000,561.6,562.2,559.8,559.9,883.2
1782766800000,559.9,561.5,559.2,561.0,1605.84
1782770400000,561.0,561.6,559.9,560.0,1004.71
1782774000000,560.0,560.4,559.1,559.4,760.41
1782777600000,559.4,560.2,555.0,555.6,2664.94
1782781200000,555.6,557.0,554.7,555.6,1876.3
1782784800000,555.6,557.1,554.2,556.3,715.5
1782788400000,556.3,556.6,553.5,553.5,1004.84
1782792000000,553.5,554.4,551.3,552.8,1620.19
1782795600000,552.8,553.9,551.6,553.8,800.24
1782799200000,553.8,553.9,552.2,553.1,509.23
1782802800000,553.1,553.3,551.5,552.1,890.57
1782806400000,552.1,552.5,549.2,549.7,3608.31
1782810000000,549.7,551.0,548.9,549.5,2244.44
1782813600000,549.5,550.3,548.8,549.0,726.58
1782817200000,549.0,549.3,546.5,547.3,2284.15
1782820800000,547.3,547.3,543.4,543.4,3061.91
1782824400000,543.4,548.3,543.2,548.0,3646.93
1782828000000,548.0,551.5,544.5,545.2,3531.35
1782831600000,545.2,547.1,543.3,544.5,2448.66
1782835200000,544.5,547.6,544.4,546.5,3184.11
1782838800000,546.5,548.5,545.5,546.5,2101.94
1782842400000,546.5,548.3,545.1,546.7,809.09
1782846000000,546.7,547.7,545.5,547.1,1031.47
1782849600000,547.1,547.3,544.8,545.3,700.48
1782853200000,545.3,545.5,543.9,544.8,1786.42
1782856800000,544.8,545.7,544.0,544.5,1236.18
1782860400000,544.5,546.4,544.5,546.1,433.1
1782864000000,546.1,547.9,544.9,547.6,1862.24
1782867600000,547.6,549.6,539.5,547.7,6702.59
1782871200000,547.7,550.4,547.0,549.6,1729.72
1782874800000,549.6,552.6,548.4,551.3,2168.14
1782878400000,551.3,552.4,550.3,550.8,837.46
1782882000000,550.8,551.5,549.6,550.6,1014.41
1782885600000,550.6,550.8,544.6,545.7,2718.1
1782889200000,545.7,547.3,544.9,546.6,680.66
1782892800000,546.6,547.1,543.6,546.9,909.53
1782896400000,546.9,547.4,544.3,545.0,1842.62
1782900000000,545.0,545.4,541.4,541.9,2426.08
1782903600000,541.9,544.1,536.8,542.3,7860.68
1782907200000,542.3,543.3,541.0,542.3,2112.18
1782910800000,542.3,550.5,542.3,548.8,4885.95
1782914400000,548.8,552.2,547.1,549.2,3956.26
1782918000000,549.2,555.4,549.1,554.3,4813.7
1782921600000,554.3,554.9,550.6,551.5,3133.36
1782925200000,551.5,554.3,550.1,554.1,2175.74
1782928800000,554.1,554.3,552.0,552.7,1435.78
1782932400000,552.7,553.8,550.4,551.0,2279.35
1782936000000,551.0,552.3,549.7,552.2,644.14
1782939600000,552.2,556.9,552.2,556.1,3061.44
1782943200000,556.1,559.4,552.9,553.6,3130.26
1782946800000,553.6,553.6,549.8,550.1,3835.37
1782950400000,550.1,550.3,545.8,547.4,1393.16
1782954000000,547.4,551.5,547.4,550.0,1437.18
1782957600000,550.0,551.4,548.6,550.6,798.43
1782961200000,550.6,558.6,549.7,556.5,5452.93
1782964800000,556.5,556.5,552.4,553.9,2228.1
1782968400000,553.9,553.9,551.6,551.6,1732.15
1782972000000,551.6,551.9,548.7,548.7,904.91
1782975600000,548.7,549.6,548.3,549.0,1568.24
1782979200000,549.0,550.8,548.9,550.4,1810.09
1782982800000,550.4,555.7,549.6,554.2,4358.77
1782986400000,554.2,556.4,553.5,555.6,2602.74
1782990000000,555.6,561.5,555.3,559.6,6318.65
1782993600000,559.6,562.9,559.0,562.8,4982.26
1782997200000,562.8,566.9,561.2,564.8,8687.82
1783000800000,564.8,566.0,559.6,561.7,4551.02
1783004400000,561.7,563.2,559.9,562.1,1151.12
1783008000000,562.1,563.8,558.9,561.5,2150.74
1783011600000,561.5,563.1,559.5,560.2,3249.05
1783015200000,560.2,561.5,559.4,559.7,730.83
1783018800000,559.7,560.0,557.5,557.7,1497.78
1783022400000,557.7,558.6,557.0,558.0,1151.93
1783026000000,558.0,558.0,556.8,557.0,1206.12
1783029600000,557.0,557.8,555.8,557.0,912.76
1783033200000,557.0,559.3,556.3,558.5,1910.58
1783036800000,558.5,558.9,556.7,557.3,1416.52
1783040400000,557.3,561.6,556.7,561.0,2279.72
1783044000000,561.0,561.4,558.7,561.2,1228.3
1783047600000,561.2,561.4,559.0,560.7,840.96
1783051200000,560.7,561.2,559.7,560.2,943.83
1783054800000,560.2,562.8,559.9,562.0,1387.82
1783058400000,562.0,563.7,561.0,561.2,1321.13
1783062000000,561.2,562.2,560.7,561.4,1009.7
1783065600000,561.4,563.9,561.2,562.1,1094.12
1783069200000,562.1,564.4,561.5,562.7,1042.53
1783072800000,562.7,566.3,562.5,565.8,1723.69
1783076400000,565.8,567.3,564.9,566.4,1834.52
1783080000000,566.4,567.5,564.1,564.8,2037.94
1783083600000,564.8,567.8,564.4,566.7,1545.25
1783087200000,566.7,566.7,563.1,565.6,1507.12
1783090800000,565.6,568.3,564.5,565.5,1499.33
1783094400000,565.5,567.0,564.4,566.6,1040.65
1783098000000,566.6,568.1,566.2,567.7,750.96
1783101600000,567.7,568.6,567.4,568.2,990.24
1783105200000,568.2,571.3,567.6,569.6,2973.99
1783108800000,569.6,574.6,569.4,573.0,2722.73
1783112400000,573.0,574.9,571.6,573.8,1924.43
1783116000000,573.8,574.2,572.2,573.1,1279.68
1783119600000,573.1,575.1,572.5,573.7,1563.62
1783123200000,573.7,575.4,573.2,573.9,1291.2
1783126800000,573.9,573.9,570.8,571.7,982.11
1783130400000,571.7,572.4,570.9,571.7,829.17
1783134000000,571.7,572.8,571.2,572.1,707.93
1783137600000,572.1,572.9,571.2,572.9,1006.91
1783141200000,572.9,572.9,569.5,570.9,1445.81
1783144800000,570.9,572.1,568.3,569.7,1411.23
1783148400000,569.7,569.8,568.3,569.4,1515.33
1783152000000,569.4,576.0,568.9,574.9,2407.4
1783155600000,574.9,575.0,571.7,572.2,1981.28
1783159200000,572.2,572.4,570.9,571.6,1961.17
1783162800000,571.6,572.3,570.7,571.5,994.79
1783166400000,571.5,573.1,571.4,572.9,975.13
1783170000000,572.9,574.1,571.7,572.9,1296.65
1783173600000,572.9,575.7,572.8,574.3,3344.07
1783177200000,574.3,577.9,573.7,576.4,4281.87
1783180800000,576.4,576.5,574.5,575.5,1591.72
1783184400000,575.5,578.3,574.0,578.1,1882.22
1783188000000,578.1,578.3,576.0,576.4,1523.07
1783191600000,576.4,576.7,575.2,575.4,4087.81
1783195200000,575.4,575.7,572.8,572.8,2238.75
1783198800000,572.8,575.1,572.3,574.3,1783.84
1783202400000,574.3,578.1,574.1,576.4,6976.87
1783206000000,576.4,576.5,573.2,574.8,1835.95
1783209600000,574.8,575.0,571.7,572.7,1476.06
1783213200000,572.7,573.4,569.4,571.6,2341.46
1783216800000,571.6,571.8,567.4,569.2,1880.07
1783220400000,569.2,570.8,569.1,570.1,1383.87
1783224000000,570.1,571.9,569.6,571.1,1276.94
1783227600000,571.1,572.0,569.9,571.4,1092.89
1783231200000,571.4,572.2,570.2,571.4,916.16
1783234800000,571.4,575.5,571.1,575.3,1567.38
1783238400000,575.3,578.8,574.7,578.2,4107.23
1783242000000,578.2,578.2,572.0,574.2,3878.7
1783245600000,574.2,575.9,573.4,575.6,1015.94
1783249200000,575.6,578.0,574.0,576.6,2042.5
1783252800000,576.6,586.4,575.9,583.5,8662.42
1783256400000,583.5,587.5,581.9,586.6,5763.62
1783260000000,586.6,589.8,585.9,587.0,4024.02
1783263600000,587.0,589.6,586.3,587.0,3305.6
1783267200000,587.0,588.7,584.6,585.6,4128.76
1783270800000,585.6,587.0,584.4,585.1,930.81
1783274400000,585.1,591.9,583.2,590.4,5924.93
1783278000000,590.4,590.9,588.5,589.1,2788.86
1783281600000,589.1,590.3,587.0,587.8,2111.68
1783285200000,587.8,591.0,585.6,589.3,2921.28
1783288800000,589.3,593.2,588.4,591.2,3726.91
1783292400000,591.2,592.7,588.7,589.6,2671.08
1783296000000,589.6,591.6,586.6,591.5,4886.15
1783299600000,591.5,592.9,588.1,588.1,3628.16
1783303200000,588.1,588.9,585.0,586.1,2276.83
1783306800000,586.1,586.3,582.5,585.0,1724.32
1783310400000,585.0,585.3,583.2,583.6,987.51
1783314000000,583.6,584.2,580.8,582.8,2378.86
1783317600000,582.8,582.9,581.2,582.1,879.64
1783321200000,582.1,582.6,580.6,581.7,1223.16
1783324800000,581.7,582.5,579.6,580.2,1815.24
1783328400000,580.2,580.3,575.7,577.0,3641.12
1783332000000,577.0,580.6,576.9,579.8,2031.39
1783335600000,579.8,580.8,577.5,577.5,1073.15
1783339200000,577.5,577.5,571.5,571.7,9217.26
1783342800000,571.7,574.9,569.8,572.7,5331.75
1783346400000,572.7,578.6,572.6,576.8,3414.99
1783350000000,576.8,584.7,576.6,584.5,4995.38
1783353600000,584.5,586.4,583.0,585.2,5649.89
1783357200000,585.2,586.0,582.5,582.9,2940.47
1783360800000,582.9,585.1,582.6,584.0,1179.95
1783364400000,584.0,585.9,583.7,584.9,1588.54
1783368000000,584.9,586.1,583.3,585.5,2247.02
1783371600000,585.5,591.8,585.5,589.2,4920.23
1783375200000,589.2,589.3,587.1,587.8,1279.91
1783378800000,587.8,588.7,585.2,585.8,2036.83
1783382400000,585.8,587.5,585.3,586.7,1767.8
1783386000000,586.7,586.7,582.1,582.7,1575.83
1783389600000,582.7,583.4,580.0,580.6,1411.74
1783393200000,580.6,581.5,577.7,578.9,1374.82
1783396800000,578.9,579.1,577.3,578.6,2269.65
1783400400000,578.6,579.5,576.0,578.6,1630.94
1783404000000,578.6,580.4,577.8,579.6,1581.64
1783407600000,579.6,580.2,578.0,578.1,927.29
1783411200000,578.1,578.3,576.3,577.0,982.48
1783414800000,577.0,578.2,576.5,577.7,533.54
1783418400000,577.7,579.7,577.5,578.1,1456.9
1783422000000,578.1,580.2,577.1,579.9,946.35
1783425600000,579.9,582.0,579.7,580.5,1838.78
1783429200000,580.5,580.9,576.5,577.1,3976.26
1783432800000,577.1,581.1,574.8,580.7,3273.23
1783436400000,580.7,585.5,579.1,584.3,4901.62
1783440000000,584.3,586.8,583.0,585.0,1480.99
1783443600000,585.0,586.2,583.9,585.6,1186.89
1783447200000,585.6,585.6,582.0,582.0,1232.07
1783450800000,582.0,584.0,579.6,583.0,2680.66
1783454400000,583.0,583.5,579.8,580.4,1279.24
1783458000000,580.4,581.1,577.3,577.6,2054.05
1783461600000,577.6,579.2,576.2,578.3,1182.11
1783465200000,578.3,578.9,576.0,576.4,366.08
1783468800000,576.4,578.5,575.7,578.2,2163.04
1783472400000,578.2,578.6,570.8,571.6,3079.53
1783476000000,571.6,571.8,566.8,570.7,6914.64
1783479600000,570.7,572.1,568.1,568.6,4258.53
1783483200000,568.6,569.5,567.8,569.1,1062.1
1783486800000,569.1,569.9,567.1,567.8,572.76
1783490400000,567.8,567.9,565.4,566.1,1493.44
1783494000000,566.1,567.7,564.8,567.5,2803.73
1783497600000,567.5,568.3,560.2,561.1,7390.37
1783501200000,561.1,563.0,559.9,561.1,2887.96
1783504800000,561.1,563.0,560.1,562.4,2685.13
1783508400000,562.4,569.2,561.8,565.7,7669.17
1783512000000,565.7,566.4,563.5,563.7,4049.78
1783515600000,563.7,565.8,562.5,565.1,2232.55
1783519200000,565.1,567.0,563.0,564.1,2073.28
1783522800000,564.1,564.4,560.6,562.0,2303.77
1783526400000,562.0,566.5,561.4,566.2,5562.38
1783530000000,566.2,567.6,564.1,564.4,1357.93
1783533600000,564.4,566.7,563.9,566.0,815.89
1783537200000,566.0,567.3,565.2,566.7,1012.18
1783540800000,566.7,567.4,565.5,565.9,1131.55
1783544400000,565.9,566.8,564.3,566.6,1152.83
1783548000000,566.6,568.0,566.2,567.7,751.73
1783551600000,567.7,568.6,566.8,568.4,949.25
1783555200000,568.4,569.0,567.3,568.3,798.83
1783558800000,568.3,572.6,566.7,566.9,1572.22
1783562400000,566.9,569.3,565.7,565.8,1062.87
1783566000000,565.8,568.3,565.2,568.0,528.43
1783569600000,568.0,570.4,567.4,570.3,724.64
1783573200000,570.3,573.6,569.1,573.5,1451.04
1783576800000,573.5,575.0,572.2,574.6,1356.24
1783580400000,574.6,576.6,572.1,572.5,2375.08
1783584000000,572.5,573.2,571.8,572.1,1522.13
1783587600000,572.1,573.2,570.4,572.7,1143.83
1783591200000,572.7,573.1,569.1,569.6,1121.27
1783594800000,569.6,570.3,568.5,569.5,1178.27
1783598400000,569.5,570.4,567.6,568.7,2260.0
1783602000000,568.7,571.8,567.5,570.7,1200.17
1783605600000,570.7,571.7,568.4,571.6,1190.41
1783609200000,571.6,572.7,570.2,570.7,1411.67
1783612800000,570.7,571.2,568.8,569.4,913.56
1783616400000,569.4,572.2,569.0,571.1,1703.29
1783620000000,571.1,573.3,570.5,571.5,1700.12
1783623600000,571.5,571.5,569.6,569.7,828.69
1783627200000,569.7,570.3,568.9,569.6,525.68
1783630800000,569.6,570.8,569.6,569.9,992.25
1783634400000,569.9,570.7,569.3,570.0,785.19
1783638000000,570.0,570.1,568.2,568.3,555.49
1783641600000,568.3,570.2,567.7,570.2,1470.02
1783645200000,570.2,576.3,569.2,574.6,2562.97
1783648800000,574.6,575.5,573.6,575.1,1174.18
1783652400000,575.1,575.5,574.1,575.1,547.53
1783656000000,575.1,577.1,574.6,575.9,910.74
1783659600000,575.9,577.9,575.1,577.0,1522.74
1783663200000,577.0,577.5,575.7,576.2,898.07
1783666800000,576.2,576.9,573.6,573.9,638.11
1783670400000,573.9,576.9,573.7,575.8,1333.04
1783674000000,575.8,576.9,574.4,576.4,573.5
1783677600000,576.4,577.3,575.2,576.1,1058.51
1783681200000,576.1,576.7,574.4,575.1,976.89
1783684800000,575.1,576.6,573.1,573.3,2642.34
1783688400000,573.3,576.3,572.6,575.3,944.24
1783692000000,575.3,575.3,569.1,571.8,2469.27
1783695600000,571.8,574.1,571.7,573.5,1564.98
1783699200000,573.5,577.3,573.4,576.8,1421.78
1783702800000,576.8,578.2,575.7,575.7,1092.92
1783706400000,575.7,577.2,574.4,575.0,806.16
1783710000000,575.0,576.4,573.6,575.7,668.69
1783713600000,575.7,576.1,574.4,575.0,384.31
1783717200000,575.0,576.7,574.3,575.5,782.77
1783720800000,575.5,576.1,575.3,575.6,250.06
1783724400000,575.6,576.0,574.8,575.0,291.18
1783728000000,575.0,575.4,574.0,574.3,774.47
1783731600000,574.3,575.7,572.7,572.8,1391.14
1783735200000,572.8,574.7,572.5,574.7,409.03
1783738800000,574.7,575.7,573.9,574.7,1352.5
1783742400000,574.7,575.7,574.2,575.0,289.48
1783746000000,575.0,576.0,574.5,575.0,485.0
1783749600000,575.0,576.1,574.6,575.8,290.59
1783753200000,575.8,577.4,575.7,576.6,1008.8
1783756800000,576.6,578.9,576.3,578.9,954.79
1783760400000,578.9,579.6,576.8,577.4,964.82
1783764000000,577.4,578.6,576.7,578.6,692.81
1783767600000,578.6,579.0,577.5,579.0,689.34
1783771200000,579.0,580.2,578.5,579.3,1342.95
1783774800000,579.3,581.8,579.0,581.0,888.97
1783778400000,581.0,582.7,580.7,581.4,974.93
1783782000000,581.4,581.8,577.6,579.5,2127.68
1783785600000,579.5,580.2,579.0,579.6,821.35
1783789200000,579.6,580.9,579.3,580.3,315.68
1783792800000,580.3,581.1,580.1,580.6,521.14
1783796400000,580.6,581.2,580.0,580.3,374.26
1783800000000,580.3,581.2,580.3,580.6,468.86
1783803600000,580.6,581.1,580.5,580.8,764.02
1783807200000,580.8,581.9,579.4,579.9,1866.58
1783810800000,579.9,580.3,574.2,574.2,3448.19
1783814400000,574.2,574.8,569.8,570.8,2372.49
1783818000000,570.8,573.6,570.4,573.4,1635.18
1783821600000,573.4,574.0,572.3,573.7,987.27
1783825200000,573.7,575.3,573.4,574.9,688.14
1783828800000,574.9,575.5,573.3,573.8,1012.66
1783832400000,573.8,574.0,572.1,572.7,1077.11
1783836000000,572.7,572.7,569.7,571.4,1420.73
1783839600000,571.4,572.5,571.1,572.0,734.24
1783843200000,572.0,573.6,571.8,573.3,1831.69
1783846800000,573.3,574.7,571.9,574.0,1064.93
1783850400000,574.0,574.5,573.3,574.2,385.67
1783854000000,574.2,580.3,573.3,579.8,4668.08
1783857600000,579.8,584.5,579.8,582.1,8352.88
1783861200000,582.1,582.3,580.4,581.0,1525.64
1783864800000,581.0,582.7,579.3,581.6,2198.96
1783868400000,581.6,581.6,580.1,580.9,1283.95
1783872000000,580.9,581.9,580.7,580.9,750.06
1783875600000,580.9,581.1,578.7,579.1,1479.91
1783879200000,579.1,579.6,578.7,579.1,692.97
1783882800000,579.1,579.7,578.5,579.6,511.13
1783886400000,579.6,579.7,578.1,578.6,623.62
1783890000000,578.6,579.1,575.4,575.4,1713.69
1783893600000,575.4,575.4,572.3,573.6,3451.9
1783897200000,573.6,574.5,572.7,573.4,641.28
1783900800000,573.4,579.5,572.4,577.5,4154.65
1783904400000,577.5,578.7,571.7,571.9,2991.25
1783908000000,571.9,573.3,570.3,571.6,3359.18
1783911600000,571.6,571.6,566.1,568.6,3068.78
1783915200000,568.6,569.2,566.7,566.8,1144.57
1783918800000,566.8,569.1,565.8,568.2,1196.1
1783922400000,568.2,569.0,567.3,568.3,422.98
1783926000000,568.3,570.2,567.5,569.7,944.32
1783929600000,569.7,570.7,569.1,570.1,460.51
1783933200000,570.1,570.1,569.0,569.3,885.76
1783936800000,569.3,570.1,568.1,569.3,889.82
1783940400000,569.3,570.6,569.1,569.3,2417.92
1783944000000,569.3,569.7,567.3,568.1,1224.98
1783947600000,568.1,569.3,566.1,567.9,1990.61
1783951200000,567.9,571.0,565.4,570.5,5158.51
1783954800000,570.5,571.5,568.0,568.5,1029.04
1783958400000,568.5,568.6,565.3,565.7,2038.06
1783962000000,565.7,566.4,562.0,562.2,2571.82
1783965600000,562.2,564.9,561.8,564.0,3197.32
1783969200000,564.0,566.0,563.6,565.9,998.97
1783972800000,565.9,566.3,564.1,565.1,848.6
1783976400000,565.1,565.3,562.7,564.5,1035.21
1783980000000,564.5,566.3,564.4,565.0,571.19
1783983600000,565.0,567.2,564.8,567.1,642.5
1783987200000,567.1,569.5,566.4,568.9,1797.73
1783990800000,568.9,570.3,568.3,569.6,1073.71
1783994400000,569.6,570.1,567.3,569.6,808.74
1783998000000,569.6,570.2,567.7,569.8,1444.75
1784001600000,569.8,571.1,569.6,570.8,1004.68
1784005200000,570.8,571.5,569.7,570.2,1042.57
1784008800000,570.2,570.3,568.7,569.0,914.47
1784012400000,569.0,570.1,568.6,569.9,729.48
1784016000000,569.9,571.4,568.8,570.5,1346.5
1784019600000,570.5,571.0,569.3,569.8,801.68
1784023200000,569.8,571.0,569.1,570.6,606.63
1784026800000,570.6,571.1,570.2,570.6,354.66
1784030400000,570.6,577.8,569.9,577.2,6807.37
1784034000000,577.2,582.0,576.0,579.0,6822.27
1784037600000,579.0,582.1,577.7,581.4,4574.84
1784041200000,581.4,584.6,581.1,582.7,3434.77
1784044800000,582.7,583.5,581.6,581.7,2008.04
1784048400000,581.7,581.7,579.1,580.7,2156.5
1784052000000,580.7,581.1,579.6,579.8,764.17
1784055600000,579.8,581.4,579.7,580.6,1559.26
1784059200000,580.6,580.9,579.3,579.8,580.47
1784062800000,579.8,581.2,579.4,580.6,887.56
1784066400000,580.6,582.8,578.9,581.4,1803.71
1784070000000,581.4,582.7,580.8,581.7,2363.28
1784073600000,581.7,582.9,581.3,582.2,3034.49
1784077200000,582.2,582.3,580.0,580.2,2815.89
1784080800000,580.2,581.4,579.4,580.1,3673.87
1784084400000,580.1,581.4,579.6,580.9,1958.98
1784088000000,580.9,581.4,577.1,579.7,1984.31
1784091600000,579.7,580.9,578.5,580.6,1518.91
1784095200000,580.6,582.3,579.6,579.7,2003.35
1784098800000,579.7,580.1,576.3,576.4,4105.21
1784102400000,576.4,577.5,575.5,576.9,2693.98
1784106000000,576.9,577.7,576.2,576.8,2561.18
1784109600000,576.8,578.5,576.6,578.5,650.83
1784113200000,578.5,578.8,577.5,578.8,772.93
1784116800000,578.8,584.3,576.8,582.3,7264.97
1784120400000,582.3,585.1,580.7,582.4,4677.1
1784124000000,582.4,583.6,580.0,581.3,4939.59
1784127600000,581.3,582.0,579.9,581.4,1759.3
1784131200000,581.4,581.5,576.2,578.3,3569.71
1784134800000,578.3,580.6,578.1,579.8,1743.54
1784138400000,579.8,581.7,579.3,579.5,921.98
1784142000000,579.5,580.2,578.3,579.3,989.87
1784145600000,579.3,581.2,579.1,580.6,771.98
1784149200000,580.6,581.3,580.4,580.9,1654.69
1784152800000,580.9,581.7,580.4,580.8,1124.96
1784156400000,580.8,581.5,579.8,580.3,939.04
1784160000000,580.3,582.4,577.8,579.3,1991.75
1784163600000,579.3,580.2,577.6,579.7,1691.63
1784167200000,579.7,580.3,579.3,580.1,473.7
1784170800000,580.1,581.3,579.9,581.2,480.15
1784174400000,581.2,582.0,580.3,580.6,750.5
1784178000000,580.6,585.7,580.6,583.6,3912.46
1784181600000,583.6,584.6,581.3,582.8,1333.36
1784185200000,582.8,582.9,578.7,579.8,1661.42
1784188800000,579.8,580.0,574.2,576.7,5936.42
1784192400000,576.7,577.8,576.4,577.2,1098.96
1784196000000,577.2,578.0,576.9,577.3,1081.87
1784199600000,577.3,578.2,576.0,577.9,2359.42
1784203200000,577.9,577.9,575.2,576.4,2631.85
1784206800000,576.4,579.3,575.8,578.1,1825.5
1784210400000,578.1,581.1,577.9,579.6,2095.87
1784214000000,579.6,580.7,576.9,579.3,1271.8
1784217600000,579.3,579.4,576.6,576.8,1315.78
1784221200000,576.8,576.8,573.9,574.9,1847.91
1784224800000,574.9,576.4,574.6,575.7,1004.95
1784228400000,575.7,576.1,574.8,575.4,710.03
1784232000000,575.4,575.6,574.5,574.5,434.35
1784235600000,574.5,576.5,574.2,576.0,1258.32
1784239200000,576.0,576.6,573.4,573.4,674.83
1784242800000,573.4,573.6,571.2,572.1,1498.0
1784246400000,572.1,573.5,570.2,573.5,2025.91
1784250000000,573.5,574.5,570.8,571.3,1036.44
1784253600000,571.3,571.9,569.9,570.6,1072.21
1784257200000,570.6,573.1,570.4,572.1,675.82
1784260800000,572.1,572.3,570.0,571.6,828.29
1784264400000,571.6,571.6,566.8,567.3,2602.15
1784268000000,567.3,569.6,566.8,569.6,1101.36
1784271600000,569.6,569.9,565.8,565.8,1224.44
1784275200000,565.8,565.8,562.4,564.3,1893.43
1784278800000,564.3,565.3,563.8,564.0,1765.51
1784282400000,564.0,565.2,563.4,563.8,4459.57
1784286000000,563.8,564.7,562.6,564.4,3128.59
1784289600000,564.4,564.8,561.0,561.1,3084.47
1784293200000,561.1,561.1,555.1,560.0,7585.64
1784296800000,560.0,562.7,559.7,561.6,1942.74
1784300400000,561.6,562.6,558.9,562.6,2625.54
1784304000000,562.6,564.6,561.8,563.9,3043.61
1784307600000,563.9,567.4,563.9,565.8,2760.03
1784311200000,565.8,567.7,565.4,567.0,969.19
1784314800000,567.0,567.8,565.3,567.8,828.74
1784318400000,567.8,568.0,566.7,567.6,1392.14
1784322000000,567.6,568.9,567.6,568.2,1417.65
1784325600000,568.2,568.5,566.7,567.2,603.11
1784329200000,567.2,568.2,566.2,567.7,301.71
1784332800000,567.7,568.9,567.2,567.7,700.77
1784336400000,567.7,567.7,566.4,566.6,352.86
1784340000000,566.6,568.1,566.0,567.5,1786.86
1784343600000,567.5,568.6,567.5,568.1,458.77
1784347200000,568.1,568.2,566.6,566.9,636.27
1784350800000,566.9,567.3,566.5,567.2,799.95
1784354400000,567.2,568.1,565.8,566.7,1081.01
1784358000000,566.7,567.6,566.7,567.6,563.38
1784361600000,567.6,568.5,567.3,567.4,681.25
1784365200000,567.4,568.5,567.2,568.0,779.29
1784368800000,568.0,569.4,568.0,569.2,812.59
1784372400000,569.2,570.2,569.2,569.4,1312.09
1784376000000,569.4,571.6,568.6,571.0,1925.07
1784379600000,571.0,571.0,568.6,569.1,1159.15
1784383200000,569.1,570.7,568.6,570.4,464.27
1784386800000,570.4,570.5,569.3,570.4,213.43
1784390400000,570.4,571.0,569.7,570.7,707.81
1784394000000,570.7,572.5,570.1,571.0,1437.78
1784397600000,571.0,572.3,570.0,570.3,1242.97
1784401200000,570.3,571.2,570.0,570.4,299.33
1784404800000,570.4,572.0,570.2,571.2,341.42
1784408400000,571.2,572.1,569.9,570.4,2168.01
1784412000000,570.4,571.1,569.4,570.0,595.87
1784415600000,570.0,570.7,569.3,570.4,969.81
1784419200000,570.4,571.3,570.4,570.7,505.04
1784422800000,570.7,570.8,569.9,570.2,580.19
1784426400000,570.2,572.3,570.2,570.7,604.99
1784430000000,570.7,570.8,568.4,568.7,662.74
1784433600000,568.7,569.0,566.8,568.5,1175.28
1784437200000,568.5,569.0,568.2,568.5,419.96
1784440800000,568.5,568.9,568.2,568.8,629.95
1784444400000,568.8,569.4,568.2,568.6,464.58
1784448000000,568.6,569.1,568.0,568.4,969.91
1784451600000,568.4,568.5,566.8,567.8,575.71
1784455200000,567.8,568.6,567.2,567.9,475.67
1784458800000,567.9,569.8,567.4,567.8,526.37
1784462400000,567.8,567.8,566.5,567.7,1165.78
1784466000000,567.7,568.0,566.8,568.0,1021.65
1784469600000,568.0,569.6,567.5,569.4,708.79
1784473200000,569.4,570.5,569.0,569.7,1064.89
1784476800000,569.7,570.2,567.7,568.0,1493.55
1784480400000,568.0,569.3,566.6,567.9,825.9
1784484000000,567.9,567.9,566.0,567.0,892.65
1784487600000,567.0,567.8,566.5,567.8,494.87
1784491200000,567.8,569.5,567.8,569.4,537.82
1784494800000,569.4,569.6,567.7,568.4,708.93
1784498400000,568.4,571.6,568.1,570.5,1205.64
1784502000000,570.5,571.6,569.4,570.8,1056.71
1784505600000,570.8,573.9,568.3,569.2,3092.12
1784509200000,569.2,572.6,567.8,568.8,2430.57
1784512800000,568.8,571.3,568.4,570.1,1081.85
1784516400000,570.1,570.7,568.7,569.8,841.43
1784520000000,569.8,569.9,567.1,567.1,530.11
1784523600000,567.1,567.2,563.5,564.9,2076.84
1784527200000,564.9,565.3,562.5,564.0,1505.66
1784530800000,564.0,566.7,563.4,566.3,1343.99
1784534400000,566.3,566.7,564.1,564.9,1292.47
1784538000000,564.9,566.8,564.5,565.6,546.93
1784541600000,565.6,567.4,565.4,566.5,1679.13
1784545200000,566.5,571.3,566.1,570.9,4246.37
1784548800000,570.9,571.0,568.8,569.1,1524.11
1784552400000,569.1,569.9,565.9,566.5,2406.18
1784556000000,566.5,568.2,564.6,567.4,1118.85
1784559600000,567.4,574.6,567.4,573.8,4265.97
1784563200000,573.8,574.9,572.3,573.1,3055.13
1784566800000,573.1,574.7,572.2,573.9,2362.95
1784570400000,573.9,575.3,571.9,572.2,3348.06
1784574000000,572.2,572.5,570.9,571.2,1381.97
1784577600000,571.2,572.9,570.7,572.4,575.92
1784581200000,572.4,572.7,571.0,571.1,1594.09
1784584800000,571.1,571.1,569.5,569.7,479.08
1784588400000,569.7,571.1,569.4,570.9,1304.13
1784592000000,570.9,573.4,570.3,573.2,880.72
1784595600000,573.2,573.9,571.8,571.8,597.4
1784599200000,571.8,573.9,571.0,573.1,647.05
1784602800000,573.1,575.0,573.1,574.9,477.58
1784606400000,574.9,575.9,573.4,573.7,1148.86
1784610000000,573.7,575.4,573.6,574.7,930.22
1784613600000,574.7,576.8,574.6,576.0,1617.49
1784617200000,576.0,576.6,574.9,576.6,792.31
1784620800000,576.6,578.2,576.0,577.5,2285.23
1784624400000,577.5,579.7,576.8,579.3,2443.5
1784628000000,579.3,579.6,577.1,577.8,1591.38
1784631600000,577.8,577.8,576.2,576.6,2025.52
1784635200000,576.6,577.9,576.1,577.7,1397.82
1784638800000,577.7,577.8,576.2,577.6,2103.59
1784642400000,577.6,577.7,574.2,575.6,2953.88
1784646000000,575.6,575.8,574.4,575.1,928.0
1784649600000,575.1,575.5,573.7,574.4,1451.62
1784653200000,574.4,574.6,571.9,572.8,2250.34
1784656800000,572.8,573.5,571.9,573.0,1302.16
1784660400000,573.0,573.0,572.3,572.4,787.45
1784664000000,572.4,573.3,572.0,572.7,477.59
1784667600000,572.7,573.7,572.2,573.0,1356.37
1784671200000,573.0,573.1,571.9,572.5,534.78
1784674800000,572.5,573.8,571.5,573.7,856.88
1784678400000,573.7,575.3,573.1,574.4,3601.86
1784682000000,574.4,574.5,572.6,572.8,1312.82
1784685600000,572.8,573.8,572.1,572.2,808.6
1784689200000,572.2,572.5,570.5,570.8,1375.05
1784692800000,570.8,572.2,570.1,571.8,710.25
1784696400000,571.8,571.8,568.1,568.7,2104.42
1784700000000,568.7,569.3,566.7,567.6,1222.45
1784703600000,567.6,568.1,567.0,567.9,1068.51
1784707200000,567.9,570.0,567.7,569.9,953.19
1784710800000,569.9,571.1,568.8,570.9,975.81
1784714400000,570.9,571.5,570.5,570.7,2148.07
1784718000000,570.7,571.6,570.1,570.8,715.69
1784721600000,570.8,570.8,569.1,569.9,870.2
1784725200000,569.9,572.6,569.7,572.1,1119.54
1784728800000,572.1,574.9,570.2,570.8,1527.41
1784732400000,570.8,573.1,570.8,572.4,1819.17
1784736000000,572.4,575.0,570.7,574.6,1455.31
1784739600000,574.6,575.2,571.2,571.6,1660.04
1784743200000,571.6,572.2,569.2,569.8,1269.23
1784746800000,569.8,570.0,568.5,569.8,794.2
1784750400000,569.8,570.6,569.2,570.2,710.71
1784754000000,570.2,571.7,570.0,570.9,761.52
1784757600000,570.9,571.1,569.9,570.9,616.5
1784761200000,570.9,570.9,568.9,570.6,833.44
1784764800000,570.6,571.9,570.5,571.0,638.28
1784768400000,571.0,571.4,569.7,570.5,387.64
1784772000000,570.5,570.7,569.6,570.5,281.13
1784775600000,570.5,571.0,569.3,570.1,438.19
1784779200000,570.1,570.2,569.2,569.4,364.87
1784782800000,569.4,570.4,568.7,569.5,815.86
1784786400000,569.5,570.2,569.0,570.0,352.12
1784790000000,570.0,570.0,567.9,569.5,920.6
1784793600000,569.5,571.3,569.3,570.3,434.79
1784797200000,570.3,570.7,569.0,569.0,1114.47
1784800800000,569.0,569.9,568.8,569.8,695.85
1784804400000,569.8,570.8,569.2,569.6,815.09
1784808000000,569.6,570.1,566.5,568.6,1766.19
1784811600000,568.6,569.1,565.8,565.9,1638.4
1784815200000,565.9,567.8,565.4,566.5,1285.58
1784818800000,566.5,567.6,563.3,567.2,2146.63
1784822400000,567.2,567.4,565.8,566.4,1032.54
1784826000000,566.4,567.4,564.6,565.2,1116.51
1784829600000,565.2,567.4,565.2,566.9,495.98
1784833200000,566.9,567.3,565.0,566.4,565.41
1784836800000,566.4,568.6,566.2,567.3,671.23
1784840400000,567.3,567.8,566.5,567.0,694.22
1784844000000,567.0,567.5,565.7,567.5,364.91
1784847600000,567.5,568.0,566.7,567.1,364.1
1784851200000,567.1,567.6,565.5,567.4,1150.03
1784854800000,567.4,568.3,567.0,567.6,454.08
1784858400000,567.6,568.0,566.2,567.0,572.97
1784862000000,567.0,570.0,566.6,568.9,922.72
1784865600000,568.9,568.9,566.7,566.9,235.72
1784869200000,566.9,567.5,566.4,567.2,577.6
1784872800000,567.2,568.9,567.1,568.3,397.46
1784876400000,568.3,571.1,568.3,569.1,1660.47
1784880000000,569.1,569.4,567.9,568.0,1020.49
1784883600000,568.0,568.1,566.1,568.0,783.58
1784887200000,568.0,568.4,566.5,566.7,429.93
1784890800000,566.7,566.8,564.8,566.5,1704.76
1784894400000,566.5,566.5,562.4,563.5,1625.7
1784898000000,563.5,563.5,555.7,558.4,6083.72
1784901600000,558.4,560.2,556.2,560.2,2263.1
1784905200000,560.2,562.4,559.0,561.1,1273.2
1784908800000,561.1,561.6,559.5,560.1,879.9
1784912400000,560.1,562.3,559.8,562.0,902.95
1784916000000,562.0,562.5,561.0,561.9,446.86
1784919600000,561.9,566.1,561.8,564.8,4881.9
1784923200000,564.8,565.5,564.5,564.7,1178.42
1784926800000,564.7,565.0,563.2,563.3,2229.87
1784930400000,563.3,564.8,563.3,564.4,1926.66
1784934000000,564.4,564.9,563.9,564.5,523.6
1784937600000,564.5,564.8,564.0,564.5,530.27
1784941200000,564.5,565.0,563.8,564.7,770.01
1784944800000,564.7,565.7,564.2,565.7,289.77
1784948400000,565.7,566.0,564.5,564.9,677.73
1784952000000,564.9,565.4,564.5,565.1,196.03
1784955600000,565.1,565.5,564.3,564.6,482.46
1784959200000,564.6,564.8,563.8,564.6,921.17
1784962800000,564.6,564.9,563.5,564.4,506.66
1784966400000,564.4,565.2,564.0,564.6,1898.08
1784970000000,564.6,565.8,564.0,565.3,579.74
1784973600000,565.3,565.8,565.1,565.4,325.92
1784977200000,565.4,565.8,564.7,565.5,495.72
1784980800000,565.5,566.8,564.7,566.6,749.33
1784984400000,566.6,569.1,566.6,568.2,865.92
1784988000000,568.2,568.2,566.3,567.0,441.95
1784991600000,567.0,567.5,566.3,567.2,1021.75
1784995200000,567.2,567.9,566.2,567.1,1013.54
1784998800000,567.1,568.6,566.5,568.0,422.88
1785002400000,568.0,568.8,567.8,568.7,749.5
1785006000000,568.7,568.7,568.0,568.5,449.3
1785009600000,568.5,568.8,568.0,568.2,465.09
1785013200000,568.2,569.8,568.0,568.5,880.45
1785016800000,568.5,569.7,568.4,569.4,270.8
1785020400000,569.4,569.4,568.6,568.6,137.68
1785024000000,568.6,570.2,568.6,569.9,1659.79
1785027600000,569.9,570.2,569.4,569.8,452.11
1785031200000,569.8,570.1,569.3,570.1,482.26
1785034800000,570.1,570.6,569.8,570.1,278.99
1785038400000,570.1,571.2,569.6,570.5,427.32
1785042000000,570.5,571.8,570.3,570.9,651.7
1785045600000,570.9,572.2,570.1,572.2,726.44
1785049200000,572.2,572.8,571.1,571.5,909.64
1785052800000,571.5,571.7,570.9,571.6,1201.07
1785056400000,571.6,572.3,570.8,571.2,1190.8
1785060000000,571.2,571.3,570.4,570.7,488.77
1785063600000,570.7,571.0,570.0,570.3,612.39
1785067200000,570.3,571.6,570.0,570.5,907.52
1785070800000,570.5,571.5,569.8,571.2,733.88
1785074400000,571.2,572.6,571.2,572.5,1658.42
1785078000000,572.5,573.8,572.2,573.6,1186.94
1785081600000,573.6,574.6,572.7,573.1,1049.03
1785085200000,573.1,573.7,572.4,572.6,343.79
1785088800000,572.6,573.4,572.0,572.7,1030.81
1785092400000,572.7,573.5,572.5,573.4,609.11
1785096000000,573.4,573.6,572.7,572.8,267.53
1785099600000,572.8,574.1,572.5,573.5,991.21
1785103200000,573.5,576.3,573.5,575.4,3090.88
1785106800000,575.4,576.2,573.5,575.0,1691.53
1785110400000,575.0,575.5,571.9,572.3,1873.3
1785114000000,572.3,573.4,571.3,573.4,626.02
1785117600000,573.4,573.9,572.5,572.8,491.03
1785121200000,572.8,573.5,572.3,573.4,349.1
1785124800000,573.4,574.4,572.8,573.2,504.93
1785128400000,573.2,575.6,573.2,575.2,778.1
1785132000000,575.2,576.8,574.3,574.7,1430.65
1785135600000,574.7,575.3,574.1,574.5,568.51
1785139200000,574.5,574.9,573.2,573.3,812.21
1785142800000,573.3,573.3,571.4,572.4,1142.21
1785146400000,572.4,574.0,571.8,573.5,1267.8
1785150000000,573.5,573.7,572.5,572.6,1143.67
1785153600000,572.6,573.5,570.6,573.4,1644.63
1785157200000,573.4,576.8,572.5,574.2,1887.97
1785160800000,574.2,575.1,565.1,567.2,6576.97
1785164400000,567.2,569.9,566.4,568.1,2300.52
1785168000000,568.1,572.1,567.5,571.4,2260.78
1785171600000,571.4,574.7,571.1,574.4,2124.76
1785175200000,574.4,575.4,573.1,575.1,3413.44
1785178800000,575.1,575.9,574.4,575.4,1077.29
1785182400000,575.4,575.7,573.7,574.4,859.62
1785186000000,574.4,574.9,572.9,573.8,883.27
1785189600000,573.8,573.9,565.4,566.2,2842.39
1785193200000,566.2,567.8,564.9,565.8,2827.23
1785196800000,565.8,566.8,564.3,565.4,1332.89
1785200400000,565.4,566.1,561.8,564.7,2598.34
1785204000000,564.7,565.4,563.8,564.9,729.34
1785207600000,564.9,566.5,564.4,566.1,676.31
1785211200000,566.1,566.9,564.5,564.6,1324.73
1785214800000,564.6,566.4,564.4,565.3,856.41
1785218400000,565.3,565.3,564.1,565.0,1075.9
1785222000000,565.0,565.7,564.5,565.5,528.96
1785225600000,565.5,565.7,564.5,565.0,548.97
1785229200000,565.0,567.2,564.7,565.6,1435.2
1785232800000,565.6,566.7,565.0,565.3,604.23
1785236400000,565.3,566.9,565.0,566.6,1050.03
1785240000000,566.6,568.5,566.2,568.2,1493.13
1785243600000,568.2,568.9,563.1,565.3,2534.82
1785247200000,565.3,569.1,564.3,568.3,2310.18
1785250800000,568.3,575.6,567.7,573.1,7164.81
1785254400000,573.1,573.9,570.6,571.5,2609.11
1785258000000,571.5,571.5,566.8,568.2,1280.84
1785261600000,568.2,569.5,568.2,569.2,439.32
1785265200000,569.2,570.7,569.2,570.6,605.84
1785268800000,570.6,571.5,570.3,570.6,847.33
1785272400000,570.6,571.7,570.6,571.2,1048.2
1785276000000,571.2,571.6,568.3,568.6,923.56
1785279600000,568.6,571.1,567.9,571.0,659.15
1785283200000,571.0,573.3,571.0,571.7,2069.76
1785286800000,571.7,572.2,570.1,570.2,566.46
1785290400000,570.2,571.5,569.4,570.1,766.4
1785294000000,570.1,570.2,566.7,567.1,1073.23
1785297600000,567.1,568.5,565.6,568.3,1309.35
1785301200000,568.3,569.7,567.9,569.3,905.22
1785304800000,569.3,571.9,568.6,570.9,1043.61
1785308400000,570.9,571.7,570.2,571.7,665.2
1785312000000,571.7,572.1,569.9,571.0,1365.37
1785315600000,571.0,573.1,571.0,572.8,1096.81
1785319200000,572.8,573.1,570.0,570.6,1260.41
1785322800000,570.6,571.3,569.9,570.5,501.97
1785326400000,570.5,570.7,568.1,569.0,1957.54
1785330000000,569.0,569.8,567.8,569.7,1500.33
1785333600000,569.7,570.1,566.9,568.1,1206.97
1785337200000,568.1,569.1,567.3,568.3,739.92
1785340800000,568.3,569.2,567.0,568.5,902.5
1785344400000,568.5,569.9,568.1,569.7,825.77
1785348000000,569.7,573.4,568.1,572.2,3396.43
1785351600000,572.2,572.7,567.4,568.2,9207.95
1785355200000,568.2,569.3,565.8,567.1,2772.03
1785358800000,567.1,568.7,564.9,568.6,2817.6
1785362400000,568.6,571.8,568.6,570.8,1866.49
1785366000000,570.8,572.5,570.6,571.9,1676.36
1785369600000,571.9,573.3,570.8,571.7,2502.7
1785373200000,571.7,576.3,571.6,575.6,3182.13
1785376800000,575.6,577.6,574.4,574.6,3224.18
1785380400000,574.6,574.9,573.1,573.3,1059.95
1785384000000,573.3,573.5,571.4,571.7,1229.54
1785387600000,571.7,573.1,571.3,572.8,656.9
1785391200000,572.8,574.0,572.3,573.9,335.2
1785394800000,573.9,575.9,573.9,574.5,1074.02
1785398400000,574.5,579.3,574.1,578.7,3811.6
1785402000000,578.7,580.0,578.0,579.7,2044.13
1785405600000,579.7,588.5,579.5,587.3,12772.07
1785409200000,587.3,591.2,586.2,589.1,9245.04
1785412800000,589.1,589.9,585.8,586.7,5260.6
1785416400000,586.7,589.3,585.5,587.9,3450.21
1785420000000,587.9,588.8,586.3,587.8,1777.83
1785423600000,587.8,591.3,587.5,591.2,2654.18
1785427200000,591.2,594.2,591.2,593.6,5164.84
1785430800000,593.6,596.4,592.3,593.9,3751.0
1785434400000,593.9,595.9,593.9,595.8,1431.44
1785438000000,595.8,596.1,593.9,594.7,1926.56
1785441600000,594.7,595.3,592.6,592.8,3122.82
1785445200000,592.8,593.0,591.1,591.3,1645.3
1785448800000,591.3,593.5,590.7,592.7,1524.16
1785452400000,592.7,594.4,591.9,591.9,1760.93
1785456000000,591.9,593.0,590.2,590.5,3993.88
1785459600000,590.5,594.3,588.7,589.4,2233.22
1785463200000,589.4,590.1,587.2,587.9,1610.93
1785466800000,587.9,589.8,585.7,589.2,1748.03
1785470400000,589.2,589.8,588.3,588.9,824.64
1785474000000,588.9,590.7,588.9,589.9,994.2
1785477600000,589.9,592.8,589.8,592.5,1936.61
1785481200000,592.5,592.7,589.4,589.6,4259.7
1785484800000,589.6,593.2,589.5,592.6,1767.83
1785488400000,592.6,592.6,589.6,590.2,1522.4
1785492000000,590.2,592.7,587.9,592.5,2634.05
1785495600000,592.5,593.9,591.2,591.9,1176.97
1785499200000,591.9,592.7,589.7,592.3,4274.13
1785502800000,592.3,595.6,587.1,588.5,7276.5
1785506400000,588.5,588.6,584.3,586.2,8125.67
1785510000000,586.2,586.2,583.5,584.9,3571.34
1785513600000,584.9,587.6,584.7,587.1,2315.12
1785517200000,587.1,589.6,586.4,588.5,1742.1
1785520800000,588.5,589.2,587.2,588.6,1416.09
1785524400000,588.6,589.0,587.4,587.7,750.4
1785528000000,587.7,588.6,586.3,586.4,945.46
1785531600000,586.4,588.2,585.8,586.8,1559.16
1785535200000,586.8,587.4,586.2,586.4,593.88
1785538800000,586.4,587.4,586.4,586.8,1132.78
1785542400000,586.8,588.9,586.7,588.3,1174.31
1785546000000,588.3,589.7,588.0,589.6,862.36
1785549600000,589.6,590.6,589.1,590.5,1315.1
1785553200000,590.5,591.2,588.6,589.1,944.98
1785556800000,589.1,592.6,588.4,591.6,1846.75
1785560400000,591.6,591.7,589.9,590.5,788.56
1785564000000,590.5,592.4,590.3,590.9,1636.7
1785567600000,590.9,591.5,589.5,589.8,756.81
1785571200000,589.8,590.2,585.3,585.5,2585.74
1785574800000,585.5,585.6,583.2,583.7,2256.51
1785578400000,583.7,584.1,579.6,580.3,5165.67
1785582000000,580.3,580.7,579.0,579.8,5258.34
1785585600000,579.8,579.9,577.5,577.7,2472.79
1785589200000,577.7,579.4,577.1,578.7,7320.2
1785592800000,578.7,579.7,577.7,578.7,4265.65
1785596400000,578.7,578.7,576.0,576.0,3476.23
1785600000000,576.0,578.1,575.7,578.1,2133.28
1785603600000,578.1,578.3,576.0,576.8,972.08
1785607200000,576.8,577.4,573.2,576.3,7829.56
1785610800000,576.3,577.8,575.3,575.4,2967.6
1785614400000,575.4,575.6,574.4,575.4,1200.29
1785618000000,575.4,576.2,574.6,575.6,1912.27
1785621600000,575.6,576.1,575.3,575.6,1048.54
1785625200000,575.6,575.8,574.7,574.8,693.32
1785628800000,574.8,576.3,573.4,574.1,3503.62
1785632400000,574.1,577.5,574.1,577.0,1908.36
1785636000000,577.0,580.8,576.7,580.8,3110.27
1785639600000,580.8,582.6,580.6,581.8,2082.67
1785643200000,581.8,585.0,581.8,584.5,3293.41
1785646800000,584.5,585.5,583.3,584.3,1817.53
1785650400000,584.3,585.4,583.1,584.8,2132.37
1785654000000,584.8,585.8,584.2,585.1,2021.69
1785657600000,585.1,585.3,583.3,583.5,465.64
1785661200000,583.5,584.3,582.2,583.3,710.77
1785664800000,583.3,583.8,582.5,583.5,303.94
1785668400000,583.5,583.6,581.3,581.8,544.73
1785672000000,581.8,582.5,581.0,581.5,1808.03
1785675600000,581.5,583.3,581.2,582.6,787.42
1785679200000,582.6,584.9,581.9,584.0,1109.24
1785682800000,584.0,587.4,583.9,586.0,2827.02
1785686400000,586.0,588.7,585.8,587.5,2359.31
1785690000000,587.5,587.9,587.0,587.5,665.45
1785693600000,587.5,590.9,587.4,589.0,1574.88
1785697200000,589.0,589.5,588.2,589.3,1086.85
1785700800000,589.3,589.3,588.0,589.2,784.85
1785704400000,589.2,590.6,588.8,589.5,1814.37
1785708000000,589.5,590.6,587.4,588.1,674.17
1785711600000,588.1,588.6,587.5,588.3,423.53
1785715200000,588.3,588.3,583.7,584.7,2388.97
1785718800000,584.7,585.1,583.6,584.3,805.02
1785722400000,584.3,586.2,583.7,585.5,605.57
1785726000000,585.5,585.6,582.7,582.8,1095.47
1785729600000,582.8,584.2,582.2,582.2,1322.16
1785733200000,582.2,583.2,581.9,582.7,1039.76
1785736800000,582.7,583.2,581.5,582.1,819.03
1785740400000,582.1,583.8,581.4,583.2,2266.46
1785744000000,583.2,583.9,580.5,583.8,1122.22
1785747600000,583.8,586.5,583.4,586.3,4505.51
1785751200000,586.3,587.5,585.8,586.9,1585.9
1785754800000,586.9,587.6,585.4,585.6,858.5
1785758400000,585.6,587.4,584.9,586.7,1047.57
1785762000000,586.7,588.4,584.1,588.0,1830.16
1785765600000,588.0,590.5,586.3,589.6,3586.21
1785769200000,589.6,593.7,589.2,592.4,5492.9
1785772800000,592.4,594.3,591.6,592.2,2579.92
1785776400000,592.2,593.7,591.1,592.0,4153.77
1785780000000,592.0,592.6,591.0,591.3,560.58
1785783600000,591.3,592.5,591.3,591.3,723.2
1785787200000,591.3,592.4,590.8,591.0,1013.68
1785790800000,591.0,591.1,589.6,589.8,1527.03
1785794400000,589.8,590.6,589.0,589.6,539.17
1785798000000,589.6,590.1,588.8,589.2,578.02
1785801600000,589.2,590.2,588.6,588.9,2645.49
1785805200000,588.9,592.2,588.8,592.0,1353.32
1785808800000,592.0,592.4,590.3,590.9,725.04
1785812400000,590.9,591.4,589.9,590.7,325.68
1785816000000,590.7,593.1,590.3,591.8,603.48
1785819600000,591.8,591.9,589.2,589.3,923.22
1785823200000,589.3,591.3,588.9,590.6,1925.3
1785826800000,590.6,590.9,589.2,590.4,682.98
1785830400000,590.4,590.7,588.4,589.7,1315.74
1785834000000,589.7,589.7,587.8,588.7,3418.79
1785837600000,588.7,590.3,587.5,589.6,874.74
1785841200000,589.6,591.8,589.1,591.5,957.61
1785844800000,591.5,591.9,589.9,591.6,1451.87
1785848400000,591.6,591.7,588.5,588.9,2348.39
1785852000000,588.9,594.8,588.5,593.9,4083.95
1785855600000,593.9,594.7,591.2,593.1,4476.91
1785859200000,593.1,594.4,591.9,593.0,2295.16
1785862800000,593.0,593.8,592.0,592.5,699.89
1785866400000,592.5,594.9,592.3,593.7,847.11
1785870000000,593.7,594.2,593.1,593.5,665.15
1785873600000,593.5,594.5,592.4,593.4,1354.91
1785877200000,593.4,593.9,592.9,593.8,509.97
1785880800000,593.8,594.0,593.1,593.6,173.88
1785884400000,593.6,594.4,592.6,592.9,741.85
1785888000000,592.9,602.6,592.1,595.8,14395.18
1785891600000,595.8,604.5,595.8,603.3,3899.55
1785895200000,603.3,605.4,600.1,603.5,3295.9
1785898800000,603.5,603.6,597.6,598.4,3231.15
1785902400000,598.4,599.3,597.6,599.0,858.95
1785906000000,599.0,602.7,598.6,602.0,1247.39
1785909600000,602.0,602.0,600.4,600.8,723.62
1785913200000,600.8,601.1,598.1,599.7,1404.67
1785916800000,599.7,600.8,598.8,598.9,856.6
1785920400000,598.9,599.4,597.4,598.0,2276.77
1785924000000,598.0,598.0,594.9,597.1,1865.95
1785927600000,597.1,598.0,596.2,596.5,1000.23
1785931200000,596.5,599.7,596.2,599.1,2391.85
1785934800000,599.1,600.8,597.3,600.6,7007.28
1785938400000,600.6,602.8,598.5,602.7,4069.0
1785942000000,602.7,603.7,599.5,599.6,2508.76
1785945600000,599.6,602.4,598.3,598.8,3085.74
1785949200000,598.8,600.8,596.3,600.5,7331.57
1785952800000,600.5,601.7,599.5,599.9,2166.88
1785956400000,599.9,600.5,599.3,599.3,470.23
1785960000000,599.3,599.6,597.0,597.0,1485.62
1785963600000,597.0,597.1,595.0,595.2,2881.17
1785967200000,595.2,595.4,591.6,592.1,8974.58
1785970800000,592.1,593.9,591.4,593.4,1988.34
1785974400000,593.4,596.6,593.4,595.4,1958.91
1785978000000,595.4,595.5,593.6,593.6,885.48
1785981600000,593.6,594.0,591.5,593.1,1830.92
1785985200000,593.1,594.1,592.6,594.1,1617.1
1785988800000,594.1,595.5,593.6,595.1,1636.38
1785992400000,595.1,598.0,594.8,596.4,1183.42
1785996000000,596.4,596.5,594.4,594.9,714.17
1785999600000,594.9,595.9,594.4,595.0,575.71
1786003200000,595.0,595.8,594.2,595.1,651.89
1786006800000,595.1,595.5,592.8,594.2,1652.22
1786010400000,594.2,594.7,592.6,592.8,636.13
1786014000000,592.8,594.0,592.0,593.5,2338.25
1786017600000,593.5,593.9,592.2,592.7,1468.43
1786021200000,592.7,593.0,590.4,592.6,3531.12
1786024800000,592.6,593.9,591.1,593.1,1894.72
1786028400000,593.1,594.5,592.3,592.3,3846.57
1786032000000,592.3,592.8,591.1,592.6,2233.67
1786035600000,592.6,593.5,592.1,592.8,748.24
1786039200000,592.8,593.3,590.2,591.3,4817.96
1786042800000,591.3,591.4,589.5,590.1,2428.66
1786046400000,590.1,591.3,590.0,590.9,1431.7
1786050000000,590.9,592.2,590.9,591.8,697.51
1786053600000,591.8,592.5,591.3,591.6,337.85
1786057200000,591.6,592.1,590.6,592.0,351.43
1786060800000,592.0,593.1,591.7,592.7,1223.94
1786064400000,592.7,593.6,592.4,593.1,851.01
1786068000000,593.1,593.8,591.8,593.2,1064.71
1786071600000,593.2,594.3,592.5,592.6,1644.35
1786075200000,592.6,592.6,586.6,587.2,5023.26
1786078800000,587.2,588.0,585.8,587.6,2152.71
1786082400000,587.6,587.8,586.1,586.7,1003.22
1786086000000,586.7,588.2,584.9,585.2,1478.27
1786089600000,585.2,588.8,585.0,588.2,1636.3
1786093200000,588.2,590.3,588.2,589.7,1578.19
1786096800000,589.7,590.5,589.3,590.0,1185.7
1786100400000,590.0,591.5,589.9,591.0,633.09
1786104000000,591.0,593.2,590.4,592.6,2453.28
1786107600000,592.6,593.1,590.8,592.3,1361.74
1786111200000,592.3,593.1,589.8,590.6,1201.58
1786114800000,590.6,592.5,590.6,592.0,923.13
1786118400000,592.0,594.2,592.0,592.3,1982.28
1786122000000,592.3,592.7,590.7,591.7,782.59
1786125600000,591.7,592.2,590.8,591.1,247.88
1786129200000,591.1,593.2,591.1,593.1,623.9
1786132800000,593.1,593.5,591.8,592.6,1012.83
1786136400000,592.6,593.3,591.9,592.4,569.29
1786140000000,592.4,592.6,591.8,592.1,224.53
1786143600000,592.1,592.7,591.9,592.1,212.89
1786147200000,592.1,592.2,590.4,590.6,1086.81
1786150800000,590.6,590.8,590.3,590.5,276.61
1786154400000,590.5,591.6,590.5,591.3,321.86
1786158000000,591.3,593.6,591.1,593.2,1037.1
1786161600000,593.2,593.5,592.3,593.4,1001.4
1786165200000,593.4,593.6,592.6,593.0,377.95
1786168800000,593.0,594.9,592.9,594.4,773.28
1786172400000,594.4,594.9,593.9,594.2,652.81
1786176000000,594.2,594.6,593.3,594.2,826.26
1786179600000,594.2,595.2,593.9,594.3,505.98
1786183200000,594.3,595.8,594.3,594.8,693.8
1786186800000,594.8,596.4,594.7,596.3,661.46
1786190400000,596.3,596.3,595.0,595.7,683.99
1786194000000,595.7,599.1,595.5,598.0,1836.45
1786197600000,598.0,611.9,597.9,603.2,26175.02
1786201200000,603.2,606.2,603.2,605.0,4559.38
1786204800000,605.0,607.2,603.0,605.3,2806.52
1786208400000,605.3,606.0,603.7,604.4,861.32
1786212000000,604.4,604.8,603.6,603.7,332.13
1786215600000,603.7,603.7,602.6,603.1,835.78
1786219200000,603.1,603.1,601.7,602.1,657.18
1786222800000,602.1,602.7,601.5,601.6,636.19
1786226400000,601.6,601.6,598.9,600.1,2605.63
1786230000000,600.1,601.5,599.6,600.4,1522.06
1786233600000,600.4,603.7,600.4,603.5,2484.49
1786237200000,603.5,604.2,601.9,602.6,1426.52
1786240800000,602.6,602.6,600.1,600.7,1381.06
1786244400000,600.7,601.9,599.7,600.0,1504.63
1786248000000,600.0,601.6,600.0,600.9,482.25
1786251600000,600.9,602.0,600.7,601.7,763.27
1786255200000,601.7,603.4,601.6,603.4,952.42
1786258800000,603.4,603.4,601.4,602.8,2178.03
1786262400000,602.8,603.4,601.3,601.8,1359.79
1786266000000,601.8,602.1,600.7,602.1,589.75
1786269600000,602.1,604.3,602.1,603.9,1266.06
1786273200000,603.9,604.4,603.6,603.6,974.71
1786276800000,603.6,605.0,602.6,604.0,1722.77
1786280400000,604.0,609.0,604.0,607.1,3380.9
1786284000000,607.1,611.3,606.8,608.1,6665.12
1786287600000,608.1,609.3,607.6,608.5,2121.24
1786291200000,608.5,609.2,607.4,608.6,905.16
1786294800000,608.6,609.4,608.4,608.5,1376.49
1786298400000,608.5,609.0,607.6,608.4,849.29
1786302000000,608.4,609.0,607.4,607.5,467.69
1786305600000,607.5,608.2,607.3,608.0,515.53
1786309200000,608.0,608.8,607.6,608.5,341.62
1786312800000,608.5,610.8,603.4,605.0,5690.46
1786316400000,605.0,605.6,601.7,602.1,2039.28
1786320000000,602.1,606.6,601.7,603.8,2170.97
1786323600000,603.8,606.7,603.5,604.6,854.56
1786327200000,604.6,604.8,601.9,603.0,1187.61
1786330800000,603.0,603.4,600.9,602.2,850.39
1786334400000,602.2,603.0,600.6,601.3,611.24
1786338000000,601.3,603.3,601.1,602.7,979.75
1786341600000,602.7,603.9,602.7,603.6,868.5
1786345200000,603.6,604.6,602.8,603.8,883.12
1786348800000,603.8,604.7,603.5,604.3,714.77
1786352400000,604.3,604.3,603.2,604.0,439.15
1786356000000,604.0,606.4,603.9,606.1,572.9
1786359600000,606.1,606.4,604.3,604.9,500.96
1786363200000,604.9,605.3,602.0,602.2,2066.97
1786366800000,602.2,602.6,599.2,599.7,4056.16
1786370400000,599.7,602.2,599.6,601.0,2163.62
1786374000000,601.0,601.3,599.4,600.8,1713.26
1786377600000,600.8,602.2,597.2,598.1,2939.99
1786381200000,598.1,600.2,596.6,599.8,1816.87
1786384800000,599.8,600.3,598.7,599.9,373.67
1786388400000,599.9,600.7,599.7,600.2,328.47
1786392000000,600.2,601.1,599.9,600.4,592.2
1786395600000,600.4,600.4,598.8,598.8,565.35
1786399200000,598.8,599.7,598.1,598.9,374.42
1786402800000,598.9,599.5,598.0,598.8,312.32
1786406400000,598.8,599.8,598.5,599.4,2794.55
1786410000000,599.4,600.3,599.0,599.7,316.49
1786413600000,599.7,600.3,599.3,600.1,246.01
1786417200000,600.1,600.5,599.6,599.8,279.03
1786420800000,599.8,600.3,599.3,599.3,331.24
1786424400000,599.3,600.3,598.9,599.2,521.69
1786428000000,599.2,600.2,597.9,598.3,894.36
1786431600000,598.3,602.2,598.0,602.2,2576.36
1786435200000,602.2,606.2,601.9,605.4,4080.28
1786438800000,605.4,607.9,604.8,607.1,2905.97
1786442400000,607.1,608.4,606.6,608.0,2233.52
1786446000000,608.0,608.4,606.4,608.3,2877.27
1786449600000,608.3,614.9,608.3,612.2,10205.32
1786453200000,612.2,613.7,610.0,611.6,4574.2
1786456800000,611.6,611.7,606.4,607.5,5779.7
1786460400000,607.5,609.6,605.3,608.1,3397.82
1786464000000,608.1,610.1,607.7,609.1,1171.45
1786467600000,609.1,610.3,609.1,610.2,907.33
1786471200000,610.2,610.5,607.8,609.9,1208.99
1786474800000,609.9,611.6,608.7,611.4,599.75
1786478400000,611.4,612.8,611.0,612.5,1545.01
1786482000000,612.5,613.4,611.5,612.3,2474.66
1786485600000,612.3,614.6,611.9,614.4,1264.95
1786489200000,614.4,617.6,613.3,616.3,3200.47
1786492800000,616.3,617.7,614.2,617.5,6056.39
1786496400000,617.5,620.6,615.7,618.3,6090.62
1786500000000,618.3,619.2,615.4,615.9,2182.17
1786503600000,615.9,615.9,612.8,613.1,2237.5
1786507200000,613.1,615.6,612.5,614.5,1009.61
1786510800000,614.5,614.8,612.4,612.9,1200.77
1786514400000,612.9,613.1,608.9,611.2,2839.09
1786518000000,611.2,612.1,610.7,612.0,944.33
1786521600000,612.0,612.7,609.6,610.1,1591.13
1786525200000,610.1,613.4,609.8,613.4,2124.44
1786528800000,613.4,615.0,612.8,613.5,4304.4
1786532400000,613.5,614.4,612.8,614.4,1143.13
1786536000000,614.4,615.4,609.7,612.5,3960.13
1786539600000,612.5,613.8,612.0,612.3,2141.45
1786543200000,612.3,613.7,608.9,609.1,2196.45
1786546800000,609.1,611.1,608.4,610.5,2560.17
1786550400000,610.5,610.8,609.9,610.0,565.44
1786554000000,610.0,611.3,609.7,610.2,598.44
1786557600000,610.2,610.9,609.3,610.0,1092.15
1786561200000,610.0,610.5,608.6,609.4,695.76
1786564800000,609.4,611.6,609.3,611.5,1997.61
1786568400000,611.5,611.7,608.2,609.3,1596.84
1786572000000,609.3,610.3,608.7,609.6,744.76
1786575600000,609.6,610.7,609.3,610.1,480.99
1786579200000,610.1,611.4,609.5,610.2,1281.91
1786582800000,610.2,611.2,609.4,610.6,600.84
1786586400000,610.6,610.9,609.6,610.8,376.9
1786590000000,610.8,612.2,610.0,611.9,1322.97
1786593600000,611.9,612.6,611.4,612.2,787.94
1786597200000,612.2,614.6,612.2,613.5,1823.31
1786600800000,613.5,613.6,610.5,612.4,1702.09
1786604400000,612.4,613.8,612.4,613.3,922.62
1786608000000,613.3,614.2,612.8,613.8,678.79
1786611600000,613.8,614.0,611.1,611.7,1185.42
1786615200000,611.7,611.8,609.9,610.1,1367.07
1786618800000,610.1,610.9,607.4,608.6,1915.57
1786622400000,608.6,609.8,608.0,609.2,2095.39
1786626000000,609.2,611.1,608.8,610.2,1013.38
1786629600000,610.2,611.2,609.3,609.5,1240.08
1786633200000,609.5,610.0,606.2,607.2,2162.44
1786636800000,607.2,609.1,604.1,606.9,5519.77
1786640400000,606.9,608.4,606.7,607.8,647.24
1786644000000,607.8,609.3,607.1,608.9,1111.14
1786647600000,608.9,609.9,608.8,609.5,755.57
1786651200000,609.5,610.7,609.1,610.0,880.78
1786654800000,610.0,611.3,610.0,610.7,693.77
1786658400000,610.7,611.6,610.5,610.5,311.08
1786662000000,610.5,610.9,610.0,610.3,263.34
1786665600000,610.3,611.2,610.0,610.6,849.99
1786669200000,610.6,610.8,609.6,610.7,469.73
1786672800000,610.7,612.2,609.4,612.0,985.04
1786676400000,612.0,612.6,610.8,611.3,511.84
1786680000000,611.3,612.3,610.2,610.3,297.05
1786683600000,610.3,610.7,609.6,609.9,305.33
1786687200000,609.9,610.0,607.4,608.0,1689.03
1786690800000,608.0,608.8,607.0,607.1,769.67
1786694400000,607.1,608.2,605.9,608.2,854.49
1786698000000,608.2,608.5,606.8,607.0,678.82
1786701600000,607.0,607.6,605.1,605.6,1193.44
1786705200000,605.6,605.9,603.2,604.5,2506.39
1786708800000,604.5,605.6,604.0,604.3,653.65
1786712400000,604.3,604.6,603.0,603.7,1269.63
1786716000000,603.7,605.2,602.5,603.4,3056.62
1786719600000,603.4,606.8,603.2,606.3,1927.61
1786723200000,606.3,606.9,605.8,606.6,749.86
1786726800000,606.6,607.2,605.4,605.7,529.77
1786730400000,605.7,606.6,605.2,605.9,684.35
1786734000000,605.9,606.5,604.7,606.3,994.42
1786737600000,606.3,607.0,606.0,606.6,453.53
1786741200000,606.6,607.1,606.1,606.9,482.57
1786744800000,606.9,607.1,606.3,606.6,495.76
1786748400000,606.6,608.3,606.4,607.9,746.34
1786752000000,607.9,608.0,606.9,607.6,848.03
1786755600000,607.6,608.3,607.3,607.5,774.18
1786759200000,607.5,608.3,607.3,608.2,570.29
1786762800000,608.2,610.6,608.2,610.2,1714.12
1786766400000,610.2,612.3,610.0,611.4,1900.45
1786770000000,611.4,611.7,610.2,610.5,676.38
1786773600000,610.5,612.1,610.5,611.7,882.28
1786777200000,611.7,612.2,610.7,611.3,897.51
1786780800000,611.3,612.0,610.2,610.4,785.94
1786784400000,610.4,612.3,609.6,611.9,1222.28
1786788000000,611.9,612.1,611.0,611.4,680.91
1786791600000,611.4,612.0,611.0,611.6,1025.18
1786795200000,611.6,612.9,610.2,611.2,1900.74
1786798800000,611.2,611.2,609.1,609.5,863.36
1786802400000,609.5,610.4,608.5,610.3,299.02
1786806000000,610.3,611.5,610.3,611.5,613.23
1786809600000,611.5,611.7,610.9,611.2,1498.06
1786813200000,611.2,611.6,610.4,610.6,1127.34
1786816800000,610.6,610.8,609.7,609.9,376.02
1786820400000,609.9,611.1,609.6,611.0,315.21
1786824000000,611.0,611.3,610.2,610.3,169.28
1786827600000,610.3,610.6,609.9,609.9,562.03
1786831200000,609.9,609.9,608.8,608.9,279.94
1786834800000,608.9,608.9,607.0,607.5,1198.81
1786838400000,607.5,607.7,606.6,607.1,844.33
1786842000000,607.1,607.4,606.1,606.7,564.68
1786845600000,606.7,607.4,605.9,607.1,592.01
1786849200000,607.1,607.1,605.9,606.0,417.21
1786852800000,606.0,606.2,605.3,605.5,934.08
1786856400000,605.5,606.2,605.4,606.0,1275.35
1786860000000,606.0,606.0,603.9,604.9,1036.81
1786863600000,604.9,605.4,604.8,605.3,423.34
1786867200000,605.3,607.1,604.5,607.1,962.83
1786870800000,607.1,608.0,606.6,607.1,1120.16
1786874400000,607.1,607.1,606.1,606.5,427.64
1786878000000,606.5,606.8,606.2,606.5,319.88
1786881600000,606.5,607.3,606.3,607.0,504.66
1786885200000,607.0,608.2,607.0,607.2,535.31
1786888800000,607.2,608.2,606.9,607.4,663.9
1786892400000,607.4,607.7,606.6,607.0,590.51
1786896000000,607.0,607.8,606.6,607.1,494.42
1786899600000,607.1,607.5,605.7,605.8,774.96
1786903200000,605.8,606.1,604.9,604.9,768.1
1786906800000,604.9,606.0,604.9,605.7,548.72
1786910400000,605.7,605.7,604.6,605.2,837.86
1786914000000,605.2,605.2,603.1,603.6,1210.96
1786917600000,603.6,604.2,601.0,602.0,2391.83
1786921200000,602.0,603.7,601.3,602.5,1434.64
1786924800000,602.5,602.6,600.4,602.0,2264.5
1786928400000,602.0,604.7,601.9,602.9,1265.4
1786932000000,602.9,605.3,601.7,604.2,1468.28
1786935600000,604.2,605.2,603.6,604.7,1470.64
1786939200000,604.7,605.9,604.3,605.9,837.84
1786942800000,605.9,606.6,604.8,605.1,1402.28
1786946400000,605.1,607.0,605.1,606.2,951.7
1786950000000,606.2,606.2,604.6,604.7,962.93
1786953600000,604.7,605.1,603.8,604.4,757.43
1786957200000,604.4,604.8,603.0,603.7,723.03
1786960800000,603.7,605.3,602.6,604.9,1367.96
1786964400000,604.9,605.2,604.3,604.6,544.7
1786968000000,604.6,604.7,603.5,603.6,927.74
1786971600000,603.6,606.7,603.4,605.5,1726.6
1786975200000,605.5,607.4,604.6,607.0,1991.23
1786978800000,607.0,607.6,605.6,606.9,1176.25
1786982400000,606.9,607.7,606.6,607.3,497.79
1786986000000,607.3,607.6,605.2,605.7,1740.42
1786989600000,605.7,606.9,605.4,606.0,519.26
1786993200000,606.0,606.0,604.7,604.9,467.39
1786996800000,604.9,605.3,604.7,605.2,327.98
1787000400000,605.2,605.7,604.5,604.8,699.85
1787004000000,604.8,605.1,604.3,604.3,196.14
1787007600000,604.3,606.1,603.9,605.5,977.38
1787011200000,605.5,605.6,604.6,605.0,418.75
1787014800000,605.0,605.3,603.1,603.6,612.44
1787018400000,603.6,603.7,601.7,602.6,921.67
1787022000000,602.6,603.5,602.6,603.3,353.57
1787025600000,603.3,603.5,602.6,603.2,483.33
1787029200000,603.2,603.6,602.8,603.4,415.06
1787032800000,603.4,604.9,602.9,603.9,758.22
1787036400000,603.9,604.0,602.7,602.9,570.59
1787040000000,602.9,603.0,601.4,602.4,1446.78
1787043600000,602.4,602.5,600.6,600.8,1192.3
1787047200000,600.8,601.2,600.4,600.8,1695.76
1787050800000,600.8,602.4,600.6,601.8,641.41
1787054400000,601.8,601.8,600.7,600.8,313.87
1787058000000,600.8,600.8,599.5,599.9,1843.66
1787061600000,599.9,603.9,599.8,602.2,2176.5
1787065200000,602.2,603.7,602.2,602.9,707.13
1787068800000,602.9,604.1,602.7,603.6,588.8
1787072400000,603.6,603.6,602.2,602.4,223.71
1787076000000,602.4,603.7,602.3,603.0,268.69
1787079600000,603.0,603.6,602.6,602.6,147.76
1787083200000,602.6,602.9,602.3,602.7,221.34
1787086800000,602.7,603.0,602.1,602.3,220.48
1787090400000,602.3,603.3,602.1,602.9,276.67
1787094000000,602.9,603.9,602.8,603.7,402.08
1787097600000,603.7,604.3,602.5,603.4,1525.78
1787101200000,603.4,604.4,603.1,603.1,818.98
1787104800000,603.1,603.3,601.2,601.7,1438.78
1787108400000,601.7,602.4,601.5,601.6,374.56
1787112000000,601.6,602.3,601.4,601.6,223.9
1787115600000,601.6,601.8,601.1,601.3,402.06
1787119200000,601.3,602.1,601.0,602.1,703.58
1787122800000,602.1,602.4,601.5,601.6,263.15
1787126400000,601.6,603.3,601.4,602.5,608.56
1787130000000,602.5,602.9,602.3,602.3,410.28
1787133600000,602.3,602.6,601.8,602.5,601.13
1787137200000,602.5,603.2,602.1,602.5,816.02
1787140800000,602.5,605.0,602.5,604.0,1120.91
1787144400000,604.0,605.6,603.7,604.0,1708.65
1787148000000,604.0,609.0,603.8,608.4,4772.62
1787151600000,608.4,620.1,608.4,616.2,24101.74
1787155200000,616.2,620.0,616.0,618.5,6742.55
1787158800000,618.5,618.8,614.1,617.0,3184.81
1787162400000,617.0,617.7,615.8,616.9,963.2
1787166000000,616.9,617.7,614.0,616.4,2297.71
1787169600000,616.4,624.4,616.2,623.9,7450.95
1787173200000,623.9,636.1,623.2,634.3,13611.66
1787176800000,634.3,635.0,626.8,627.8,5064.27
1787180400000,627.8,628.7,625.5,627.3,1296.18
1787184000000,627.3,630.0,627.0,628.4,5397.42
1787187600000,628.4,628.9,623.8,625.3,2062.21
1787191200000,625.3,626.5,623.8,624.1,1861.01
1787194800000,624.1,628.3,622.1,626.0,2449.85
1787198400000,626.0,627.3,624.6,626.4,793.14
1787202000000,626.4,627.5,624.2,624.7,1113.16
1787205600000,624.7,631.0,624.3,629.9,1506.68
1787209200000,629.9,632.5,627.6,630.2,952.13
1787212800000,630.2,644.5,630.1,640.3,7247.27
1787216400000,640.3,644.5,640.0,642.4,3670.61
1787220000000,642.4,646.5,641.5,643.5,3391.85
1787223600000,643.5,648.6,642.2,645.4,2010.24
1787227200000,645.4,645.7,639.4,642.6,2941.95
1787230800000,642.6,644.3,637.7,641.0,2702.91
1787234400000,641.0,644.8,640.1,641.8,3166.41
1787238000000,641.8,652.4,641.7,652.4,3939.5
1787241600000,652.4,654.0,647.5,653.7,4238.75
1787245200000,653.7,654.4,651.1,652.8,1712.11
1787248800000,652.8,653.8,646.4,647.1,2461.7
1787252400000,647.1,650.6,646.5,650.1,2168.74
1787256000000,650.1,654.0,650.0,653.3,1478.45
1787259600000,653.3,655.2,652.5,653.5,1338.58
1787263200000,653.5,655.9,651.9,653.7,2397.82
1787266800000,653.7,658.2,653.4,654.5,1709.83
1787270400000,654.5,657.8,653.0,656.4,4962.3
1787274000000,656.4,666.3,655.7,661.2,8720.99
1787277600000,661.2,663.5,658.3,658.6,3803.0
1787281200000,658.6,662.1,656.9,660.7,1741.11
1787284800000,660.7,662.0,658.6,660.1,1092.37
1787288400000,660.1,664.5,659.8,664.4,5496.18
1787292000000,664.4,672.7,663.3,666.4,10906.57
1787295600000,666.4,673.0,666.1,669.7,4871.45
1787299200000,669.7,686.0,669.3,685.0,8749.04
1787302800000,685.0,685.4,667.6,678.1,12940.32
1787306400000,678.1,680.1,675.1,678.0,4729.86
1787310000000,678.0,680.1,670.9,674.1,4360.12
1787313600000,674.1,680.2,672.9,678.8,2121.76
1787317200000,678.8,680.8,673.4,679.7,2346.05
1787320800000,679.7,679.9,674.7,678.6,1672.39
1787324400000,678.6,682.0,677.9,679.0,2157.02
1787328000000,679.0,681.0,673.7,679.5,4564.48
1787331600000,679.5,681.6,676.4,679.0,1637.01
1787335200000,679.0,682.1,673.3,676.5,2859.87
1787338800000,676.5,677.1,672.5,672.7,1596.02
1787342400000,672.7,676.1,671.4,676.1,1309.52
1787346000000,676.1,685.1,675.7,685.1,3768.79
1787349600000,685.1,692.1,683.9,691.2,6722.51
1787353200000,691.2,692.1,685.9,687.0,4015.43
1787356800000,687.0,688.8,681.5,688.5,2932.34
1787360400000,688.5,692.1,686.3,687.9,5136.68
1787364000000,687.9,714.9,687.9,712.5,12887.47
1787367600000,712.5,722.7,710.5,718.2,12590.25
1787371200000,718.2,725.5,714.7,724.7,9153.32
1787374800000,724.7,726.2,682.1,698.4,41157.64
1787378400000,698.4,700.6,692.0,700.6,5493.56
1787382000000,700.6,708.2,697.6,705.8,4368.33
1787385600000,705.8,709.9,695.7,698.0,5347.6
1787389200000,698.0,704.1,692.4,697.6,4664.2
1787392800000,697.6,697.8,683.9,690.7,4886.02
1787396400000,690.7,695.5,689.0,694.1,2546.69
1787400000000,694.1,698.0,692.6,694.6,1562.62
1787403600000,694.6,696.0,692.1,695.2,1783.65
1787407200000,695.2,695.7,689.9,691.7,1984.61
1787410800000,691.7,693.0,687.6,688.2,1205.6
1787414400000,688.2,697.6,688.0,696.4,1916.65
1787418000000,696.4,698.1,693.8,696.0,1874.69
1787421600000,696.0,699.2,695.8,698.2,1493.18
1787425200000,698.2,699.5,696.5,698.4,1078.58
1787428800000,698.4,700.3,697.1,697.8,1139.62
1787432400000,697.8,697.9,691.6,692.6,3100.74
1787436000000,692.6,696.9,691.7,693.3,1260.38
1787439600000,693.3,696.1,690.8,695.2,1470.28
1787443200000,695.2,701.6,693.3,700.4,3619.51
1787446800000,700.4,700.7,696.9,697.8,1891.21
1787450400000,697.8,697.8,692.0,693.7,2318.24
1787454000000,693.7,694.9,688.2,689.1,3029.67
1787457600000,689.1,690.3,680.8,681.8,6330.68
1787461200000,681.8,685.6,676.9,683.0,7933.22
1787464800000,683.0,687.3,680.3,684.9,3295.0
1787468400000,684.9,689.0,683.0,683.9,3080.07
1787472000000,683.9,690.3,683.7,689.0,1501.08
1787475600000,689.0,689.9,687.2,689.1,831.52
1787479200000,689.1,692.3,689.0,689.8,1162.97
1787482800000,689.8,695.6,689.8,695.0,1368.81
1787486400000,695.0,695.1,692.2,694.1,468.88
1787490000000,694.1,700.1,694.1,698.1,1927.48
1787493600000,698.1,699.4,689.4,695.5,3290.5
1787497200000,695.5,697.3,693.2,694.9,1231.29
1787500800000,694.9,698.9,694.9,698.7,982.29
1787504400000,698.7,700.2,696.0,697.5,2810.83
1787508000000,697.5,700.3,696.7,699.7,970.06
1787511600000,699.7,700.3,697.3,698.9,1264.11
1787515200000,698.9,700.3,697.7,700.1,1710.84
1787518800000,700.1,707.2,700.1,703.4,3698.12
1787522400000,703.4,705.0,700.0,703.2,1263.23
1787526000000,703.2,704.6,699.5,702.4,944.86
1787529600000,702.4,704.9,698.5,704.9,2229.38
1787533200000,704.9,705.2,694.7,695.1,2680.57
1787536800000,695.1,702.2,693.4,700.1,2326.11
1787540400000,700.1,700.4,695.5,695.8,956.13
1787544000000,695.8,698.4,694.4,696.6,873.2
1787547600000,696.6,700.4,695.7,699.1,1252.4
1787551200000,699.1,700.5,696.3,699.6,708.18
1787554800000,699.6,703.3,697.7,698.3,1968.44
1787558400000,698.3,698.6,692.6,695.7,2585.71
1787562000000,695.7,699.5,695.1,699.3,1109.67
1787565600000,699.3,702.0,698.7,699.5,3053.44
1787569200000,699.5,707.2,697.2,703.9,3429.5
1787572800000,703.9,707.3,700.1,705.4,4287.63
1787576400000,705.4,708.3,696.0,699.5,4753.37
1787580000000,699.5,708.9,699.4,706.9,4462.91
1787583600000,706.9,716.9,703.7,705.9,8662.79
1787587200000,705.9,712.4,703.9,704.7,3099.0
1787590800000,704.7,705.7,698.2,702.3,3306.74
1787594400000,702.3,705.1,700.8,702.4,2122.41
1787598000000,702.4,703.8,700.2,701.7,1170.68
1787601600000,701.7,703.9,700.4,702.8,1268.65
1787605200000,702.8,705.0,702.6,703.5,685.98
1787608800000,703.5,703.6,700.9,701.0,665.08
1787612400000,701.0,704.1,699.6,703.9,414.72
1787616000000,703.9,711.1,703.4,709.7,2765.8
1787619600000,709.7,712.3,708.1,710.2,1439.57
1787623200000,710.2,718.9,708.2,713.9,4169.78
1787626800000,713.9,717.9,713.6,715.3,1481.24
1787630400000,715.3,717.8,713.2,714.1,1290.39
1787634000000,714.1,718.4,713.7,716.2,1256.26
1787637600000,716.2,717.2,710.8,712.8,1428.27
1787641200000,712.8,715.7,701.8,705.8,3838.31
1787644800000,705.8,708.2,703.0,703.9,2005.47
1787648400000,703.9,704.0,696.3,698.5,3037.65
1787652000000,698.5,700.4,696.9,699.2,3083.08
1787655600000,699.2,699.7,696.2,696.3,598.7
1787659200000,696.3,697.7,692.6,697.3,3161.65
1787662800000,697.3,697.7,689.7,694.0,3274.23
1787666400000,694.0,699.4,692.7,697.8,3773.87
1787670000000,697.8,699.7,695.6,699.6,1063.17
1787673600000,699.6,700.2,697.1,698.2,821.99
1787677200000,698.2,700.1,696.5,699.7,1674.01
1787680800000,699.7,701.1,698.8,699.2,980.68
1787684400000,699.2,699.7,696.1,697.8,1221.2
1787688000000,697.8,698.0,691.6,691.9,2084.94
1787691600000,691.9,693.0,687.5,692.6,3421.56
1787695200000,692.6,697.1,692.5,696.7,948.74
1787698800000,696.7,697.1,692.6,694.0,679.54
1787702400000,694.0,694.4,690.4,693.3,1626.06
1787706000000,693.3,696.0,693.0,694.3,771.14
1787709600000,694.3,697.9,693.4,697.2,676.17
1787713200000,697.2,697.7,694.5,695.7,723.38
1787716800000,695.7,696.9,693.6,693.9,1020.64
1787720400000,693.9,696.2,692.2,695.7,515.89
1787724000000,695.7,697.3,694.5,697.3,396.7
1787727600000,697.3,700.0,697.0,698.2,1372.89
1787731200000,698.2,699.0,695.7,696.5,776.49
1787734800000,696.5,698.2,693.6,694.7,1060.7
1787738400000,694.7,708.0,694.3,706.7,5722.05
1787742000000,706.7,707.4,701.0,701.8,3876.23
1787745600000,701.8,703.6,697.2,701.4,2387.04
1787749200000,701.4,702.1,696.2,700.9,1657.43
1787752800000,700.9,702.4,692.8,693.2,2679.64
1787756400000,693.2,697.5,691.5,696.5,1821.84
1787760000000,696.5,697.7,694.3,695.5,648.91
1787763600000,695.5,701.8,695.2,699.0,1138.51
1787767200000,699.0,699.4,696.9,697.8,464.22
1787770800000,697.8,700.2,697.6,699.1,455.38
1787774400000,699.1,700.0,697.1,698.5,1084.78
1787778000000,698.5,703.3,698.2,703.0,2113.57
1787781600000,703.0,707.4,702.6,704.1,2282.3
1787785200000,704.1,708.4,703.7,707.4,1146.8
1787788800000,707.4,707.6,702.9,703.1,1051.6
1787792400000,703.1,705.4,701.7,704.7,827.31
1787796000000,704.7,705.3,702.5,702.8,441.06
1787799600000,702.8,703.8,702.1,703.2,621.21
1787803200000,703.2,704.0,700.6,701.8,910.44
1787806800000,701.8,705.3,701.0,705.0,887.01
1787810400000,705.0,705.6,703.1,705.6,612.39
1787814000000,705.6,707.7,704.8,707.2,905.55
1787817600000,707.2,712.5,707.1,710.1,2293.17
1787821200000,710.1,715.6,708.9,712.3,3237.65
1787824800000,712.3,713.8,703.7,706.8,3241.95
1787828400000,706.8,708.6,705.1,706.4,2459.78
1787832000000,706.4,707.2,704.5,705.2,1085.88
1787835600000,705.2,708.6,704.5,708.5,2136.71
1787839200000,708.5,711.7,705.6,709.7,2098.31
1787842800000,709.7,713.5,709.1,711.1,1455.22
1787846400000,711.1,713.2,710.6,711.7,1515.3
1787850000000,711.7,713.9,709.3,710.5,1768.55
1787853600000,710.5,710.8,706.2,710.3,1337.97
1787857200000,710.3,711.5,709.5,709.6,830.52
1787860800000,709.6,710.3,708.5,709.5,1211.76
1787864400000,709.5,710.5,708.8,710.2,687.8
1787868000000,710.2,712.5,710.2,712.0,375.26
1787871600000,712.0,712.4,711.2,711.5,386.13
1787875200000,711.5,714.5,710.6,712.5,1164.98
1787878800000,712.5,718.6,712.5,713.6,4408.78
1787882400000,713.6,713.9,705.7,707.4,2365.98
1787886000000,707.4,711.0,706.4,709.1,753.44
1787889600000,709.1,710.6,706.7,709.1,827.85
1787893200000,709.1,712.7,708.0,711.7,2421.07
1787896800000,711.7,713.9,711.7,712.3,627.96
1787900400000,712.3,712.4,705.8,706.4,1472.59
1787904000000,706.4,709.0,704.7,704.9,934.57
1787907600000,704.9,706.1,703.4,703.9,1522.76
1787911200000,703.9,706.6,702.3,706.4,1820.4
1787914800000,706.4,707.5,705.4,705.6,658.7
1787918400000,705.6,706.6,703.9,704.8,631.55
1787922000000,704.8,705.6,702.9,704.4,646.05
1787925600000,704.4,707.4,695.2,704.0,5171.33
1787929200000,704.0,705.5,695.2,695.5,2112.41
1787932800000,695.5,695.9,686.0,692.8,6783.0
1787936400000,692.8,695.6,691.9,693.1,1806.96
1787940000000,693.1,693.1,685.1,687.6,2616.73
1787943600000,687.6,690.0,687.5,688.4,805.92
1787947200000,688.4,689.2,687.6,687.8,1243.41
1787950800000,687.8,688.8,686.2,686.8,843.79
1787954400000,686.8,690.4,686.4,689.5,562.32
1787958000000,689.5,691.1,689.2,691.0,304.78
1787961600000,691.0,692.0,690.4,690.5,817.45
1787965200000,690.5,691.2,689.9,690.5,236.4
1787968800000,690.5,690.9,689.1,689.9,412.28
1787972400000,689.9,690.2,688.0,688.0,305.97
1787976000000,688.0,689.8,687.3,689.7,457.09
1787979600000,689.7,690.7,689.5,690.5,529.69
1787983200000,690.5,690.5,686.4,686.9,615.14
1787986800000,686.9,687.7,686.4,687.6,294.6
1787990400000,687.6,688.2,686.6,687.5,1074.21
1787994000000,687.5,688.3,687.1,688.2,532.55
1787997600000,688.2,689.3,687.6,688.6,481.69
1788001200000,688.6,689.1,688.1,688.8,236.6
1788004800000,688.8,689.3,686.9,688.0,696.78
1788008400000,688.0,688.3,687.3,688.3,186.04
1788012000000,688.3,692.2,688.0,691.4,2096.83
1788015600000,691.4,691.5,689.5,690.3,839.56
1788019200000,690.3,692.1,690.1,690.8,550.9
1788022800000,690.8,691.5,689.8,690.4,322.19
1788026400000,690.4,693.4,690.2,693.0,843.32
1788030000000,693.0,693.9,692.5,693.0,569.82
1788033600000,693.0,693.4,691.8,692.3,319.28
1788037200000,692.3,692.8,691.9,692.1,234.09
1788040800000,692.1,692.9,691.8,692.6,143.43
1788044400000,692.6,692.8,691.4,692.1,636.4
1788048000000,692.1,692.8,691.3,691.8,598.5
1788051600000,691.8,692.1,690.2,691.1,748.51
1788055200000,691.1,694.4,690.9,693.4,1008.6
1788058800000,693.4,695.3,693.3,694.2,365.3
1788062400000,694.2,694.9,691.9,693.3,245.95
1788066000000,693.3,694.3,693.2,694.1,212.99
1788069600000,694.1,694.3,693.2,694.3,318.74
1788073200000,694.3,694.5,692.7,692.8,433.96
1788076800000,692.8,693.9,691.8,693.8,447.24
1788080400000,693.8,695.0,690.6,691.4,1047.34
1788084000000,691.4,692.0,691.1,691.9,1016.11
1788087600000,691.9,693.7,691.9,692.5,357.9
1788091200000,692.5,696.2,692.4,696.2,1627.3
1788094800000,696.2,699.8,694.9,698.8,1401.98
1788098400000,698.8,699.2,696.9,698.2,760.86
1788102000000,698.2,699.4,696.1,699.1,1061.53
1788105600000,699.1,703.7,698.5,703.2,2015.78
1788109200000,703.2,703.3,697.6,700.4,952.94
1788112800000,700.4,702.3,699.1,701.2,593.75
1788116400000,701.2,701.4,698.0,699.2,514.77
1788120000000,699.2,699.8,695.6,697.1,943.09
1788123600000,697.1,697.1,692.7,696.2,1723.18
1788127200000,696.2,697.5,691.9,693.3,921.88
1788130800000,693.3,693.3,678.8,684.3,6650.32
1788134400000,684.3,687.9,681.9,685.8,3205.94
1788138000000,685.8,686.0,682.0,682.3,929.52
1788141600000,682.3,685.3,681.6,682.7,578.87
1788145200000,682.7,686.5,682.3,684.8,747.84
1788148800000,684.8,685.0,682.4,682.9,516.18
1788152400000,682.9,686.9,682.6,686.4,1194.89
1788156000000,686.4,687.5,685.5,686.2,639.94
1788159600000,686.2,687.8,685.7,686.3,953.58
1788163200000,686.3,687.8,684.2,687.1,821.34
1788166800000,687.1,689.1,685.9,686.0,625.98
1788170400000,686.0,689.4,684.7,688.8,1528.57
1788174000000,688.8,688.8,686.4,686.7,1354.61
1788177600000,686.7,688.8,683.9,685.7,1566.84
1788181200000,685.7,687.2,684.7,685.0,1194.22
1788184800000,685.0,691.2,684.4,690.3,1549.85
1788188400000,690.3,690.8,687.5,689.1,1577.74
1788192000000,689.1,690.3,687.6,688.9,522.0
1788195600000,688.9,693.0,688.3,692.6,1358.58
1788199200000,692.6,694.2,691.6,692.5,1275.09
1788202800000,692.5,694.4,690.7,691.2,1012.52
1788206400000,691.2,692.7,689.8,690.8,483.77
1788210000000,690.8,692.7,689.8,692.3,612.34
1788213600000,692.3,692.7,690.2,690.7,335.08
1788217200000,690.7,691.0,689.6,690.9,1143.92
1788220800000,690.9,693.7,690.7,692.8,527.56
1788224400000,692.8,693.7,690.4,691.2,326.38
1788228000000,691.2,691.8,689.6,691.8,2025.06
1788231600000,691.8,694.4,691.6,693.1,600.91
1788235200000,693.1,693.7,691.7,691.8,219.39
1788238800000,691.8,694.1,691.0,693.6,439.51
1788242400000,693.6,693.6,689.7,690.0,795.81
1788246000000,690.0,690.3,688.3,689.9,1056.05
1788249600000,689.9,690.3,685.2,685.9,1597.2
1788253200000,685.9,686.4,684.0,685.6,1230.32
1788256800000,685.6,688.0,685.0,686.2,698.29
1788260400000,686.2,687.6,685.2,686.9,276.73
1788264000000,686.9,687.1,684.2,686.2,721.68
1788267600000,686.2,686.9,682.9,686.5,1186.24
1788271200000,686.5,688.3,686.4,686.8,484.57
1788274800000,686.8,687.2,684.4,686.4,378.64
1788278400000,686.4,686.4,682.1,683.5,927.34
1788282000000,683.5,685.7,682.2,682.6,501.09
1788285600000,682.6,682.9,674.1,678.9,3826.75
1788289200000,678.9,681.1,678.7,679.4,723.63
1788292800000,679.4,681.0,678.7,680.5,1270.93
1788296400000,680.5,681.3,677.1,680.1,885.98
1788300000000,680.1,681.0,679.0,680.5,337.07
1788303600000,680.5,683.6,680.2,682.6,675.15
1788307200000,682.6,686.9,682.4,683.6,2101.89
1788310800000,683.6,684.7,679.2,682.1,797.43
1788314400000,682.1,685.3,681.2,685.0,732.74
1788318000000,685.0,689.3,684.9,687.2,861.38
1788321600000,687.2,687.5,685.6,687.5,420.77
1788325200000,687.5,689.4,686.1,688.6,777.94
1788328800000,688.6,689.2,686.6,687.8,776.61
1788332400000,687.8,688.7,687.3,687.3,349.67
1788336000000,687.3,687.8,682.5,683.1,962.07
1788339600000,683.1,686.2,681.3,683.1,958.6
1788343200000,683.1,683.6,680.0,682.5,2071.48
1788346800000,682.5,683.9,680.5,683.4,750.42
1788350400000,683.4,685.2,682.5,682.8,884.88
1788354000000,682.8,689.2,682.7,687.0,2015.98
1788357600000,687.0,689.0,685.8,685.8,1044.24
1788361200000,685.8,687.7,683.4,687.3,672.7
1788364800000,687.3,689.0,686.0,686.0,1051.27
1788368400000,686.0,687.6,684.3,687.4,760.05
1788372000000,687.4,687.6,685.7,686.8,709.24
1788375600000,686.8,687.4,685.1,686.1,238.04
1788379200000,686.1,687.6,686.0,687.3,699.53
1788382800000,687.3,688.8,686.6,686.9,1536.09
1788386400000,686.9,687.0,684.8,685.9,901.09
1788390000000,685.9,688.5,685.4,688.4,382.53
1788393600000,688.4,689.7,686.6,687.2,1972.59
1788397200000,687.2,691.8,686.1,690.0,1490.12
1788400800000,690.0,694.8,689.5,694.0,1668.29
1788404400000,694.0,694.0,691.4,692.3,1098.16
1788408000000,692.3,694.5,691.6,694.4,955.31
1788411600000,694.4,695.3,689.0,695.1,2798.72
1788415200000,695.1,698.5,694.6,697.6,1860.54
1788418800000,697.6,699.5,696.7,697.8,1493.48
1788422400000,697.8,703.1,697.8,701.1,2456.93
1788426000000,701.1,702.8,700.2,700.5,3398.17
1788429600000,700.5,705.9,700.3,705.0,4233.87
1788433200000,705.0,715.7,704.7,711.4,9298.01
1788436800000,711.4,714.9,710.5,713.3,3285.12
1788440400000,713.3,714.5,708.2,711.5,3221.23
1788444000000,711.5,722.6,710.9,722.2,6071.23
1788447600000,722.2,728.1,718.2,727.6,5897.28
1788451200000,727.6,727.9,718.5,721.8,5563.06
1788454800000,721.8,722.5,719.6,721.7,1593.77
1788458400000,721.7,722.7,719.7,722.1,871.31
1788462000000,722.1,724.7,720.9,724.3,1117.09
1788465600000,724.3,724.7,722.1,724.0,704.54
1788469200000,724.0,727.4,722.9,724.6,736.71
1788472800000,724.6,725.4,720.4,723.5,1153.16
1788476400000,723.5,725.3,723.1,724.8,753.3
1788480000000,724.8,729.9,721.3,721.5,2830.39
1788483600000,721.5,723.6,718.8,722.1,1643.06
1788487200000,722.1,724.2,720.1,724.2,932.78
1788490800000,724.2,725.1,723.3,723.3,859.44
1788494400000,723.3,729.4,723.3,725.9,1564.42
1788498000000,725.9,726.6,723.0,724.8,1335.41
1788501600000,724.8,725.1,719.5,720.0,735.98
1788505200000,720.0,722.2,713.3,713.8,4228.26
1788508800000,713.8,719.1,713.4,718.5,2359.53
1788512400000,718.5,720.4,716.7,718.2,2015.9
1788516000000,718.2,722.0,715.4,722.0,2205.55
1788519600000,722.0,724.7,721.4,723.9,2822.8
1788523200000,723.9,727.3,710.2,715.2,11642.35
1788526800000,715.2,718.4,711.5,714.8,4031.54
1788530400000,714.8,716.2,707.8,711.2,3391.81
1788534000000,711.2,717.4,710.3,716.3,1847.02
1788537600000,716.3,721.3,715.9,719.3,2697.3
1788541200000,719.3,719.4,716.3,716.6,1034.17
1788544800000,716.6,718.7,716.3,718.7,515.48
1788548400000,718.7,721.1,718.5,719.8,1006.86
1788552000000,719.8,721.0,717.9,717.9,522.96
1788555600000,717.9,719.0,715.9,716.9,968.32
1788559200000,716.9,718.6,716.9,718.3,640.43
1788562800000,718.3,721.3,718.0,721.2,3377.98
1788566400000,721.2,721.7,719.3,719.3,1018.95
1788570000000,719.3,723.4,719.1,720.1,2795.78
1788573600000,720.1,721.4,719.4,720.6,1244.44
1788577200000,720.6,724.9,720.5,723.2,1249.03
1788580800000,723.2,723.2,721.0,721.1,833.78
1788584400000,721.1,722.5,720.3,722.1,717.52
1788588000000,722.1,727.7,721.3,726.9,3607.45
1788591600000,726.9,739.2,726.1,737.9,8470.66
1788595200000,737.9,752.2,737.7,749.5,16240.36
1788598800000,749.5,751.6,743.7,747.3,7849.16
1788602400000,747.3,750.8,746.4,747.8,2767.57
1788606000000,747.8,756.7,745.4,747.5,5555.42
1788609600000,747.5,765.6,747.4,763.1,13062.08
1788613200000,763.1,767.6,759.1,760.8,8590.74
1788616800000,760.8,770.2,760.1,769.8,8248.1
1788620400000,769.8,772.4,765.6,769.9,5857.45
1788624000000,769.9,777.4,767.7,773.3,6904.01
1788627600000,773.3,780.7,773.3,775.9,6877.0
1788631200000,775.9,779.1,774.9,776.6,1885.81
1788634800000,776.6,779.8,772.7,772.9,3514.79
1788638400000,772.9,773.7,769.5,769.9,2913.31
1788642000000,769.9,771.9,769.3,770.8,865.19
1788645600000,770.8,771.4,768.7,770.1,1253.15
1788649200000,770.1,770.3,763.2,765.8,3991.69
1788652800000,765.8,768.5,765.7,766.4,2445.32
1788656400000,766.4,768.1,762.7,764.8,2260.5
1788660000000,764.8,765.6,760.7,763.5,2163.5
1788663600000,763.5,765.5,763.2,764.5,1260.95
1788667200000,764.5,764.8,761.4,762.6,967.23
1788670800000,762.6,764.2,760.6,761.4,1367.79
1788674400000,761.4,763.2,759.1,759.9,2328.89
1788678000000,759.9,760.5,753.8,756.1,4636.13
1788681600000,756.1,757.0,753.7,756.5,2430.73
1788685200000,756.5,758.6,756.2,757.1,2418.97
1788688800000,757.1,758.0,755.7,757.3,1699.17
1788692400000,757.3,758.3,756.1,757.8,1652.85
1788696000000,757.8,758.0,753.7,755.2,1995.14
1788699600000,755.2,755.2,749.7,750.6,6551.05
1788703200000,750.6,750.6,740.8,741.3,4821.22
1788706800000,741.3,745.8,739.8,745.4,4036.39
1788710400000,745.4,748.2,744.6,747.2,1755.13
1788714000000,747.2,748.1,746.2,747.7,1492.23
1788717600000,747.7,749.4,747.2,749.1,615.42
1788721200000,749.1,749.9,748.1,748.5,383.59
1788724800000,748.5,751.2,748.5,750.9,789.16
1788728400000,750.9,753.3,750.5,750.9,1965.57
1788732000000,750.9,751.4,748.0,751.1,1487.93
1788735600000,751.1,754.6,750.6,752.6,1183.56
1788739200000,752.6,756.1,749.5,750.0,2945.33
1788742800000,750.0,750.5,745.2,748.2,2296.59
1788746400000,748.2,755.5,746.8,748.0,4285.53
1788750000000,748.0,749.8,744.4,745.6,2104.58
1788753600000,745.6,747.0,744.8,746.5,814.39
1788757200000,746.5,749.7,746.3,748.1,757.71
1788760800000,748.1,748.8,744.0,745.0,1463.28
1788764400000,745.0,745.0,739.2,743.4,1929.06
1788768000000,743.4,744.9,743.3,744.6,1095.07
1788771600000,744.6,746.4,742.0,742.5,1245.57
1788775200000,742.5,744.5,742.2,743.2,900.83
1788778800000,743.2,744.6,742.8,744.6,629.46
1788782400000,744.6,747.0,744.2,746.8,788.89
1788786000000,746.8,747.4,743.6,745.2,1793.55
1788789600000,745.2,745.3,740.5,743.2,1450.57
1788793200000,743.2,743.2,732.2,734.1,5517.55
1788796800000,734.1,739.7,734.0,739.4,1472.02
1788800400000,739.4,741.1,738.6,740.1,1025.9
1788804000000,740.1,740.7,738.2,739.4,964.93
1788807600000,739.4,741.7,738.5,741.4,458.66
1788811200000,741.4,741.5,738.6,739.7,908.38
1788814800000,739.7,739.9,738.2,739.1,1123.3
1788818400000,739.1,739.6,735.7,738.0,2023.96
1788822000000,738.0,740.6,737.8,739.6,1570.13
1788825600000,739.6,741.0,738.0,740.2,1744.53
1788829200000,740.2,742.7,739.9,742.3,1510.73
1788832800000,742.3,743.3,738.0,738.0,2606.14
1788836400000,738.0,745.1,736.4,742.6,3900.39
1788840000000,742.6,746.3,741.4,745.1,1908.56
1788843600000,745.1,754.1,743.3,750.5,7257.25
1788847200000,750.5,750.9,744.8,747.2,4368.11
1788850800000,747.2,757.4,747.2,754.3,5663.46
1788854400000,754.3,760.9,753.1,754.7,10981.11
1788858000000,754.7,756.6,749.9,754.3,5469.42
1788861600000,754.3,757.7,753.1,755.7,2015.29
1788865200000,755.7,756.4,749.9,752.0,2699.68
1788868800000,752.0,752.3,749.0,751.3,1952.21
1788872400000,751.3,752.7,741.8,746.6,5934.13
1788876000000,746.6,751.2,745.7,750.4,3724.46
1788879600000,750.4,756.8,748.7,756.0,5888.98
1788883200000,756.0,758.0,752.9,755.5,4561.67
1788886800000,755.5,756.3,751.4,751.6,1885.92
1788890400000,751.6,754.4,747.2,748.9,3448.36
1788894000000,748.9,749.8,747.0,748.4,2973.73
1788897600000,748.4,751.0,748.4,750.5,1819.22
1788901200000,750.5,752.5,750.5,751.4,1314.34
1788904800000,751.4,754.6,750.7,754.3,702.0
1788908400000,754.3,754.6,751.7,751.8,699.14
1788912000000,751.8,756.4,751.6,754.2,1369.76
1788915600000,754.2,755.8,749.7,754.3,1349.29
1788919200000,754.3,754.6,750.9,751.3,1495.89
1788922800000,751.3,751.3,746.5,749.0,1015.52
1788926400000,749.0,755.1,748.9,754.1,1874.8
1788930000000,754.1,754.7,749.7,751.1,1513.82
1788933600000,751.1,756.1,750.6,754.7,2082.18
1788937200000,754.7,757.3,752.4,754.3,2020.3
1788940800000,754.3,757.4,753.5,757.3,1001.62
1788944400000,757.3,758.1,750.4,750.8,3018.03
1788948000000,750.8,751.8,748.7,750.1,2357.96
1788951600000,750.1,751.2,747.3,749.8,2070.16
1788955200000,749.8,751.2,749.2,749.9,1898.44
1788958800000,749.9,750.6,744.0,744.6,3232.07
1788962400000,744.6,746.3,741.2,743.0,4127.16
1788966000000,743.0,745.7,734.1,738.5,8001.55
1788969600000,738.5,741.4,737.3,740.2,4106.78
1788973200000,740.2,742.0,739.6,740.8,1349.6
1788976800000,740.8,741.2,739.2,739.5,1489.81
1788980400000,739.5,741.2,735.8,736.6,1111.65
1788984000000,736.6,737.4,730.6,733.3,8544.45
1788987600000,733.3,733.3,721.3,724.7,13321.73
1788991200000,724.7,725.4,716.7,718.5,8866.69
1788994800000,718.5,723.1,718.3,722.0,1953.38
1788998400000,722.0,723.6,719.8,720.3,2719.63
1789002000000,720.3,724.2,715.8,720.3,2775.75
1789005600000,720.3,724.7,720.1,724.7,1065.96
1789009200000,724.7,726.0,722.6,723.1,1345.44
1789012800000,723.1,723.4,721.5,722.1,1470.57
1789016400000,722.1,723.2,720.4,723.1,1476.27
1789020000000,723.1,723.1,717.8,720.7,1531.57
1789023600000,720.7,720.7,715.0,718.7,2211.07
1789027200000,718.7,719.2,717.7,717.9,1595.46
1789030800000,717.9,718.9,715.1,717.1,1042.8
1789034400000,717.1,718.2,715.9,716.5,977.61
1789038000000,716.5,718.7,715.2,716.0,1746.9
1789041600000,716.0,717.9,702.5,705.1,11806.73
1789045200000,705.1,710.6,704.4,710.2,3709.45
1789048800000,710.2,711.7,706.7,709.5,3882.6
1789052400000,709.5,710.1,706.1,707.4,2264.47
1789056000000,707.4,708.9,703.9,708.0,1646.18
1789059600000,708.0,713.3,707.5,712.4,1833.91
1789063200000,712.4,713.5,709.8,713.4,1087.37
1789066800000,713.4,715.6,712.8,713.9,1329.28
1789070400000,713.9,715.8,713.5,714.6,804.87
1789074000000,714.6,714.9,713.3,713.9,1226.94
1789077600000,713.9,715.3,710.7,711.5,1096.56
1789081200000,711.5,712.4,707.8,708.2,2484.09
1789084800000,708.2,713.2,708.2,713.2,1193.01
1789088400000,713.2,714.5,710.5,713.2,824.1
1789092000000,713.2,713.2,709.7,710.7,890.25
1789095600000,710.7,712.1,709.8,711.8,1450.54
1789099200000,711.8,716.9,711.6,716.4,1555.91
1789102800000,716.4,716.9,714.9,716.3,1468.27
1789106400000,716.3,716.6,713.7,714.8,557.4
1789110000000,714.8,715.6,712.5,713.2,977.92
1789113600000,713.2,715.6,712.1,713.5,823.06
1789117200000,713.5,713.9,710.7,712.6,1349.26
1789120800000,712.6,714.6,711.9,712.2,843.08
1789124400000,712.2,712.9,709.9,712.7,1452.17
1789128000000,712.7,724.5,705.8,723.2,8521.79
1789131600000,723.2,737.0,716.6,736.3,9354.65
1789135200000,736.3,741.2,729.7,732.8,10574.25
1789138800000,732.8,740.2,725.4,728.0,7008.73
1789142400000,728.0,733.1,727.0,729.9,4529.0
1789146000000,729.9,730.5,726.1,727.1,2467.03
1789149600000,727.1,727.4,720.2,721.7,3545.45
1789153200000,721.7,725.7,720.7,724.6,1675.44
1789156800000,724.6,727.2,723.9,725.9,1108.66
1789160400000,725.9,727.1,722.4,722.7,775.19
1789164000000,722.7,725.2,721.2,723.9,1455.78
1789167600000,723.9,727.6,723.5,726.5,776.09
1789171200000,726.5,728.1,725.6,726.4,869.12
1789174800000,726.4,730.6,725.5,729.9,1620.41
1789178400000,729.9,731.5,728.8,731.3,1160.55
1789182000000,731.3,735.8,731.3,733.2,1444.87
1789185600000,733.2,735.0,732.7,733.2,791.54
1789189200000,733.2,734.9,731.5,732.7,2087.37
1789192800000,732.7,733.5,731.1,731.3,1978.62
1789196400000,731.3,734.3,731.3,733.2,657.81
1789200000000,733.2,734.6,732.2,734.6,1615.0
1789203600000,734.6,736.7,734.0,735.0,1418.9
1789207200000,735.0,739.8,735.0,737.5,2718.49
1789210800000,737.5,738.1,735.5,736.4,826.24
1789214400000,736.4,736.9,735.1,735.7,651.1
1789218000000,735.7,736.4,734.3,736.3,949.75
1789221600000,736.3,736.6,734.2,735.3,830.17
1789225200000,735.3,736.8,734.8,734.8,860.27
1789228800000,734.8,735.3,731.5,731.7,2331.97
1789232400000,731.7,732.1,730.0,730.7,1028.32
1789236000000,730.7,730.7,728.5,729.0,1271.36
1789239600000,729.0,729.0,724.5,725.8,1310.35
1789243200000,725.8,727.2,725.5,726.0,1098.15
1789246800000,726.0,726.9,725.3,726.0,1807.67
1789250400000,726.0,726.9,725.0,725.6,1104.05
1789254000000,725.6,727.3,725.6,727.0,282.12
1789257600000,727.0,727.5,726.4,727.5,615.17
1789261200000,727.5,729.4,727.4,727.7,1125.34
1789264800000,727.7,728.6,727.3,727.6,539.62
1789268400000,727.6,728.5,726.2,726.5,1042.62
1789272000000,726.5,727.0,725.9,726.0,495.17
1789275600000,726.0,726.4,725.6,726.0,403.62
1789279200000,726.0,726.0,721.1,721.5,1049.52
1789282800000,721.5,723.2,721.1,721.8,898.94
1789286400000,721.8,722.2,716.8,717.8,1815.45
1789290000000,717.8,718.7,714.0,716.1,2617.39
1789293600000,716.1,716.3,713.9,714.6,604.42
1789297200000,714.6,716.5,713.8,716.4,873.43
1789300800000,716.4,716.5,714.7,715.1,836.76
1789304400000,715.1,718.0,712.7,717.8,1111.69
1789308000000,717.8,719.9,717.7,718.2,1075.15
1789311600000,718.2,719.2,716.9,718.4,741.99
1789315200000,718.4,721.1,718.3,720.8,1540.54
1789318800000,720.8,721.8,720.4,720.7,787.8
1789322400000,720.7,721.9,720.4,721.9,625.69
1789326000000,721.9,722.7,720.3,720.5,504.99
1789329600000,720.5,722.4,720.5,721.9,346.03
1789333200000,721.9,722.5,721.5,721.6,458.29
1789336800000,721.6,721.6,714.7,715.3,2407.13
1789340400000,715.3,716.7,714.8,715.9,1713.58
1789344000000,715.9,720.3,713.2,718.8,2239.72
1789347600000,718.8,719.8,714.4,717.5,1466.5
1789351200000,719.9,724.6,718.9,723.4,6287.92
1789354800000,723.4,725.1,721.1,722.1,1867.66
1789358400000,722.1,726.0,721.8,724.6,3261.76
1789362000000,724.6,726.1,724.1,725.1,1777.86
1789365600000,725.1,726.7,722.3,723.5,1510.58
1789369200000,723.5,725.0,722.8,724.7,635.0
1789372800000,724.7,725.8,723.4,723.6,1237.11
1789376400000,723.6,728.5,721.4,724.3,5025.41
1789380000000,724.3,724.9,722.0,722.7,4115.69
1789383600000,722.7,723.1,720.6,721.7,1280.13
1789387200000,721.7,723.0,719.2,719.5,2611.94
1789390800000,719.5,722.8,716.0,720.2,4848.44
1789394400000,720.2,723.3,719.1,721.0,1512.43
1789398000000,721.0,722.6,719.3,721.9,1829.58
1789401600000,721.9,726.2,721.6,724.4,6750.33
1789405200000,724.4,727.0,723.4,726.0,1865.62
1789408800000,726.0,728.2,725.7,727.1,1838.8
1789412400000,727.1,727.1,724.2,725.1,3529.85
1789416000000,725.1,733.4,725.1,726.4,3711.88
1789419600000,726.4,726.6,722.8,723.1,2807.33
1789423200000,723.1,724.3,712.0,721.9,16665.35
1789426800000,721.9,722.3,718.8,720.1,7866.53
1789430400000,720.1,720.2,718.0,718.7,1892.83
1789434000000,718.7,720.8,717.4,719.8,1208.45
1789437600000,719.8,721.9,719.3,721.4,1314.59
1789441200000,721.4,722.1,718.6,720.9,2087.27
1789444800000,720.9,720.9,720.6,720.7,33.12
1789448400000,720.3,721.8,718.1,721.2,1098.24
1789452000000,721.2,723.3,716.8,718.0,1954.5
1789455600000,718.0,718.6,714.3,714.6,2162.57
1789459200000,714.6,717.3,713.7,717.3,1453.48
1789462800000,717.3,718.0,716.1,717.2,993.24
1789466400000,717.2,720.0,717.0,719.2,1878.42
1789470000000,719.2,720.0,717.1,718.5,2638.12
1789473600000,718.5,719.1,717.7,718.7,793.39
