ts,open,high,low,close,volume
1767225600000,87594.9,87814.0,87574.0,87758.5,751.666
1767229200000,87758.5,88022.1,87758.5,87914.0,1369.653
1767232800000,87914.0,88054.0,87852.1,87875.9,667.35
1767236400000,87875.9,87984.3,87800.0,87822.0,395.882
1767240000000,87822.0,87829.4,87515.0,87555.8,1451.415
1767243600000,87555.8,87711.9,87555.8,87668.1,568.847
1767247200000,87668.1,87668.1,87590.0,87611.4,294.954
1767250800000,87611.4,87639.6,87555.8,87586.5,516.685
1767254400000,87586.5,87769.3,87581.4,87727.2,952.496
1767258000000,87727.2,87911.9,87700.0,87837.2,610.278
1767261600000,87837.2,87842.3,87740.7,87813.1,347.184
1767265200000,87813.1,87991.4,87797.3,87980.5,1183.065
1767268800000,87980.5,88000.0,87868.3,87900.0,661.662
1767272400000,87900.0,87987.0,87802.3,87875.8,614.144
1767276000000,87875.8,87932.1,87754.3,87915.4,1017.895
1767279600000,87915.4,88098.6,87868.8,87992.1,1277.3
1767283200000,87992.1,88009.3,87836.3,87958.6,684.735
1767286800000,87958.6,88499.0,87925.1,88294.6,2908.861
1767290400000,88294.6,88337.8,88062.3,88166.0,1235.393
1767294000000,88166.0,88409.6,88035.3,88356.3,761.901
1767297600000,88356.3,88357.4,88209.1,88225.5,417.396
1767301200000,88225.5,88417.8,88215.7,88363.7,494.296
1767304800000,88363.7,88666.0,88363.7,88614.0,2000.244
1767308400000,88614.0,88891.9,88443.9,88810.1,2899.231
1767312000000,88810.1,88863.0,88554.1,88805.8,2007.591
1767315600000,88805.8,88852.4,88500.0,88612.4,1107.979
1767319200000,88612.4,88644.0,88325.9,88608.7,1467.258
1767322800000,88608.7,89100.0,88540.8,88919.8,2929.528
1767326400000,88919.8,88965.1,88600.0,88605.0,1533.942
1767330000000,88605.0,88757.2,88530.4,88724.6,982.693
1767333600000,88724.6,89061.8,88690.0,88910.9,1194.534
1767337200000,88910.9,89030.0,88809.8,88838.9,1218.782
1767340800000,88838.9,89172.0,88774.3,89144.1,1445.669
1767344400000,89144.1,89479.1,89080.1,89449.9,3347.366
1767348000000,89449.9,89946.0,89428.8,89638.2,5178.071
1767351600000,89638.2,89655.1,89323.1,89468.5,2322.754
1767355200000,89468.5,89577.8,89342.9,89359.0,1182.931
1767358800000,89359.0,89710.7,89250.1,89306.6,2242.265
1767362400000,89306.6,90100.0,88413.6,89527.1,12488.599
1767366000000,89527.1,89865.2,88730.9,89361.0,8698.666
1767369600000,89361.0,90881.3,89151.8,90323.5,12573.674
1767373200000,90323.5,90958.5,90137.6,90325.0,5730.66
1767376800000,90325.0,90529.8,89502.5,89728.0,4394.79
1767380400000,89728.0,90123.4,89608.4,89857.0,2331.446
1767384000000,89857.0,90038.2,89575.1,89690.0,1610.615
1767387600000,89690.0,90124.1,89676.3,90005.0,1284.719
1767391200000,90005.0,90370.6,89966.1,90148.9,1545.234
1767394800000,90148.9,90148.9,89835.4,89953.8,1191.785
1767398400000,89953.8,90149.8,89908.1,90109.1,771.075
1767402000000,90109.1,90250.0,90023.1,90229.7,571.319
1767405600000,90229.7,90360.0,90087.0,90295.0,594.71
1767409200000,90295.0,90339.0,90148.3,90284.2,568.262
1767412800000,90284.2,90447.8,90004.8,90122.5,942.415
1767416400000,90122.5,90163.5,89868.4,89988.3,815.961
1767420000000,89988.3,90094.9,89800.1,89825.5,851.562
1767423600000,89825.5,89910.8,89255.1,89525.0,3966.805
1767427200000,89525.0,89802.0,89371.6,89617.3,1957.026
1767430800000,89617.3,89946.1,89586.1,89753.5,1745.579
1767434400000,89753.5,89834.7,89656.2,89711.8,651.947
1767438000000,89711.8,89744.0,89623.0,89706.6,573.614
1767441600000,89706.6,90045.6,89613.0,89993.1,1425.775
1767445200000,89993.1,90027.2,89883.0,89969.9,931.94
1767448800000,89969.9,90200.0,89919.3,90094.7,1267.918
1767452400000,90094.7,90094.7,89922.2,89934.3,749.854
1767456000000,89934.3,90187.8,89866.9,90065.7,1007.336
1767459600000,90065.7,90092.5,89972.9,90059.9,450.104
1767463200000,90059.9,90155.0,90000.0,90110.0,476.748
1767466800000,90110.0,90123.8,90021.2,90093.0,308.423
1767470400000,90093.0,90345.3,89988.1,90333.4,1235.977
1767474000000,90333.4,90706.4,90280.0,90527.0,1664.257
1767477600000,90527.0,90698.0,90454.4,90555.0,1023.053
1767481200000,90555.0,90669.0,90431.1,90599.9,807.235
1767484800000,90599.9,91586.4,90599.9,91300.0,6255.26
1767488400000,91300.0,91456.5,90967.5,91189.3,1493.963
1767492000000,91189.3,91257.9,91039.6,91099.8,784.862
1767495600000,91099.8,91323.9,91049.5,91184.2,1276.511
1767499200000,91184.2,91555.0,91143.5,91359.4,1453.635
1767502800000,91359.4,91450.0,91287.1,91442.1,563.415
1767506400000,91442.1,91775.6,91175.9,91189.0,3111.311
1767510000000,91189.0,91500.0,91159.4,91493.7,1162.386
1767513600000,91493.7,91500.0,91117.8,91324.1,1302.177
1767517200000,91324.1,91429.3,91205.0,91407.7,981.64
1767520800000,91407.7,91583.6,91367.3,91552.0,965.524
1767524400000,91552.0,91552.1,91176.5,91258.7,1284.11
1767528000000,91258.7,91319.8,91035.0,91093.1,1324.263
1767531600000,91093.1,91230.0,90967.7,91215.9,1021.776
1767535200000,91215.9,91379.5,91096.5,91296.0,1066.582
1767538800000,91296.0,91344.4,91041.2,91283.8,682.046
1767542400000,91283.8,91403.4,91195.9,91275.0,816.77
1767546000000,91275.0,91403.0,91254.4,91299.1,758.558
1767549600000,91299.1,91299.2,90930.0,91162.0,1862.561
1767553200000,91162.0,91165.7,90809.0,91086.5,2256.308
1767556800000,91086.5,91310.0,91062.3,91265.7,607.683
1767560400000,91265.7,91377.3,91133.4,91233.3,602.615
1767564000000,91233.3,91355.0,91093.9,91167.7,738.763
1767567600000,91167.7,91550.6,91167.7,91490.7,1800.62
1767571200000,91490.7,92393.3,91469.0,92371.2,7818.41
1767574800000,92371.2,93396.0,92225.5,92927.5,8640.344
1767578400000,92927.5,93127.0,92691.1,93004.8,2600.445
1767582000000,93004.8,93180.0,92833.0,92841.5,1822.966
1767585600000,92841.5,92926.3,92301.9,92561.7,2773.292
1767589200000,92561.7,92695.0,92303.3,92324.3,1427.965
1767592800000,92324.3,92465.9,92108.2,92447.7,1611.777
1767596400000,92447.7,92610.1,92433.0,92487.0,1279.982
1767600000000,92487.0,92753.6,92419.8,92440.0,1759.386
1767603600000,92440.0,92829.4,92275.6,92656.9,1812.152
1767607200000,92656.9,93129.9,92625.5,93053.6,2132.237
1767610800000,93053.6,93129.9,92850.0,93103.6,1691.713
1767614400000,93103.6,93174.0,92694.4,92835.5,1743.6
1767618000000,92835.5,92972.0,92487.7,92698.8,2090.2
1767621600000,92698.8,93645.0,92350.0,93385.1,8445.445
1767625200000,93385.1,93996.4,93121.7,93905.0,7950.64
1767628800000,93905.0,94056.6,93529.1,93650.8,4519.726
1767632400000,93650.8,94450.0,93200.2,94272.2,6422.524
1767636000000,94272.2,94482.4,93860.7,94404.6,3967.177
1767639600000,94404.6,94461.3,94083.4,94246.2,2781.798
1767643200000,94246.2,94749.9,93975.0,94124.8,5197.345
1767646800000,94124.8,94183.3,93754.0,94045.8,2430.148
1767650400000,94045.8,94350.0,93953.1,94125.3,1430.532
1767654000000,94125.3,94155.5,93811.1,93825.5,1220.237
1767657600000,93825.5,93948.0,93500.6,93753.9,2610.968
1767661200000,93753.9,94116.4,93687.5,93731.3,2046.642
1767664800000,93731.3,93828.4,93469.0,93568.2,1359.006
1767668400000,93568.2,93882.5,93547.2,93715.8,1040.037
1767672000000,93715.8,93961.0,93686.4,93753.0,918.613
1767675600000,93753.0,93778.1,93523.0,93546.0,836.474
1767679200000,93546.0,93900.0,93478.1,93728.1,1636.455
1767682800000,93728.1,93739.9,93054.6,93207.7,3256.319
1767686400000,93207.7,93384.8,93128.1,93193.2,1399.378
1767690000000,93193.2,93518.3,93187.3,93425.7,1288.239
1767693600000,93425.7,93632.7,93365.6,93533.2,961.776
1767697200000,93533.2,93862.9,93521.8,93814.7,1836.339
1767700800000,93814.7,93962.3,93743.7,93827.1,1050.396
1767704400000,93827.1,93833.9,93596.6,93680.1,1066.389
1767708000000,93680.1,94405.0,93461.0,93784.6,8596.638
1767711600000,93784.6,94275.7,93290.4,93597.9,5980.599
1767715200000,93597.9,93727.0,92270.0,92656.1,9399.165
1767718800000,92656.1,92725.3,91513.1,91562.7,9331.849
1767722400000,91562.7,92186.9,91217.2,91996.3,7483.907
1767726000000,91996.3,92312.8,91864.0,92077.3,2230.786
1767729600000,92077.3,92666.7,92077.2,92474.0,2676.832
1767733200000,92474.0,93841.0,92330.2,93208.3,9495.168
1767736800000,93208.3,93494.1,92905.1,93319.8,3202.932
1767740400000,93319.8,93756.0,93290.8,93714.6,1764.047
1767744000000,93714.6,93714.6,92607.0,92666.5,2884.161
1767747600000,92666.5,92856.5,92257.0,92400.1,3167.558
1767751200000,92400.1,93035.8,92201.4,92920.8,2778.257
1767754800000,92920.8,93085.5,92698.5,92779.9,1500.105
1767758400000,92779.9,92889.0,92542.2,92634.0,1311.912
1767762000000,92634.0,92821.5,92470.0,92502.2,1318.143
1767765600000,92502.2,92860.7,92478.2,92568.5,1297.67
1767769200000,92568.5,92849.3,92568.5,92845.2,779.191
1767772800000,92845.2,92935.4,92632.9,92670.8,1316.802
1767776400000,92670.8,92674.0,91533.4,91663.3,6101.808
1767780000000,91663.3,91953.0,91541.1,91918.3,2974.44
1767783600000,91918.3,92221.2,91879.2,92051.0,1875.887
1767787200000,92051.0,92152.1,91927.7,91960.0,1353.107
1767790800000,91960.0,92259.1,91819.4,92003.5,1962.178
1767794400000,92003.5,92105.8,91314.0,91924.2,7800.736
1767798000000,91924.2,91965.4,90922.5,91309.4,11063.931
1767801600000,91309.4,91772.0,91100.8,91218.2,4018.578
1767805200000,91218.2,91655.5,90970.0,91204.0,4032.288
1767808800000,91204.0,91400.0,90689.0,90854.7,5240.36
1767812400000,90854.7,91261.4,90624.3,91156.6,4127.136
1767816000000,91156.6,91283.6,90728.7,91012.9,2254.492
1767819600000,91012.9,91216.5,91003.1,91060.5,1376.39
1767823200000,91060.5,91437.4,90833.8,91137.1,2045.017
1767826800000,91137.1,91450.0,90965.6,91332.0,2066.504
1767830400000,91332.0,91478.0,91022.4,91358.8,1698.761
1767834000000,91358.8,91641.4,91251.6,91377.0,1430.838
1767837600000,91377.0,91436.0,90700.1,90914.0,2885.259
1767841200000,90914.0,91093.3,90555.3,90760.1,2057.067
1767844800000,90760.1,91130.4,90649.0,90985.9,1454.997
1767848400000,90985.9,91147.9,90737.9,90775.9,1126.005
1767852000000,90775.9,90828.2,89836.8,89839.9,7284.517
1767855600000,89839.9,90532.4,89586.5,90489.9,5776.772
1767859200000,90489.9,90720.1,90103.2,90189.3,2820.39
1767862800000,90189.3,90332.6,89891.4,89966.1,2572.803
1767866400000,89966.1,90444.0,89722.0,90363.7,3059.96
1767870000000,90363.7,90440.0,89980.0,90189.0,2381.129
1767873600000,90189.0,90213.5,89746.2,89947.3,3051.966
1767877200000,89947.3,90074.8,89828.0,89926.7,1239.173
1767880800000,89926.7,90143.4,89262.0,89976.2,9349.527
1767884400000,89976.2,90794.7,89765.0,90737.8,6607.317
1767888000000,90737.8,90897.0,90250.1,90896.6,5320.967
1767891600000,90896.6,91400.0,90792.8,91322.5,4825.098
1767895200000,91322.5,91433.0,90900.0,91072.8,2698.625
1767898800000,91072.8,91284.1,90732.6,90895.5,1780.668
1767902400000,90895.5,90963.1,90512.1,90873.5,2266.438
1767906000000,90873.5,91299.9,90871.5,91228.9,1807.159
1767909600000,91228.9,91471.4,90986.2,91198.8,1592.884
1767913200000,91198.8,91296.5,90997.0,91061.9,1019.3
1767916800000,91061.9,91268.0,91008.4,91243.4,725.046
1767920400000,91243.4,91597.3,90795.0,91010.8,2792.117
1767924000000,91010.8,91463.6,90980.0,91005.4,1947.338
1767927600000,91005.4,91239.4,90920.0,91197.0,1065.419
1767931200000,91197.0,91212.2,90890.2,90987.0,560.596
1767934800000,90987.0,91094.7,90872.4,91059.3,783.993
1767938400000,91059.3,91119.0,90949.4,91100.2,708.861
1767942000000,91100.2,91100.2,90699.7,90708.8,2051.677
1767945600000,90708.8,90821.9,89650.1,89982.6,7498.039
1767949200000,89982.6,90442.6,89961.7,90303.9,2872.573
1767952800000,90303.9,90536.8,90228.0,90438.7,1161.498
1767956400000,90438.7,90649.8,90364.1,90413.9,1490.206
1767960000000,90413.9,90562.8,90170.6,90404.1,1753.653
1767963600000,90404.1,90951.5,90350.7,90551.2,3741.032
1767967200000,90551.2,90643.6,89876.9,90100.1,4632.329
1767970800000,90100.1,92001.6,89785.0,91146.1,15263.871
1767974400000,91146.1,91747.8,91126.4,91587.2,4099.122
1767978000000,91587.2,91645.2,90950.5,91375.1,2860.184
1767981600000,91375.1,91469.0,90287.6,90772.3,4337.738
1767985200000,90772.3,90772.3,90128.7,90280.0,3055.916
1767988800000,90280.0,90557.2,90185.3,90263.1,2485.793
1767992400000,90263.1,90627.1,90076.6,90496.3,1765.984
1767996000000,90496.3,90673.6,90304.5,90600.0,1045.043
1767999600000,90600.0,90695.0,90552.0,90608.4,563.113
1768003200000,90608.4,90666.7,90481.6,90571.3,718.086
1768006800000,90571.3,90706.5,90540.3,90659.4,468.888
1768010400000,90659.4,90758.0,90563.9,90660.8,562.369
1768014000000,90660.8,90660.9,90515.0,90592.1,272.138
1768017600000,90592.1,90616.0,90373.7,90424.9,579.683
1768021200000,90424.9,90596.2,90386.7,90569.4,258.76
1768024800000,90569.4,90585.1,90435.7,90470.1,271.352
1768028400000,90470.1,90650.0,90470.1,90643.7,440.089
1768032000000,90643.7,90721.4,90580.4,90638.9,580.542
1768035600000,90638.9,90742.5,90575.8,90742.5,631.631
1768039200000,90742.5,90812.1,90676.2,90798.4,942.036
1768042800000,90798.4,90798.4,90663.5,90691.5,455.087
1768046400000,90691.5,90754.9,90623.0,90691.1,374.809
1768050000000,90691.1,90740.3,90584.3,90618.8,538.116
1768053600000,90618.8,90631.7,90490.2,90558.9,640.376
1768057200000,90558.9,90639.6,90530.9,90623.0,484.453
1768060800000,90623.0,90700.0,90556.1,90641.2,493.614
1768064400000,90641.2,90734.7,90502.5,90511.4,659.279
1768068000000,90511.4,90565.7,90467.0,90548.4,365.695
1768071600000,90548.4,90591.8,90533.4,90590.6,136.599
1768075200000,90590.6,90618.5,90521.1,90528.7,202.495
1768078800000,90528.7,90536.3,90434.5,90456.1,478.57
1768082400000,90456.1,90563.6,90332.8,90374.9,659.862
1768086000000,90374.9,90542.1,90371.5,90479.6,343.325
1768089600000,90479.6,90614.5,90404.5,90587.6,337.262
1768093200000,90587.6,90634.6,90508.3,90603.0,247.973
1768096800000,90603.0,90696.4,90569.5,90654.1,347.249
1768100400000,90654.1,90709.6,90582.8,90701.3,335.293
1768104000000,90701.3,90764.5,90634.2,90764.4,433.184
1768107600000,90764.4,90838.5,90700.1,90732.5,467.471
1768111200000,90732.5,90773.7,90545.8,90700.3,494.106
1768114800000,90700.3,90719.0,90625.5,90677.7,202.779
1768118400000,90677.7,90780.9,90562.6,90748.8,609.589
1768122000000,90748.8,90778.1,90625.4,90690.6,390.894
1768125600000,90690.6,90704.6,90638.3,90695.2,211.01
1768129200000,90695.2,90716.1,90643.5,90715.6,269.986
1768132800000,90715.6,90986.1,90671.1,90891.7,1159.336
1768136400000,90891.7,90938.3,90778.2,90816.1,633.714
1768140000000,90816.1,91174.1,90816.1,91071.1,1266.264
1768143600000,91071.1,91116.2,90660.0,90835.4,1639.085
1768147200000,90835.4,91254.5,90834.1,91003.3,1608.813
1768150800000,91003.3,91120.1,90867.7,90948.9,682.94
1768154400000,90948.9,90954.0,90746.2,90857.1,545.713
1768158000000,90857.1,90900.8,90615.5,90642.8,1114.526
1768161600000,90642.8,90717.2,90337.8,90664.0,2006.523
1768165200000,90664.0,90798.1,90543.8,90706.5,609.919
1768168800000,90706.5,90706.5,90408.0,90486.4,1437.346
1768172400000,90486.4,91000.0,90176.4,90962.6,3180.25
1768176000000,90962.6,91229.6,90624.7,91222.4,2639.0
1768179600000,91222.4,91768.9,91048.6,91371.5,4003.317
1768183200000,91371.5,92376.3,91325.6,92169.1,4856.713
1768186800000,92169.1,92500.0,91751.2,91773.0,4103.53
1768190400000,91773.0,92250.0,91704.9,92128.3,1848.675
1768194000000,92128.3,92223.2,91988.8,92064.2,1105.421
1768197600000,92064.2,92170.2,91758.0,91793.4,1235.142
1768201200000,91793.4,91930.0,91339.9,91363.1,2588.951
1768204800000,91363.1,91592.7,90315.8,90704.2,6220.406
1768208400000,90704.2,90899.0,90592.9,90631.4,2115.029
1768212000000,90631.4,90748.0,90309.0,90395.6,1946.72
1768215600000,90395.6,90765.0,90379.1,90572.2,1896.615
1768219200000,90572.2,90822.1,90563.8,90738.1,1051.102
1768222800000,90738.1,90791.4,90479.3,90580.0,1395.942
1768226400000,90580.0,91085.0,90068.0,90861.0,7128.728
1768230000000,90861.0,91650.0,90656.9,91634.2,7580.519
1768233600000,91634.2,92300.0,91538.5,92089.5,8170.027
1768237200000,92089.5,92289.9,90955.9,91473.0,6652.526
1768240800000,91473.0,91933.7,91364.0,91660.3,2882.294
1768244400000,91660.3,91841.0,91382.2,91820.9,1714.586
1768248000000,91820.9,92018.3,91366.9,91440.5,2007.08
1768251600000,91440.5,91457.4,90875.6,91005.5,2396.512
1768255200000,91005.5,91411.6,91001.4,91194.8,1189.832
1768258800000,91194.8,91283.5,91007.7,91248.7,881.285
1768262400000,91248.7,91508.0,91205.4,91430.0,1834.389
1768266000000,91430.0,91517.8,91003.0,91154.4,1160.183
1768269600000,91154.4,91336.5,91053.1,91088.9,1063.336
1768273200000,91088.9,91425.0,91075.4,91380.8,1388.314
1768276800000,91380.8,91689.8,91299.8,91473.3,1865.74
1768280400000,91473.3,92225.1,91435.0,91888.3,4207.051
1768284000000,91888.3,92248.0,91770.7,92150.8,2467.47
1768287600000,92150.8,92185.4,91878.0,91920.0,1295.864
1768291200000,91920.0,92222.0,91893.1,92146.7,1162.299
1768294800000,92146.7,92660.0,91917.0,92253.3,5592.688
1768298400000,92253.3,92312.8,91976.9,92098.1,1263.093
1768302000000,92098.1,92230.6,91932.1,91964.5,1190.84
1768305600000,91964.5,92121.3,91862.2,92078.1,932.735
1768309200000,92078.1,92600.0,91941.8,92029.3,7241.63
1768312800000,92029.3,92882.7,91717.5,92419.1,7694.606
1768316400000,92419.1,93415.0,92072.0,93414.9,8292.651
1768320000000,93414.9,93715.8,93034.6,93351.0,7241.088
1768323600000,93351.0,93450.0,93050.0,93198.2,2978.773
1768327200000,93198.2,93839.6,93146.3,93584.0,3312.596
1768330800000,93584.0,94210.0,93416.0,94180.0,4865.265
1768334400000,94180.0,94484.1,94064.7,94354.7,6051.111
1768338000000,94354.7,94486.9,94026.2,94047.9,2671.181
1768341600000,94047.9,96654.0,94047.9,95724.1,16445.051
1768345200000,95724.1,96096.7,95029.1,95389.5,4440.179
1768348800000,95389.5,95627.9,95130.0,95207.9,2479.454
1768352400000,95207.9,95557.2,95099.0,95210.4,2174.127
1768356000000,95210.4,95540.0,95167.0,95322.8,1818.141
1768359600000,95322.8,95680.0,95247.4,95675.6,1364.528
1768363200000,95675.6,95774.6,95185.5,95189.9,2004.287
1768366800000,95189.9,95237.9,94920.3,94967.2,2613.716
1768370400000,94967.2,94999.6,94509.0,94990.0,3103.29
1768374000000,94990.0,95214.8,94824.0,95189.0,2589.704
1768377600000,95189.0,95317.5,94852.6,94880.0,1784.817
1768381200000,94880.0,95167.0,94853.2,95058.2,1122.696
1768384800000,95058.2,95266.6,94836.3,95047.5,1654.537
1768388400000,95047.5,95069.8,94694.3,94760.3,1332.92
1768392000000,94760.3,95143.9,94635.3,95043.0,1605.042
1768395600000,95043.0,95201.1,94850.0,94952.8,1495.568
1768399200000,94952.8,96797.0,94939.4,96445.3,11344.548
1768402800000,96445.3,97090.1,96151.1,96708.6,10275.376
1768406400000,96708.6,97664.9,96675.4,97241.5,8801.847
1768410000000,97241.5,97750.2,96708.8,96917.5,6704.445
1768413600000,96917.5,97083.3,96200.0,96759.2,5830.454
1768417200000,96759.2,97603.5,96626.8,97216.4,4389.454
1768420800000,97216.4,97963.2,97146.7,97606.0,5415.032
1768424400000,97606.0,97673.5,97321.0,97515.1,1673.385
1768428000000,97515.1,97537.3,96735.2,96825.2,2668.493
1768431600000,96825.2,97329.5,96807.3,96900.0,1679.755
1768435200000,96900.0,96948.3,96427.3,96607.1,2276.389
1768438800000,96607.1,96920.0,96260.0,96390.1,2400.248
1768442400000,96390.1,96567.0,96023.0,96289.4,1928.475
1768446000000,96289.4,96350.9,95714.3,95933.0,2715.879
1768449600000,95933.0,96365.7,95913.0,96265.5,2102.812
1768453200000,96265.5,96494.6,96183.7,96372.0,1604.551
1768456800000,96372.0,96534.9,96105.6,96198.4,1432.858
1768460400000,96198.4,96714.2,96141.2,96597.1,1780.955
1768464000000,96597.1,96622.0,96235.2,96592.6,1316.53
1768467600000,96592.6,97174.5,96511.9,96999.9,3027.378
1768471200000,96999.9,97021.8,96691.8,96771.3,1522.838
1768474800000,96771.3,96890.6,96530.8,96530.9,1525.299
1768478400000,96530.9,96948.3,96460.0,96930.7,1418.636
1768482000000,96930.7,96999.8,96560.0,96807.0,1832.297
1768485600000,96807.0,97113.1,95519.1,96004.9,9349.191
1768489200000,96004.9,96740.0,95347.7,96694.8,8215.864
1768492800000,96694.8,96904.6,96214.3,96667.3,5177.386
1768496400000,96667.3,97034.9,96351.6,96563.4,2736.349
1768500000000,96563.4,96578.0,95655.0,95785.7,3526.317
1768503600000,95785.7,95876.9,95100.0,95458.6,4876.171
1768507200000,95458.6,95608.9,95071.8,95209.0,2889.011
1768510800000,95209.0,95590.1,95144.2,95535.0,1370.275
1768514400000,95535.0,95835.0,95428.1,95526.5,1245.389
1768518000000,95526.5,95698.3,95336.0,95559.9,1300.866
1768521600000,95559.9,95793.8,95520.3,95589.9,982.178
1768525200000,95589.9,95818.2,95368.0,95626.7,1198.154
1768528800000,95626.7,95648.3,95350.0,95465.9,1393.691
1768532400000,95465.9,95546.3,95268.5,95296.6,1002.122
1768536000000,95296.6,95552.4,95072.9,95221.9,1916.21
1768539600000,95221.9,95645.1,95200.0,95616.1,1613.098
1768543200000,95616.1,95800.0,95485.8,95704.5,1267.215
1768546800000,95704.5,95750.0,95446.1,95621.6,1166.658
1768550400000,95621.6,95819.0,95540.0,95630.7,1310.556
1768554000000,95630.7,95748.0,95540.0,95570.0,951.584
1768557600000,95570.0,95595.0,95256.9,95270.4,1178.139
1768561200000,95270.4,95425.3,95201.6,95377.5,945.852
1768564800000,95377.5,95544.1,95309.6,95412.0,876.318
1768568400000,95412.0,95531.0,95227.1,95395.6,938.54
1768572000000,95395.6,95767.4,95133.8,95149.9,3132.142
1768575600000,95149.9,95628.7,94241.3,94544.4,12504.654
1768579200000,94544.4,94950.0,94452.6,94828.0,3612.747
1768582800000,94828.0,95123.5,94524.2,95056.8,2726.452
1768586400000,95056.8,95206.5,94924.5,94969.9,1825.329
1768590000000,94969.9,95024.8,94788.3,94967.4,762.544
1768593600000,94967.4,95522.0,94629.7,95519.1,2318.567
1768597200000,95519.1,95557.6,95310.0,95481.9,1700.425
1768600800000,95481.9,95540.1,95207.4,95476.9,995.057
1768604400000,95476.9,95540.1,95380.1,95504.9,576.891
1768608000000,95504.9,95553.6,95394.9,95431.0,500.179
1768611600000,95431.0,95494.8,95340.1,95358.1,379.254
1768615200000,95358.1,95385.7,95139.4,95314.0,918.399
1768618800000,95314.0,95346.8,95220.0,95319.1,311.258
1768622400000,95319.1,95326.7,95212.0,95269.2,305.175
1768626000000,95269.2,95341.3,95231.9,95267.4,350.572
1768629600000,95267.4,95300.8,95149.4,95180.0,434.701
1768633200000,95180.0,95180.1,94989.1,95053.4,802.029
1768636800000,95053.4,95217.6,94967.9,95210.1,527.81
1768640400000,95210.1,95250.0,95131.0,95221.4,307.991
1768644000000,95221.4,95226.9,95062.8,95064.7,401.742
1768647600000,95064.7,95269.0,95021.6,95269.0,581.625
1768651200000,95269.0,95366.7,95180.6,95215.6,494.434
1768654800000,95215.6,95400.0,95140.8,95394.5,606.455
1768658400000,95394.5,95498.9,95304.5,95421.3,837.261
1768662000000,95421.3,95653.3,95374.4,95530.0,1347.025
1768665600000,95530.0,95530.0,95164.0,95254.0,1676.326
1768669200000,95254.0,95405.0,95219.1,95323.3,505.579
1768672800000,95323.3,95425.6,95283.6,95381.4,366.108
1768676400000,95381.4,95381.4,95230.0,95247.2,363.359
1768680000000,95247.2,95343.5,95219.2,95337.8,476.015
1768683600000,95337.8,95378.9,95232.0,95271.0,279.042
1768687200000,95271.0,95271.0,94970.1,95116.6,1221.459
1768690800000,95116.6,95167.6,95055.1,95103.0,628.529
1768694400000,95103.0,95198.6,95028.0,95072.5,614.315
1768698000000,95072.5,95072.5,94816.4,94920.6,1237.429
1768701600000,94920.6,95021.6,94825.0,94988.0,439.037
1768705200000,94988.0,95179.9,94974.3,95154.6,1009.502
1768708800000,95154.6,95154.6,95020.7,95056.5,409.42
1768712400000,95056.5,95220.0,95010.0,95140.6,631.314
1768716000000,95140.6,95175.6,95094.7,95146.5,349.911
1768719600000,95146.5,95153.6,94980.0,94988.0,476.895
1768723200000,94988.0,95163.4,94973.9,95134.0,486.779
1768726800000,95134.0,95247.2,95098.0,95217.8,606.415
1768730400000,95217.8,95269.0,95034.0,95128.1,526.678
1768734000000,95128.1,95150.2,95029.2,95137.8,389.806
1768737600000,95137.8,95151.1,95029.9,95057.1,377.533
1768741200000,95057.1,95160.0,94840.9,95104.1,1496.808
1768744800000,95104.1,95339.9,94876.7,94908.2,1432.04
1768748400000,94908.2,95077.3,94864.7,95060.0,632.351
1768752000000,95060.0,95143.8,95013.9,95113.7,490.954
1768755600000,95113.7,95242.9,95083.0,95212.3,604.836
1768759200000,95212.3,95480.0,95114.9,95402.6,1141.587
1768762800000,95402.6,95471.5,95274.8,95328.2,556.539
1768766400000,95328.2,95402.6,95226.8,95262.0,489.976
1768770000000,95262.0,95399.8,95232.1,95376.6,394.169
1768773600000,95376.6,95490.5,95357.0,95437.7,641.67
1768777200000,95437.7,95446.0,93545.0,93624.6,11277.052
1768780800000,93624.6,93624.6,91800.2,92652.4,18292.426
1768784400000,92652.4,92824.5,92161.0,92532.3,3797.432
1768788000000,92532.3,92618.3,92321.7,92511.2,1874.142
1768791600000,92511.2,92745.5,92432.4,92636.7,1654.104
1768795200000,92636.7,92707.8,92436.9,92618.1,1281.171
1768798800000,92618.1,92765.3,92452.0,92470.4,924.793
1768802400000,92470.4,92583.4,92340.1,92548.2,1272.359
1768806000000,92548.2,92814.5,92504.0,92780.1,993.697
1768809600000,92780.1,93314.0,92631.3,93194.9,2984.088
1768813200000,93194.9,93225.4,92868.9,93000.0,1831.896
1768816800000,93000.0,93041.9,92835.0,93028.4,1058.321
1768820400000,93028.4,93278.7,92914.3,93144.7,1132.28
1768824000000,93144.7,93190.1,92956.9,93035.6,1119.371
1768827600000,93035.6,93122.2,92702.0,92993.6,1657.413
1768831200000,92993.6,93000.0,92648.3,92761.2,1919.874
1768834800000,92761.2,93037.3,92761.2,93010.1,1461.083
1768838400000,93010.1,93377.0,92941.4,93257.1,1787.006
1768842000000,93257.1,93354.0,93090.1,93186.1,1655.023
1768845600000,93186.1,93222.9,92869.7,93013.7,1075.327
1768849200000,93013.7,93109.6,92936.5,93050.7,719.971
1768852800000,93050.7,93261.8,93050.7,93097.2,617.488
1768856400000,93097.2,93299.9,92935.9,92960.1,795.168
1768860000000,92960.1,93024.0,92505.7,92521.9,2060.654
1768863600000,92521.9,92718.6,92111.2,92584.3,4078.261
1768867200000,92584.3,92846.4,92315.8,92673.4,1849.766
1768870800000,92673.4,92847.1,92482.0,92687.1,1121.632
1768874400000,92687.1,92691.0,92327.6,92510.8,1398.454
1768878000000,92510.8,92604.5,92203.1,92396.4,1541.611
1768881600000,92396.4,92435.6,91950.0,92026.5,2653.165
1768885200000,92026.5,92041.4,91235.8,91587.9,8570.588
1768888800000,91587.9,91590.0,90720.5,90891.5,6640.267
1768892400000,90891.5,91241.6,90809.7,91124.9,2559.43
1768896000000,91124.9,91200.0,90610.1,91067.4,3710.403
1768899600000,91067.4,91067.4,90833.5,90981.3,1327.212
1768903200000,90981.3,91257.3,90947.2,91212.2,1255.972
1768906800000,91212.2,91415.9,91160.7,91177.3,1729.474
1768910400000,91177.3,91275.4,91005.9,91230.1,1558.818
1768914000000,91230.1,91248.3,90718.8,90915.8,2947.951
1768917600000,90915.8,91339.0,90200.0,90483.8,9081.819
1768921200000,90483.8,90766.3,89800.5,90635.2,10311.236
1768924800000,90635.2,90920.0,89957.7,90115.1,3920.087
1768928400000,90115.1,90459.3,89374.4,89730.3,6915.208
1768932000000,89730.3,89914.7,89350.5,89450.6,2938.994
1768935600000,89450.6,89762.3,89228.2,89680.8,3771.163
1768939200000,89680.8,89826.0,89357.0,89701.4,2882.183
1768942800000,89701.4,89807.0,89374.3,89424.9,1702.416
1768946400000,89424.9,89616.8,87773.1,88453.2,8730.969
1768950000000,88453.2,88481.0,87822.0,88379.9,4863.673
1768953600000,88379.9,88935.5,88202.2,88884.0,2794.375
1768957200000,88884.0,89119.0,88800.0,88975.1,1494.861
1768960800000,88975.1,89314.2,88944.1,89000.0,1719.802
1768964400000,89000.0,89560.0,88986.2,89382.6,1724.005
1768968000000,89382.6,89597.1,89285.6,89402.4,1003.486
1768971600000,89402.4,90099.6,89377.5,89917.2,2769.621
1768975200000,89917.2,89917.2,89450.0,89613.4,1799.154
1768978800000,89613.4,89726.6,89048.3,89175.0,2351.661
1768982400000,89175.0,89357.8,88947.5,89161.3,1854.624
1768986000000,89161.3,89452.7,89022.5,89072.0,1317.029
1768989600000,89072.0,89354.2,89022.0,89196.0,711.317
1768993200000,89196.0,89347.2,88642.2,88750.9,2143.088
1768996800000,88750.9,88815.8,88145.2,88701.9,4592.057
1769000400000,88701.9,88989.0,88508.6,88619.3,3091.403
1769004000000,88619.3,89959.8,88550.5,89757.0,11436.73
1769007600000,89757.0,90542.2,89720.0,90235.2,7279.389
1769011200000,90235.2,90314.8,87524.7,87549.4,13250.081
1769014800000,87549.4,88119.9,87212.0,87882.4,8180.173
1769018400000,87882.4,88618.7,87536.8,88436.0,4032.501
1769022000000,88436.0,90440.3,88240.9,90329.5,12728.342
1769025600000,90329.5,90350.0,89415.2,90174.4,5662.469
1769029200000,90174.4,90305.0,89927.8,90205.4,1882.093
1769032800000,90205.4,90361.5,89711.0,89723.8,1418.822
1769036400000,89723.8,90212.2,89311.5,89410.1,3746.991
1769040000000,89410.1,89992.7,89410.0,89873.8,1667.96
1769043600000,89873.8,90172.2,89773.2,90062.4,1879.98
1769047200000,90062.4,90337.9,89780.2,89899.5,2203.182
1769050800000,89899.5,90133.4,89650.1,89849.5,1673.602
1769054400000,89849.5,90041.1,89776.5,89955.0,1275.305
1769058000000,89955.0,90037.0,89877.0,89983.8,559.222
1769061600000,89983.8,90174.1,89850.0,90130.0,1373.636
1769065200000,90130.0,90159.9,89747.0,89772.6,1690.33
1769068800000,89772.6,89925.8,89701.9,89872.0,944.235
1769072400000,89872.0,90083.0,89833.8,89988.8,816.746
1769076000000,89988.8,90072.0,89908.2,90023.7,790.485
1769079600000,90023.7,90100.0,89850.0,89895.0,1052.532
1769083200000,89895.0,90061.0,89822.9,89968.6,684.313
1769086800000,89968.6,90296.8,89432.5,89563.9,4558.943
1769090400000,89563.9,89700.0,89000.0,89027.6,7699.163
1769094000000,89027.6,89418.4,88462.3,88945.4,8749.861
1769097600000,88945.4,89223.3,88621.0,88997.1,4226.546
1769101200000,88997.1,89580.0,88963.3,89500.0,2777.829
1769104800000,89500.0,89749.0,89253.0,89295.5,2442.938
1769108400000,89295.5,89883.9,89062.4,89730.9,3263.413
1769112000000,89730.9,89909.2,89346.2,89371.2,2180.315
1769115600000,89371.2,89634.9,89202.2,89226.8,1174.158
1769119200000,89226.8,89545.5,89104.0,89302.4,1268.013
1769122800000,89302.4,89569.6,89121.0,89511.7,1062.486
1769126400000,89511.7,89612.1,89399.0,89489.7,601.972
1769130000000,89489.7,89906.0,89489.7,89895.4,1107.181
1769133600000,89895.4,89946.0,89606.3,89614.6,1091.616
1769137200000,89614.6,89896.5,89600.0,89896.0,750.829
1769140800000,89896.0,90062.7,89822.0,89921.1,777.033
1769144400000,89921.1,89934.2,89412.6,89566.1,1235.823
1769148000000,89566.1,89761.6,89353.3,89465.5,1294.662
1769151600000,89465.5,89644.0,89390.0,89483.2,1103.879
1769155200000,89483.2,89582.2,89077.2,89165.1,2233.986
1769158800000,89165.1,89338.1,88838.9,88928.0,2271.099
1769162400000,88928.0,89117.5,88806.8,89003.6,1230.928
1769166000000,89003.6,89312.0,88950.0,89168.3,1085.023
1769169600000,89168.3,89338.0,89042.0,89218.7,771.789
1769173200000,89218.7,89408.6,89186.0,89308.0,1072.579
1769176800000,89308.0,89680.0,88606.4,88966.4,6311.656
1769180400000,88966.4,89822.8,88500.0,89707.1,5364.914
1769184000000,89707.1,90450.0,89432.5,90082.6,7833.797
1769187600000,90082.6,91180.0,89920.6,90557.5,7479.94
1769191200000,90557.5,90993.0,90400.1,90477.6,3160.664
1769194800000,90477.6,90495.0,89543.7,89936.6,4432.728
1769198400000,89936.6,90113.7,89162.0,89455.7,3104.143
1769202000000,89455.7,89642.0,89263.5,89300.0,1165.843
1769205600000,89300.0,89728.9,89289.0,89587.9,1084.741
1769209200000,89587.9,89589.6,89416.5,89551.7,613.497
1769212800000,89551.7,89589.6,89375.0,89401.1,428.594
1769216400000,89401.1,89538.5,89400.0,89500.0,264.519
1769220000000,89500.0,89671.3,89500.0,89659.9,464.867
1769223600000,89659.9,89883.4,89620.0,89724.4,637.066
1769227200000,89724.4,89800.0,89662.8,89791.6,434.017
1769230800000,89791.6,89810.1,89700.0,89744.3,262.663
1769234400000,89744.3,89744.3,89576.8,89603.5,465.375
1769238000000,89603.5,89646.9,89513.8,89570.1,385.612
1769241600000,89570.1,89650.0,89535.0,89628.8,304.608
1769245200000,89628.8,89628.9,89541.0,89548.8,424.699
1769248800000,89548.8,89618.2,89532.7,89577.7,209.845
1769252400000,89577.7,89620.0,89545.3,89545.3,296.152
1769256000000,89545.3,89550.0,89434.8,89494.9,424.775
1769259600000,89494.9,89497.0,89314.9,89315.0,549.463
1769263200000,89315.0,89464.0,89105.7,89405.4,1829.685
1769266800000,89405.4,89452.9,89192.8,89236.1,914.581
1769270400000,89236.1,89319.6,89113.2,89234.7,1222.927
1769274000000,89234.7,89373.7,89203.2,89350.0,918.681
1769277600000,89350.0,89432.9,89326.1,89350.0,265.374
1769281200000,89350.0,89350.1,89222.0,89281.7,359.87
1769284800000,89281.7,89366.8,89281.6,89342.6,196.64
1769288400000,89342.6,89342.9,89224.8,89339.3,303.445
1769292000000,89339.3,89455.7,89249.9,89400.3,435.613
1769295600000,89400.3,89440.0,89156.3,89177.1,524.273
1769299200000,89177.1,89271.8,89120.4,89271.8,502.412
1769302800000,89271.8,89271.8,89028.4,89136.2,505.359
1769306400000,89136.2,89224.0,89086.6,89096.6,258.994
1769310000000,89096.6,89149.6,88800.1,88915.5,1148.018
1769313600000,88915.5,89074.5,88892.0,88978.9,859.512
1769317200000,88978.9,89026.0,88834.5,88958.4,326.882
1769320800000,88958.4,88958.5,88596.2,88804.7,1677.619
1769324400000,88804.7,88804.8,88586.3,88620.0,579.838
1769328000000,88620.0,88726.9,88100.0,88254.1,2555.494
1769331600000,88254.1,88455.0,88188.0,88363.5,1425.168
1769335200000,88363.5,88634.1,88363.4,88605.0,1221.834
1769338800000,88605.0,88665.3,88480.7,88522.8,698.767
1769342400000,88522.8,88767.5,88378.0,88756.0,1839.755
1769346000000,88756.0,88937.4,88588.9,88875.0,1418.757
1769349600000,88875.0,88900.0,88566.6,88661.4,1248.087
1769353200000,88661.4,88735.0,88314.0,88407.9,1321.643
1769356800000,88407.9,88417.3,87477.0,88042.3,8660.124
1769360400000,88042.3,88064.9,87698.3,87835.2,1577.181
1769364000000,87835.2,87943.2,86752.9,87364.1,7391.526
1769367600000,87364.1,87464.0,86142.3,86453.1,8655.908
1769371200000,86453.1,86666.0,86170.2,86615.3,3849.153
1769374800000,86615.3,86997.7,86362.5,86538.0,3188.741
1769378400000,86538.0,86653.3,86172.5,86492.1,2617.473
1769382000000,86492.1,86757.0,86031.4,86625.6,5302.371
1769385600000,86625.6,87150.0,86446.8,86800.3,3927.361
1769389200000,86800.3,87780.3,86763.6,87648.8,3347.613
1769392800000,87648.8,87929.7,87381.2,87503.0,2313.794
1769396400000,87503.0,87640.0,87034.9,87241.2,1405.841
1769400000000,87241.2,87914.1,87188.0,87705.5,1949.67
1769403600000,87705.5,87923.9,87622.2,87774.3,1021.941
1769407200000,87774.3,87999.8,87719.0,87905.1,1400.338
1769410800000,87905.1,88043.4,87664.8,87964.3,1376.606
1769414400000,87964.3,88355.0,87804.0,87943.8,2243.06
1769418000000,87943.8,87968.4,87555.0,87626.8,2200.965
1769421600000,87626.8,87926.6,87608.3,87853.6,900.268
1769425200000,87853.6,87955.4,87711.0,87816.0,659.24
1769428800000,87816.0,87937.6,87684.0,87759.3,925.672
1769432400000,87759.3,88010.9,87659.0,87922.0,1323.819
1769436000000,87922.0,88512.8,87394.2,88130.0,6811.727
1769439600000,88130.0,88843.9,87268.8,87598.9,8783.364
1769443200000,87598.9,87922.0,87141.3,87578.9,3712.343
1769446800000,87578.9,87742.6,86923.3,87658.7,3585.062
1769450400000,87658.7,88380.0,87604.0,88375.5,3547.178
1769454000000,88375.5,88524.2,87913.5,87969.1,2457.439
1769457600000,87969.1,88088.8,87489.5,87586.8,2094.219
1769461200000,87586.8,88209.0,87524.1,88022.3,1483.924
1769464800000,88022.3,88234.5,87942.0,88090.1,1030.138
1769468400000,88090.1,88631.2,87962.6,88305.1,1825.524
1769472000000,88305.1,88417.9,88159.8,88319.0,999.615
1769475600000,88319.0,88682.0,88150.0,88524.6,1250.579
1769479200000,88524.6,88837.1,88510.3,88778.4,1693.131
1769482800000,88778.4,88893.3,88523.9,88740.0,1113.565
1769486400000,88740.0,88977.7,88456.0,88530.3,1369.003
1769490000000,88530.3,88550.0,88350.0,88418.1,869.677
1769493600000,88418.1,88484.0,88225.6,88290.6,1028.911
1769497200000,88290.6,88525.3,88268.2,88282.8,937.091
1769500800000,88282.8,88364.6,88075.0,88127.8,1387.246
1769504400000,88127.8,88127.8,87815.9,87841.8,1808.819
1769508000000,87841.8,88042.7,87688.1,87735.2,1558.381
1769511600000,87735.2,88050.0,87694.0,87937.0,1257.054
1769515200000,87937.0,88108.7,87894.2,87938.8,1168.312
1769518800000,87938.8,88027.9,87747.5,87932.3,994.052
1769522400000,87932.3,88400.0,87606.1,87701.7,4655.784
1769526000000,87701.7,88165.6,87502.0,87990.6,3921.843
1769529600000,87990.6,88786.4,87948.5,88597.0,5777.757
1769533200000,88597.0,88649.8,87234.0,87491.7,7335.347
1769536800000,87491.7,88480.7,87400.0,88242.1,3552.462
1769540400000,88242.1,88513.2,88003.5,88373.1,2015.149
1769544000000,88373.1,89470.8,88331.3,89355.2,7977.632
1769547600000,89355.2,89499.8,88968.9,89040.7,3284.998
1769551200000,89040.7,89383.8,88969.8,89200.0,1730.13
1769554800000,89200.0,89487.7,89093.6,89202.3,1745.958
1769558400000,89202.3,89437.0,89100.1,89429.9,940.262
1769562000000,89429.9,89460.4,89148.4,89355.5,1121.85
1769565600000,89355.5,89417.6,89053.0,89243.2,983.29
1769569200000,89243.2,89270.0,88923.8,89080.0,1048.079
1769572800000,89080.0,89133.5,88802.0,88944.7,1297.303
1769576400000,88944.7,89065.5,88800.0,89050.0,1407.575
1769580000000,89050.0,89366.3,89049.9,89286.6,1093.191
1769583600000,89286.6,89320.4,89059.6,89105.0,706.985
1769587200000,89105.0,89229.9,88839.3,88885.3,1389.663
1769590800000,88885.3,89545.0,88815.6,89536.7,2157.866
1769594400000,89536.7,89696.9,89291.2,89362.1,2772.235
1769598000000,89362.1,90132.0,89274.1,90039.7,4385.706
1769601600000,90039.7,90146.8,89742.3,89968.0,2908.398
1769605200000,89968.0,90455.7,89933.5,90229.5,4604.831
1769608800000,90229.5,90229.6,89401.2,89571.4,4669.765
1769612400000,89571.4,89813.0,88836.3,89439.8,6566.295
1769616000000,89439.8,89799.0,89200.0,89588.2,2769.962
1769619600000,89588.2,90597.0,89207.7,90141.7,5893.968
1769623200000,90141.7,90149.0,89269.4,89489.7,6539.206
1769626800000,89489.7,89684.1,88951.1,89350.5,5653.351
1769630400000,89350.5,89864.1,88963.0,89092.3,4118.216
1769634000000,89092.3,89448.0,88813.0,89366.7,2588.058
1769637600000,89366.7,89442.0,89082.0,89336.5,1070.296
1769641200000,89336.5,89438.0,89160.0,89261.7,1094.512
1769644800000,89261.7,89312.7,88853.5,89110.8,1487.216
1769648400000,89110.8,89120.7,88500.0,88555.9,2887.104
1769652000000,88555.9,88718.5,87650.0,87864.7,5649.131
1769655600000,87864.7,88229.0,87720.0,88012.2,2468.711
1769659200000,88012.2,88300.1,87857.8,88264.1,1168.588
1769662800000,88264.1,88389.8,88091.0,88146.7,1443.503
1769666400000,88146.7,88299.3,88128.8,88277.0,674.761
1769670000000,88277.0,88388.5,88211.4,88314.5,1050.486
1769673600000,88314.5,88458.8,87844.0,88014.3,3714.221
1769677200000,88014.3,88111.6,87820.0,87840.0,1209.415
1769680800000,87840.0,87965.4,87770.0,87900.2,1520.824
1769684400000,87900.2,88021.1,87690.6,87786.0,1752.142
1769688000000,87786.0,88076.7,87767.6,88069.1,1521.78
1769691600000,88069.1,88142.7,87902.5,88000.0,934.048
1769695200000,88000.0,88030.0,86950.1,86961.8,7737.534
1769698800000,86961.8,86990.0,84300.3,84891.6,24117.951
1769702400000,84891.6,85359.5,84215.0,85236.3,9703.588
1769706000000,85236.3,85595.7,83941.1,84218.2,9531.908
1769709600000,84218.2,84587.2,83351.3,83428.2,11107.414
1769713200000,83428.2,84321.6,83311.0,83967.6,5916.22
1769716800000,83967.6,84356.0,83773.2,84178.7,2668.927
1769720400000,84178.7,84622.1,84164.5,84485.1,1923.291
1769724000000,84485.1,84574.0,84268.0,84522.9,1325.123
1769727600000,84522.9,84703.2,84389.6,84599.8,1724.258
1769731200000,84599.8,84692.3,84062.8,84140.0,2381.041
1769734800000,84140.0,84150.5,81000.0,82429.6,19935.63
1769738400000,82429.6,82496.0,81089.1,82119.9,8678.528
1769742000000,82119.9,82696.2,81996.8,82628.9,3363.545
1769745600000,82628.9,83287.1,82628.8,82892.4,3140.955
1769749200000,82892.4,83297.9,82843.2,82859.6,2352.983
1769752800000,82859.6,82876.1,82009.8,82548.1,4456.445
1769756400000,82548.1,83070.2,82431.2,82755.3,3538.509
1769760000000,82755.3,82946.3,82387.8,82622.9,2014.09
1769763600000,82622.9,82796.6,82081.7,82311.5,3158.651
1769767200000,82311.5,82849.9,82118.6,82783.8,2151.951
1769770800000,82783.8,83263.5,82622.9,83103.7,3129.388
1769774400000,83103.7,83287.0,82569.5,82744.8,2766.709
1769778000000,82744.8,83050.9,82361.0,82702.1,2521.169
1769781600000,82702.1,83771.2,82690.4,83070.1,7285.588
1769785200000,83070.1,83577.2,82316.3,82838.7,6689.891
1769788800000,82838.7,83476.2,82500.0,83108.5,4302.372
1769792400000,83108.5,83440.0,82588.5,82904.0,4380.398
1769796000000,82904.0,84145.0,81832.0,83895.3,11760.774
1769799600000,83895.3,84635.7,83867.4,84210.7,7246.167
1769803200000,84210.7,84285.0,83505.0,83880.9,6495.436
1769806800000,83880.9,84481.5,83756.4,84235.4,2929.814
1769810400000,84235.4,84300.0,83872.7,84181.4,1400.32
1769814000000,84181.4,84277.3,83902.8,84222.5,1039.203
1769817600000,84222.5,84254.3,83973.0,84034.2,1226.755
1769821200000,84034.2,84224.3,83860.7,83972.9,984.543
1769824800000,83972.9,84155.1,83778.4,84091.4,971.195
1769828400000,84091.4,84206.6,83987.0,83990.6,600.146
1769832000000,83990.6,84116.4,83900.0,83960.4,608.87
1769835600000,83960.4,84054.7,83851.3,83962.6,1061.979
1769839200000,83962.6,84006.1,83595.0,83736.2,1284.011
1769842800000,83736.2,83768.6,83360.3,83506.1,1708.024
1769846400000,83506.1,83599.1,82530.0,83020.7,4195.266
1769850000000,83020.7,83281.0,82840.3,83075.9,1407.59
1769853600000,83075.9,83171.8,82874.8,83120.1,1053.022
1769857200000,83120.1,83120.2,82773.8,82978.6,799.676
1769860800000,82978.6,83113.3,82671.4,82736.0,1366.828
1769864400000,82736.0,82887.4,82396.8,82733.3,2025.568
1769868000000,82733.3,82894.3,80750.0,81440.1,14148.143
1769871600000,81440.1,81745.9,81045.4,81255.2,5069.129
1769875200000,81255.2,82264.5,80022.0,80308.0,20570.438
1769878800000,80308.0,80498.5,78080.5,78848.1,23226.415
1769882400000,78848.1,79096.8,75689.6,78016.7,27400.971
1769886000000,78016.7,78544.7,77150.0,77719.1,8620.493
1769889600000,77719.1,78114.9,77033.2,77953.8,5738.026
1769893200000,77953.8,78336.9,77325.1,78262.2,6263.407
1769896800000,78262.2,78479.0,77954.8,78113.7,2750.556
1769900400000,78113.7,79239.7,78031.0,78704.4,7503.11
1769904000000,78704.4,79388.5,78611.1,78850.1,3027.857
1769907600000,78850.1,78900.0,78252.0,78495.7,2709.016
1769911200000,78495.7,79022.3,78331.2,78847.0,1799.535
1769914800000,78847.0,78969.7,78628.0,78829.7,835.829
1769918400000,78829.7,79074.3,78683.0,78930.8,1166.268
1769922000000,78930.8,78967.8,78461.1,78572.6,2450.218
1769925600000,78572.6,78791.0,78220.7,78255.6,1713.947
1769929200000,78255.6,78693.1,77836.9,78315.5,3392.164
1769932800000,78315.5,78835.0,78220.0,78560.4,1805.654
1769936400000,78560.4,79119.9,78502.8,79000.0,1345.109
1769940000000,79000.0,79187.0,78116.0,78242.6,3099.955
1769943600000,78242.6,78843.7,78242.6,78715.1,1580.619
1769947200000,78715.1,78733.2,78200.1,78417.6,1705.287
1769950800000,78417.6,78734.5,78150.0,78281.5,2209.09
1769954400000,78281.5,78509.4,77200.0,78181.4,8832.668
1769958000000,78181.4,78234.1,76725.4,77564.3,8005.055
1769961600000,77564.3,77810.4,77050.2,77456.1,4409.051
1769965200000,77456.1,77719.1,77260.0,77719.0,1989.963
1769968800000,77719.0,78409.1,77682.5,77997.2,4688.921
1769972400000,77997.2,78080.0,76950.6,77143.8,2794.628
1769976000000,77143.8,77723.3,76552.3,77067.8,4888.986
1769979600000,77067.8,77144.0,76292.6,76490.6,4446.394
1769983200000,76490.6,77770.7,76409.6,77212.9,4339.416
1769986800000,77212.9,77600.0,75663.2,76938.5,12667.938
1769990400000,76938.5,78177.9,76579.4,77638.7,5346.564
1769994000000,77638.7,77923.2,76558.4,77480.0,4653.609
1769997600000,77480.0,77529.9,76404.0,76450.6,3707.317
1770001200000,76450.6,76542.0,74567.3,76268.9,17192.54
1770004800000,76268.9,76592.7,75280.8,75852.0,6092.154
1770008400000,75852.0,75963.3,74849.3,75446.1,5182.558
1770012000000,75446.1,76800.0,74902.0,76516.9,7725.434
1770015600000,76516.9,76932.9,76290.1,76606.1,3348.013
1770019200000,76606.1,77169.1,76576.2,76829.4,3700.876
1770022800000,76829.4,77777.0,76611.1,77669.7,5279.062
1770026400000,77669.7,77824.7,77417.6,77461.6,2288.731
1770030000000,77461.6,77939.0,77400.0,77727.2,2013.444
1770033600000,77727.2,78500.0,77661.5,77950.2,4172.875
1770037200000,77950.2,78425.1,77746.3,78178.3,2728.876
1770040800000,78178.3,78849.0,77569.6,77808.0,8444.502
1770044400000,77808.0,79388.0,77492.3,78794.9,11356.51
1770048000000,78794.9,79245.4,78525.3,78588.2,4528.149
1770051600000,78588.2,79173.0,78550.0,78936.9,3274.813
1770055200000,78936.9,78947.6,78310.6,78526.4,2695.132
1770058800000,78526.4,78667.9,78228.6,78290.1,1683.767
1770062400000,78290.1,78637.7,77850.9,77963.2,2649.852
1770066000000,77963.2,78516.4,77869.9,78496.0,1544.87
1770069600000,78496.0,78825.4,78482.4,78765.9,1437.87
1770073200000,78765.9,78951.1,78511.4,78693.9,1408.788
1770076800000,78693.9,79091.8,78359.0,79038.2,1801.637
1770080400000,79038.2,79177.7,78667.9,78980.8,1792.845
1770084000000,78980.8,78980.8,77750.0,77769.0,2687.803
1770087600000,77769.0,78868.8,77600.1,78709.6,3429.163
1770091200000,78709.6,78967.5,78440.6,78762.0,1928.604
1770094800000,78762.0,78775.1,78180.5,78200.6,1408.699
1770098400000,78200.6,78631.9,77909.8,78558.7,1771.342
1770102000000,78558.7,78895.2,78448.6,78755.2,1827.216
1770105600000,78755.2,79040.0,78420.0,78707.8,1882.366
1770109200000,78707.8,78811.1,77870.9,78345.4,4065.818
1770112800000,78345.4,78533.4,78013.5,78072.6,1438.636
1770116400000,78072.6,78315.4,77945.4,78034.7,1614.026
1770120000000,78034.7,78380.9,77925.4,78289.5,2078.655
1770123600000,78289.5,78417.2,78150.0,78257.4,1761.057
1770127200000,78257.4,78389.2,77124.0,77160.0,6768.017
1770130800000,77160.0,78192.9,77004.1,78097.1,10210.359
1770134400000,78097.1,78106.3,76450.0,76456.0,10512.029
1770138000000,76456.0,76504.8,74832.5,74874.2,13424.93
1770141600000,74874.2,75268.0,73110.0,73111.4,22076.17
1770145200000,73111.4,75215.7,72889.7,74889.3,18423.654
1770148800000,74889.3,76682.9,74543.8,76433.4,11330.906
1770152400000,76433.4,76913.8,76090.4,76200.3,5193.703
1770156000000,76200.3,76271.6,75367.9,75673.0,4988.232
1770159600000,75673.0,75975.9,75382.5,75723.2,3521.285
1770163200000,75723.2,76230.5,75414.0,75872.6,2770.654
1770166800000,75872.6,76755.0,75872.6,76391.3,2979.229
1770170400000,76391.3,76575.9,75663.6,75928.7,2267.909
1770174000000,75928.7,76991.2,75873.9,76673.0,4649.499
1770177600000,76673.0,76812.2,76386.3,76451.3,1080.573
1770181200000,76451.3,76507.7,76076.0,76257.3,1461.91
1770184800000,76257.3,76759.4,76230.5,76620.5,1491.84
1770188400000,76620.5,76634.0,76311.8,76484.2,1526.589
1770192000000,76484.2,76570.0,76026.5,76553.3,3263.988
1770195600000,76553.3,76578.8,75908.4,76089.1,2336.846
1770199200000,76089.1,76307.9,76025.7,76264.1,1317.889
1770202800000,76264.1,76265.6,75635.2,75998.9,3690.607
1770206400000,75998.9,76244.9,75974.2,76148.1,2519.684
1770210000000,76148.1,76165.5,74822.3,74829.0,5040.508
1770213600000,74829.0,75746.5,74200.0,74316.9,9965.766
1770217200000,74316.9,75314.7,73728.3,74094.8,13938.334
1770220800000,74094.8,74213.5,73032.0,73611.2,11304.019
1770224400000,73611.2,73831.8,72090.4,72537.6,15581.822
1770228000000,72537.6,74124.2,72222.0,73395.7,13895.951
1770231600000,73395.7,73986.8,73003.7,73894.6,6169.641
1770235200000,73894.6,74136.0,73388.4,73479.2,2740.773
1770238800000,73479.2,73631.7,72148.7,72758.0,5484.668
1770242400000,72758.0,73650.0,71805.2,72506.3,9044.013
1770246000000,72506.3,73488.0,72419.2,73130.3,4400.033
1770249600000,73130.3,73294.2,72712.5,72829.6,2821.637
1770253200000,72829.6,73312.1,71933.1,72380.9,6878.577
1770256800000,72380.9,72819.9,71268.0,71429.5,9548.271
1770260400000,71429.5,71864.8,71120.2,71189.1,6287.565
1770264000000,71189.1,71431.1,70646.2,70844.3,9021.317
1770267600000,70844.3,71133.9,70085.7,70693.8,8617.749
1770271200000,70693.8,70950.0,70394.3,70916.9,4442.641
1770274800000,70916.9,71600.0,70591.5,70716.4,5808.354
1770278400000,70716.4,71526.4,70642.9,71022.6,3738.618
1770282000000,71022.6,71936.3,71002.2,71529.2,4169.431
1770285600000,71529.2,71697.9,70617.6,70818.8,5027.973
1770289200000,70818.8,71026.6,69865.8,70287.8,11152.761
1770292800000,70287.8,70574.4,69126.2,69541.0,12988.715
1770296400000,69541.0,69809.3,69224.7,69658.4,4393.04
1770300000000,69658.4,70866.3,69251.2,69368.0,12675.941
1770303600000,69368.0,69594.7,66655.2,67450.8,39937.328
1770307200000,67450.8,68668.8,66894.9,68268.2,14627.464
1770310800000,68268.2,68350.0,66100.3,66151.9,16813.072
1770314400000,66151.9,66518.4,65354.2,66313.1,15187.45
1770318000000,66313.1,66614.0,65148.5,65232.2,10546.188
1770321600000,65232.2,65675.0,62250.0,63739.3,33832.909
1770325200000,63739.3,64778.7,62842.6,63185.0,20530.403
1770328800000,63185.0,64584.7,62639.6,63882.5,14032.17
1770332400000,63882.5,64868.0,62679.6,62872.7,12926.441
1770336000000,62872.7,63832.6,59888.0,63467.9,49033.215
1770339600000,63467.9,65731.5,63467.8,65668.5,13760.488
1770343200000,65668.5,65972.8,64164.6,64964.6,10015.681
1770346800000,64964.6,65132.4,63724.0,64138.7,6216.649
1770350400000,64138.7,64980.4,63926.9,64876.9,4264.27
1770354000000,64876.9,66799.9,64772.1,66364.8,9885.971
1770357600000,66364.8,66757.2,64797.6,64954.9,9800.014
1770361200000,64954.9,65521.5,64600.6,64813.6,8111.607
1770364800000,64813.6,65171.2,64434.1,64859.8,5187.332
1770368400000,64859.8,66132.3,64725.0,65758.1,5811.128
1770372000000,65758.1,66201.4,65491.2,65930.9,3961.28
1770375600000,65930.9,66730.0,65735.0,66588.8,4134.498
1770379200000,66588.8,66588.9,66080.0,66525.4,3044.552
1770382800000,66525.4,67671.9,66444.0,67267.6,8775.268
1770386400000,67267.6,68583.4,66591.5,68141.1,13571.847
1770390000000,68141.1,69151.4,67679.8,68578.9,12467.707
1770393600000,68578.9,70190.8,68373.7,69895.5,11792.666
1770397200000,69895.5,71479.8,69516.8,70710.1,15072.086
1770400800000,70710.1,70780.1,69322.0,69747.6,12092.514
1770404400000,69747.6,70924.2,69619.6,70689.8,6627.539
1770408000000,70689.8,70969.7,69939.6,69945.5,5516.604
1770411600000,69945.5,70469.2,69788.2,70322.9,3409.324
1770415200000,70322.9,71571.8,70234.6,71308.6,4392.337
1770418800000,71308.6,71719.9,70457.0,70532.3,4155.646
1770422400000,70532.3,70559.8,69676.2,69914.2,4834.962
1770426000000,69914.2,70643.9,69691.7,70424.4,2869.956
1770429600000,70424.4,70591.0,70106.7,70320.1,1398.283
1770433200000,70320.1,70880.0,70235.4,70879.1,1871.945
1770436800000,70879.1,71653.2,70558.8,70722.0,4862.817
1770440400000,70722.0,71156.3,69920.0,70129.8,4765.813
1770444000000,70129.8,70289.4,68700.0,68738.0,7304.709
1770447600000,68738.0,69050.0,67307.3,68066.4,16396.731
1770451200000,68066.4,68783.7,67721.2,68479.7,6234.932
1770454800000,68479.7,68762.0,67868.8,68115.2,3318.595
1770458400000,68115.2,68281.7,67577.3,67964.2,3078.485
1770462000000,67964.2,68142.0,67672.6,67946.2,1844.728
1770465600000,67946.2,69972.1,67880.3,68996.1,13657.886
1770469200000,68996.1,69335.5,68777.9,69062.4,2786.309
1770472800000,69062.4,69152.3,68278.5,68617.2,3271.805
1770476400000,68617.2,69748.3,68524.4,69116.4,5664.554
1770480000000,69116.4,69950.0,68805.8,68923.8,14580.852
1770483600000,68923.8,69400.0,68489.4,69160.1,3401.971
1770487200000,69160.1,69671.4,68980.0,69476.0,2765.472
1770490800000,69476.0,69550.0,69232.8,69338.2,1522.453
1770494400000,69338.2,69691.0,69220.0,69599.2,1138.097
1770498000000,69599.2,69669.1,69307.1,69471.4,918.017
1770501600000,69471.4,69662.0,69281.3,69373.0,903.112
1770505200000,69373.0,69433.4,68742.0,69248.2,2215.907
1770508800000,69248.2,69400.4,68839.0,69096.5,1224.9
1770512400000,69096.5,69476.7,69051.2,69350.2,895.691
1770516000000,69350.2,69675.1,69126.3,69337.7,1435.975
1770519600000,69337.7,69405.7,69018.9,69062.5,1105.425
1770523200000,69062.5,69349.3,68926.5,69306.1,816.052
1770526800000,69306.1,69389.0,69109.8,69190.2,651.73
1770530400000,69190.2,69393.0,69046.7,69316.1,1399.461
1770534000000,69316.1,69691.3,69177.8,69663.7,1470.837
1770537600000,69663.7,70766.5,69467.9,70622.9,7304.738
1770541200000,70622.9,70678.6,70057.4,70073.5,2582.89
1770544800000,70073.5,70421.0,69844.8,70240.5,2891.818
1770548400000,70240.5,71184.0,70176.3,70953.3,4413.433
1770552000000,70953.3,71250.0,70656.6,71204.6,3285.205
1770555600000,71204.6,71491.4,70932.6,71476.2,3311.546
1770559200000,71476.2,71524.7,71050.0,71222.1,1932.632
1770562800000,71222.1,71430.6,70720.8,71153.0,3372.89
1770566400000,71153.0,71233.2,70195.5,70381.0,3838.806
1770570000000,70381.0,70844.0,70372.0,70756.6,1715.935
1770573600000,70756.6,71390.8,70716.6,71106.0,2349.391
1770577200000,71106.0,71494.9,71106.0,71387.8,1106.314
1770580800000,71387.8,71389.8,70664.4,70804.8,1680.079
1770584400000,70804.8,71107.6,70502.9,70662.5,1255.089
1770588000000,70662.5,71076.0,70612.4,71037.2,1272.401
1770591600000,71037.2,72254.1,69945.0,70289.8,12399.682
1770595200000,70289.8,70744.3,70053.3,70459.5,2764.043
1770598800000,70459.5,70899.2,70018.0,70330.1,3206.015
1770602400000,70330.1,70978.8,70170.1,70586.6,1822.914
1770606000000,70586.6,71418.4,70572.5,71265.3,2757.525
1770609600000,71265.3,71314.3,70863.1,70955.5,1435.424
1770613200000,70955.5,71083.9,70760.5,71005.8,1326.097
1770616800000,71005.8,71005.8,70271.3,70630.5,2326.895
1770620400000,70630.5,70880.7,70310.7,70387.1,2039.443
1770624000000,70387.1,70581.8,69357.8,69836.4,5540.343
1770627600000,69836.4,70093.3,69443.3,69593.3,3299.683
1770631200000,69593.3,69699.9,68384.0,68690.0,8371.022
1770634800000,68690.0,68991.9,68541.3,68900.0,2986.943
1770638400000,68900.0,69223.5,68819.6,69106.5,2525.514
1770642000000,69106.5,69267.0,68552.1,68556.4,2744.679
1770645600000,68556.4,69747.5,68207.2,69230.5,8881.166
1770649200000,69230.5,69843.6,68779.9,69533.0,5638.521
1770652800000,69533.0,70397.8,69051.9,70047.0,6511.04
1770656400000,70047.0,70976.9,69821.4,70582.1,6342.641
1770660000000,70582.1,70989.0,70050.0,70385.6,3508.957
1770663600000,70385.6,71065.5,70227.3,70933.4,2897.697
1770667200000,70933.4,71119.9,70464.0,70699.4,2753.669
1770670800000,70699.4,70777.8,69780.7,70364.5,3305.038
1770674400000,70364.5,70714.3,70244.7,70343.1,1970.161
1770678000000,70343.1,70557.3,70000.0,70110.8,1687.012
1770681600000,70110.8,70220.6,69715.8,69793.8,2228.787
1770685200000,69793.8,70508.8,69787.5,70456.7,2130.57
1770688800000,70456.7,70456.7,69953.8,70071.9,1298.617
1770692400000,70071.9,70138.6,69149.3,69470.5,4388.149
1770696000000,69470.5,69874.9,69438.0,69800.0,2057.663
1770699600000,69800.0,69818.7,69153.6,69413.2,2335.659
1770703200000,69413.2,69465.2,68603.7,68878.5,4157.894
1770706800000,68878.5,69173.2,68800.9,68885.9,2156.079
1770710400000,68885.9,69188.5,68680.6,69087.6,2045.381
1770714000000,69087.6,69385.2,68907.6,69111.2,2311.058
1770717600000,69111.2,69221.0,68877.9,68884.0,943.117
1770721200000,68884.0,69050.0,68365.0,68486.5,3340.181
1770724800000,68486.5,68819.9,68386.6,68565.1,1940.123
1770728400000,68565.1,69115.0,68286.2,68984.4,4047.072
1770732000000,68984.4,69552.7,67869.0,68418.8,10915.953
1770735600000,68418.8,69481.6,68250.0,69251.0,8485.793
1770739200000,69251.0,69805.8,68900.1,69477.9,4453.51
1770742800000,69477.9,69982.2,69283.6,69894.2,3140.132
1770746400000,69894.2,69911.7,68565.0,68856.6,4195.948
1770750000000,68856.6,69268.3,68650.0,69028.3,2655.059
1770753600000,69028.3,69100.0,68583.6,68718.1,2247.548
1770757200000,68718.1,68978.7,68315.0,68623.3,2146.978
1770760800000,68623.3,68830.0,68517.3,68665.3,922.938
1770764400000,68665.3,68827.5,68471.3,68804.3,1025.589
1770768000000,68804.3,69216.0,68750.0,69162.0,2915.13
1770771600000,69162.0,69265.8,68875.0,68952.4,892.915
1770775200000,68952.4,69135.0,68573.9,68653.8,1683.204
1770778800000,68653.8,68723.5,67956.1,68151.3,3772.043
1770782400000,68151.3,68290.0,67321.0,67542.5,7100.01
1770786000000,67542.5,67780.0,67349.8,67365.9,2442.083
1770789600000,67365.9,67460.0,66501.5,66784.0,7865.046
1770793200000,66784.0,67241.7,66609.5,67000.1,4095.838
1770796800000,67000.1,67089.9,66746.0,66951.5,2095.298
1770800400000,66951.5,67084.0,66688.0,66842.6,1338.825
1770804000000,66842.6,66862.6,66306.8,66506.6,4569.555
1770807600000,66506.6,67080.0,66470.8,67023.7,3408.925
1770811200000,67023.7,67394.9,66926.0,67102.5,3971.579
1770814800000,67102.5,67667.5,66768.4,67424.8,7329.406
1770818400000,67424.8,68812.6,66380.8,66546.9,19426.262
1770822000000,66546.9,66811.0,65705.0,66485.2,15800.987
1770825600000,66485.2,67238.6,65899.2,65996.8,8362.477
1770829200000,65996.8,66894.7,65840.0,66483.0,5169.977
1770832800000,66483.0,67282.6,66108.4,67243.5,3997.215
1770836400000,67243.5,67837.7,67080.9,67552.4,4090.463
1770840000000,67552.4,67723.3,67138.4,67527.0,2576.479
1770843600000,67527.0,68329.0,67377.6,67775.2,3531.744
1770847200000,67775.2,67841.0,67354.3,67395.5,1841.185
1770850800000,67395.5,67537.2,66755.3,67044.5,3317.811
1770854400000,67044.5,67678.2,67017.0,67430.9,3135.214
1770858000000,67430.9,68019.9,67430.9,67667.4,3256.351
1770861600000,67667.4,67775.0,67371.5,67412.9,2187.869
1770865200000,67412.9,67575.0,67277.0,67554.5,1056.61
1770868800000,67554.5,67668.4,66959.3,66979.9,2013.058
1770872400000,66979.9,67179.2,66626.7,67116.0,2530.732
1770876000000,67116.0,67327.4,66978.4,67094.1,1393.083
1770879600000,67094.1,67308.0,66894.3,67183.3,1681.833
1770883200000,67183.3,67320.0,66858.1,67109.6,1972.018
1770886800000,67109.6,67708.9,67017.5,67522.0,2765.086
1770890400000,67522.0,68014.0,67381.8,67987.4,2319.587
1770894000000,67987.4,68271.4,67712.0,68049.0,3484.896
1770897600000,68049.0,68140.6,67686.8,67840.1,2225.179
1770901200000,67840.1,68384.2,67642.4,68355.5,3076.247
1770904800000,68355.5,68396.0,67447.2,67558.0,6460.646
1770908400000,67558.0,67985.0,66955.7,67100.9,9832.099
1770912000000,67100.9,67205.6,65511.3,65815.2,16776.128
1770915600000,65815.2,66237.8,65286.5,65369.2,8207.471
1770919200000,65369.2,65779.7,65065.0,65554.1,8099.325
1770922800000,65554.1,66089.1,65216.3,65759.9,5015.718
1770926400000,65759.9,66013.6,65183.2,65396.6,4145.304
1770930000000,65396.6,65874.3,65390.6,65813.8,1953.033
1770933600000,65813.8,66376.9,65600.0,66255.1,2387.547
1770937200000,66255.1,66459.2,66118.8,66244.8,2031.495
1770940800000,66244.8,66491.4,65824.7,65874.0,2264.182
1770944400000,65874.0,66596.5,65874.0,66422.9,3276.801
1770948000000,66422.9,66750.9,66352.2,66632.8,1638.089
1770951600000,66632.8,66793.4,66425.0,66532.4,1883.148
1770955200000,66532.4,66650.9,66275.9,66299.2,1686.652
1770958800000,66299.2,66477.0,66140.9,66145.1,1076.457
1770962400000,66145.1,66376.8,65972.5,66338.1,2042.865
1770966000000,66338.1,66549.6,66006.6,66185.1,3111.714
1770969600000,66185.1,66729.4,66151.7,66669.5,1969.539
1770973200000,66669.5,67033.3,66578.1,66925.8,2634.388
1770976800000,66925.8,67099.7,66764.6,66949.1,2128.215
1770980400000,66949.1,67199.9,66747.0,67136.0,2219.276
1770984000000,67136.0,67184.5,66886.4,67050.2,1825.991
1770987600000,67050.2,67619.0,66893.8,67239.9,7120.16
1770991200000,67239.9,68061.1,66818.3,67709.4,10858.772
1770994800000,67709.4,69292.2,67655.0,68653.0,16076.381
1770998400000,68653.0,69450.0,68504.1,68922.2,7098.558
1771002000000,68922.2,69223.2,68591.1,69005.5,3265.535
1771005600000,69005.5,69381.4,68864.1,69082.5,3883.239
1771009200000,69082.5,69203.5,68879.5,68898.8,2323.714
1771012800000,68898.8,68936.0,68632.4,68730.5,2140.952
1771016400000,68730.5,69053.5,68683.8,68863.0,1556.278
1771020000000,68863.0,68979.3,68680.7,68965.0,1312.224
1771023600000,68965.0,68979.7,68787.1,68819.2,1035.926
1771027200000,68819.2,69118.0,68731.7,69053.9,1188.611
1771030800000,69053.9,69085.9,68886.0,68925.8,812.781
1771034400000,68925.8,68978.0,68810.2,68842.8,582.049
1771038000000,68842.8,68987.5,68813.0,68938.7,621.322
1771041600000,68938.7,68961.5,68750.0,68750.1,551.892
1771045200000,68750.1,68874.9,68720.7,68735.9,597.014
1771048800000,68735.9,68903.2,68691.1,68898.4,560.779
1771052400000,68898.4,69316.0,68851.9,69185.0,1765.772
1771056000000,69185.0,69848.8,69180.0,69713.0,4700.994
1771059600000,69713.0,69881.0,69530.2,69676.4,1289.204
1771063200000,69676.4,69676.4,69540.6,69642.5,699.177
1771066800000,69642.5,70550.0,69642.5,70470.4,6057.755
1771070400000,70470.4,70507.0,69580.2,69611.8,5065.416
1771074000000,69611.8,69758.5,69190.0,69445.4,5541.79
1771077600000,69445.4,69838.1,69300.0,69674.9,2805.022
1771081200000,69674.9,70020.0,69533.0,69756.4,2176.739
1771084800000,69756.4,69789.0,69253.7,69726.5,2106.891
1771088400000,69726.5,69900.0,69580.0,69711.5,1115.897
1771092000000,69711.5,69830.9,69635.9,69743.5,640.32
1771095600000,69743.5,69885.4,69579.7,69847.8,613.43
1771099200000,69847.8,70000.0,69700.8,69993.7,1124.741
1771102800000,69993.7,70240.0,69625.4,69902.4,2797.3
1771106400000,69902.4,70075.0,69750.0,69926.3,929.63
1771110000000,69926.3,69999.9,69679.9,69790.1,809.297
1771113600000,69790.1,69838.1,69559.0,69746.4,1111.101
1771117200000,69746.4,69877.4,69312.1,69683.9,2063.769
1771120800000,69683.9,69734.4,69320.5,69453.1,983.05
1771124400000,69453.1,69976.9,69200.0,69926.9,2746.444
1771128000000,69926.9,70500.0,69925.2,70149.9,3920.005
1771131600000,70149.9,70457.2,70096.0,70232.6,1139.277
1771135200000,70232.6,70533.3,70150.0,70366.1,1313.255
1771138800000,70366.1,70899.5,70270.1,70786.6,2853.723
1771142400000,70786.6,70937.0,70144.8,70407.3,2896.762
1771146000000,70407.3,70634.8,70322.0,70386.4,1071.34
1771149600000,70386.4,70490.3,70176.0,70392.0,1314.055
1771153200000,70392.0,70525.3,70227.1,70265.9,985.367
1771156800000,70265.9,70388.4,69280.0,69287.4,5732.883
1771160400000,69287.4,69591.2,68735.6,68908.0,6066.089
1771164000000,68908.0,69186.8,68804.1,69139.2,2481.365
1771167600000,69139.2,69230.0,68843.4,69060.9,2117.404
1771171200000,69060.9,69080.0,68738.4,68985.7,1882.817
1771174800000,68985.7,69050.0,68158.4,68610.1,5834.317
1771178400000,68610.1,68764.9,68324.5,68424.7,3665.2
1771182000000,68424.7,68548.4,68051.7,68263.0,3696.269
1771185600000,68263.0,68538.0,68100.0,68423.0,1063.172
1771189200000,68423.0,68939.0,68423.0,68819.4,1919.003
1771192800000,68819.4,69055.0,68760.2,68965.1,1300.353
1771196400000,68965.1,68965.6,68292.4,68800.0,2391.104
1771200000000,68800.0,69040.0,68660.5,68812.7,1238.224
1771203600000,68812.7,69023.2,68411.6,68596.8,1263.037
1771207200000,68596.8,68701.7,68200.0,68293.7,1392.628
1771210800000,68293.7,68443.3,68108.8,68389.3,1160.624
1771214400000,68389.3,68870.8,68378.3,68842.6,1993.049
1771218000000,68842.6,68875.0,68256.0,68351.5,1242.26
1771221600000,68351.5,68500.0,68202.0,68422.1,1000.357
1771225200000,68422.1,68646.0,68344.0,68554.6,1318.435
1771228800000,68554.6,68777.0,68508.0,68729.0,1041.008
1771232400000,68729.0,69029.2,68710.2,68959.4,1845.678
1771236000000,68959.4,68959.4,68655.4,68760.0,1182.212
1771239600000,68760.0,68894.6,68300.0,68777.0,2455.713
1771243200000,68777.0,69835.5,68761.5,69732.1,5694.833
1771246800000,69732.1,70099.1,68180.0,68356.6,9740.878
1771250400000,68356.6,68690.0,68219.8,68390.2,3483.738
1771254000000,68390.2,68591.9,67243.6,67505.6,11595.383
1771257600000,67505.6,67941.7,67468.5,67844.8,3331.157
1771261200000,67844.8,68046.2,67557.4,67904.9,2425.657
1771264800000,67904.9,68211.3,67800.0,67829.9,1965.055
1771268400000,67829.9,68109.3,67778.4,67878.2,870.932
1771272000000,67878.2,68554.9,67787.7,68499.9,2017.04
1771275600000,68499.9,68920.9,68381.4,68831.2,2243.067
1771279200000,68831.2,68864.5,68471.5,68559.0,1731.614
1771282800000,68559.0,68968.8,68500.0,68863.8,1097.428
1771286400000,68863.8,69033.0,68663.1,68856.9,1115.077
1771290000000,68856.9,68979.4,68534.0,68584.9,1204.383
1771293600000,68584.9,69228.5,68321.6,68800.6,3256.965
1771297200000,68800.6,68833.9,68434.7,68440.9,1482.67
1771300800000,68440.9,68677.7,68244.3,68444.7,1207.918
1771304400000,68444.7,68479.3,67852.4,68209.0,2556.294
1771308000000,68209.0,68487.0,68191.2,68357.2,1077.683
1771311600000,68357.2,68450.0,68118.9,68350.0,1212.11
1771315200000,68350.0,68447.7,68084.9,68132.9,1190.454
1771318800000,68132.9,68276.8,67952.0,68088.9,1545.268
1771322400000,68088.9,68181.8,67661.6,67813.2,2077.383
1771326000000,67813.2,67902.8,67650.0,67822.8,1537.621
1771329600000,67822.8,68274.9,67795.8,67888.0,2528.914
1771333200000,67888.0,68340.2,67684.0,68099.5,3931.014
1771336800000,68099.5,68309.7,66700.0,66842.9,10605.573
1771340400000,66842.9,67378.2,66556.6,67361.0,7350.624
1771344000000,67361.0,68131.0,67281.0,67495.9,8956.219
1771347600000,67495.9,67696.9,66826.2,67208.0,7524.1
1771351200000,67208.0,68209.2,67092.0,68054.3,4677.812
1771354800000,68054.3,68217.9,67683.6,67768.4,2833.28
1771358400000,67768.4,67930.8,67453.1,67721.2,2192.096
1771362000000,67721.2,67908.8,67500.0,67643.8,1465.101
1771365600000,67643.8,67761.4,67462.0,67493.6,902.909
1771369200000,67493.6,67590.0,67341.3,67474.9,935.953
1771372800000,67474.9,67597.0,67254.4,67269.3,925.235
1771376400000,67269.3,67347.0,66843.5,67133.0,2512.613
1771380000000,67133.0,67391.2,67111.8,67297.8,1233.789
1771383600000,67297.8,67677.4,67290.1,67591.4,1091.364
1771387200000,67591.4,67865.4,67461.5,67791.1,1267.399
1771390800000,67791.1,67914.2,67565.0,67604.7,1422.034
1771394400000,67604.7,67966.8,67569.1,67816.6,1177.846
1771398000000,67816.6,68200.0,67660.0,68080.3,1977.587
1771401600000,68080.3,68440.0,68025.4,68100.1,3023.291
1771405200000,68100.1,68254.0,67981.4,68128.2,1221.924
1771408800000,68128.2,68170.0,67702.8,67776.7,1928.375
1771412400000,67776.7,67776.7,67028.5,67330.2,5175.38
1771416000000,67330.2,67652.4,67290.0,67425.0,1777.736
1771419600000,67425.0,67563.0,67000.0,67207.4,2455.013
1771423200000,67207.4,67337.4,66668.2,67185.0,6646.115
1771426800000,67185.0,68326.7,67145.0,67666.7,8400.476
1771430400000,67666.7,67679.7,66950.0,67102.7,5228.724
1771434000000,67102.7,67459.7,67016.5,67152.6,2411.016
1771437600000,67152.6,67204.4,66082.6,66321.3,6981.197
1771441200000,66321.3,66583.3,65814.6,66138.1,5936.832
1771444800000,66138.1,66514.1,66096.3,66231.4,2648.63
1771448400000,66231.4,66467.6,66032.3,66300.0,2061.582
1771452000000,66300.0,66455.4,66185.1,66382.5,908.192
1771455600000,66382.5,66479.2,66236.8,66426.0,935.893
1771459200000,66426.0,66571.0,66304.0,66403.0,939.906
1771462800000,66403.0,66850.8,66402.9,66836.8,1949.137
1771466400000,66836.8,66938.0,66603.5,66804.7,1361.636
1771470000000,66804.7,66982.5,66689.5,66952.6,1241.38
1771473600000,66952.6,67060.0,66717.1,66773.0,1627.816
1771477200000,66773.0,66863.5,66650.0,66849.0,1004.732
1771480800000,66849.0,67307.9,66835.4,67120.4,2061.932
1771484400000,67120.4,67300.0,66986.7,67179.4,1467.421
1771488000000,67179.4,67179.4,66765.3,66938.4,2206.947
1771491600000,66938.4,67162.1,66719.7,66803.6,1845.113
1771495200000,66803.6,66937.9,66704.0,66809.1,1245.456
1771498800000,66809.1,66910.6,66436.0,66462.4,2205.749
1771502400000,66462.4,66657.4,66270.0,66485.2,2558.362
1771506000000,66485.2,66534.5,65714.0,65875.1,5464.235
1771509600000,65875.1,66655.8,65573.5,66391.3,8525.169
1771513200000,66391.3,66722.7,65931.6,66378.2,7170.745
1771516800000,66378.2,66500.0,65844.7,66269.9,3954.295
1771520400000,66269.9,67042.2,66130.4,66341.7,5249.238
1771524000000,66341.7,67063.9,66216.3,67013.9,3922.465
1771527600000,67013.9,67187.1,66672.0,67028.6,3649.99
1771531200000,67028.6,67167.6,66805.6,67117.6,1886.579
1771534800000,67117.6,67151.1,66867.7,66896.8,905.321
1771538400000,66896.8,66978.4,66622.0,66885.9,1554.9
1771542000000,66885.9,67012.0,66785.4,66982.1,943.297
1771545600000,66982.1,67488.3,66923.1,67205.3,3354.781
1771549200000,67205.3,67339.0,67125.3,67253.4,1071.014
1771552800000,67253.4,67326.5,67155.1,67215.1,770.777
1771556400000,67215.1,67494.7,67213.0,67332.0,1618.382
1771560000000,67332.0,67370.8,67079.7,67232.7,1663.975
1771563600000,67232.7,68000.0,67167.0,67762.3,4031.901
1771567200000,67762.3,67877.7,67640.0,67819.3,1906.591
1771570800000,67819.3,67970.0,67741.1,67802.9,1893.253
1771574400000,67802.9,67930.0,67723.0,67853.6,1104.285
1771578000000,67853.6,68207.7,67851.6,68186.9,2698.077
1771581600000,68186.9,68299.9,67812.8,67920.4,2844.812
1771585200000,67920.4,67954.7,67255.0,67299.9,4594.184
1771588800000,67299.9,67572.3,67241.5,67510.8,2746.751
1771592400000,67510.8,67514.0,66427.5,66785.6,10913.56
1771596000000,66785.6,67315.1,66642.4,67052.4,7006.599
1771599600000,67052.4,68079.9,66506.4,67553.4,14694.534
1771603200000,67553.4,67931.0,67254.5,67774.9,7519.747
1771606800000,67774.9,67774.9,66926.8,67588.6,8683.379
1771610400000,67588.6,68017.7,67431.5,67905.5,5500.857
1771614000000,67905.5,67989.8,67513.1,67623.3,2285.613
1771617600000,67623.3,67810.9,67486.3,67723.5,1236.693
1771621200000,67723.5,67813.0,67600.6,67799.0,692.017
1771624800000,67799.0,68132.7,67605.4,68048.4,2070.368
1771628400000,68048.4,68211.0,67877.1,67989.2,1593.714
1771632000000,67989.2,68032.0,67755.1,67813.7,922.476
1771635600000,67813.7,67981.1,67809.2,67927.2,572.19
1771639200000,67927.2,68075.7,67882.2,67978.7,484.108
1771642800000,67978.7,67981.0,67511.0,67647.1,1776.085
1771646400000,67647.1,67821.4,67561.4,67789.8,642.383
1771650000000,67789.8,67866.0,67767.3,67831.3,499.218
1771653600000,67831.3,67900.0,67721.0,67761.6,568.691
1771657200000,67761.6,67852.5,67715.7,67822.9,409.0
1771660800000,67822.9,68053.5,67779.5,68022.2,928.262
1771664400000,68022.2,68293.1,67945.0,68120.5,2355.625
1771668000000,68120.5,68228.1,68115.9,68188.3,714.32
1771671600000,68188.3,68262.0,68050.0,68070.0,942.972
1771675200000,68070.0,68199.9,67867.5,68180.9,1785.89
1771678800000,68180.9,68249.8,68065.8,68227.8,803.726
1771682400000,68227.8,68606.0,68148.9,68416.1,3368.617
1771686000000,68416.1,68687.1,68359.6,68570.5,1771.679
1771689600000,68570.5,68602.5,68074.6,68300.0,3247.064
1771693200000,68300.0,68470.0,68162.3,68413.4,1375.929
1771696800000,68413.4,68633.8,68343.7,68549.3,1478.836
1771700400000,68549.3,68646.7,68490.7,68521.8,902.777
1771704000000,68521.8,68579.0,68146.1,68173.8,2707.608
1771707600000,68173.8,68362.3,68120.3,68355.5,750.239
1771711200000,68355.5,68404.2,67846.5,67926.7,2328.79
1771714800000,67926.7,68085.2,67894.3,67934.5,968.667
1771718400000,67934.5,68029.7,67751.5,67906.0,1548.605
1771722000000,67906.0,68142.1,67900.1,68128.6,1072.252
1771725600000,68128.6,68186.4,67837.4,67872.7,1145.439
1771729200000,67872.7,68031.7,67784.3,68010.0,1004.487
1771732800000,68010.0,68055.0,67928.9,67947.7,522.296
1771736400000,67947.7,67987.9,67834.2,67942.2,1042.585
1771740000000,67942.2,68149.5,67930.9,68007.4,1079.756
1771743600000,68007.4,68071.9,67951.5,67974.0,625.637
1771747200000,67974.0,67989.0,67865.6,67912.2,695.284
1771750800000,67912.2,68066.9,67894.4,68016.1,511.604
1771754400000,68016.1,68117.6,67976.8,68092.5,702.566
1771758000000,68092.5,68224.4,68092.5,68184.9,978.13
1771761600000,68184.9,68200.0,67831.3,67893.1,1509.676
1771765200000,67893.1,68012.9,67525.2,67618.2,4029.094
1771768800000,67618.2,67663.9,67317.7,67414.5,3026.864
1771772400000,67414.5,67784.7,67262.2,67656.0,3315.064
1771776000000,67656.0,67690.0,67474.5,67596.9,1033.755
1771779600000,67596.9,67602.8,67143.5,67350.1,2519.332
1771783200000,67350.1,67426.9,67272.4,67383.9,892.818
1771786800000,67383.9,67455.5,67365.0,67386.0,417.229
1771790400000,67386.0,67459.4,67291.5,67369.2,626.678
1771794000000,67369.2,67605.4,67369.2,67570.4,664.726
1771797600000,67570.4,67722.0,67436.8,67633.1,1237.582
1771801200000,67633.1,67690.0,67421.9,67610.5,1022.891
1771804800000,67610.5,67652.2,66673.8,66697.0,4644.313
1771808400000,66697.0,66697.0,64220.0,64385.7,22879.441
1771812000000,64385.7,64879.6,64241.9,64743.1,5610.723
1771815600000,64743.1,65057.1,64661.0,64895.1,2710.817
1771819200000,64895.1,64997.6,64636.3,64779.7,1655.846
1771822800000,64779.7,65192.6,64772.4,65032.9,2893.974
1771826400000,65032.9,65782.6,64991.9,65715.5,3971.05
1771830000000,65715.5,65979.5,65589.8,65916.7,3077.154
1771833600000,65916.7,65926.0,65528.0,65638.9,2404.126
1771837200000,65638.9,66441.8,65638.9,66378.3,4140.778
1771840800000,66378.3,66574.8,66179.4,66295.0,3127.264
1771844400000,66295.0,66465.0,66065.0,66166.4,2529.235
1771848000000,66166.4,66497.9,65845.6,66246.0,4326.051
1771851600000,66246.0,66395.5,66064.0,66097.4,2258.54
1771855200000,66097.4,66244.1,65488.0,65888.9,6780.216
1771858800000,65888.9,66231.5,65531.0,65620.5,4503.999
1771862400000,65620.5,65691.0,65130.0,65335.4,6095.106
1771866000000,65335.4,65416.1,64111.0,64767.4,11715.584
1771869600000,64767.4,65158.7,64518.5,64587.7,5070.691
1771873200000,64587.7,64812.8,64015.9,64262.9,6381.145
1771876800000,64262.9,64463.5,63833.0,64448.9,5880.661
1771880400000,64448.9,64759.2,64409.6,64546.7,2726.789
1771884000000,64546.7,64985.2,64511.6,64693.9,2601.885
1771887600000,64693.9,64866.7,64478.1,64615.3,1749.364
1771891200000,64615.3,64979.7,64614.1,64904.1,2104.027
1771894800000,64904.1,64904.1,63388.0,64122.3,16298.521
1771898400000,64122.3,64505.6,63960.4,64072.6,2979.884
1771902000000,64072.6,64072.6,63248.8,63557.3,5904.008
1771905600000,63557.3,63598.6,62820.0,63338.5,7616.258
1771909200000,63338.5,63516.7,62649.2,63065.6,5056.598
1771912800000,63065.6,63331.1,62836.4,63045.9,2489.274
1771916400000,63045.9,63335.4,62876.9,63152.8,3014.319
1771920000000,63152.8,63401.6,62964.1,63352.4,2483.681
1771923600000,63352.4,63389.0,62888.0,63217.7,2471.591
1771927200000,63217.7,63333.0,63068.1,63253.1,1322.078
1771930800000,63253.1,63299.2,63023.8,63191.1,2367.988
1771934400000,63191.1,63315.5,62924.5,62931.8,1927.917
1771938000000,62931.8,63079.7,62422.3,62871.8,7634.427
1771941600000,62871.8,63812.3,62714.9,63428.5,9877.048
1771945200000,63428.5,63999.0,63276.0,63944.3,6146.468
1771948800000,63944.3,64396.4,63666.0,64228.3,7358.077
1771952400000,64228.3,64500.0,63982.6,64187.9,4669.126
1771956000000,64187.9,64473.6,63874.0,64391.2,3902.04
1771959600000,64391.2,64710.8,64204.0,64402.0,3880.953
1771963200000,64402.0,64564.0,64277.6,64430.1,1499.24
1771966800000,64430.1,64430.1,63795.8,64004.6,3187.572
1771970400000,64004.6,64200.0,63933.5,64090.2,1212.403
1771974000000,64090.2,64221.0,63811.1,64032.5,1793.721
1771977600000,64032.5,64294.4,63869.5,64185.4,1672.489
1771981200000,64185.4,66298.1,64114.2,65867.2,16563.748
1771984800000,65867.2,66284.6,65830.0,65851.3,3809.026
1771988400000,65851.3,65931.4,65312.8,65371.1,4543.877
1771992000000,65371.1,65668.7,65088.4,65438.1,5041.626
1771995600000,65438.1,65494.4,64730.5,64860.9,4452.82
1771999200000,64860.9,65106.0,64834.5,64869.9,2012.788
1772002800000,64869.9,65180.4,64750.1,65010.5,2606.498
1772006400000,65010.5,65555.0,64935.8,65500.0,2977.906
1772010000000,65500.0,65668.6,65389.4,65525.3,2169.793
1772013600000,65525.3,65631.9,65303.3,65372.6,1564.354
1772017200000,65372.6,65467.2,65146.6,65399.8,1878.066
1772020800000,65399.8,66219.3,65280.3,66046.3,6249.412
1772024400000,66046.3,66661.4,65990.8,66208.0,5875.401
1772028000000,66208.0,66990.0,66156.1,66942.7,9200.398
1772031600000,66942.7,67550.0,66677.6,67367.2,10962.459
1772035200000,67367.2,68315.0,67366.8,68270.2,10013.368
1772038800000,68270.2,68878.0,67989.5,68628.1,12218.348
1772042400000,68628.1,69545.1,68325.0,69301.2,12335.49
1772046000000,69301.2,69387.8,68751.2,69008.6,5837.185
1772049600000,69008.6,69349.8,68577.3,69096.5,5344.587
1772053200000,69096.5,69989.8,68717.1,68875.8,10175.235
1772056800000,68875.8,69148.2,68022.0,68399.1,5471.835
1772060400000,68399.1,68663.1,67563.6,67958.3,5582.499
1772064000000,67958.3,68506.9,67688.0,68300.1,6232.052
1772067600000,68300.1,68697.3,68174.1,68220.1,3005.731
1772071200000,68220.1,68342.0,67767.9,68230.1,3067.561
1772074800000,68230.1,68365.0,68016.2,68192.9,1413.716
1772078400000,68192.9,68841.7,68154.4,68545.4,3131.13
1772082000000,68545.4,68549.1,68083.2,68417.1,2402.396
1772085600000,68417.1,68499.9,68026.5,68149.1,1556.172
1772089200000,68149.1,68268.8,67781.9,67805.5,2446.223
1772092800000,67805.5,68221.9,67751.5,67926.5,2454.019
1772096400000,67926.5,68612.3,67900.4,68554.2,3212.805
1772100000000,68554.2,68710.0,68222.4,68267.0,1919.857
1772103600000,68267.0,68362.9,67942.1,68016.2,2027.216
1772107200000,68016.2,68270.4,67966.2,68140.4,1862.999
1772110800000,68140.4,68177.5,67802.4,67867.1,2277.295
1772114400000,67867.1,68255.2,67222.2,67660.9,9592.096
1772118000000,67660.9,67713.3,66725.0,67357.5,10857.737
1772121600000,67357.5,67555.0,66451.1,66612.4,9930.35
1772125200000,66612.4,67021.0,66560.1,66796.0,3958.322
1772128800000,66796.0,67347.8,66540.1,67270.9,4719.49
1772132400000,67270.9,67888.0,67250.0,67555.0,6129.47
1772136000000,67555.0,67800.0,67187.5,67394.4,4156.791
1772139600000,67394.4,67550.0,67111.0,67433.4,2177.898
1772143200000,67433.4,67609.4,67278.3,67529.2,917.046
1772146800000,67529.2,67625.0,67347.2,67447.5,844.002
1772150400000,67447.5,67508.3,66959.8,67193.8,1987.402
1772154000000,67193.8,67355.0,66850.0,67322.0,3270.714
1772157600000,67322.0,67522.8,67222.1,67231.6,1516.001
1772161200000,67231.6,67679.4,67060.0,67569.9,1711.459
1772164800000,67569.9,68185.6,67537.4,67712.2,4353.246
1772168400000,67712.2,67888.8,67618.7,67691.3,1111.92
1772172000000,67691.3,67783.0,67482.6,67615.2,1406.259
1772175600000,67615.2,67736.0,67411.7,67642.9,2507.438
1772179200000,67642.9,68040.0,67615.0,67903.4,2199.301
1772182800000,67903.4,68126.9,67251.5,67322.5,3382.145
1772186400000,67322.5,67389.9,66465.0,66573.5,6293.807
1772190000000,66573.5,66744.4,65920.0,66082.6,7684.766
1772193600000,66082.6,66183.9,65700.0,65895.9,4327.122
1772197200000,65895.9,66309.0,65616.8,66236.4,5856.13
1772200800000,66236.4,66300.0,65656.1,65854.3,5649.969
1772204400000,65854.3,66280.0,65810.5,66070.0,3666.884
1772208000000,66070.0,66096.6,65405.6,65438.4,5709.844
1772211600000,65438.4,65723.0,65079.0,65670.4,5907.668
1772215200000,65670.4,65764.0,65181.3,65277.1,3326.36
1772218800000,65277.1,65436.3,65125.0,65364.6,1962.474
1772222400000,65364.6,65633.0,65355.4,65564.2,1823.074
1772226000000,65564.2,65722.9,65342.6,65500.1,1865.109
1772229600000,65500.1,65639.9,64888.0,65600.1,3193.312
1772233200000,65600.1,65926.8,65510.2,65833.4,2283.643
1772236800000,65833.4,65993.4,65680.0,65906.0,1564.638
1772240400000,65906.0,65942.0,65703.6,65740.1,1160.33
1772244000000,65740.1,65989.0,65725.0,65928.2,732.292
1772247600000,65928.2,65954.9,65713.4,65757.5,1101.8
1772251200000,65757.5,65790.2,65436.1,65629.5,1653.952
1772254800000,65629.5,65693.6,65460.3,65551.9,904.828
1772258400000,65551.9,65562.3,62972.3,63182.2,20460.418
1772262000000,63182.2,64298.9,62991.9,63787.6,10606.313
1772265600000,63787.6,63848.3,63363.2,63433.1,5542.297
1772269200000,63433.1,63949.9,63324.5,63617.7,4265.599
1772272800000,63617.7,64021.6,63431.1,63971.5,3652.028
1772276400000,63971.5,64289.9,63731.8,63814.2,3682.755
1772280000000,63814.2,64050.0,63796.0,63983.2,1726.992
1772283600000,63983.2,65199.1,63869.0,65074.9,8789.553
1772287200000,65074.9,65330.0,64220.6,64400.6,9211.335
1772290800000,64400.6,65000.2,64162.2,64802.0,4556.394
1772294400000,64802.0,65180.8,64640.0,65054.9,2594.297
1772298000000,65054.9,65536.4,64807.8,65402.5,4149.204
1772301600000,65402.5,66170.0,65147.0,65874.8,5496.107
1772305200000,65874.8,66638.0,65561.0,66316.4,7841.615
1772308800000,66316.4,67122.8,66150.0,66931.2,7503.596
1772312400000,66931.2,67023.3,66324.1,66689.9,5116.915
1772316000000,66689.9,67739.5,66584.1,67080.1,5069.724
1772319600000,67080.1,67184.6,66700.0,66939.6,2241.771
1772323200000,66939.6,67091.0,66580.5,66762.9,1961.477
1772326800000,66762.9,67690.3,65973.2,67313.5,8205.565
1772330400000,67313.5,68183.2,67307.2,67587.8,7670.83
1772334000000,67587.8,67784.5,67361.5,67477.7,2249.513
1772337600000,67477.7,67588.6,67044.9,67320.7,2651.127
1772341200000,67320.7,67561.1,67172.5,67264.6,1821.749
1772344800000,67264.6,67323.0,66756.6,66900.0,2885.087
1772348400000,66900.0,67217.9,66758.8,67121.5,1610.871
1772352000000,67121.5,67276.9,66396.1,66540.1,3188.655
1772355600000,66540.1,66754.0,66210.3,66382.5,2894.592
1772359200000,66382.5,66726.6,66177.6,66438.9,2463.663
1772362800000,66438.9,66650.0,66336.0,66443.5,1283.432
1772366400000,66443.5,66529.0,66203.2,66268.9,1704.106
1772370000000,66268.9,67336.7,66069.2,66900.0,6323.307
1772373600000,66900.0,67283.2,66714.8,66820.2,3560.787
1772377200000,66820.2,67232.0,66783.8,66813.9,2586.688
1772380800000,66813.9,67100.0,65768.4,66120.3,7431.082
1772384400000,66120.3,66201.3,65680.0,65954.2,4169.632
1772388000000,65954.2,66634.9,65952.6,66287.2,3776.84
1772391600000,66287.2,66317.5,65731.0,65925.6,2690.308
1772395200000,65925.6,65929.6,65022.9,65259.3,4955.905
1772398800000,65259.3,65722.4,65240.0,65625.0,2204.064
1772402400000,65625.0,66464.6,65001.0,65231.9,7632.842
1772406000000,65231.9,66058.2,65085.5,65746.9,4306.819
1772409600000,65746.9,66763.0,65719.3,66479.3,3871.591
1772413200000,66479.3,67078.9,66330.0,66509.3,3333.953
1772416800000,66509.3,66586.6,65858.9,66246.3,3189.757
1772420400000,66246.3,67027.4,66071.5,66796.1,3204.24
1772424000000,66796.1,66954.3,66593.6,66838.1,2026.945
1772427600000,66838.1,66974.0,66521.8,66700.6,1840.334
1772431200000,66700.6,66712.7,66018.7,66170.1,3055.448
1772434800000,66170.1,66183.5,65510.0,65977.6,3974.81
1772438400000,65977.6,66283.2,65614.7,66254.7,3400.212
1772442000000,66254.7,66711.9,66126.1,66132.7,3622.495
1772445600000,66132.7,66369.3,66036.6,66286.2,1729.822
1772449200000,66286.2,66488.3,65957.7,66333.0,2384.836
1772452800000,66333.0,66366.3,65869.5,65928.8,1756.393
1772456400000,65928.8,66130.3,65322.0,65411.0,4807.166
1772460000000,65411.0,67194.1,65238.5,67144.1,12309.569
1772463600000,67144.1,69570.0,66951.8,69096.9,24281.975
1772467200000,69096.9,70066.0,68890.5,69404.7,12939.212
1772470800000,69404.7,69545.4,68751.6,69168.4,5819.471
1772474400000,69168.4,69258.0,68691.1,68854.0,4105.177
1772478000000,68854.0,69026.2,68526.5,68930.7,3712.297
1772481600000,68930.7,69499.9,68533.8,69074.1,5015.367
1772485200000,69074.1,69500.0,68949.8,69374.1,2068.733
1772488800000,69374.1,69470.0,69102.0,69403.0,1599.646
1772492400000,69403.0,69462.6,68705.0,68799.9,2522.951
1772496000000,68799.9,69134.1,68600.1,69056.1,2429.634
1772499600000,69056.1,69222.0,68711.0,68720.7,1845.521
1772503200000,68720.7,68740.5,68183.6,68477.7,3241.072
1772506800000,68477.7,68525.0,68202.2,68353.5,1199.785
1772510400000,68353.5,68434.4,68010.0,68087.8,1763.075
1772514000000,68087.8,68537.5,67814.3,67911.4,3611.615
1772517600000,67911.4,68210.0,67766.4,68070.1,2543.816
1772521200000,68070.1,68250.0,67900.7,68141.9,2811.178
1772524800000,68141.9,68281.0,66865.0,66976.0,8389.472
1772528400000,66976.0,67157.0,66304.0,66616.0,7456.165
1772532000000,66616.0,66996.3,66408.0,66822.4,3682.611
1772535600000,66822.4,67129.8,66732.3,66999.3,3036.959
1772539200000,66999.3,67950.0,66996.1,67364.4,5567.166
1772542800000,67364.4,67400.0,66600.0,66895.5,5172.349
1772546400000,66895.5,67564.1,66054.3,66540.0,10241.476
1772550000000,66540.0,67826.7,66430.0,67703.4,8068.83
1772553600000,67703.4,68967.8,67432.2,68135.7,14812.088
1772557200000,68135.7,68370.0,67583.5,68280.4,6145.296
1772560800000,68280.4,68892.3,67939.0,68599.9,5105.507
1772564400000,68599.9,68859.7,68289.0,68405.9,4483.949
1772568000000,68405.9,68562.5,67993.6,68231.8,3158.41
1772571600000,68231.8,68231.8,67780.0,67982.5,2574.086
1772575200000,67982.5,68495.2,67982.5,68277.9,2665.388
1772578800000,68277.9,68849.2,68203.9,68299.5,2633.953
1772582400000,68299.5,68395.3,67822.3,68067.5,2879.646
1772586000000,68067.5,68880.0,67925.8,68388.4,4027.215
1772589600000,68388.4,68428.7,67950.9,68291.5,2240.092
1772593200000,68291.5,68359.0,67348.4,67697.1,3798.142
1772596800000,67697.1,67942.3,67424.0,67750.6,3705.555
1772600400000,67750.6,68352.3,67641.1,68169.5,2961.246
1772604000000,68169.5,68649.9,67985.2,68466.5,3390.175
1772607600000,68466.5,69624.2,68311.0,69460.2,6236.03
1772611200000,69460.2,71154.3,69110.0,70982.7,13041.302
1772614800000,70982.7,71872.3,70700.0,71488.8,13144.016
1772618400000,71488.8,71850.0,71161.1,71315.7,6390.257
1772622000000,71315.7,71466.7,70885.3,71080.1,3983.349
1772625600000,71080.1,71315.3,70546.7,71305.3,4946.516
1772629200000,71305.3,71590.0,71171.6,71443.1,4124.803
1772632800000,71443.1,72600.0,71243.2,71573.5,15151.031
1772636400000,71573.5,73450.1,71531.9,73351.1,15589.562
1772640000000,73351.1,73481.0,72495.6,73245.2,7333.22
1772643600000,73245.2,73715.5,72883.0,73177.5,6152.627
1772647200000,73177.5,73668.1,72844.7,73646.0,5178.098
1772650800000,73646.0,74021.8,73456.7,73576.4,5954.538
1772654400000,73576.4,73672.9,72939.8,72976.7,4058.418
1772658000000,72976.7,73280.0,72829.3,73265.0,2771.878
1772661600000,73265.0,73493.7,72600.0,72667.1,2657.951
1772665200000,72667.1,72841.4,72280.0,72640.4,3840.595
1772668800000,72640.4,72975.0,72505.5,72723.2,1950.199
1772672400000,72723.2,73250.0,72361.3,72495.0,4091.231
1772676000000,72495.0,72853.0,72268.0,72465.8,3048.726
1772679600000,72465.8,72716.4,72305.0,72460.1,2279.024
1772683200000,72460.1,73068.9,72400.0,72775.8,3216.45
1772686800000,72775.8,72898.4,72204.7,72368.8,2519.429
1772690400000,72368.8,72622.6,71831.4,72511.0,5476.016
1772694000000,72511.0,72642.3,71733.1,72025.6,4034.752
1772697600000,72025.6,72345.0,71709.1,72301.9,3071.604
1772701200000,72301.9,72852.9,72265.5,72562.5,3482.693
1772704800000,72562.5,73537.9,72472.0,73346.5,6394.544
1772708400000,73346.5,73441.5,72742.0,72878.8,3208.393
1772712000000,72878.8,73035.0,72631.7,72846.8,3240.821
1772715600000,72846.8,72900.0,72123.1,72422.4,5174.434
1772719200000,72422.4,72803.0,71900.0,72573.3,7921.127
1772722800000,72573.3,72751.5,71111.1,71622.8,13003.498
1772726400000,71622.8,71628.7,70753.3,71270.3,9597.173
1772730000000,71270.3,71546.0,70610.0,70667.1,5717.612
1772733600000,70667.1,71056.8,70623.0,70966.8,4142.851
1772737200000,70966.8,71400.0,70824.5,70883.5,2841.69
1772740800000,70883.5,71358.4,70803.1,71201.3,2884.095
1772744400000,71201.3,71536.6,70971.1,71089.9,3769.965
1772748000000,71089.9,71325.9,71023.7,71164.1,1268.551
1772751600000,71164.1,71265.6,70696.2,70847.6,1672.884
1772755200000,70847.6,71019.7,70735.0,70945.7,1162.336
1772758800000,70945.7,71259.8,70336.2,71209.2,4809.827
1772762400000,71209.2,71384.5,70967.6,71201.7,2008.491
1772766000000,71201.7,71252.1,70946.0,71038.7,1423.898
1772769600000,71038.7,71088.4,70222.2,70582.8,3613.683
1772773200000,70582.8,70630.5,70100.1,70400.4,4267.684
1772776800000,70400.4,70831.4,70230.0,70571.6,2170.685
1772780400000,70571.6,71158.2,70435.1,71035.1,3460.724
1772784000000,71035.1,71044.0,70703.4,70760.4,2180.557
1772787600000,70760.4,70787.6,70267.0,70528.7,2651.919
1772791200000,70528.7,70777.0,70431.5,70506.8,1926.465
1772794800000,70506.8,70631.6,70150.1,70183.7,2111.248
1772798400000,70183.7,70200.0,69625.2,69895.1,6963.096
1772802000000,69895.1,70299.0,69165.0,69182.8,9947.176
1772805600000,69182.8,69225.0,68130.1,68373.6,15984.126
1772809200000,68373.6,69060.0,68259.9,68461.0,7312.708
1772812800000,68461.0,68766.2,68173.2,68418.5,4734.636
1772816400000,68418.5,68625.9,67720.0,67926.6,6303.215
1772820000000,67926.6,68449.3,67917.1,68141.3,3931.237
1772823600000,68141.3,68444.0,67958.7,68091.2,2647.057
1772827200000,68091.2,68252.3,67729.1,68072.3,4406.416
1772830800000,68072.3,68292.8,67888.0,68252.8,1713.315
1772834400000,68252.8,68405.3,68178.3,68289.5,1219.486
1772838000000,68289.5,68333.0,68054.4,68075.5,791.609
1772841600000,68075.5,68342.4,68068.0,68239.6,1014.321
1772845200000,68239.6,68324.6,68135.5,68219.0,618.643
1772848800000,68219.0,68332.8,68012.0,68312.4,1021.862
1772852400000,68312.4,68536.8,68055.0,68058.2,2312.302
1772856000000,68058.2,68119.3,67760.5,68025.5,1862.143
1772859600000,68025.5,68108.0,67858.6,67983.3,1053.317
1772863200000,67983.3,67991.5,67553.7,67662.1,2319.957
1772866800000,67662.1,67831.5,67400.7,67804.8,3301.982
1772870400000,67804.8,68017.6,67676.7,67763.1,1746.287
1772874000000,67763.1,68049.0,67694.0,67967.3,1128.246
1772877600000,67967.3,68074.2,67833.9,67852.0,914.367
1772881200000,67852.0,68212.7,67802.2,67972.3,2001.247
1772884800000,67972.3,68059.2,67856.3,67952.9,1271.586
1772888400000,67952.9,68048.4,67799.4,67889.4,1304.661
1772892000000,67889.4,68071.4,67565.2,67981.2,2459.989
1772895600000,67981.2,68008.4,67728.0,67841.4,1236.436
1772899200000,67841.4,67862.5,67670.1,67754.0,842.513
1772902800000,67754.0,67917.9,67730.1,67751.7,636.476
1772906400000,67751.7,67751.9,67428.1,67535.5,1990.196
1772910000000,67535.5,67540.0,66885.4,67044.1,5272.373
1772913600000,67044.1,67400.0,67031.1,67356.4,1588.149
1772917200000,67356.4,67449.3,67234.6,67413.5,1250.238
1772920800000,67413.5,67447.7,67048.6,67218.7,1416.523
1772924400000,67218.7,67374.5,67150.0,67227.1,799.39
1772928000000,67227.1,67449.4,67134.8,67155.0,1117.177
1772931600000,67155.0,67326.1,67050.1,67257.9,1036.483
1772935200000,67257.9,67390.0,66772.4,66890.1,2962.559
1772938800000,66890.1,67050.0,66809.5,66972.2,1303.8
1772942400000,66972.2,67061.1,66480.0,66599.5,2984.45
1772946000000,66599.5,67214.6,66580.0,67111.7,2044.967
1772949600000,67111.7,67198.2,67002.9,67135.3,1087.825
1772953200000,67135.3,67432.9,67120.7,67274.9,2105.583
1772956800000,67274.9,67540.0,67118.4,67492.7,2232.573
1772960400000,67492.7,67874.6,67432.5,67659.1,2655.535
1772964000000,67659.1,68167.7,67650.9,67862.6,3587.702
1772967600000,67862.6,67862.7,67368.7,67479.2,3265.725
1772971200000,67479.2,67629.4,66840.7,67281.5,4193.474
1772974800000,67281.5,67399.6,66777.7,67201.2,3954.794
1772978400000,67201.2,67389.0,67006.0,67300.6,1904.23
1772982000000,67300.6,67341.3,67033.6,67176.7,1331.894
1772985600000,67176.7,67232.0,66736.8,66837.9,2109.168
1772989200000,66837.9,67170.0,66758.6,67015.5,2142.07
1772992800000,67015.5,67034.3,66710.5,66775.8,1199.195
1772996400000,66775.8,67435.0,66742.6,67297.6,2822.365
1773000000000,67297.6,67487.7,66990.0,67193.6,2266.463
1773003600000,67193.6,67228.4,66618.0,66976.5,2348.819
1773007200000,66976.5,66976.5,65580.0,66204.1,14220.733
1773010800000,66204.1,66545.3,65879.1,65943.8,2833.148
1773014400000,65943.8,66730.0,65782.7,66331.3,3934.042
1773018000000,66331.3,66664.2,66085.5,66159.1,2959.245
1773021600000,66159.1,66690.5,65917.1,66504.1,3268.087
1773025200000,66504.1,67672.3,66474.1,67171.4,7051.147
1773028800000,67171.4,67583.4,67064.8,67103.2,2706.33
1773032400000,67103.2,68038.7,67076.0,67877.8,5749.321
1773036000000,67877.8,67916.3,67182.5,67226.3,3410.581
1773039600000,67226.3,67541.5,66830.7,67506.5,4160.341
1773043200000,67506.5,67891.9,67330.1,67773.5,3247.73
1773046800000,67773.5,68431.5,67527.3,67946.0,4902.452
1773050400000,67946.0,68061.2,67516.1,67569.9,2642.073
1773054000000,67569.9,67824.3,67280.5,67724.0,3728.334
1773057600000,67724.0,68315.3,67713.9,68120.8,4971.96
1773061200000,68120.8,69277.7,68097.5,68937.8,9949.918
1773064800000,68937.8,69444.4,68649.8,69107.5,8130.794
1773068400000,69107.5,69215.5,68680.2,68820.0,4060.388
1773072000000,68820.0,69221.4,68577.0,68914.9,3564.272
1773075600000,68914.9,69051.7,68222.9,68559.2,3480.093
1773079200000,68559.2,68667.9,68200.0,68313.6,2259.223
1773082800000,68313.6,69500.0,68313.6,68944.8,8431.441
1773086400000,68944.8,69118.8,68703.3,68914.1,2371.979
1773090000000,68914.1,69060.0,68622.0,68870.8,1913.97
1773093600000,68870.8,69000.9,68553.0,68597.0,1897.216
1773097200000,68597.0,68671.9,68331.6,68390.7,1307.33
1773100800000,68390.7,69269.0,68355.0,69116.7,3565.451
1773104400000,69116.7,69363.7,68752.8,69225.3,2336.346
1773108000000,69225.3,70600.0,69066.4,70240.2,10125.08
1773111600000,70240.2,70341.9,69342.8,69392.6,4097.134
1773115200000,69392.6,70100.0,69392.6,70046.8,2746.355
1773118800000,70046.8,70334.6,69840.3,69942.1,2360.278
1773122400000,69942.1,70165.3,69718.2,69885.3,2480.895
1773126000000,69885.3,70539.9,69792.9,70385.8,4771.204
1773129600000,70385.8,71077.8,70330.2,70650.0,7684.53
1773133200000,70650.0,71300.0,70610.4,71035.2,5836.981
1773136800000,71035.2,71055.9,70635.9,70743.0,2705.96
1773140400000,70743.0,70842.1,70506.0,70560.3,2664.905
1773144000000,70560.3,70600.0,70252.2,70486.0,3641.638
1773147600000,70486.0,70899.4,69678.0,69877.5,10764.461
1773151200000,69877.5,71498.8,69227.3,71437.2,16065.4
1773154800000,71437.2,71762.8,70860.9,71311.0,9154.832
1773158400000,71311.0,71687.0,70904.6,71235.8,4154.525
1773162000000,71235.8,71428.1,70440.5,70833.5,5316.788
1773165600000,70833.5,70884.0,69850.0,69977.6,7878.184
1773169200000,69977.6,70248.7,69650.5,70003.3,4632.157
1773172800000,70003.3,70322.1,69950.0,70196.5,2436.14
1773176400000,70196.5,70374.0,69468.1,69715.2,3501.411
1773180000000,69715.2,69829.1,69405.1,69653.8,2684.098
1773183600000,69653.8,69931.9,69646.0,69907.5,2072.083
1773187200000,69907.5,70162.3,69702.6,69997.0,2336.487
1773190800000,69997.0,70114.1,69831.3,70028.5,1248.413
1773194400000,70028.5,70082.0,69572.0,69775.1,1945.524
1773198000000,69775.1,69858.4,69448.6,69515.7,1944.546
1773201600000,69515.7,70239.0,69447.7,70085.3,2916.082
1773205200000,70085.3,70170.0,69318.6,69464.3,3391.962
1773208800000,69464.3,69972.8,69452.1,69910.1,2800.674
1773212400000,69910.1,69995.5,69460.7,69621.6,2212.587
1773216000000,69621.6,69765.0,69460.4,69615.7,1804.632
1773219600000,69615.7,69729.0,69324.3,69430.4,2189.746
1773223200000,69430.4,69688.0,69352.0,69573.1,1493.388
1773226800000,69573.1,69643.6,69121.4,69136.1,2577.17
1773230400000,69136.1,69763.4,68921.8,69316.8,6399.437
1773234000000,69316.8,71067.5,69290.0,70142.1,16551.046
1773237600000,70142.1,70952.1,69917.5,70536.8,11997.511
1773241200000,70536.8,70614.7,69651.2,70200.0,6938.188
1773244800000,70200.0,70800.0,70120.0,70544.5,4384.295
1773248400000,70544.5,71300.0,70478.1,70746.4,8056.397
1773252000000,70746.4,70873.9,70375.4,70589.0,3527.93
1773255600000,70589.0,70718.4,70326.4,70606.6,2245.506
1773259200000,70606.6,70675.3,70348.3,70594.2,1321.505
1773262800000,70594.2,70749.7,70448.7,70701.3,1256.417
1773266400000,70701.3,70900.0,70183.8,70324.9,2446.661
1773270000000,70324.9,70471.8,70080.0,70150.8,1574.969
1773273600000,70150.8,70319.1,70085.5,70173.8,1312.865
1773277200000,70173.8,70185.8,69710.0,69807.0,2771.399
1773280800000,69807.0,69852.6,69172.5,69235.2,3767.22
1773284400000,69235.2,69580.5,69188.4,69395.7,2400.771
1773288000000,69395.7,69632.9,69243.7,69325.4,1570.579
1773291600000,69325.4,69509.2,69150.0,69433.4,1900.758
1773295200000,69433.4,69534.3,69319.0,69468.6,1344.656
1773298800000,69468.6,69829.8,69377.9,69786.6,2472.742
1773302400000,69786.6,70077.1,69662.8,69875.6,3774.32
1773306000000,69875.6,70362.9,69540.0,69915.5,4326.525
1773309600000,69915.5,70499.9,69810.0,70381.3,3464.218
1773313200000,70381.3,70772.4,70328.1,70389.3,3632.791
1773316800000,70389.3,70598.9,70239.4,70351.9,2293.23
1773320400000,70351.9,70497.5,69650.6,69939.9,7274.024
1773324000000,69939.9,70638.9,69300.0,69542.8,10144.709
1773327600000,69542.8,70536.8,69420.2,70287.7,7031.309
1773331200000,70287.7,70533.9,69855.0,70335.1,5227.614
1773334800000,70335.1,70511.8,70033.0,70167.5,3055.706
1773338400000,70167.5,70265.0,69755.3,69786.5,2416.268
1773342000000,69786.5,70520.0,69728.8,70394.3,4022.236
1773345600000,70394.3,70530.9,70070.0,70128.3,2148.708
1773349200000,70128.3,70462.0,70128.3,70234.7,1565.005
1773352800000,70234.7,70282.3,69964.5,70132.8,1691.368
1773356400000,70132.8,70737.8,70115.5,70482.0,4010.082
1773360000000,70482.0,71996.9,70345.6,71445.5,12349.103
1773363600000,71445.5,71728.8,71250.0,71634.2,2738.59
1773367200000,71634.2,71666.1,71012.3,71110.0,3178.582
1773370800000,71110.0,71493.0,70920.4,71370.5,2519.604
1773374400000,71370.5,71463.4,71204.1,71347.6,1315.381
1773378000000,71347.6,71600.0,71206.3,71517.2,2122.976
1773381600000,71517.2,71564.5,71145.0,71311.1,1627.481
1773385200000,71311.1,71647.7,71198.8,71591.3,2652.807
1773388800000,71591.3,72184.8,71350.0,71796.4,5526.279
1773392400000,71796.4,72108.3,71552.1,71971.6,3409.565
1773396000000,71971.6,72551.8,71963.9,72428.0,6113.437
1773399600000,72428.0,72499.0,72165.0,72194.4,2848.358
1773403200000,72194.4,72881.8,72175.0,72742.7,5231.203
1773406800000,72742.7,73579.0,72641.7,73339.8,11672.805
1773410400000,73339.8,73869.8,72323.5,72351.7,13911.004
1773414000000,72351.7,72796.8,71689.8,71788.3,10928.532
1773417600000,71788.3,72064.7,71100.0,71841.4,10269.876
1773421200000,71841.4,72217.8,70862.0,70987.4,7834.49
1773424800000,70987.4,71315.2,70777.0,71009.3,4897.437
1773428400000,71009.3,71268.1,70953.2,71133.2,2321.689
1773432000000,71133.2,71434.3,71100.0,71307.0,2926.886
1773435600000,71307.0,71468.0,71013.5,71053.1,1891.803
1773439200000,71053.1,71152.5,70517.2,70786.4,5497.029
1773442800000,70786.4,70971.6,70659.8,70884.0,1654.762
1773446400000,70884.0,70918.6,70517.2,70600.0,1784.853
1773450000000,70600.0,70865.0,70421.2,70780.5,2404.959
1773453600000,70780.5,70861.6,70691.7,70751.5,851.28
1773457200000,70751.5,71133.0,70751.4,71037.8,1872.684
1773460800000,71037.8,71263.8,70965.6,71001.9,1620.336
1773464400000,71001.9,71128.8,70873.4,70980.8,1002.613
1773468000000,70980.8,70980.8,70262.0,70595.2,3528.941
1773471600000,70595.2,70707.4,70435.7,70558.5,1272.754
1773475200000,70558.5,70678.4,70496.5,70547.0,998.366
1773478800000,70547.0,70700.0,70347.2,70471.5,1484.052
1773482400000,70471.5,70536.0,70332.3,70521.8,1075.513
1773486000000,70521.8,70754.8,70512.0,70699.4,1175.078
1773489600000,70699.4,70838.4,70542.4,70729.8,1649.459
1773493200000,70729.8,70885.5,70667.8,70816.7,1183.853
1773496800000,70816.7,70900.0,70504.9,70559.7,1759.088
1773500400000,70559.7,70689.9,70444.3,70545.6,1157.738
1773504000000,70545.6,70689.6,70449.9,70634.2,899.558
1773507600000,70634.2,70704.3,70539.2,70580.0,692.117
1773511200000,70580.0,70689.9,70499.9,70621.3,586.999
1773514800000,70621.3,70702.9,70554.4,70663.1,356.421
1773518400000,70663.1,70837.1,70602.3,70756.0,701.472
1773522000000,70756.0,70789.7,70605.0,70760.3,562.242
1773525600000,70760.3,70767.7,70650.1,70672.4,341.706
1773529200000,70672.4,71226.9,70667.4,71178.0,2514.837
1773532800000,71178.0,71183.4,70923.0,70950.6,1100.823
1773536400000,70950.6,71010.0,70811.9,70957.8,748.08
1773540000000,70957.8,71600.0,70957.8,71411.6,3577.015
1773543600000,71411.6,71499.7,71180.4,71319.6,1512.524
1773547200000,71319.6,71631.0,71290.9,71550.0,1770.215
1773550800000,71550.0,71820.0,71429.7,71452.6,2311.435
1773554400000,71452.6,71558.2,71360.1,71422.8,1028.194
1773558000000,71422.8,71637.3,71372.7,71427.0,1226.473
1773561600000,71427.0,71687.8,71427.0,71687.7,1156.787
1773565200000,71687.7,71912.3,71669.0,71754.1,2315.912
1773568800000,71754.1,71887.5,71680.0,71744.8,754.873
1773572400000,71744.8,71871.2,71622.5,71806.1,1260.017
1773576000000,71806.1,71806.2,71506.2,71580.8,1199.51
1773579600000,71580.8,71650.0,71230.6,71570.0,4020.212
1773583200000,71570.0,71597.6,71305.3,71584.9,1437.283
1773586800000,71584.9,71590.0,71367.1,71447.5,888.013
1773590400000,71447.5,71561.9,71231.8,71401.5,1510.968
1773594000000,71401.5,71963.6,71372.6,71782.1,2201.469
1773597600000,71782.1,71856.8,71266.3,71344.9,1967.19
1773601200000,71344.9,71539.7,71287.1,71514.6,1637.944
1773604800000,71514.6,71898.2,71383.3,71686.1,1792.079
1773608400000,71686.1,72191.9,71578.8,72074.3,3116.52
1773612000000,72074.3,73079.8,71668.8,72710.9,9285.194
1773615600000,72710.9,73217.2,72379.7,72777.5,7027.185
1773619200000,72777.5,72980.5,72402.4,72495.0,3050.922
1773622800000,72495.0,72820.6,72226.3,72727.9,2382.318
1773626400000,72727.9,72832.9,72330.0,72478.8,1444.978
1773630000000,72478.8,74297.5,72395.8,73548.3,12197.494
1773633600000,73548.3,74488.2,73547.0,73801.2,6870.569
1773637200000,73801.2,74225.7,73671.7,74165.8,3768.268
1773640800000,74165.8,74165.9,73563.7,73680.1,2498.355
1773644400000,73680.1,73895.0,73352.1,73426.9,2865.804
1773648000000,73426.9,73750.0,72805.6,73104.3,5813.25
1773651600000,73104.3,73315.9,73015.3,73229.1,1612.042
1773655200000,73229.1,73754.0,73164.1,73753.3,3043.264
1773658800000,73753.3,73826.2,73474.0,73515.0,1958.891
1773662400000,73515.0,74035.9,73403.1,73827.7,4016.72
1773666000000,73827.7,74499.8,73741.5,74078.7,6770.52
1773669600000,74078.7,74430.0,72945.1,73527.7,9333.56
1773673200000,73527.7,74000.0,73147.6,73232.9,5225.258
1773676800000,73232.9,73890.1,73124.0,73717.8,3375.555
1773680400000,73717.8,74044.7,73600.4,73907.3,2877.312
1773684000000,73907.3,74340.8,73803.5,73883.7,4756.47
1773687600000,73883.7,74398.3,73725.1,73931.9,3340.538
1773691200000,73931.9,74212.0,73824.1,74200.6,1400.403
1773694800000,74200.6,74777.0,74111.7,74361.8,6531.907
1773698400000,74361.8,74892.0,74337.3,74729.3,4389.687
1773702000000,74729.3,74900.0,74171.9,74854.7,3650.657
1773705600000,74854.7,75500.0,74585.4,75294.9,8453.002
1773709200000,75294.9,76053.9,75035.5,75587.6,7494.304
1773712800000,75587.6,75651.2,75080.3,75167.5,3097.037
1773716400000,75167.5,75300.0,74229.7,74434.7,5477.774
1773720000000,74434.7,74657.5,73950.0,74213.2,5532.066
1773723600000,74213.2,74425.0,73742.8,74004.2,3492.477
1773727200000,74004.2,74246.8,73843.7,74045.1,2727.31
1773730800000,74045.1,74413.8,74026.7,74219.9,1776.832
1773734400000,74219.9,74436.6,74069.7,74158.1,2126.737
1773738000000,74158.1,74379.9,73805.3,73908.6,2789.083
1773741600000,73908.6,73933.4,73493.0,73694.6,4285.618
1773745200000,73694.6,74167.5,73635.2,73996.1,2894.462
1773748800000,73996.1,74138.8,73613.2,73704.9,2633.276
1773752400000,73704.9,74132.0,73323.9,73581.7,6191.755
1773756000000,73581.7,74374.0,73385.2,74344.0,5386.867
1773759600000,74344.0,74876.6,73616.5,73877.5,7734.624
1773763200000,73877.5,74306.7,73822.1,74121.6,2611.537
1773766800000,74121.6,74569.6,73959.4,74489.4,2620.08
1773770400000,74489.4,74732.3,74337.2,74641.6,2771.258
1773774000000,74641.6,74780.9,74388.6,74469.5,2487.276
1773777600000,74469.5,74656.3,74338.0,74475.7,1727.826
1773781200000,74475.7,74777.9,74417.5,74651.1,1252.205
1773784800000,74651.1,74740.0,73871.8,74270.7,2731.519
1773788400000,74270.7,74372.0,73820.7,73861.6,2514.776
1773792000000,73861.6,74023.1,73463.5,73826.6,2508.18
1773795600000,73826.6,74173.4,73775.3,74032.8,1556.421
1773799200000,74032.8,74450.0,74007.1,74304.0,1527.527
1773802800000,74304.0,74640.2,74203.7,74417.6,2404.239
1773806400000,74417.6,74457.9,74080.0,74142.0,1395.675
1773810000000,74142.0,74266.2,73800.0,73917.6,1735.388
1773813600000,73917.6,74195.9,73899.0,73915.4,1507.234
1773817200000,73915.4,73963.9,73658.0,73845.0,1916.345
1773820800000,73845.0,74090.0,73818.6,74004.8,1583.111
1773824400000,74004.8,74249.9,73994.6,74138.8,1264.644
1773828000000,74138.8,74224.1,73745.1,73894.9,1694.136
1773831600000,73894.9,74026.9,72720.0,72902.3,10100.872
1773835200000,72902.3,72938.1,72227.0,72320.0,10840.425
1773838800000,72320.0,72530.0,71925.1,72092.7,7335.33
1773842400000,72092.7,72185.6,71065.0,71149.6,10834.563
1773846000000,71149.6,71494.7,70807.9,71440.4,10756.518
1773849600000,71440.4,71534.8,70989.2,71283.0,4773.939
1773853200000,71283.0,71730.1,71157.2,71557.7,3472.394
1773856800000,71557.7,71967.6,70900.0,71056.7,6842.592
1773860400000,71056.7,71449.0,70821.0,71027.0,3398.431
1773864000000,71027.0,71295.9,70452.0,71177.4,6245.581
1773867600000,71177.4,71396.9,71121.6,71223.6,1544.373
1773871200000,71223.6,71239.8,70903.3,71120.7,2442.98
1773874800000,71120.7,71333.0,71032.1,71213.7,1581.726
1773878400000,71213.7,71287.1,70928.0,70968.9,1944.209
1773882000000,70968.9,71148.9,70917.6,71077.4,987.455
1773885600000,71077.4,71225.7,70847.9,71019.4,1256.12
1773889200000,71019.4,71588.2,71019.3,71174.1,2775.45
1773892800000,71174.1,71174.1,70608.4,70790.1,3549.719
1773896400000,70790.1,70881.8,70615.8,70796.0,1208.501
1773900000000,70796.0,70944.8,70463.7,70550.1,2124.583
1773903600000,70550.1,70571.5,69432.9,70155.6,10805.52
1773907200000,70155.6,70268.0,69855.6,69954.5,2698.93
1773910800000,69954.5,70525.6,69945.1,70467.0,3702.368
1773914400000,70467.0,70495.4,70070.1,70093.8,1680.006
1773918000000,70093.8,70226.0,69865.0,69921.2,1868.558
1773921600000,69921.2,69921.3,69065.8,69254.1,7073.388
1773925200000,69254.1,70050.0,69036.8,69877.6,8383.167
1773928800000,69877.6,70136.0,69054.0,69450.0,7525.802
1773932400000,69450.0,69892.0,68750.0,69376.9,10155.953
1773936000000,69376.9,69622.5,69136.1,69421.9,3874.749
1773939600000,69421.9,69927.0,69086.4,69822.2,3598.633
1773943200000,69822.2,69902.3,69541.7,69793.7,1517.164
1773946800000,69793.7,70591.0,69765.8,70241.2,7818.683
1773950400000,70241.2,70707.2,70166.2,70453.7,1870.97
1773954000000,70453.7,70673.1,70341.3,70370.5,1816.011
1773957600000,70370.5,70480.1,69925.2,70159.7,2502.699
1773961200000,70159.7,70259.8,69679.4,69881.8,4411.922
1773964800000,69881.8,70278.3,69800.0,70162.9,1522.284
1773968400000,70162.9,70562.0,70150.1,70369.9,1809.705
1773972000000,70369.9,70489.3,70046.5,70376.5,1869.349
1773975600000,70376.5,70793.2,70350.3,70697.8,2510.425
1773979200000,70697.8,70933.0,70510.5,70744.1,2609.297
1773982800000,70744.1,70847.1,70470.4,70571.0,1637.15
1773986400000,70571.0,70620.7,70315.0,70466.3,1935.157
1773990000000,70466.3,70910.0,70164.1,70815.2,4088.703
1773993600000,70815.2,71343.9,70755.1,71006.4,6686.846
1773997200000,71006.4,71006.5,70370.6,70550.5,4239.866
1774000800000,70550.5,70644.0,70170.6,70576.0,2866.751
1774004400000,70576.0,70770.4,70250.0,70443.9,2476.217
1774008000000,70443.9,70648.0,70202.0,70307.1,2154.796
1774011600000,70307.1,70574.9,69753.4,69826.8,8334.93
1774015200000,69826.8,70246.0,69544.7,69698.7,9839.146
1774018800000,69698.7,69982.8,69431.7,69833.4,4579.21
1774022400000,69833.4,70074.7,69561.6,69799.7,3378.033
1774026000000,69799.7,70009.8,69338.0,69974.7,4798.177
1774029600000,69974.7,70045.0,69474.8,69735.2,3413.741
1774033200000,69735.2,70163.2,69630.1,70152.2,2854.841
1774036800000,70152.2,70245.1,69718.0,70024.4,2397.381
1774040400000,70024.4,70694.5,69915.0,70507.5,3536.775
1774044000000,70507.5,70892.8,70507.5,70734.8,2583.107
1774047600000,70734.8,70744.3,70394.8,70476.1,1889.183
1774051200000,70476.1,70800.0,70434.3,70650.9,1177.11
1774054800000,70650.9,70730.0,70431.0,70436.8,794.227
1774058400000,70436.8,70759.4,70408.2,70711.4,1141.41
1774062000000,70711.4,70766.9,70588.7,70640.2,753.377
1774065600000,70640.2,70790.2,70580.9,70606.9,974.334
1774069200000,70606.9,70812.9,70593.6,70671.6,1073.467
1774072800000,70671.6,70789.1,70661.6,70739.9,682.869
1774076400000,70739.9,70850.0,70631.5,70684.3,1243.71
1774080000000,70684.3,70724.8,70452.5,70561.9,1506.204
1774083600000,70561.9,70708.7,70533.5,70630.1,819.947
1774087200000,70630.1,70660.0,70520.0,70571.7,629.455
1774090800000,70571.7,70627.4,70520.8,70610.3,407.946
1774094400000,70610.3,70767.7,70610.3,70672.9,974.97
1774098000000,70672.9,70782.0,70655.7,70698.0,484.853
1774101600000,70698.0,71068.0,70532.0,70587.5,3418.073
1774105200000,70587.5,70728.4,70415.9,70591.5,1382.948
1774108800000,70591.5,70623.8,70176.0,70262.0,3586.905
1774112400000,70262.0,70389.5,70154.8,70271.8,1443.999
1774116000000,70271.8,70496.0,70246.7,70345.3,948.873
1774119600000,70345.3,70410.0,70268.8,70358.6,447.669
1774123200000,70358.6,70472.7,70320.2,70426.6,454.307
1774126800000,70426.6,70477.0,70213.0,70312.9,727.576
1774130400000,70312.9,70347.1,70225.4,70245.6,579.851
1774134000000,70245.6,70255.8,68500.0,68870.5,9661.445
1774137600000,68870.5,69110.0,68166.8,68906.6,7961.883
1774141200000,68906.6,69059.4,68724.0,68924.6,2517.513
1774144800000,68924.6,69371.7,68898.2,69236.2,2243.416
1774148400000,69236.2,69557.3,69080.0,69304.1,2173.312
1774152000000,69304.1,69487.3,69174.0,69307.0,1596.353
1774155600000,69307.0,69317.6,69100.0,69112.1,1184.041
1774159200000,69112.1,69210.9,69021.8,69125.8,1005.292
1774162800000,69125.8,69211.7,68851.0,68884.0,1411.54
1774166400000,68884.0,68954.5,68515.0,68757.8,3189.442
1774170000000,68757.8,68872.0,68537.0,68778.6,1385.525
1774173600000,68778.6,68808.9,68540.4,68600.1,1154.266
1774177200000,68600.1,68654.4,68060.0,68181.5,3997.23
1774180800000,68181.5,68732.7,68158.2,68617.5,2784.392
1774184400000,68617.5,68935.8,68500.8,68664.4,3469.214
1774188000000,68664.4,68887.5,68500.0,68679.3,1289.027
1774191600000,68679.3,69042.4,68675.6,68817.5,2469.754
1774195200000,68817.5,68859.6,68628.2,68767.5,806.149
1774198800000,68767.5,68826.8,68636.6,68637.0,751.174
1774202400000,68637.0,68711.2,68311.7,68580.5,1559.651
1774206000000,68580.5,68595.8,68089.3,68160.5,3709.906
1774209600000,68160.5,68478.1,68013.8,68133.3,1623.478
1774213200000,68133.3,68192.8,67300.1,67849.9,7210.838
1774216800000,67849.9,68367.9,67519.2,68310.6,5463.174
1774220400000,68310.6,68444.0,67794.8,67828.1,2199.772
1774224000000,67828.1,68137.5,67412.7,67639.4,4067.129
1774227600000,67639.4,68132.2,67501.2,67876.0,2810.664
1774231200000,67876.0,68367.6,67765.4,68282.7,2138.744
1774234800000,68282.7,68570.0,68028.5,68050.0,1989.309
1774238400000,68050.0,68545.2,68017.1,68516.7,1570.701
1774242000000,68516.7,68885.3,68516.6,68869.7,3256.342
1774245600000,68869.7,68874.2,67654.0,67846.6,4179.999
1774249200000,67846.6,68422.0,67470.7,68304.0,5337.176
1774252800000,68304.0,68674.9,68300.1,68402.2,2945.599
1774256400000,68402.2,68446.8,67880.0,68311.9,2473.441
1774260000000,68311.9,68696.6,68260.0,68513.3,2125.709
1774263600000,68513.3,71487.0,68513.3,70094.5,38518.165
1774267200000,70094.5,70850.0,69640.5,70710.8,9513.089
1774270800000,70710.8,71571.0,70559.5,71456.3,9115.224
1774274400000,71456.3,71788.0,71095.2,71425.8,8446.551
1774278000000,71425.8,71630.0,70065.5,70092.1,10640.199
1774281600000,70092.1,70763.6,70092.0,70538.5,7571.476
1774285200000,70538.5,71088.4,70307.7,71049.4,4100.677
1774288800000,71049.4,71168.5,70837.4,71041.2,3411.834
1774292400000,71041.2,71224.1,70607.9,70639.5,2863.833
1774296000000,70639.5,70962.7,70511.4,70878.1,1862.403
1774299600000,70878.1,70969.1,70783.1,70819.1,893.671
1774303200000,70819.1,70868.3,70473.3,70743.5,1628.435
1774306800000,70743.5,70991.6,70352.6,70865.0,2578.739
1774310400000,70865.0,71072.4,70374.8,70647.3,2427.682
1774314000000,70647.3,70849.9,70224.2,70478.2,2026.357
1774317600000,70478.2,70673.0,70314.9,70416.4,1682.789
1774321200000,70416.4,70557.2,70366.8,70505.2,1268.672
1774324800000,70505.2,70724.0,70205.0,70342.5,1987.958
1774328400000,70342.5,70349.9,70081.0,70248.8,1957.953
1774332000000,70248.8,70549.3,70214.3,70500.0,1554.418
1774335600000,70500.0,71393.8,70439.2,71269.9,7201.46
1774339200000,71269.9,71323.0,70799.8,70936.1,4291.477
1774342800000,70936.1,71349.9,70820.0,71297.8,1898.388
1774346400000,71297.8,71309.0,71060.0,71245.5,1520.995
1774350000000,71245.5,71300.0,70922.0,71122.8,2124.819
1774353600000,71122.8,71156.9,70825.8,70930.2,1802.469
1774357200000,70930.2,71027.8,69936.9,70071.5,9775.896
1774360800000,70071.5,70436.4,69460.0,69843.5,10068.056
1774364400000,69843.5,70251.7,69733.8,69830.1,5641.539
1774368000000,69830.1,69986.3,69183.8,69446.1,5381.323
1774371600000,69446.1,69485.4,68849.2,69200.0,7987.804
1774375200000,69200.0,69712.4,69128.0,69388.1,4946.077
1774378800000,69388.1,69662.7,69227.3,69336.6,2036.663
1774382400000,69336.6,70266.3,69250.0,70068.1,9111.135
1774386000000,70068.1,70396.9,69859.7,70300.4,5039.266
1774389600000,70300.4,70568.1,70102.6,70284.3,3264.296
1774393200000,70284.3,70823.1,70233.9,70518.3,3335.521
1774396800000,70518.3,71021.6,70443.0,70804.4,3234.382
1774400400000,70804.4,70957.4,70600.0,70642.2,1582.524
1774404000000,70642.2,70745.7,70457.3,70505.0,1971.072
1774407600000,70505.0,70794.6,70379.2,70688.9,1638.251
1774411200000,70688.9,70957.0,70670.4,70950.5,1442.798
1774414800000,70950.5,71323.5,70915.6,71087.2,4277.491
1774418400000,71087.2,71248.8,70956.3,70956.7,2406.859
1774422000000,70956.7,71246.3,70854.0,70904.3,2256.57
1774425600000,70904.3,71485.0,70763.4,71212.8,4858.97
1774429200000,71212.8,71387.7,71060.0,71313.1,2283.813
1774432800000,71313.1,71630.0,71260.0,71467.1,2189.845
1774436400000,71467.1,71984.8,71430.6,71644.6,6259.749
1774440000000,71644.6,71930.0,71067.2,71684.2,8070.967
1774443600000,71684.2,71930.0,71462.2,71539.0,3179.158
1774447200000,71539.0,71673.5,71182.3,71195.8,6139.539
1774450800000,71195.8,71266.5,70515.5,70788.4,7813.587
1774454400000,70788.4,71731.0,70664.2,71284.1,6826.021
1774458000000,71284.1,71361.5,70677.0,70743.0,3059.602
1774461600000,70743.0,71169.9,70633.1,70782.3,3136.722
1774465200000,70782.3,71074.5,70735.9,70850.0,1662.501
1774468800000,70850.0,71025.0,70600.0,70969.4,1898.853
1774472400000,70969.4,71149.8,70907.4,70997.6,1298.43
1774476000000,70997.6,71630.4,70892.1,71330.7,2431.462
1774479600000,71330.7,71415.5,71150.0,71304.3,1267.624
1774483200000,71304.3,71420.9,71100.0,71269.2,1591.743
1774486800000,71269.2,71354.5,71121.3,71214.4,881.946
1774490400000,71214.4,71256.1,70646.2,70853.6,2332.624
1774494000000,70853.6,70941.2,70650.0,70876.8,1132.295
1774497600000,70876.8,70884.9,70678.0,70733.4,943.355
1774501200000,70733.4,70769.7,69901.3,69978.8,6120.817
1774504800000,69978.8,70111.0,69816.4,70054.0,3652.68
1774508400000,70054.0,70134.4,69750.0,70052.7,2660.323
1774512000000,70052.7,70092.8,69763.0,69987.9,4066.767
1774515600000,69987.9,70117.0,69372.0,69545.1,4689.495
1774519200000,69545.1,69685.4,69418.7,69486.6,2216.437
1774522800000,69486.6,69633.3,69151.3,69237.0,3544.241
1774526400000,69237.0,69432.7,69180.2,69399.8,2308.336
1774530000000,69399.8,69846.2,69163.4,69610.3,6690.559
1774533600000,69610.3,69796.3,69215.8,69434.3,3741.407
1774537200000,69434.3,69462.7,68590.0,69056.0,8281.121
1774540800000,69056.0,69056.0,68778.6,68896.0,3262.593
1774544400000,68896.0,69136.0,68332.0,68454.6,4104.159
1774548000000,68454.6,68582.9,68100.6,68460.4,4438.146
1774551600000,68460.4,68661.1,68309.4,68505.8,2492.381
1774555200000,68505.8,69506.0,68383.9,68973.2,10254.084
1774558800000,68973.2,69186.8,68839.9,68884.9,1875.433
1774562400000,68884.9,69000.0,68570.0,68870.5,2005.046
1774566000000,68870.5,68979.8,68601.9,68793.4,1371.818
1774569600000,68793.4,68949.3,68482.8,68749.6,2646.178
1774573200000,68749.6,69038.0,68666.0,69022.8,1294.162
1774576800000,69022.8,69150.0,68817.1,68873.5,1262.267
1774580400000,68873.5,68890.1,68629.6,68738.9,1610.715
1774584000000,68738.9,68764.8,68255.2,68541.3,3875.389
1774587600000,68541.3,68841.7,68457.2,68595.8,1775.322
1774591200000,68595.8,68815.9,68530.6,68624.2,1047.458
1774594800000,68624.2,68935.3,68404.7,68500.8,4076.931
1774598400000,68500.8,68594.0,67535.4,67875.7,8692.182
1774602000000,67875.7,67908.0,67490.8,67655.2,4076.642
1774605600000,67655.2,67743.9,66273.0,66464.0,11238.466
1774609200000,66464.0,66829.3,66174.6,66667.9,5169.061
1774612800000,66667.9,66745.8,66378.3,66576.1,3165.564
1774616400000,66576.1,66710.3,65963.1,66148.9,7395.277
1774620000000,66148.9,66372.1,65688.3,66157.6,8995.776
1774623600000,66157.6,66624.3,65926.8,66086.0,6747.265
1774627200000,66086.0,66163.5,65758.5,65945.4,4635.34
1774630800000,65945.4,66300.3,65538.2,65596.6,6447.19
1774634400000,65596.6,65926.4,65504.7,65802.7,2738.472
1774638000000,65802.7,66156.3,65660.5,66015.6,5093.342
1774641600000,66015.6,66160.1,65786.2,66000.6,2459.768
1774645200000,66000.6,66189.1,65983.1,66054.7,1510.534
1774648800000,66054.7,66067.5,65880.7,65992.1,975.359
1774652400000,65992.1,66396.7,65938.3,66374.7,1635.066
1774656000000,66374.7,66493.6,66257.4,66400.1,1582.985
1774659600000,66400.1,66400.1,66014.7,66146.9,2486.982
1774663200000,66146.9,66221.4,65880.7,66021.2,1804.682
1774666800000,66021.2,66211.8,66021.1,66197.4,764.901
1774670400000,66197.4,66273.1,66071.2,66251.8,735.31
1774674000000,66251.8,66353.8,66170.8,66313.7,619.861
1774677600000,66313.7,66469.3,66269.6,66355.3,967.093
1774681200000,66355.3,66541.4,66346.5,66529.4,1262.419
1774684800000,66529.4,66534.8,66354.5,66375.9,1530.265
1774688400000,66375.9,66375.9,66191.7,66270.8,1282.369
1774692000000,66270.8,66384.8,66068.2,66188.8,1262.792
1774695600000,66188.8,66330.6,66163.5,66288.1,779.864
1774699200000,66288.1,66498.0,66190.8,66419.4,1464.549
1774702800000,66419.4,67142.8,66359.9,66806.1,5637.41
1774706400000,66806.1,66948.9,66611.5,66710.7,1958.268
1774710000000,66710.7,67287.8,66677.6,66983.9,3438.786
1774713600000,66983.9,67072.0,66813.0,66890.1,2042.398
1774717200000,66890.1,66959.4,66636.5,66808.6,1960.298
1774720800000,66808.6,66923.7,66794.5,66870.2,786.232
1774724400000,66870.2,66921.1,66752.1,66879.9,562.307
1774728000000,66879.9,66979.2,66863.5,66883.1,845.902
1774731600000,66883.1,66892.9,66558.0,66647.2,1275.493
1774735200000,66647.2,66755.0,66558.1,66724.9,1104.948
1774738800000,66724.9,66724.9,66239.1,66345.4,2999.465
1774742400000,66345.4,66481.0,66250.0,66448.8,1033.353
1774746000000,66448.8,66588.0,66339.5,66537.6,1318.025
1774749600000,66537.6,66827.4,66501.4,66776.9,1215.945
1774753200000,66776.9,67113.3,66719.4,66879.3,1768.652
1774756800000,66879.3,66909.7,66682.0,66703.6,805.67
1774760400000,66703.6,66789.0,66557.4,66738.3,1388.869
1774764000000,66738.3,66847.3,66596.2,66700.2,619.135
1774767600000,66700.2,66724.0,66511.3,66625.7,1112.922
1774771200000,66625.7,66748.4,66552.7,66683.0,669.951
1774774800000,66683.0,66728.5,66469.5,66595.6,966.87
1774778400000,66595.6,66595.6,66369.6,66468.4,1599.91
1774782000000,66468.4,66979.9,66468.3,66774.2,2296.003
1774785600000,66774.2,66845.0,66666.0,66824.7,1330.76
1774789200000,66824.7,66845.0,66500.0,66548.2,1615.754
1774792800000,66548.2,66778.3,66420.2,66563.9,1377.066
1774796400000,66563.9,66699.5,66276.6,66499.3,2945.385
1774800000000,66499.3,66639.4,66396.1,66468.2,1229.166
1774803600000,66468.2,66519.9,66111.2,66349.3,2140.607
1774807200000,66349.3,66514.2,66283.0,66390.0,744.898
1774810800000,66390.0,66457.5,66287.5,66320.5,892.113
1774814400000,66320.5,66765.9,66312.1,66577.8,1676.617
1774818000000,66577.8,66733.0,66470.0,66675.6,982.556
1774821600000,66675.6,66684.9,64935.7,65828.1,12660.806
1774825200000,65828.1,66377.9,65821.9,65990.7,5487.818
1774828800000,65990.7,67049.6,65747.8,66248.0,9902.154
1774832400000,66248.0,66800.0,66246.0,66622.0,2970.944
1774836000000,66622.0,67442.5,66534.3,67084.3,5272.548
1774839600000,67084.3,67299.5,66936.8,67143.6,1981.288
1774843200000,67143.6,67641.0,67129.2,67582.9,3306.357
1774846800000,67582.9,67802.3,67400.0,67462.8,2610.856
1774850400000,67462.8,67550.0,67239.8,67271.1,1960.194
1774854000000,67271.1,67610.9,67185.2,67595.0,2405.036
1774857600000,67595.0,67924.1,67573.1,67634.2,3743.693
1774861200000,67634.2,67662.8,67419.0,67463.9,1555.316
1774864800000,67463.9,67487.8,67324.1,67457.5,1161.623
1774868400000,67457.5,68000.0,67447.2,67649.5,4055.505
1774872000000,67649.5,67955.6,67626.5,67861.5,2222.785
1774875600000,67861.5,68199.9,67405.0,67500.1,5993.649
1774879200000,67500.1,67853.7,67050.1,67774.1,6845.015
1774882800000,67774.1,67887.0,67370.0,67602.7,5936.085
1774886400000,67602.7,67626.2,67182.6,67335.8,2578.064
1774890000000,67335.8,67444.3,66620.0,66803.3,6284.92
1774893600000,66803.3,66900.0,66457.9,66620.5,3475.626
1774897200000,66620.5,66636.4,66184.2,66512.2,4096.186
1774900800000,66512.2,66666.0,66485.9,66613.8,1459.246
1774904400000,66613.8,66957.4,66545.5,66769.3,2069.091
1774908000000,66769.3,66961.0,66620.5,66743.8,1141.412
1774911600000,66743.8,66767.4,66374.3,66767.3,1875.951
1774915200000,66767.3,67286.0,66504.5,67178.0,3358.833
1774918800000,67178.0,68397.1,67013.7,67903.4,8362.007
1774922400000,67903.4,68075.9,67738.8,67920.3,2120.616
1774926000000,67920.3,67986.5,67581.1,67677.8,2308.631
1774929600000,67677.8,67865.6,67430.0,67511.0,2983.274
1774933200000,67511.0,67748.7,67360.0,67644.0,2178.246
1774936800000,67644.0,67677.1,67300.0,67466.9,1604.313
1774940400000,67466.9,67496.2,67067.9,67344.9,2693.118
1774944000000,67344.9,67475.7,66637.8,66736.5,4573.98
1774947600000,66736.5,66897.0,65950.0,66096.2,7264.003
1774951200000,66096.2,66458.1,66062.5,66322.9,3891.517
1774954800000,66322.9,66847.3,66192.2,66649.7,5296.665
1774958400000,66649.7,66925.2,66480.3,66611.2,3001.736
1774962000000,66611.2,67400.0,66611.1,67270.1,6155.404
1774965600000,67270.1,67744.7,66403.4,66562.9,9991.963
1774969200000,66562.9,67267.1,66562.9,66710.0,7091.623
1774972800000,66710.0,67993.8,66699.0,67644.7,7267.616
1774976400000,67644.7,68599.9,67366.7,67500.0,11110.089
1774980000000,67500.0,67921.5,67495.0,67813.9,2706.31
1774983600000,67813.9,67997.9,67664.3,67802.9,2197.837
1774987200000,67802.9,68248.6,67790.6,68241.0,2528.51
1774990800000,68241.0,68400.0,67838.4,68235.4,2522.011
1774994400000,68235.4,68318.0,67919.7,68149.2,2087.362
1774998000000,68149.2,68339.8,68033.7,68244.6,1476.668
1775001600000,68244.6,68320.6,67813.0,68295.9,2704.358
1775005200000,68295.9,68333.0,67706.5,67755.6,3056.08
1775008800000,67755.6,67879.3,67543.8,67632.7,2160.018
1775012400000,67632.7,68226.3,67632.7,68134.9,2236.369
1775016000000,68134.9,68474.5,67973.7,68279.5,3062.72
1775019600000,68279.5,68779.0,68119.0,68423.6,4398.96
1775023200000,68423.6,69225.0,68423.6,69077.3,5908.293
1775026800000,69077.3,69301.0,68643.0,68662.3,5453.299
1775030400000,68662.3,68858.8,68428.0,68633.1,3596.5
1775034000000,68633.1,68710.0,68342.7,68611.8,2469.061
1775037600000,68611.8,68641.1,68373.5,68551.6,1565.81
1775041200000,68551.6,68731.4,68472.0,68674.7,1495.706
1775044800000,68674.7,68777.0,68222.2,68365.4,4707.483
1775048400000,68365.4,68650.0,67831.7,68081.9,6434.917
1775052000000,68081.9,68648.6,68016.0,68562.0,4023.607
1775055600000,68562.0,68933.0,68380.4,68879.5,3447.392
1775059200000,68879.5,68970.0,68572.1,68777.5,3584.28
1775062800000,68777.5,69164.4,68203.9,68225.7,4565.764
1775066400000,68225.7,68299.6,67900.0,68049.1,3734.885
1775070000000,68049.1,68259.9,67985.3,68140.7,1775.709
1775073600000,68140.7,68212.0,67922.0,68155.5,1207.658
1775077200000,68155.5,68498.3,68130.0,68321.1,1789.677
1775080800000,68321.1,68321.1,68030.0,68086.9,1202.77
1775084400000,68086.9,68224.5,67955.2,68086.0,852.078
1775088000000,68086.0,68645.7,68011.0,68556.9,2267.706
1775091600000,68556.9,68556.9,67000.0,67317.8,14535.652
1775095200000,67317.8,67319.8,66583.1,66820.1,4963.48
1775098800000,66820.1,66933.1,66444.0,66540.0,3195.171
1775102400000,66540.0,66615.1,66171.1,66290.1,3245.031
1775106000000,66290.1,66605.7,66270.1,66550.1,2867.558
1775109600000,66550.1,66783.3,66500.0,66649.0,2418.385
1775113200000,66649.0,66900.0,66508.2,66889.0,2109.443
1775116800000,66889.0,66889.1,66299.0,66414.9,2449.384
1775120400000,66414.9,66492.9,66255.0,66429.1,2242.248
1775124000000,66429.1,66474.1,66179.5,66424.7,1968.919
1775127600000,66424.7,66450.0,66106.0,66176.4,2657.454
1775131200000,66176.4,66215.1,65903.5,66013.2,4087.213
1775134800000,66013.2,66273.9,65666.0,66236.8,6057.302
1775138400000,66236.8,67081.1,66130.0,66829.6,9756.524
1775142000000,66829.6,66970.4,66602.3,66814.9,3653.985
1775145600000,66814.9,67288.0,66718.3,67054.7,4191.563
1775149200000,67054.7,67403.9,66635.3,66653.5,5702.506
1775152800000,66653.5,67041.9,66568.2,66949.9,2390.724
1775156400000,66949.9,67083.5,66824.3,66946.3,2505.493
1775160000000,66946.3,67089.8,66754.1,66911.5,1328.547
1775163600000,66911.5,66983.3,66680.0,66913.0,1399.227
1775167200000,66913.0,67013.3,66785.6,66954.1,979.504
1775170800000,66954.1,67069.6,66818.5,66870.9,728.1
1775174400000,66870.9,66976.3,66653.2,66758.7,1144.763
1775178000000,66758.7,66890.4,66450.1,66592.9,2099.244
1775181600000,66592.9,66720.8,66240.0,66503.3,3161.544
1775185200000,66503.3,66696.4,66455.0,66544.4,1323.859
1775188800000,66544.4,66662.4,66465.1,66578.2,792.01
1775192400000,66578.2,66773.3,66373.0,66579.3,1657.975
1775196000000,66579.3,66777.4,66516.1,66770.2,1367.445
1775199600000,66770.2,67230.0,66720.9,67011.9,4519.368
1775203200000,67011.9,67273.3,66876.0,66931.9,2665.12
1775206800000,66931.9,66985.0,66707.5,66835.2,1980.678
1775210400000,66835.2,66870.0,66647.2,66848.6,1308.508
1775214000000,66848.6,67032.9,66784.6,66987.7,1548.497
1775217600000,66987.7,67344.9,66600.0,66693.0,4709.297
1775221200000,66693.0,66709.6,66468.9,66642.9,3100.891
1775224800000,66642.9,66964.0,66600.0,66896.9,3057.112
1775228400000,66896.9,66998.0,66790.1,66809.1,1464.026
1775232000000,66809.1,67046.2,66799.0,66973.0,992.543
1775235600000,66973.0,67043.2,66726.0,66807.6,1943.576
1775239200000,66807.6,66898.8,66744.0,66780.3,540.309
1775242800000,66780.3,66881.7,66736.9,66859.2,613.798
1775246400000,66859.2,66894.0,66790.6,66796.9,427.588
1775250000000,66796.9,66946.0,66785.2,66930.4,1033.809
1775253600000,66930.4,66946.0,66814.9,66856.7,393.353
1775257200000,66856.7,66932.8,66795.0,66932.7,446.023
1775260800000,66932.7,66945.5,66827.1,66874.4,634.338
1775264400000,66874.4,66900.0,66794.8,66824.3,520.137
1775268000000,66824.3,66891.9,66778.7,66817.2,306.414
1775271600000,66817.2,66876.4,66792.1,66799.6,311.901
1775275200000,66799.6,66848.0,66737.0,66829.0,475.504
1775278800000,66829.0,66905.3,66802.7,66876.0,479.11
1775282400000,66876.0,67022.1,66873.9,66976.0,726.701
1775286000000,66976.0,67015.0,66903.1,66980.5,858.227
1775289600000,66980.5,67025.3,66880.0,66913.6,526.308
1775293200000,66913.6,66963.1,66878.8,66952.7,513.844
1775296800000,66952.7,67148.7,66857.0,67136.4,1536.151
1775300400000,67136.4,67199.9,67036.2,67136.5,1405.537
1775304000000,67136.5,67165.7,67019.4,67064.9,573.16
1775307600000,67064.9,67240.4,67050.0,67164.9,862.577
1775311200000,67164.9,67192.4,66983.3,67181.4,1367.77
1775314800000,67181.4,67543.0,67142.2,67352.4,3439.842
1775318400000,67352.4,67488.0,67290.2,67336.4,1807.77
1775322000000,67336.4,67388.0,67254.3,67309.1,828.58
1775325600000,67309.1,67350.0,67215.3,67262.6,565.157
1775329200000,67262.6,67526.0,67240.0,67262.2,931.845
1775332800000,67262.2,67269.1,67125.1,67242.4,796.74
1775336400000,67242.4,67445.9,67175.9,67322.3,705.606
1775340000000,67322.3,67432.9,67295.6,67369.9,687.637
1775343600000,67369.9,67370.0,67222.0,67266.7,495.467
1775347200000,67266.7,67274.4,67127.7,67178.5,511.434
1775350800000,67178.5,67207.8,67036.0,67051.1,1095.978
1775354400000,67051.1,67150.0,66905.1,67135.7,1217.407
1775358000000,67135.7,67159.6,67047.1,67110.0,354.671
1775361600000,67110.0,67159.0,67032.6,67062.7,350.232
1775365200000,67062.7,67122.9,66810.6,66897.2,931.904
1775368800000,66897.2,66912.8,66567.0,66763.1,2880.611
1775372400000,66763.1,66881.1,66673.4,66780.5,1393.324
1775376000000,66780.5,66898.9,66774.6,66890.2,946.2
1775379600000,66890.2,67012.9,66857.1,66990.8,738.653
1775383200000,66990.8,67115.9,66919.7,67006.1,1021.696
1775386800000,67006.1,67064.4,66933.1,66972.7,565.352
1775390400000,66972.7,66972.7,66638.0,66751.2,1938.121
1775394000000,66751.2,66897.2,66659.5,66859.4,1706.552
1775397600000,66859.4,66942.4,66778.8,66899.5,882.36
1775401200000,66899.5,67828.6,66799.8,67268.6,8418.916
1775404800000,67268.6,67385.8,67142.7,67183.3,1590.47
1775408400000,67183.3,67386.2,67151.3,67343.9,955.639
1775412000000,67343.9,67429.0,67241.5,67382.4,1042.245
1775415600000,67382.4,67551.9,67250.0,67331.8,1065.048
1775419200000,67331.8,67685.0,67298.4,67629.8,1774.55
1775422800000,67629.8,67650.0,67377.4,67521.5,1362.857
1775426400000,67521.5,68363.6,67302.5,68311.0,7548.527
1775430000000,68311.0,69115.9,68225.0,69002.4,7856.37
1775433600000,69002.4,69564.0,69000.9,69053.3,7121.857
1775437200000,69053.3,69105.1,68754.6,68780.7,2565.49
1775440800000,68780.7,69387.8,68733.6,69181.9,2719.486
1775444400000,69181.9,69231.7,69030.5,69099.7,1170.827
1775448000000,69099.7,69194.3,68950.0,69102.9,1181.416
1775451600000,69102.9,69214.0,69050.0,69166.1,792.235
1775455200000,69166.1,69322.9,68769.3,68939.9,2633.511
1775458800000,68939.9,69195.2,68791.8,69085.1,1726.42
1775462400000,69085.1,69349.2,69043.7,69186.3,1296.288
1775466000000,69186.3,70250.0,69179.1,69699.4,9050.414
1775469600000,69699.4,69923.0,69652.5,69732.7,2117.065
1775473200000,69732.7,69732.7,69512.7,69584.3,1341.508
1775476800000,69584.3,69606.8,69288.8,69337.6,2837.65
1775480400000,69337.6,69516.6,69160.2,69396.0,3270.763
1775484000000,69396.0,69784.0,69120.0,69619.7,6348.101
1775487600000,69619.7,69939.5,69490.0,69925.8,3474.335
1775491200000,69925.8,70351.7,69740.0,69759.2,5852.181
1775494800000,69759.2,69783.2,69226.3,69531.5,4946.061
1775498400000,69531.5,69950.7,69437.6,69853.0,3696.389
1775502000000,69853.0,69854.1,69532.7,69700.5,2114.578
1775505600000,69700.5,69950.0,69576.6,69782.7,1466.842
1775509200000,69782.7,69785.2,69386.9,69472.5,1140.129
1775512800000,69472.5,69547.0,68769.0,68769.0,4191.959
1775516400000,68769.0,68875.0,68272.0,68807.5,7442.631
1775520000000,68807.5,69087.5,68670.5,68732.7,2595.469
1775523600000,68732.7,68873.6,68300.0,68362.1,2938.323
1775527200000,68362.1,68688.0,68224.7,68632.9,2275.583
1775530800000,68632.9,68767.0,68580.9,68741.3,1134.881
1775534400000,68741.3,68944.0,68504.9,68814.1,1886.771
1775538000000,68814.1,68826.0,68574.7,68620.4,998.104
1775541600000,68620.4,68623.3,68404.0,68539.1,1380.615
1775545200000,68539.1,68676.8,68460.3,68582.5,1247.655
1775548800000,68582.5,68958.9,68563.5,68905.4,2179.37
1775552400000,68905.4,69224.3,68890.2,69112.9,3348.235
1775556000000,69112.9,69181.3,68175.0,68200.9,6436.513
1775559600000,68200.9,68427.9,68015.1,68299.9,3744.721
1775563200000,68299.9,68591.6,68020.1,68361.9,4336.134
1775566800000,68361.9,68641.4,68155.7,68202.9,3143.865
1775570400000,68202.9,68227.1,67721.2,67822.0,6132.776
1775574000000,67822.0,68241.6,67679.0,68132.6,4126.097
1775577600000,68132.6,68424.4,68037.0,68206.8,3357.949
1775581200000,68206.8,69000.0,68156.4,68666.0,4662.02
1775584800000,68666.0,68740.0,68312.5,68409.6,2593.854
1775588400000,68409.6,69089.5,68316.6,68976.5,5031.443
1775592000000,68976.5,69535.3,68976.5,69291.7,6832.263
1775595600000,69291.7,70197.7,69277.0,69896.0,8118.283
1775599200000,69896.0,71500.0,69896.0,71484.2,18870.051
1775602800000,71484.2,72766.4,71140.4,71894.6,19568.423
1775606400000,71894.6,72107.0,71502.4,71682.9,5714.638
1775610000000,71682.9,71736.6,71420.0,71450.9,2680.412
1775613600000,71450.9,71710.0,71201.1,71330.6,3266.349
1775617200000,71330.6,71449.3,71236.2,71255.1,1499.613
1775620800000,71255.1,71679.6,71244.1,71535.0,2003.5
1775624400000,71535.0,71827.1,71514.3,71713.0,2216.755
1775628000000,71713.0,71928.3,71546.4,71705.3,2009.77
1775631600000,71705.3,71879.8,71555.7,71612.6,1471.164
1775635200000,71612.6,71805.8,71612.5,71777.2,1732.243
1775638800000,71777.2,71953.2,71552.0,71654.0,1469.221
1775642400000,71654.0,71764.9,71422.6,71435.4,1799.495
1775646000000,71435.4,71700.0,71341.3,71650.0,2179.429
1775649600000,71650.0,72178.8,71533.2,72033.1,4302.037
1775653200000,72033.1,72850.0,71461.7,71560.2,16827.83
1775656800000,71560.2,71725.0,70666.4,70877.7,9098.936
1775660400000,70877.7,71312.5,70788.6,71270.6,4500.732
1775664000000,71270.6,71669.2,71202.7,71554.8,4800.358
1775667600000,71554.8,71966.5,71450.0,71847.6,4360.918
1775671200000,71847.6,71857.9,70992.6,71066.3,6516.238
1775674800000,71066.3,71341.7,70976.8,71283.5,2979.646
1775678400000,71283.5,71458.0,71242.2,71340.5,1106.165
1775682000000,71340.5,71733.9,71291.2,71518.0,2223.331
1775685600000,71518.0,71548.4,71024.8,71024.8,2444.261
1775689200000,71024.8,71174.6,70870.0,71033.2,2950.831
1775692800000,71033.2,71102.2,70601.3,70773.1,2569.896
1775696400000,70773.1,70929.4,70417.2,70891.0,3305.215
1775700000000,70891.0,71163.6,70769.2,71026.7,3565.811
1775703600000,71026.7,71092.0,70800.0,70958.9,2260.842
1775707200000,70958.9,70979.9,70705.0,70749.9,1597.862
1775710800000,70749.9,71080.0,70662.5,70950.1,1861.617
1775714400000,70950.1,71061.2,70761.4,70989.8,1820.511
1775718000000,70989.8,71079.8,70919.4,70950.9,1625.721
1775721600000,70950.9,71365.2,70829.1,71216.8,3752.236
1775725200000,71216.8,71582.7,71069.2,71505.8,4041.894
1775728800000,71505.8,71515.6,71240.8,71240.9,1438.437
1775732400000,71240.9,71320.1,71012.7,71120.0,2158.897
1775736000000,71120.0,71311.2,70997.0,71259.5,1964.128
1775739600000,71259.5,71348.5,70600.1,70775.5,5134.99
1775743200000,70775.5,71239.3,70478.4,71088.3,6477.186
1775746800000,71088.3,72338.4,70889.0,72118.3,14150.279
1775750400000,72118.3,72400.0,71695.5,72051.2,7142.416
1775754000000,72051.2,72541.1,72037.1,72317.4,6274.026
1775757600000,72317.4,72349.9,71696.6,71858.8,4333.238
1775761200000,71858.8,72298.5,71704.0,72053.4,4723.901
1775764800000,72053.4,72421.5,71939.8,72384.4,3991.943
1775768400000,72384.4,72698.0,72056.8,72232.4,4687.274
1775772000000,72232.4,73141.6,71905.7,71910.0,9171.118
1775775600000,71910.0,72019.1,71560.0,71755.0,4965.175
1775779200000,71755.0,72018.6,71550.2,71946.3,2444.203
1775782800000,71946.3,72366.5,71626.9,72134.7,3880.459
1775786400000,72134.7,72270.9,71875.3,71931.6,1200.042
1775790000000,71931.6,72000.0,71780.5,71841.4,1486.67
1775793600000,71841.4,72199.2,71760.5,72095.4,1828.234
1775797200000,72095.4,72250.0,71975.0,72099.0,1681.914
1775800800000,72099.0,72158.1,71761.2,71776.0,1251.436
1775804400000,71776.0,71822.6,71377.6,71459.3,2432.844
1775808000000,71459.3,71734.0,71394.5,71575.5,2078.522
1775811600000,71575.5,71859.0,71557.0,71741.9,1630.124
1775815200000,71741.9,71896.0,71674.0,71869.1,1043.975
1775818800000,71869.1,72236.4,71857.1,72097.2,2311.852
1775822400000,72097.2,72451.7,71959.9,72226.4,4857.175
1775826000000,72226.4,72384.3,71877.0,72292.5,3032.536
1775829600000,72292.5,73133.3,72220.0,72882.6,10533.531
1775833200000,72882.6,73268.0,72320.3,72429.7,6322.819
1775836800000,72429.7,73044.3,72352.2,72963.8,4098.868
1775840400000,72963.8,73120.0,72750.0,73095.2,2829.56
1775844000000,73095.2,73146.4,72848.7,73065.0,2065.701
1775847600000,73065.0,73238.8,72849.2,73203.7,3502.174
1775851200000,73203.7,73454.9,73003.3,73325.9,5251.915
1775854800000,73325.9,73327.6,72878.6,73153.8,2047.498
1775858400000,73153.8,73220.7,72664.1,72830.9,2519.492
1775862000000,72830.9,72926.5,72733.0,72920.0,966.643
1775865600000,72920.0,72920.1,72719.2,72790.3,904.396
1775869200000,72790.3,72967.1,72623.9,72922.0,1215.353
1775872800000,72922.0,73063.0,72870.6,72929.5,1114.544
1775876400000,72929.5,73039.4,72765.0,72831.6,776.779
1775880000000,72831.6,72923.0,72628.3,72770.0,1545.734
1775883600000,72770.0,72803.4,72626.4,72683.1,802.467
1775887200000,72683.1,72741.0,72571.4,72725.8,827.597
1775890800000,72725.8,72798.0,72635.4,72715.8,1018.503
1775894400000,72715.8,72767.9,72601.0,72628.3,557.408
1775898000000,72628.3,72878.5,72580.9,72867.9,1368.61
1775901600000,72867.9,72880.0,72721.3,72803.4,1047.246
1775905200000,72803.4,72887.1,72779.6,72871.5,586.748
1775908800000,72871.5,72957.5,72761.2,72900.0,1372.559
1775912400000,72900.0,72900.0,72481.3,72621.9,2400.284
1775916000000,72621.9,72734.5,72567.9,72662.9,750.956
1775919600000,72662.9,72869.4,72638.3,72823.2,1026.435
1775923200000,72823.2,73197.5,72780.0,73002.6,2297.371
1775926800000,73002.6,73146.5,72912.4,73065.2,1408.712
1775930400000,73065.2,73718.3,73000.0,73520.3,4609.783
1775934000000,73520.3,73800.0,73427.5,73658.9,3600.511
1775937600000,73658.9,73671.3,73180.9,73263.1,3076.226
1775941200000,73263.1,73517.1,73166.0,73395.1,1154.88
1775944800000,73395.1,73538.0,73200.2,73337.9,1171.342
1775948400000,73337.9,73337.9,72859.6,73011.6,2170.569
1775952000000,73011.6,73086.2,72800.0,73042.5,1649.294
1775955600000,73042.5,73104.0,71267.8,71603.8,10287.388
1775959200000,71603.8,71926.0,71294.2,71726.5,5635.235
1775962800000,71726.5,71830.0,71556.0,71561.6,1645.56
1775966400000,71561.6,71650.0,71401.7,71433.3,1650.41
1775970000000,71433.3,71749.9,71380.1,71666.1,1476.566
1775973600000,71666.1,71718.0,71600.1,71618.6,891.048
1775977200000,71618.6,71722.6,71545.0,71635.0,983.184
1775980800000,71635.0,71740.0,71552.0,71588.6,812.717
1775984400000,71588.6,71597.9,71471.4,71495.1,780.345
1775988000000,71495.1,71672.6,71309.4,71413.6,2011.465
1775991600000,71413.6,71507.1,71378.1,71426.7,792.838
1775995200000,71426.7,71466.6,71000.0,71041.8,4626.966
1775998800000,71041.8,71113.4,70815.3,70860.0,4248.218
1776002400000,70860.0,71070.3,70650.1,70708.3,4154.873
1776006000000,70708.3,70895.2,70567.0,70848.5,3010.659
1776009600000,70848.5,70916.9,70777.0,70889.9,1178.518
1776013200000,70889.9,71200.0,70848.6,71100.0,2051.457
1776016800000,71100.0,71181.0,71012.6,71089.3,1082.889
1776020400000,71089.3,71180.6,71026.4,71049.3,1031.932
1776024000000,71049.3,71410.0,70913.7,71293.6,2598.538
1776027600000,71293.6,71418.5,71114.4,71327.5,1193.237
1776031200000,71327.5,71331.7,70450.0,70876.0,6637.535
1776034800000,70876.0,70878.5,70521.5,70715.0,1804.97
1776038400000,70715.0,71234.6,70580.6,71134.1,2288.554
1776042000000,71134.1,71198.8,70992.0,71158.6,1274.778
1776045600000,71158.6,71247.8,70941.8,71049.9,969.661
1776049200000,71049.9,71136.7,70870.3,70947.1,965.1
1776052800000,70947.1,71128.5,70820.9,70865.0,1078.292
1776056400000,70865.0,70891.6,70628.0,70849.9,1371.646
1776060000000,70849.9,71076.6,70842.7,70993.9,1250.386
1776063600000,70993.9,71039.8,70650.0,70776.0,1642.691
1776067200000,70776.0,70834.4,70523.4,70637.6,2727.936
1776070800000,70637.6,70866.8,70637.6,70762.7,1138.124
1776074400000,70762.7,70815.7,70650.0,70718.7,900.503
1776078000000,70718.7,70954.2,70703.1,70889.0,1688.06
1776081600000,70889.0,71190.0,70724.3,71036.4,2549.837
1776085200000,71036.4,71675.1,70775.5,71618.1,7582.449
1776088800000,71618.1,72363.0,71335.0,72348.4,11094.82
1776092400000,72348.4,72421.6,71609.7,71826.1,6918.236
1776096000000,71826.1,72400.0,71626.8,72159.6,7265.412
1776099600000,72159.6,72571.5,72018.5,72104.9,4702.244
1776103200000,72104.9,72428.5,72000.5,72388.2,3238.636
1776106800000,72388.2,73447.3,72253.1,73275.6,10370.392
1776110400000,73275.6,73356.0,72967.5,73101.9,3875.876
1776114000000,73101.9,73338.0,73033.4,73143.4,1586.084
1776117600000,73143.4,74746.4,73129.3,74592.0,13000.935
1776121200000,74592.0,74868.2,74350.3,74383.7,4987.198
1776124800000,74383.7,74492.3,74074.1,74125.7,3194.919
1776128400000,74125.7,74411.3,73932.0,74351.0,1983.253
1776132000000,74351.0,74565.0,74249.9,74304.5,1735.856
1776135600000,74304.5,74470.0,74215.2,74413.4,1123.608
1776139200000,74413.4,74494.7,74315.6,74358.3,976.478
1776142800000,74358.3,74410.0,74128.6,74185.8,1215.243
1776146400000,74185.8,74524.7,74185.8,74490.7,1361.951
1776150000000,74490.7,74932.4,74396.6,74527.2,4373.549
1776153600000,74527.2,74900.0,74428.4,74724.2,2629.393
1776157200000,74724.2,74802.5,74399.5,74471.7,2178.398
1776160800000,74471.7,74574.0,74292.6,74310.8,1554.936
1776164400000,74310.8,74434.5,74270.6,74342.2,1150.037
1776168000000,74342.2,74479.7,74226.9,74425.5,1747.169
1776171600000,74425.5,75491.9,74362.6,75482.0,10084.661
1776175200000,75482.0,76010.3,74968.3,74974.2,12371.84
1776178800000,74974.2,75412.4,74520.3,75272.3,8420.342
1776182400000,75272.3,75649.0,74454.6,74606.0,5337.876
1776186000000,74606.0,74914.5,74200.0,74701.0,5028.312
1776189600000,74701.0,74771.6,73783.7,74048.1,6023.184
1776193200000,74048.1,74348.2,73820.0,74170.3,4566.352
1776196800000,74170.3,74395.0,73951.3,74045.2,2474.541
1776200400000,74045.2,74271.9,73874.6,74220.1,1759.791
1776204000000,74220.1,74327.9,73754.5,73983.2,3252.782
1776207600000,73983.2,74207.2,73955.0,74092.2,1843.142
1776211200000,74092.2,74634.4,74070.8,74515.0,3171.326
1776214800000,74515.0,74765.6,74447.4,74558.2,1944.156
1776218400000,74558.2,74654.5,74121.0,74275.4,2294.215
1776222000000,74275.4,74333.0,74130.9,74299.9,933.289
1776225600000,74299.9,74398.0,74210.2,74288.7,1195.55
1776229200000,74288.7,74398.4,73820.2,73975.1,3313.715
1776232800000,73975.1,74010.0,73810.7,73848.0,1305.648
1776236400000,73848.0,73970.8,73455.5,73701.9,3733.158
1776240000000,73701.9,74187.9,73630.1,74063.0,2740.48
1776243600000,74063.0,74136.0,73865.0,73963.2,1472.784
1776247200000,73963.2,74222.0,73737.2,73817.8,2660.941
1776250800000,73817.8,74217.0,73817.8,74158.0,2179.99
1776254400000,74158.0,74432.9,74001.8,74222.1,3200.876
1776258000000,74222.1,74395.5,73766.2,74014.1,4208.693
1776261600000,74014.1,74474.6,73780.8,74111.5,6056.686
1776265200000,74111.5,74263.3,73519.0,73798.3,5209.256
1776268800000,73798.3,74145.4,73714.4,73899.9,2592.002
1776272400000,73899.9,74200.0,73870.0,74094.0,1694.092
1776276000000,74094.0,74362.0,74023.7,74347.5,2021.095
1776279600000,74347.5,75246.7,74306.7,74960.3,7355.216
1776283200000,74960.3,74999.0,74456.9,74791.3,3979.677
1776286800000,74791.3,74819.0,74505.4,74704.6,1278.275
1776290400000,74704.6,75396.0,74693.6,74929.8,3155.133
1776294000000,74929.8,74929.8,74573.6,74778.3,1900.049
1776297600000,74778.3,74853.9,74381.1,74770.1,2482.05
1776301200000,74770.1,74770.2,74410.4,74611.2,953.603
1776304800000,74611.2,75225.0,74557.3,74844.7,2766.577
1776308400000,74844.7,75120.0,74826.0,74847.0,1345.5
1776312000000,74847.0,75136.2,74680.0,74900.0,1921.774
1776315600000,74900.0,75100.5,74850.0,75004.5,827.776
1776319200000,75004.5,75076.0,74811.6,74984.6,1080.703
1776322800000,74984.6,75045.4,74578.0,74668.9,1554.438
1776326400000,74668.9,74718.5,74460.5,74633.9,3266.339
1776330000000,74633.9,74865.0,74548.0,74549.5,1970.844
1776333600000,74549.5,74611.4,74229.0,74269.0,3337.486
1776337200000,74269.0,74540.8,74229.2,74524.9,1935.918
1776340800000,74524.9,74875.7,74520.0,74574.7,1787.573
1776344400000,74574.7,74976.9,73235.8,73740.0,10286.906
1776348000000,73740.0,74154.9,73376.5,73930.1,7414.013
1776351600000,73930.1,74871.0,73888.6,74657.0,8211.615
1776355200000,74657.0,74899.9,74013.3,74132.7,5129.42
1776358800000,74132.7,74414.0,73837.6,74301.9,5025.021
1776362400000,74301.9,75069.3,74199.3,75001.1,4270.094
1776366000000,75001.1,75388.0,74700.0,75317.4,4877.347
1776369600000,75317.4,75506.2,74962.2,75186.9,3009.483
1776373200000,75186.9,75249.1,74755.1,74904.1,1963.379
1776376800000,74904.1,75095.8,74790.8,74833.0,1492.622
1776380400000,74833.0,75140.0,74795.0,75105.6,954.837
1776384000000,75105.6,75116.8,74836.2,74897.1,1439.215
1776387600000,74897.1,74997.6,74519.6,74703.1,3481.531
1776391200000,74703.1,74771.5,74480.2,74667.7,1139.976
1776394800000,74667.7,74799.9,74560.0,74569.1,1103.06
1776398400000,74569.1,74818.6,74541.9,74745.3,820.36
1776402000000,74745.3,74769.5,74491.6,74595.9,1756.191
1776405600000,74595.9,74909.7,74544.7,74904.4,2421.616
1776409200000,74904.4,75066.2,74890.3,75047.1,2186.973
1776412800000,75047.1,75850.1,74952.0,75736.5,5451.971
1776416400000,75736.5,76333.0,75481.0,75743.1,8516.468
1776420000000,75743.1,75850.0,75049.6,75234.5,4849.659
1776423600000,75234.5,75575.2,75203.3,75553.4,1803.774
1776427200000,75553.4,76250.0,75486.2,76200.0,5975.952
1776430800000,76200.0,77400.0,76015.0,77305.5,19394.819
1776434400000,77305.5,78043.4,76970.1,77850.7,12445.456
1776438000000,77850.7,77944.1,77386.0,77736.7,5454.714
1776441600000,77736.7,78332.6,77652.6,77814.6,5694.536
1776445200000,77814.6,77875.6,77056.0,77468.0,5474.84
1776448800000,77468.0,77523.9,77034.8,77113.3,2737.566
1776452400000,77113.3,77423.9,76900.0,77350.2,3195.096
1776456000000,77350.2,77570.9,77099.1,77285.4,1709.901
1776459600000,77285.4,77455.9,77232.4,77400.1,1010.84
1776463200000,77400.1,77472.8,77220.0,77251.6,1083.714
1776466800000,77251.6,77260.8,76837.8,77018.5,2324.33
1776470400000,77018.5,77200.1,76904.4,77127.6,1395.699
1776474000000,77127.6,77306.8,77065.4,77162.8,1276.128
1776477600000,77162.8,77379.9,77065.9,77245.0,1753.627
1776481200000,77245.0,77250.0,76911.2,76964.3,1403.676
1776484800000,76964.3,77122.5,76825.0,77061.0,1085.64
1776488400000,77061.0,77232.8,77057.0,77082.2,925.945
1776492000000,77082.2,77192.5,77000.9,77085.3,702.825
1776495600000,77085.3,77091.7,76851.1,76955.9,869.89
1776499200000,76955.9,77011.0,76444.0,76688.8,3385.318
1776502800000,76688.8,76688.9,76368.2,76549.1,2245.881
1776506400000,76549.1,76549.2,76080.0,76150.0,3795.15
1776510000000,76150.0,76150.0,75702.1,75993.2,4745.904
1776513600000,75993.2,76262.8,75993.1,76156.4,2139.634
1776517200000,76156.4,76166.0,75728.1,76074.7,1789.817
1776520800000,76074.7,76260.8,75930.0,76209.1,1931.257
1776524400000,76209.1,76384.4,75950.5,76120.7,2042.789
1776528000000,76120.7,76174.4,75609.5,75899.0,2864.863
1776531600000,75899.0,75922.9,75730.2,75780.2,1032.689
1776535200000,75780.2,75808.7,75380.0,75602.1,3614.128
1776538800000,75602.1,75764.9,75524.7,75605.0,1164.223
1776542400000,75605.0,75803.6,75555.4,75710.3,1130.87
1776546000000,75710.3,75803.7,75547.5,75776.8,652.695
1776549600000,75776.8,75840.7,75554.5,75771.7,937.894
1776553200000,75771.7,75868.1,75650.0,75650.0,650.553
1776556800000,75650.0,75809.7,75500.0,75633.7,981.605
1776560400000,75633.7,75764.4,75412.0,75577.3,880.356
1776564000000,75577.3,75680.0,75356.0,75453.4,1313.019
1776567600000,75453.4,75606.9,75302.8,75477.4,957.487
1776571200000,75477.4,75748.7,75369.2,75625.9,1502.881
1776574800000,75625.9,75650.0,75470.6,75509.2,692.878
1776578400000,75509.2,75510.0,75219.3,75356.1,1829.052
1776582000000,75356.1,75358.8,74810.3,75209.0,4302.394
1776585600000,75209.0,75265.0,75034.8,75217.8,1717.609
1776589200000,75217.8,75231.7,74881.2,74986.2,1469.265
1776592800000,74986.2,75221.9,74894.5,75186.3,1614.726
1776596400000,75186.3,75619.0,75178.8,75564.6,2630.055
1776600000000,75564.6,75674.0,75391.4,75539.1,2457.452
1776603600000,75539.1,76211.8,75517.4,75889.7,4345.259
1776607200000,75889.7,76118.2,75633.0,75983.9,2078.463
1776610800000,75983.9,76121.2,75338.6,75813.4,2666.155
1776614400000,75813.4,75822.0,75208.1,75349.9,2957.28
1776618000000,75349.9,75361.9,74591.1,74745.2,5356.189
1776621600000,74745.2,74866.7,74550.0,74737.0,2445.945
1776625200000,74737.0,75040.2,74737.0,74919.0,1276.31
1776628800000,74919.0,74921.4,74358.4,74600.2,2521.785
1776632400000,74600.2,74779.1,74300.5,74378.3,1452.315
1776636000000,74378.3,74378.3,73700.1,74002.4,7774.455
1776639600000,74002.4,74025.0,73750.2,73765.8,2166.99
1776643200000,73765.8,74330.0,73653.6,74238.8,3887.14
1776646800000,74238.8,74700.0,74172.5,74555.7,2548.667
1776650400000,74555.7,74592.7,74265.0,74373.6,1423.348
1776654000000,74373.6,74612.6,74320.1,74598.8,1297.854
1776657600000,74598.8,74600.0,74400.0,74527.6,1203.675
1776661200000,74527.6,74527.6,74057.3,74232.3,1966.704
1776664800000,74232.3,74865.6,74205.0,74748.7,2636.615
1776668400000,74748.7,75544.5,74620.0,74785.8,7827.682
1776672000000,74785.8,74969.1,74564.6,74688.4,2998.914
1776675600000,74688.4,75204.9,74655.1,75029.1,2153.125
1776679200000,75029.1,75371.4,74960.2,74990.5,1695.724
1776682800000,74990.5,75250.0,74915.0,75153.2,1499.496
1776686400000,75153.2,75621.3,75031.0,75251.5,3845.692
1776690000000,75251.5,75399.0,74809.2,75229.9,4353.559
1776693600000,75229.9,75737.5,74865.9,74989.1,5687.613
1776697200000,74989.1,75759.0,74655.0,75667.3,7240.88
1776700800000,75667.3,75682.9,75250.0,75301.0,2623.009
1776704400000,75301.0,75931.7,75241.9,75849.6,3543.76
1776708000000,75849.6,76429.7,75849.6,76389.9,4705.774
1776711600000,76389.9,76444.8,76088.2,76246.5,2490.672
1776715200000,76246.5,76528.2,76052.0,76220.9,1972.218
1776718800000,76220.9,76323.9,75727.3,75905.9,2024.153
1776722400000,75905.9,76110.8,75850.7,75927.6,1173.397
1776726000000,75927.6,75927.6,75562.9,75789.1,1744.306
1776729600000,75789.1,76073.6,75646.2,76056.1,1956.485
1776733200000,76056.1,76234.5,75820.5,75887.2,1679.517
1776736800000,75887.2,75905.6,75509.3,75538.7,2855.16
1776740400000,75538.7,75709.6,75440.0,75667.4,1677.316
1776744000000,75667.4,75780.4,75556.1,75760.8,980.849
1776747600000,75760.8,75943.4,75732.0,75762.3,1044.242
1776751200000,75762.3,76096.1,75647.5,75930.0,1352.387
1776754800000,75930.0,76283.3,75767.1,76056.0,2529.345
1776758400000,76056.0,76934.1,76024.4,76469.4,4100.564
1776762000000,76469.4,76555.0,76117.3,76331.4,2207.532
1776765600000,76331.4,76851.7,76309.3,76700.1,2620.288
1776769200000,76700.1,76713.0,76282.4,76415.4,2393.461
1776772800000,76415.4,76498.0,75622.7,75968.4,5417.584
1776776400000,75968.4,76151.6,75687.6,75858.2,4213.413
1776780000000,75858.2,76559.6,75567.3,75616.2,6186.879
1776783600000,75616.2,75940.6,75359.7,75791.0,4051.638
1776787200000,75791.0,76147.4,75708.7,75729.7,2209.63
1776790800000,75729.7,75877.8,75006.7,75508.7,6441.965
1776794400000,75508.7,75627.5,75258.9,75568.8,1926.128
1776798000000,75568.8,75877.5,74769.6,74984.9,6566.002
1776801600000,74984.9,75827.1,74940.0,75650.4,5033.572
1776805200000,75650.4,75734.0,75400.0,75501.8,850.181
1776808800000,75501.8,75620.5,75250.8,75607.2,1318.663
1776812400000,75607.2,76396.8,75585.0,76294.8,3368.151
1776816000000,76294.8,76489.0,76138.7,76337.4,3681.214
1776819600000,76337.4,76392.2,76100.0,76266.0,1262.246
1776823200000,76266.0,77622.0,76176.1,77569.6,9822.148
1776826800000,77569.6,77700.0,77370.0,77492.0,4190.989
1776830400000,77492.0,77674.4,77320.0,77485.6,1954.623
1776834000000,77485.6,78432.0,77408.0,77950.0,9621.511
1776837600000,77950.0,78000.0,77846.0,77964.3,1779.456
1776841200000,77964.3,78087.8,77767.3,77976.0,2238.47
1776844800000,77976.0,78172.3,77886.7,77965.9,2197.015
1776848400000,77965.9,78174.8,77912.0,77965.0,1908.698
1776852000000,77965.0,78145.5,77903.8,78119.1,1566.442
1776855600000,78119.1,78406.5,78040.2,78264.6,3065.243
1776859200000,78264.6,78481.4,78056.4,78194.4,3381.652
1776862800000,78194.4,78794.0,78118.4,78789.7,6247.957
1776866400000,78789.7,79175.9,78507.6,78994.8,8316.798
1776870000000,78994.8,79387.8,78784.0,79224.1,5501.128
1776873600000,79224.1,79423.5,78577.7,78699.2,4622.075
1776877200000,78699.2,78988.6,78648.3,78856.0,2165.795
1776880800000,78856.0,79128.7,78773.8,78982.5,1579.279
1776884400000,78982.5,79029.7,78646.2,78794.2,2470.086
1776888000000,78794.2,78877.6,78333.0,78390.5,2393.751
1776891600000,78390.5,78789.9,78372.6,78716.3,1193.556
1776895200000,78716.3,78789.0,78409.2,78564.9,1195.79
1776898800000,78564.9,78567.8,78110.0,78139.5,2218.354
1776902400000,78139.5,78548.1,77535.0,78399.9,6178.717
1776906000000,78399.9,78431.8,78018.3,78321.5,1741.436
1776909600000,78321.5,78322.5,77710.6,77887.6,2757.826
1776913200000,77887.6,77988.0,77407.9,77699.4,4312.506
1776916800000,77699.4,77909.3,77625.5,77864.4,1866.873
1776920400000,77864.4,78064.4,77722.3,77985.1,2393.872
1776924000000,77985.1,78310.0,77985.1,78167.8,3046.391
1776927600000,78167.8,78208.3,77936.2,78018.0,2151.877
1776931200000,78018.0,78144.6,77659.4,77812.9,3157.283
1776934800000,77812.9,77824.6,77375.2,77610.1,2876.116
1776938400000,77610.1,77679.4,77114.5,77370.2,4323.632
1776942000000,77370.2,77708.7,77328.1,77650.2,1946.625
1776945600000,77650.2,77840.9,77471.0,77828.5,3886.445
1776949200000,77828.5,77876.3,77347.8,77491.0,2484.263
1776952800000,77491.0,78186.5,77376.1,78143.3,5104.568
1776956400000,78143.3,78633.0,77930.2,78339.3,6078.226
1776960000000,78339.3,78479.0,77975.4,78046.3,4659.414
1776963600000,78046.3,78137.6,76900.0,77722.3,12754.919
1776967200000,77722.3,78100.0,77628.7,77630.6,6938.605
1776970800000,77630.6,77854.0,77539.2,77671.8,3018.288
1776974400000,77671.8,78018.0,77603.6,77839.6,1893.451
1776978000000,77839.6,78041.8,77745.1,77820.1,1105.196
1776981600000,77820.1,78297.0,77820.1,78194.3,2427.184
1776985200000,78194.3,78266.0,77975.9,78214.3,738.483
1776988800000,78214.3,78459.0,78116.6,78384.5,1279.851
1776992400000,78384.5,78420.0,77910.6,78378.5,1849.08
1776996000000,78378.5,78537.0,78007.6,78083.6,1440.553
1776999600000,78083.6,78175.7,77508.3,77700.1,3843.276
1777003200000,77700.1,77816.1,77421.9,77631.4,1755.119
1777006800000,77631.4,78017.7,77416.0,77910.5,2172.213
1777010400000,77910.5,77946.3,77722.8,77753.2,1264.612
1777014000000,77753.2,77820.0,77509.6,77627.1,2086.98
1777017600000,77627.1,77977.4,77534.7,77754.3,2239.669
1777021200000,77754.3,77777.0,77358.9,77499.9,2073.801
1777024800000,77499.9,77762.9,77414.0,77711.0,1968.995
1777028400000,77711.0,78357.5,77711.0,78200.0,6220.989
1777032000000,78200.0,78314.9,77967.1,78225.4,2865.563
1777035600000,78225.4,78430.2,77853.6,78041.9,5429.525
1777039200000,78041.9,78043.0,77620.1,77986.8,5246.045
1777042800000,77986.8,78215.5,77495.0,78004.2,6811.786
1777046400000,78004.2,78022.8,77532.9,77726.8,3561.698
1777050000000,77726.8,77786.8,77439.2,77643.0,3291.489
1777053600000,77643.0,77682.4,77311.9,77572.2,1907.454
1777057200000,77572.2,77705.8,77483.9,77589.4,1017.169
1777060800000,77589.4,77729.1,77400.4,77688.3,1258.59
1777064400000,77688.3,77724.4,77488.2,77488.2,895.496
1777068000000,77488.2,77574.3,77200.0,77299.9,1471.802
1777071600000,77299.9,77430.7,77291.2,77404.9,854.688
1777075200000,77404.9,77467.8,77234.3,77424.2,724.597
1777078800000,77424.2,77580.0,77395.3,77494.2,587.777
1777082400000,77494.2,77611.4,77460.8,77560.0,414.394
1777086000000,77560.0,77668.1,77506.5,77630.1,614.574
1777089600000,77630.1,77655.5,77558.9,77584.8,353.047
1777093200000,77584.8,77584.8,77402.2,77481.5,842.662
1777096800000,77481.5,77554.5,77444.5,77458.0,527.763
1777100400000,77458.0,77535.2,77410.0,77457.4,490.626
1777104000000,77457.4,77614.8,77447.1,77607.6,478.046
1777107600000,77607.6,77750.7,77540.4,77669.3,679.443
1777111200000,77669.3,77847.6,77669.2,77744.2,1405.866
1777114800000,77744.2,77744.2,77572.8,77647.5,827.47
1777118400000,77647.5,77675.8,77502.9,77521.0,715.169
1777122000000,77521.0,77672.4,77520.0,77642.9,496.55
1777125600000,77642.9,77717.9,77590.0,77616.9,577.197
1777129200000,77616.9,77679.4,77256.6,77287.0,1562.99
1777132800000,77287.0,77415.7,77090.2,77356.0,2296.408
1777136400000,77356.0,77364.5,77165.3,77203.4,962.529
1777140000000,77203.4,77348.8,77163.9,77254.5,633.051
1777143600000,77254.5,77310.0,77141.9,77278.8,713.667
1777147200000,77278.8,77448.9,77263.3,77435.6,576.137
1777150800000,77435.6,77516.8,77378.4,77497.7,1247.747
1777154400000,77497.7,77610.1,77461.0,77520.4,802.433
1777158000000,77520.4,77634.2,77490.0,77591.4,546.975
1777161600000,77591.4,77610.5,77413.1,77470.1,728.131
1777165200000,77470.1,77538.6,77415.0,77427.6,484.067
1777168800000,77427.6,77563.7,77419.2,77485.2,406.101
1777172400000,77485.2,77509.3,77284.7,77356.1,528.393
1777176000000,77356.1,77793.0,77336.7,77734.1,1719.749
1777179600000,77734.1,78179.9,77672.5,77945.0,3729.674
1777183200000,77945.0,78010.0,77851.0,77960.9,1040.584
1777186800000,77960.9,78094.0,77918.4,78069.3,689.668
1777190400000,78069.3,78176.0,77970.1,77989.8,1061.132
1777194000000,77989.8,78023.1,77880.6,77968.8,840.773
1777197600000,77968.8,78016.3,77913.0,77961.1,452.778
1777201200000,77961.1,78129.2,77961.1,78052.4,933.61
1777204800000,78052.4,78063.0,77689.8,77788.6,2411.267
1777208400000,77788.6,77955.8,77750.0,77933.7,1408.874
1777212000000,77933.7,78150.0,77833.6,78047.0,1545.519
1777215600000,78047.0,78094.8,77952.1,78010.6,979.509
1777219200000,78010.6,78053.4,77890.4,77890.4,712.223
1777222800000,77890.4,78024.3,77794.3,77972.8,900.651
1777226400000,77972.8,78318.7,77946.4,78233.0,1934.451
1777230000000,78233.0,78483.4,77969.2,78182.9,3082.855
1777233600000,78182.9,78388.8,78103.6,78141.8,1483.168
1777237200000,78141.8,78942.3,77777.2,78375.5,6029.935
1777240800000,78375.5,78841.3,77923.2,78283.0,6163.305
1777244400000,78283.0,78899.7,78000.9,78622.1,5200.95
1777248000000,78622.1,79335.0,78338.7,79265.0,4828.133
1777251600000,79265.0,79457.4,78690.0,79252.9,6369.877
1777255200000,79252.9,79280.0,79000.7,79093.6,1867.213
1777258800000,79093.6,79288.0,79036.6,79069.9,1126.455
1777262400000,79069.9,79152.5,78841.3,78895.8,1337.9
1777266000000,78895.8,78910.0,77550.0,77746.2,10364.219
1777269600000,77746.2,77840.2,77424.0,77663.3,4060.578
1777273200000,77663.3,77700.0,77524.8,77558.2,1935.437
1777276800000,77558.2,77776.8,77503.6,77766.5,1664.598
1777280400000,77766.5,77950.0,77652.8,77857.9,2145.442
1777284000000,77857.9,77905.5,77735.4,77809.3,1377.455
1777287600000,77809.3,77847.8,77686.9,77794.8,806.373
1777291200000,77794.8,77833.6,77580.6,77631.8,1489.776
1777294800000,77631.8,77919.3,77522.3,77703.8,3507.728
1777298400000,77703.8,78244.4,77628.9,77781.0,5617.041
1777302000000,77781.0,77793.2,76512.0,76755.6,12900.807
1777305600000,76755.6,76831.3,76502.0,76588.8,3016.842
1777309200000,76588.8,76900.0,76583.2,76701.6,2344.119
1777312800000,76701.6,76882.1,76622.1,76792.4,1301.455
1777316400000,76792.4,76863.0,76415.8,76849.2,2500.073
1777320000000,76849.2,77045.0,76800.0,76920.0,1218.328
1777323600000,76920.0,76948.0,76740.1,76743.7,857.438
1777327200000,76743.7,77040.2,76720.0,77024.6,1247.797
1777330800000,77024.6,77415.6,76965.0,77328.7,1851.692
1777334400000,77328.7,77448.2,77165.1,77341.7,2089.307
1777338000000,77341.7,77366.3,76997.7,77056.7,1235.867
1777341600000,77056.7,77196.7,76615.5,76845.9,3583.638
1777345200000,76845.9,76857.0,76597.0,76765.5,1750.688
1777348800000,76765.5,76910.0,76639.2,76843.9,1534.586
1777352400000,76843.9,77118.8,76764.5,76842.4,1250.488
1777356000000,76842.4,76983.9,76530.0,76660.7,1887.343
1777359600000,76660.7,76868.5,76323.0,76826.7,3603.317
1777363200000,76826.7,76955.6,76683.4,76807.7,1634.547
1777366800000,76807.7,76819.1,76444.7,76548.5,1149.731
1777370400000,76548.5,76657.6,76434.0,76572.2,1097.893
1777374000000,76572.2,76598.6,76071.3,76193.3,3744.162
1777377600000,76193.3,76395.4,76116.6,76340.0,2480.082
1777381200000,76340.0,76383.8,75907.4,76152.7,4526.796
1777384800000,76152.7,76166.7,75620.9,75910.0,4641.311
1777388400000,75910.0,76049.6,75781.4,76024.0,2495.628
1777392000000,76024.0,76272.8,75838.0,76091.6,2490.796
1777395600000,76091.6,76254.6,75912.0,76145.7,2188.308
1777399200000,76145.7,76243.7,76088.7,76189.8,1113.511
1777402800000,76189.8,76347.4,76021.9,76285.9,1036.463
1777406400000,76285.9,76440.0,76283.0,76427.5,1297.508
1777410000000,76427.5,76442.1,76222.5,76322.3,1031.484
1777413600000,76322.3,76414.0,76180.0,76209.9,662.551
1777417200000,76209.9,76340.9,76136.1,76300.0,970.587
1777420800000,76300.0,76536.8,76233.2,76472.7,1388.0
1777424400000,76472.7,76633.4,76140.2,76534.3,2010.29
1777428000000,76534.3,76624.9,76360.0,76488.2,752.754
1777431600000,76488.2,77093.9,76472.9,76954.7,3044.337
1777435200000,76954.7,77420.0,76844.7,77220.2,4179.081
1777438800000,77220.2,77280.6,77142.7,77240.9,1757.622
1777442400000,77240.9,77281.8,76880.1,76986.7,2053.133
1777446000000,76986.7,77141.8,76966.7,77001.9,1159.315
1777449600000,77001.9,77111.8,76916.7,77000.1,1001.468
1777453200000,77000.1,77758.0,76911.1,77599.6,5638.295
1777456800000,77599.6,77860.0,77500.0,77571.6,3674.895
1777460400000,77571.6,77640.8,77425.4,77544.0,2096.891
1777464000000,77544.0,77551.5,76934.1,77096.9,4086.37
1777467600000,77096.9,77210.2,76338.7,76734.8,5659.605
1777471200000,76734.8,76828.1,76435.0,76531.6,3131.678
1777474800000,76531.6,76597.4,75661.7,75888.3,7435.66
1777478400000,75888.3,76091.2,75635.2,75770.2,5018.385
1777482000000,75770.2,76170.5,75760.2,76157.0,2647.82
1777485600000,76157.0,76248.6,74900.0,75469.5,12647.853
1777489200000,75469.5,75571.6,75258.8,75517.0,1776.968
1777492800000,75517.0,75832.0,75445.4,75632.3,2572.666
1777496400000,75632.3,76060.7,75570.0,75883.0,1685.645
1777500000000,75883.0,75969.6,75774.7,75881.6,1148.824
1777503600000,75881.6,75954.3,75653.7,75750.0,976.469
1777507200000,75750.0,76327.2,75612.4,76204.1,2664.416
1777510800000,76204.1,76429.1,76137.8,76193.9,2163.085
1777514400000,76193.9,76318.4,75431.7,75663.5,3802.883
1777518000000,75663.5,75955.3,75620.8,75882.6,1137.313
1777521600000,75882.6,75926.6,75342.9,75449.0,2341.298
1777525200000,75449.0,75712.0,75272.9,75562.0,1732.847
1777528800000,75562.0,75840.0,75530.2,75716.1,1189.37
1777532400000,75716.1,76146.0,75676.7,76128.4,1906.859
1777536000000,76128.4,76179.8,75973.9,76018.2,1581.537
1777539600000,76018.2,76323.5,75964.0,76060.2,1842.564
1777543200000,76060.2,76135.1,75937.0,75991.5,1628.119
1777546800000,75991.5,76232.1,75805.3,76032.0,1965.865
1777550400000,76032.0,76384.8,76003.7,76258.4,2120.907
1777554000000,76258.4,76644.3,76062.4,76374.8,3766.655
1777557600000,76374.8,76550.0,76035.6,76255.3,3716.006
1777561200000,76255.3,76612.8,76114.4,76422.1,1810.472
1777564800000,76422.1,76444.0,76174.8,76213.7,1297.866
1777568400000,76213.7,76296.5,76065.0,76201.0,1468.67
1777572000000,76201.0,76432.5,76161.7,76301.6,1130.142
1777575600000,76301.6,76480.0,76262.5,76360.4,1398.575
1777579200000,76360.4,76547.3,76273.7,76452.2,1127.738
1777582800000,76452.2,76500.0,76189.0,76198.1,1415.79
1777586400000,76198.1,76410.0,76141.1,76189.7,765.579
1777590000000,76189.7,76337.9,76170.1,76301.0,595.671
1777593600000,76301.0,76546.1,76269.5,76404.0,960.01
1777597200000,76404.0,76725.0,76398.1,76637.7,1331.883
1777600800000,76637.7,76688.2,76479.6,76549.6,899.204
1777604400000,76549.6,77429.4,76505.0,77078.9,5987.927
1777608000000,77078.9,77169.7,76888.1,77002.8,1625.93
1777611600000,77002.8,77152.2,76987.9,77130.9,768.036
1777615200000,77130.9,77148.0,76835.3,76958.3,1324.867
1777618800000,76958.3,77110.6,76922.0,77102.0,1618.697
1777622400000,77102.0,77488.0,77005.8,77339.0,3420.802
1777626000000,77339.0,77360.5,77162.9,77241.1,1418.59
1777629600000,77241.1,77389.3,77101.4,77254.2,1315.944
1777633200000,77254.2,77580.0,77213.1,77420.1,1832.697
1777636800000,77420.1,78141.7,77355.6,77857.9,6736.336
1777640400000,77857.9,78900.0,77857.8,78700.0,9648.935
1777644000000,78700.0,78840.6,78009.8,78310.8,5535.431
1777647600000,78310.8,78702.2,78128.6,78399.2,3747.288
1777651200000,78399.2,78649.0,78108.6,78172.6,3094.336
1777654800000,78172.6,78550.0,78080.0,78510.2,1795.348
1777658400000,78510.2,78586.0,78328.2,78387.7,1601.631
1777662000000,78387.7,78500.0,78262.0,78311.1,1086.012
1777665600000,78311.1,78382.3,77703.0,77836.0,2660.039
1777669200000,77836.0,78157.4,77796.6,78157.4,1235.623
1777672800000,78157.4,78363.0,78085.2,78106.5,1211.447
1777676400000,78106.5,78202.0,77983.0,78189.3,793.307
1777680000000,78189.3,78346.9,78110.4,78301.7,912.643
1777683600000,78301.7,78394.1,78248.2,78296.0,587.03
1777687200000,78296.0,78493.9,78206.1,78316.1,766.158
1777690800000,78316.1,78491.6,78192.5,78371.6,726.836
1777694400000,78371.6,78439.1,78068.7,78140.5,1412.509
1777698000000,78140.5,78202.7,77992.6,78150.0,1136.049
1777701600000,78150.0,78327.3,78103.6,78278.1,884.096
1777705200000,78278.1,78318.2,78161.1,78187.1,478.377
1777708800000,78187.1,78325.0,78115.3,78279.2,843.323
1777712400000,78279.2,78363.7,78175.7,78258.6,638.766
1777716000000,78258.6,78279.4,78182.5,78208.3,443.111
1777719600000,78208.3,78208.3,78050.0,78105.9,739.832
1777723200000,78105.9,78226.7,78065.1,78173.6,656.152
1777726800000,78173.6,78392.3,78173.6,78326.9,827.184
1777730400000,78326.9,78449.8,78267.3,78377.8,858.746
1777734000000,78377.8,78450.0,78317.8,78450.0,447.968
1777737600000,78450.0,78569.0,78381.7,78419.6,950.316
1777741200000,78419.6,78452.5,78336.3,78355.7,317.212
1777744800000,78355.7,78470.9,78265.3,78424.6,773.438
1777748400000,78424.6,78488.9,78398.5,78445.8,283.644
1777752000000,78445.8,78445.8,78367.0,78415.3,184.427
1777755600000,78415.3,79182.5,78395.2,78693.0,4858.824
1777759200000,78693.0,78843.3,78576.4,78799.3,1081.592
1777762800000,78799.3,78799.3,78590.1,78655.1,561.59
1777766400000,78655.1,78728.3,78446.0,78510.0,939.025
1777770000000,78510.0,78510.1,78100.1,78201.4,1734.099
1777773600000,78201.4,78304.2,78060.7,78128.3,1468.316
1777777200000,78128.3,78174.6,78065.0,78156.9,620.183
1777780800000,78156.9,78199.4,78070.0,78123.5,708.78
1777784400000,78123.5,78217.2,78109.4,78206.4,502.419
1777788000000,78206.4,78300.0,78025.0,78244.9,888.007
1777791600000,78244.9,78433.1,78244.8,78320.1,1634.573
1777795200000,78320.1,78459.2,78320.1,78347.8,637.793
1777798800000,78347.8,78559.9,78307.6,78495.7,1173.023
1777802400000,78495.7,78500.0,78363.2,78371.6,421.633
1777806000000,78371.6,78820.3,78339.9,78631.2,2769.251
1777809600000,78631.2,78861.6,78631.2,78724.9,1703.074
1777813200000,78724.9,78743.1,78550.2,78640.7,1011.575
1777816800000,78640.7,78764.0,78575.7,78704.1,1003.668
1777820400000,78704.1,78784.2,78590.9,78631.5,688.619
1777824000000,78631.5,78753.4,78556.0,78623.4,632.641
1777827600000,78623.4,78794.3,78522.6,78697.9,927.454
1777831200000,78697.9,78732.9,78594.0,78705.1,592.723
1777834800000,78705.1,78820.0,78639.3,78733.5,593.815
1777838400000,78733.5,79369.4,78700.0,78895.0,3934.05
1777842000000,78895.0,79037.6,78610.0,78799.8,2078.959
1777845600000,78799.8,79421.0,78799.8,79137.3,4261.685
1777849200000,79137.3,79262.9,78444.0,78529.9,3243.784
1777852800000,78529.9,78531.7,78220.0,78501.7,2574.314
1777856400000,78501.7,79838.0,78368.6,79759.9,9468.107
1777860000000,79759.9,80414.8,79500.5,80142.6,10546.287
1777863600000,80142.6,80433.0,79885.3,80279.5,4461.167
1777867200000,80279.5,80600.9,80199.5,80299.9,3819.07
1777870800000,80299.9,80387.6,79920.0,79991.3,2946.258
1777874400000,79991.3,80017.1,79455.0,79829.0,3088.245
1777878000000,79829.0,79908.0,79636.1,79662.5,1300.073
1777881600000,79662.5,79782.3,79553.5,79664.5,1332.846
1777885200000,79664.5,79886.9,79604.1,79790.1,1428.391
1777888800000,79790.1,79835.8,78170.4,78901.4,16276.88
1777892400000,78901.4,79093.0,78649.9,78753.7,3724.637
1777896000000,78753.7,78984.0,78668.4,78805.2,1579.223
1777899600000,78805.2,79100.0,78530.0,78743.7,3520.254
1777903200000,78743.7,80507.0,78430.5,80175.9,10413.464
1777906800000,80175.9,80338.9,79252.0,79983.5,10254.234
1777910400000,79983.5,80381.5,79567.9,79977.5,5126.355
1777914000000,79977.5,80742.2,79977.5,80349.1,4449.094
1777917600000,80349.1,80401.4,79990.4,80071.8,2149.162
1777921200000,80071.8,80099.7,79833.4,80007.2,2051.09
1777924800000,80007.2,80112.3,79815.8,79889.8,1061.584
1777928400000,79889.8,80350.6,79889.8,80216.7,1108.85
1777932000000,80216.7,80360.0,80005.8,80020.2,993.386
1777935600000,80020.2,80020.3,79705.7,79818.9,1263.751
1777939200000,79818.9,80152.1,79752.5,80130.2,1606.234
1777942800000,80130.2,80355.5,80032.8,80313.1,1433.41
1777946400000,80313.1,80900.0,80260.0,80520.6,3138.135
1777950000000,80520.6,81064.0,80417.9,80839.0,4027.147
1777953600000,80839.0,80946.2,80675.0,80856.0,1645.546
1777957200000,80856.0,81300.0,80786.3,80923.8,4522.908
1777960800000,80923.8,80976.5,80759.7,80932.0,1417.993
1777964400000,80932.0,81110.0,80803.0,80821.9,1947.847
1777968000000,80821.9,80855.6,80682.7,80776.6,1655.116
1777971600000,80776.6,80776.7,80474.4,80547.3,1600.306
1777975200000,80547.3,80795.9,80480.1,80791.6,1673.81
1777978800000,80791.6,81084.6,80731.2,80972.9,2295.411
1777982400000,80972.9,81277.1,80876.8,81229.5,2808.921
1777986000000,81229.5,81694.6,81136.9,81287.7,8102.956
1777989600000,81287.7,81464.5,80895.8,81291.4,4524.393
1777993200000,81291.4,81659.8,81186.5,81490.6,2619.838
1777996800000,81490.6,81582.6,81005.0,81249.2,3113.895
1778000400000,81249.2,81432.0,81142.1,81227.8,1339.607
1778004000000,81227.8,81576.5,81227.8,81470.5,1517.485
1778007600000,81470.5,81643.3,81352.4,81553.0,1430.493
1778011200000,81553.0,81749.9,81450.1,81601.1,2632.507
1778014800000,81601.1,81787.0,81263.4,81360.6,1641.61
1778018400000,81360.6,81566.7,80736.9,81062.9,6247.909
1778022000000,81062.9,81177.3,80711.3,80851.6,2198.29
1778025600000,80851.6,81224.9,80638.0,80967.7,3261.333
1778029200000,80967.7,81475.0,80932.7,81384.3,3013.075
1778032800000,81384.3,81397.3,80981.5,81331.3,2237.843
1778036400000,81331.3,81750.0,81304.4,81543.4,2302.531
1778040000000,81543.4,81600.0,81231.1,81288.5,1665.052
1778043600000,81288.5,81314.9,81013.4,81280.6,1664.428
1778047200000,81280.6,81485.1,81163.0,81430.8,1284.558
1778050800000,81430.8,81571.2,81257.8,81332.1,1540.66
1778054400000,81332.1,81999.9,81276.4,81917.4,4884.901
1778058000000,81917.4,82055.0,81635.0,81966.6,3660.989
1778061600000,81966.6,82363.7,81923.7,82243.1,3670.111
1778065200000,82243.1,82811.0,82209.3,82486.4,5995.761
1778068800000,82486.4,82514.7,82125.4,82184.9,2530.122
1778072400000,82184.9,82188.7,81552.3,81628.8,5735.04
1778076000000,81628.8,81940.9,81086.7,81479.9,7632.56
1778079600000,81479.9,81787.0,81255.1,81662.2,2765.399
1778083200000,81662.2,81880.0,81384.0,81573.6,3401.638
1778086800000,81573.6,81657.5,81334.2,81405.9,1511.439
1778090400000,81405.9,81526.4,81193.4,81306.5,1410.944
1778094000000,81306.5,81478.7,81133.4,81411.8,1172.145
1778097600000,81411.8,81664.1,81237.1,81380.1,2495.645
1778101200000,81380.1,81576.3,81240.7,81496.4,725.213
1778104800000,81496.4,81504.7,81190.1,81294.4,801.125
1778108400000,81294.4,81410.8,80929.1,81394.2,1865.081
1778112000000,81394.2,81442.7,80910.3,80979.2,2394.617
1778115600000,80979.2,81251.2,80788.0,81132.1,1681.999
1778119200000,81132.1,81146.7,80850.0,81079.4,1669.158
1778122800000,81079.4,81079.4,80800.0,80807.2,1323.527
1778126400000,80807.2,80954.8,80675.9,80948.1,1569.428
1778130000000,80948.1,81144.7,80935.5,81052.9,873.071
1778133600000,81052.9,81415.9,80830.1,81398.8,3247.333
1778137200000,81398.8,81671.0,81345.0,81481.3,2320.795
1778140800000,81481.3,81564.0,81160.0,81191.2,1428.764
1778144400000,81191.2,81194.1,80817.2,80890.4,3045.699
1778148000000,80890.4,80969.3,80532.2,80809.9,3123.715
1778151600000,80809.9,81022.0,80750.0,80835.0,1909.567
1778155200000,80835.0,81148.0,80803.5,81115.5,1712.725
1778158800000,81115.5,81125.0,80224.6,80463.7,5851.303
1778162400000,80463.7,80660.1,80001.1,80133.4,5882.316
1778166000000,80133.4,80240.0,79635.0,79864.0,5024.574
1778169600000,79864.0,79983.2,79651.5,79763.8,2909.319
1778173200000,79763.8,80112.2,79461.7,80060.0,3227.479
1778176800000,80060.0,80247.1,79958.3,80168.5,3964.247
1778180400000,80168.5,80196.2,79900.0,80112.0,1136.917
1778184000000,80112.0,80348.5,79822.5,79846.0,1487.787
1778187600000,79846.0,79900.1,79614.7,79691.3,1663.729
1778191200000,79691.3,79960.0,79539.0,79883.0,1607.358
1778194800000,79883.0,80037.3,79823.7,79975.4,699.552
1778198400000,79975.4,80105.5,79689.7,79796.9,1912.572
1778202000000,79796.9,79870.0,79575.1,79707.0,699.819
1778205600000,79707.0,79723.5,79296.4,79444.4,2876.611
1778209200000,79444.4,79640.5,79120.0,79533.0,2130.389
1778212800000,79533.0,79720.8,79502.6,79621.5,785.843
1778216400000,79621.5,79740.9,79531.0,79558.4,1352.092
1778220000000,79558.4,79620.6,79365.0,79482.5,1144.345
1778223600000,79482.5,79697.9,79204.0,79642.6,2061.035
1778227200000,79642.6,79971.9,79630.0,79842.2,1735.414
1778230800000,79842.2,80019.7,79743.9,79832.2,1782.435
1778234400000,79832.2,80243.0,79728.6,80175.8,2998.356
1778238000000,80175.8,80300.0,80088.1,80185.2,1838.126
1778241600000,80185.2,80477.6,79913.6,79992.4,2463.259
1778245200000,79992.4,80100.0,79505.0,79610.3,4865.773
1778248800000,79610.3,80428.8,79609.4,80111.5,4742.817
1778252400000,80111.5,80173.9,79570.0,80120.6,3711.256
1778256000000,80120.6,80161.7,79695.9,79764.5,2769.336
1778259600000,79764.5,80240.3,79689.7,80036.3,2294.223
1778263200000,80036.3,80274.8,80033.4,80048.9,1502.657
1778266800000,80048.9,80153.5,79910.5,80143.2,814.688
1778270400000,80143.2,80264.0,80046.2,80104.6,896.885
1778274000000,80104.6,80230.0,80076.8,80223.8,518.965
1778277600000,80223.8,80385.6,80200.9,80233.7,885.498
1778281200000,80233.7,80256.8,80066.0,80158.1,540.682
1778284800000,80158.1,80195.7,80083.0,80186.5,955.019
1778288400000,80186.5,80400.0,80172.6,80280.5,833.601
1778292000000,80280.5,80446.3,80280.5,80379.6,644.185
1778295600000,80379.6,80537.3,80260.1,80345.6,1013.975
1778299200000,80345.6,80641.4,80324.0,80349.0,1087.45
1778302800000,80349.0,80447.1,80310.0,80336.1,420.768
1778306400000,80336.1,80394.4,80155.2,80214.4,1219.304
1778310000000,80214.4,80254.0,80084.0,80189.3,1341.043
1778313600000,80189.3,80400.0,80176.3,80364.9,1003.805
1778317200000,80364.9,80365.3,80144.0,80198.1,795.359
1778320800000,80198.1,80316.5,80116.5,80227.7,678.598
1778324400000,80227.7,80336.3,80201.5,80307.8,429.653
1778328000000,80307.8,80384.1,80220.0,80367.8,598.515
1778331600000,80367.8,80379.8,80278.0,80361.2,370.749
1778335200000,80361.2,80398.7,80203.8,80287.7,664.781
1778338800000,80287.7,80567.5,80182.7,80493.0,1639.046
1778342400000,80493.0,80763.8,80446.2,80581.0,2212.641
1778346000000,80581.0,80889.3,80581.0,80770.0,1649.131
1778349600000,80770.0,81049.9,80739.9,80864.9,1545.082
1778353200000,80864.9,80931.0,80731.4,80893.9,664.487
1778356800000,80893.9,80898.5,80695.4,80762.0,379.511
1778360400000,80762.0,80860.4,80694.3,80730.4,365.345
1778364000000,80730.4,80788.0,80618.6,80726.4,469.528
1778367600000,80726.4,80811.4,80570.0,80628.0,448.448
1778371200000,80628.0,80727.5,80575.7,80632.4,1353.474
1778374800000,80632.4,80651.7,80523.8,80639.8,761.81
1778378400000,80639.8,80767.6,80566.3,80745.9,447.516
1778382000000,80745.9,80850.0,80673.0,80733.4,1236.474
1778385600000,80733.4,80808.0,80683.9,80709.8,270.229
1778389200000,80709.8,80776.9,80631.8,80652.3,445.342
1778392800000,80652.3,80778.7,80603.9,80694.7,1003.061
1778396400000,80694.7,80766.0,80673.0,80698.8,500.909
1778400000000,80698.8,80874.9,80675.5,80797.0,1410.755
1778403600000,80797.0,80875.0,80705.5,80771.8,402.627
1778407200000,80771.8,80856.0,80643.6,80840.0,691.763
1778410800000,80840.0,80947.5,80702.6,80783.4,1172.77
1778414400000,80783.4,80915.0,80744.2,80891.2,675.063
1778418000000,80891.2,80968.0,80823.4,80929.2,1037.722
1778421600000,80929.2,80991.0,80776.8,80944.3,845.172
1778425200000,80944.3,81400.0,80889.3,81376.4,3668.359
1778428800000,81376.4,81468.0,81160.0,81338.1,2006.592
1778432400000,81338.1,81552.7,81174.2,81446.1,1633.471
1778436000000,81446.1,81466.3,81190.0,81231.7,923.022
1778439600000,81231.7,81450.1,81100.1,81396.1,1027.78
1778443200000,81396.1,81426.0,80206.3,80700.1,7601.733
1778446800000,80700.1,80921.2,80525.0,80672.6,2855.411
1778450400000,80672.6,82171.0,80622.0,82014.9,8142.134
1778454000000,82014.9,82450.0,82010.7,82181.9,4554.169
1778457600000,82181.9,82350.0,81229.2,81436.4,4863.14
1778461200000,81436.4,81727.9,81243.6,81463.5,2302.899
1778464800000,81463.5,81533.3,81066.3,81139.6,2017.578
1778468400000,81139.6,81159.4,80482.1,80695.7,4376.717
1778472000000,80695.7,80849.0,80598.8,80772.3,1528.011
1778475600000,80772.3,80942.9,80711.3,80801.8,1195.721
1778479200000,80801.8,81017.0,80714.6,80790.8,831.875
1778482800000,80790.8,80799.7,80631.6,80705.0,952.918
1778486400000,80705.0,80837.6,80580.2,80725.0,1160.455
1778490000000,80725.0,80970.0,80716.0,80926.6,991.245
1778493600000,80926.6,81168.9,80900.0,80904.3,1775.475
1778497200000,80904.3,81165.0,80862.0,81161.4,823.724
1778500800000,81161.4,81316.3,80982.2,81014.6,1665.929
1778504400000,81014.6,81299.6,80724.4,81028.4,2982.706
1778508000000,81028.4,81214.6,80410.0,80906.0,3632.926
1778511600000,80906.0,81425.0,80781.5,81403.8,3758.509
1778515200000,81403.8,81889.1,81304.3,81533.1,5199.504
1778518800000,81533.1,82038.7,81325.0,81902.5,2840.591
1778522400000,81902.5,82107.6,81792.1,81821.4,2453.165
1778526000000,81821.4,82059.6,81684.3,81920.3,1850.961
1778529600000,81920.3,82039.1,81711.3,81780.9,1264.346
1778533200000,81780.9,81866.7,81551.0,81786.3,996.389
1778536800000,81786.3,81935.4,81681.9,81788.7,680.392
1778540400000,81788.7,81788.7,81560.0,81699.8,658.745
1778544000000,81699.8,81768.1,81428.3,81508.3,1637.674
1778547600000,81508.3,81582.0,80660.1,81145.6,5392.243
1778551200000,81145.6,81295.2,81035.8,81220.3,1045.025
1778554800000,81220.3,81256.8,80980.0,81015.5,798.732
1778558400000,81015.5,81260.0,80946.9,81180.7,1129.504
1778562000000,81180.7,81278.6,81143.8,81178.3,787.211
1778565600000,81178.3,81278.0,80966.7,80981.9,1362.943
1778569200000,80981.9,81097.6,80760.0,80816.1,2787.141
1778572800000,80816.1,80931.9,80711.0,80795.4,1646.628
1778576400000,80795.4,80939.8,80671.6,80802.2,2012.796
1778580000000,80802.2,80821.9,80574.4,80644.0,1543.561
1778583600000,80644.0,80750.0,80460.0,80738.0,1855.845
1778587200000,80738.0,81000.0,80575.0,80849.4,4134.795
1778590800000,80849.4,80898.0,80350.0,80431.3,4813.08
1778594400000,80431.3,80854.6,80350.1,80503.2,3508.749
1778598000000,80503.2,80624.0,80115.0,80292.0,4234.516
1778601600000,80292.0,80396.2,79800.1,79962.0,4117.086
1778605200000,79962.0,80550.8,79909.1,80483.3,2767.371
1778608800000,80483.3,80720.0,80380.0,80627.9,1376.15
1778612400000,80627.9,80830.0,80608.5,80791.6,2634.234
1778616000000,80791.6,80840.0,80556.4,80646.8,1324.707
1778619600000,80646.8,80700.8,80441.8,80543.3,693.241
1778623200000,80543.3,80750.0,80543.3,80607.4,653.798
1778626800000,80607.4,80674.8,80382.9,80459.8,830.832
1778630400000,80459.8,80729.8,80362.9,80664.8,947.313
1778634000000,80664.8,81153.0,80625.0,80957.3,2779.177
1778637600000,80957.3,81250.6,80890.6,81017.0,1629.949
1778641200000,81017.0,81274.4,80937.4,81214.2,1087.566
1778644800000,81214.2,81245.8,81077.2,81199.2,853.788
1778648400000,81199.2,81208.7,80963.1,80994.4,1073.811
1778652000000,80994.4,81124.5,80931.8,80948.0,828.339
1778655600000,80948.0,81019.2,80850.0,80981.1,896.666
1778659200000,80981.1,81172.0,80904.3,81157.2,1081.058
1778662800000,81157.2,81305.9,81100.0,81258.7,1671.752
1778666400000,81258.7,81265.0,80767.9,80774.2,1700.487
1778670000000,80774.2,80818.5,80456.1,80460.1,2497.178
1778673600000,80460.1,80560.0,79804.3,80150.0,6901.069
1778677200000,80150.0,80304.6,79525.0,79605.9,6047.34
1778680800000,79605.9,79857.8,79425.6,79718.5,4152.997
1778684400000,79718.5,79824.6,78754.2,78792.5,7988.011
1778688000000,78792.5,79194.7,78724.9,79078.4,4666.966
1778691600000,79078.4,79527.5,79063.3,79482.2,2309.415
1778695200000,79482.2,79769.7,79474.9,79564.2,2332.877
1778698800000,79564.2,79613.0,79356.4,79608.6,1576.128
1778702400000,79608.6,79743.2,79580.3,79675.7,1105.524
1778706000000,79675.7,79678.9,79301.0,79365.3,1499.094
1778709600000,79365.3,79441.6,79185.7,79395.5,1446.49
1778713200000,79395.5,79504.6,79188.8,79285.8,1038.706
1778716800000,79285.8,79656.7,79269.5,79534.4,1591.514
1778720400000,79534.4,79663.9,79372.6,79561.3,954.978
1778724000000,79561.3,79642.9,79166.1,79329.8,1963.984
1778727600000,79329.8,79422.9,78863.2,79003.0,3322.577
1778731200000,79003.0,79440.0,78930.1,79403.3,1800.02
1778734800000,79403.3,79974.3,79330.9,79773.3,2676.287
1778738400000,79773.3,79914.8,79724.4,79770.1,1425.972
1778742000000,79770.1,79920.1,79660.9,79711.0,1368.737
1778745600000,79711.0,79900.0,79591.8,79782.8,1328.063
1778749200000,79782.8,79878.3,79528.0,79596.5,1607.457
1778752800000,79596.5,79728.8,79364.0,79530.5,2150.213
1778756400000,79530.5,79577.0,79191.0,79215.0,1593.149
1778760000000,79215.0,79748.7,79190.5,79724.0,1786.53
1778763600000,79724.0,80035.8,79622.0,79656.0,4229.64
1778767200000,79656.0,80975.9,79515.5,80922.1,9290.666
1778770800000,80922.1,81295.5,80743.3,81244.0,6601.728
1778774400000,81244.0,81876.8,81018.8,81834.5,9102.96
1778778000000,81834.5,81999.0,81211.0,81624.3,6971.293
1778781600000,81624.3,81904.4,81370.2,81528.2,4078.721
1778785200000,81528.2,81663.4,81267.0,81374.5,2463.829
1778788800000,81374.5,81542.9,81102.8,81375.0,1967.385
1778792400000,81375.0,81490.0,81221.8,81347.8,1056.181
1778796000000,81347.8,81532.9,81289.3,81416.2,662.687
1778799600000,81416.2,81416.3,81018.0,81052.6,1430.267
1778803200000,81052.6,81639.1,81020.2,81467.0,2111.617
1778806800000,81467.0,81582.5,81052.4,81084.4,1832.071
1778810400000,81084.4,81312.3,80700.0,81256.2,4625.61
1778814000000,81256.2,81300.0,80866.3,81019.0,1412.428
1778817600000,81019.0,81065.8,80606.1,80685.8,1967.148
1778821200000,80685.8,80842.1,80258.0,80313.4,5075.632
1778824800000,80313.4,80600.9,80263.3,80542.0,2486.346
1778828400000,80542.0,80974.4,80513.2,80788.9,3412.159
1778832000000,80788.9,80800.8,80354.3,80604.0,2438.815
1778835600000,80604.0,80634.1,80312.0,80450.8,3392.572
1778839200000,80450.8,80730.3,80349.9,80676.5,2743.463
1778842800000,80676.5,80719.7,80534.8,80578.5,920.569
1778846400000,80578.5,80604.3,80258.3,80350.0,2337.367
1778850000000,80350.0,80350.0,78622.9,78716.1,15807.853
1778853600000,78716.1,79300.0,78610.0,79106.0,8121.08
1778857200000,79106.0,79343.1,78970.6,79120.2,3269.374
1778860800000,79120.2,79364.1,79093.7,79257.5,1678.552
1778864400000,79257.5,79472.2,79178.2,79423.8,1411.464
1778868000000,79423.8,79525.1,79127.5,79233.3,1705.167
1778871600000,79233.3,79251.4,79003.3,79092.9,1427.101
1778875200000,79092.9,79183.4,78943.3,79079.6,1214.111
1778878800000,79079.6,79167.9,78846.1,78927.2,1446.301
1778882400000,78927.2,79110.0,78924.5,79061.2,642.763
1778886000000,79061.2,79120.0,79028.5,79069.5,455.027
1778889600000,79069.5,79192.8,79027.2,79067.0,558.741
1778893200000,79067.0,79149.9,78964.8,79122.1,626.632
1778896800000,79122.1,79172.1,79030.5,79109.5,631.121
1778900400000,79109.5,79146.7,79010.0,79030.0,347.956
1778904000000,79030.0,79088.3,78800.0,78999.7,895.786
1778907600000,78999.7,79002.9,78873.5,78989.6,481.018
1778911200000,78989.6,79014.6,78413.1,78615.1,3240.25
1778914800000,78615.1,78615.1,78010.0,78329.8,6040.247
1778918400000,78329.8,78500.0,78290.0,78380.8,1184.966
1778922000000,78380.8,78400.0,77839.4,78040.0,4827.874
1778925600000,78040.0,78063.6,77601.0,77929.4,3304.606
1778929200000,77929.4,78160.0,77929.3,78041.1,1230.661
1778932800000,78041.1,78100.0,77866.8,77973.3,1090.85
1778936400000,77973.3,77993.9,77795.4,77993.8,892.788
1778940000000,77993.8,78318.0,77850.9,78090.0,1916.526
1778943600000,78090.0,78253.8,78033.0,78189.9,898.439
1778947200000,78189.9,78337.4,78072.9,78163.5,2198.95
1778950800000,78163.5,78289.7,78160.9,78162.7,554.499
1778954400000,78162.7,78297.3,78106.9,78197.2,661.342
1778958000000,78197.2,78268.8,78167.8,78226.9,381.549
1778961600000,78226.9,78288.4,78162.3,78218.1,462.618
1778965200000,78218.1,78274.9,78169.8,78229.1,548.308
1778968800000,78229.1,78253.4,78137.7,78140.4,612.93
1778972400000,78140.4,78236.6,78084.1,78106.5,406.303
1778976000000,78106.5,78207.1,77762.4,77919.2,1387.245
1778979600000,77919.2,78080.0,77675.0,77682.1,2056.221
1778983200000,77682.1,77900.0,77677.1,77854.3,900.345
1778986800000,77854.3,78050.0,77846.6,77984.9,606.46
1778990400000,77984.9,78165.0,77956.4,78112.6,1093.032
1778994000000,78112.6,78284.4,78069.8,78090.9,910.8
1778997600000,78090.9,78175.9,77974.9,78073.7,738.399
1779001200000,78073.7,78175.7,78018.0,78142.9,761.468
1779004800000,78142.9,78157.0,77995.2,78058.5,502.942
1779008400000,78058.5,78271.3,78042.6,78208.6,779.595
1779012000000,78208.6,78569.9,78205.8,78430.0,2551.906
1779015600000,78430.0,78441.0,78252.8,78382.9,1020.762
1779019200000,78382.9,78528.7,78280.7,78330.5,969.68
1779022800000,78330.5,78330.5,78134.0,78172.1,1245.749
1779026400000,78172.1,78183.7,77792.2,78004.1,2567.05
1779030000000,78004.1,78087.1,77872.2,78002.8,866.553
1779033600000,78002.8,78165.0,77988.6,77996.2,845.248
1779037200000,77996.2,78062.0,77781.6,78050.8,1568.494
1779040800000,78050.8,78240.0,77968.6,78225.8,884.652
1779044400000,78225.8,78444.4,78172.1,78370.0,1005.376
1779048000000,78370.0,78403.2,78197.3,78234.7,712.508
1779051600000,78234.7,78457.1,78190.3,78369.1,1137.957
1779055200000,78369.1,78376.0,77777.0,77959.9,3325.256
1779058800000,77959.9,77967.0,76671.5,77416.4,11790.089
1779062400000,77416.4,77443.8,76866.1,77172.5,4736.036
1779066000000,77172.5,77252.8,76705.1,77085.2,3825.739
1779069600000,77085.2,77194.2,76659.1,76805.2,2030.052
1779073200000,76805.2,76989.9,76777.7,76900.4,1482.01
1779076800000,76900.4,77040.0,76737.1,77002.3,2212.972
1779080400000,77002.3,77053.0,76850.0,76887.5,1338.493
1779084000000,76887.5,76947.1,76540.0,76884.8,3798.68
1779087600000,76884.8,77061.5,76729.5,77043.1,2714.828
1779091200000,77043.1,77161.7,76855.1,77003.7,1658.109
1779094800000,77003.7,77025.0,76837.0,76902.4,897.577
1779098400000,76902.4,76930.0,76675.0,76731.2,1773.372
1779102000000,76731.2,77378.1,76616.2,77262.0,3456.518
1779105600000,77262.0,77766.4,77242.4,77611.3,6758.259
1779109200000,77611.3,77614.9,76655.0,76907.5,7400.053
1779112800000,76907.5,76927.3,76178.0,76365.1,9304.502
1779116400000,76365.1,76450.0,75999.9,76381.2,6986.09
1779120000000,76381.2,76620.0,76176.0,76380.4,3891.702
1779123600000,76380.4,76731.1,76330.7,76669.9,2497.592
1779127200000,76669.9,76679.3,76105.3,76210.2,3354.962
1779130800000,76210.2,76972.9,76189.9,76903.8,4962.344
1779134400000,76903.8,77155.0,76841.2,76869.0,2707.91
1779138000000,76869.0,77169.0,76753.8,77059.0,2179.428
1779141600000,77059.0,77193.3,76893.5,77041.3,1633.174
1779145200000,77041.3,77130.0,76904.8,76963.9,900.101
1779148800000,76963.9,77377.6,76913.4,77099.5,2376.042
1779152400000,77099.5,77126.7,76625.0,76630.9,2202.488
1779156000000,76630.9,76976.9,76433.4,76580.1,1768.038
1779159600000,76580.1,76837.3,76543.3,76755.2,880.489
1779163200000,76755.2,76913.9,76658.0,76886.9,811.709
1779166800000,76886.9,76984.3,76600.1,76868.3,1286.403
1779170400000,76868.3,77077.6,76843.9,76993.9,1130.486
1779174000000,76993.9,77256.7,76931.2,77196.8,1332.276
1779177600000,77196.8,77298.1,76923.7,77011.7,1702.207
1779181200000,77011.7,77038.9,76664.1,76782.4,1766.19
1779184800000,76782.4,77075.6,76655.0,77006.1,1846.582
1779188400000,77006.1,77046.9,76588.3,76671.0,1216.372
1779192000000,76671.0,76950.0,76607.1,76898.3,867.421
1779195600000,76898.3,77024.9,76550.0,76845.2,2949.458
1779199200000,76845.2,76988.3,76105.0,76362.0,5528.624
1779202800000,76362.0,76658.4,76300.9,76497.0,2866.891
1779206400000,76497.0,76904.7,76379.4,76864.1,1917.263
1779210000000,76864.1,76999.3,76730.0,76821.8,1947.09
1779213600000,76821.8,76927.7,76708.6,76773.4,1256.224
1779217200000,76773.4,77054.0,76727.4,76789.5,1880.047
1779220800000,76789.5,77002.5,76789.5,76987.6,619.15
1779224400000,76987.6,77014.9,76938.1,76946.1,791.58
1779228000000,76946.1,76946.1,76613.0,76679.7,1329.938
1779231600000,76679.7,76959.0,76636.6,76806.1,791.814
1779235200000,76806.1,76870.0,76465.9,76763.6,1352.955
1779238800000,76763.6,76898.0,76496.3,76784.5,1514.401
1779242400000,76784.5,76884.3,76564.4,76654.6,830.853
1779246000000,76654.6,76797.8,76567.3,76688.7,634.365
1779249600000,76688.7,76805.8,76643.6,76751.9,491.493
1779253200000,76751.9,77309.1,76751.9,77166.2,2892.32
1779256800000,77166.2,77389.9,77154.9,77384.8,1479.242
1779260400000,77384.8,77445.0,77200.5,77253.9,1533.244
1779264000000,77253.9,77610.0,77163.6,77424.3,2033.09
1779267600000,77424.3,77516.0,77330.0,77445.1,1283.859
1779271200000,77445.1,77635.0,77445.1,77480.1,1236.769
1779274800000,77480.1,77537.6,77289.8,77350.1,945.108
1779278400000,77350.1,77716.9,77325.7,77588.8,1459.158
1779282000000,77588.8,77622.3,76915.1,77177.8,5064.347
1779285600000,77177.8,77546.5,76850.0,77418.9,4869.067
1779289200000,77418.9,77838.9,77271.6,77421.9,4731.229
1779292800000,77421.9,77528.6,76977.7,77297.8,3046.977
1779296400000,77297.8,77691.9,77190.1,77535.3,1994.912
1779300000000,77535.3,77608.0,77350.0,77378.6,1349.973
1779303600000,77378.6,77678.3,77300.3,77638.1,1418.735
1779307200000,77638.1,77737.7,77430.7,77677.6,1810.98
1779310800000,77677.6,77738.6,77459.5,77459.5,861.32
1779314400000,77459.5,77467.9,77176.9,77467.8,1352.821
1779318000000,77467.8,77528.9,77340.2,77518.9,468.444
1779321600000,77518.9,78051.1,77476.0,77925.2,2113.96
1779325200000,77925.2,78142.8,77756.3,77821.1,1799.392
1779328800000,77821.1,78070.7,77774.9,77917.0,1957.529
1779332400000,77917.0,78070.0,77862.4,78050.0,815.823
1779336000000,78050.0,78153.6,77925.9,78000.8,1145.058
1779339600000,78000.8,78115.0,77640.2,77796.9,1742.544
1779343200000,77796.9,77845.5,77485.4,77588.2,1508.887
1779346800000,77588.2,77867.5,77479.5,77840.1,1585.435
1779350400000,77840.1,78173.0,77840.0,77890.5,2636.002
1779354000000,77890.5,77946.0,77600.2,77600.2,1328.657
1779357600000,77600.2,77648.0,77150.0,77171.1,4410.413
1779361200000,77171.1,77346.1,77073.4,77159.5,2279.508
1779364800000,77159.5,77331.8,77039.1,77247.5,1862.459
1779368400000,77247.5,77327.0,76680.1,77089.4,5112.477
1779372000000,77089.4,77208.0,76748.8,76944.8,2816.368
1779375600000,76944.8,77375.0,76859.8,77225.5,2606.4
1779379200000,77225.5,77323.1,76970.0,77153.9,1603.856
1779382800000,77153.9,78070.1,77140.0,77840.0,8249.175
1779386400000,77840.0,77898.4,77218.2,77355.1,3961.096
1779390000000,77355.1,77782.4,77331.5,77666.6,2007.901
1779393600000,77666.6,77777.1,77594.9,77669.0,1178.809
1779397200000,77669.0,77782.8,77602.9,77647.3,694.182
1779400800000,77647.3,77725.3,77512.2,77589.5,760.926
1779404400000,77589.5,77727.2,77498.7,77588.4,650.456
1779408000000,77588.4,77609.0,77331.0,77341.8,1288.077
1779411600000,77341.8,77641.5,77280.1,77585.6,917.298
1779415200000,77585.6,77731.3,77526.9,77635.7,1672.918
1779418800000,77635.7,77771.7,77635.6,77738.7,564.786
1779422400000,77738.7,77865.0,77600.0,77623.2,1140.526
1779426000000,77623.2,77688.9,77400.3,77456.8,970.594
1779429600000,77456.8,77496.4,77318.3,77387.8,2412.597
1779433200000,77387.8,77514.5,77227.6,77366.9,1990.977
1779436800000,77366.9,77504.0,77175.0,77238.6,1500.385
1779440400000,77238.6,77322.5,77175.0,77276.5,1382.905
1779444000000,77276.5,77324.6,77237.0,77286.4,791.265
1779447600000,77286.4,77399.8,77155.0,77394.9,1144.211
1779451200000,77394.9,77550.0,77355.4,77501.3,1500.286
1779454800000,77501.3,77520.0,77075.0,77254.7,2852.34
1779458400000,77254.7,77254.7,76713.7,76738.5,4926.77
1779462000000,76738.5,77016.6,76530.0,76755.9,5004.87
1779465600000,76755.9,76971.5,76736.3,76920.0,1356.699
1779469200000,76920.0,77070.0,76711.7,76716.6,2268.353
1779472800000,76716.6,76873.9,76046.0,76497.9,7202.388
1779476400000,76497.9,76554.0,75611.7,75831.3,9874.402
1779480000000,75831.3,76059.4,75782.3,75951.9,2128.274
1779483600000,75951.9,76065.7,75894.3,75934.4,1014.528
1779487200000,75934.4,75948.3,75500.0,75703.7,2764.307
1779490800000,75703.7,75852.8,75311.0,75509.6,2601.025
1779494400000,75509.6,75600.0,75185.1,75325.2,2884.389
1779498000000,75325.2,75471.5,75303.1,75461.3,1554.347
1779501600000,75461.3,75549.1,75373.1,75532.4,757.937
1779505200000,75532.4,75626.4,75524.2,75592.4,933.192
1779508800000,75592.4,75614.1,75460.9,75499.9,591.206
1779512400000,75499.9,75522.4,75430.0,75453.4,571.577
1779516000000,75453.4,75468.3,75344.5,75365.9,603.234
1779519600000,75365.9,75406.0,74221.4,74568.3,10136.209
1779523200000,74568.3,74711.7,74302.7,74643.6,5124.407
1779526800000,74643.6,74726.5,74549.9,74618.0,1484.772
1779530400000,74618.0,74755.0,74618.0,74679.6,718.099
1779534000000,74679.6,74844.7,74672.0,74757.8,712.172
1779537600000,74757.8,74760.4,74607.9,74718.9,931.624
1779541200000,74718.9,75232.6,74715.9,75178.6,3789.724
1779544800000,75178.6,75674.2,75061.8,75490.1,3935.564
1779548400000,75490.1,75646.7,75357.6,75487.4,2714.372
1779552000000,75487.4,75611.9,75349.7,75406.1,1642.394
1779555600000,75406.1,75528.9,75327.8,75457.5,1385.57
1779559200000,75457.5,75957.9,75426.2,75806.3,3290.318
1779562800000,75806.3,75992.3,75740.9,75949.8,1948.068
1779566400000,75949.8,77267.8,75906.2,77238.6,11790.432
1779570000000,77238.6,77371.9,76500.0,76783.0,6300.63
1779573600000,76783.0,76860.0,76364.6,76546.7,1917.312
1779577200000,76546.7,76791.3,76496.0,76709.0,1519.08
1779580800000,76709.0,76898.1,76591.1,76807.8,892.677
1779584400000,76807.8,76887.9,76713.3,76855.4,716.361
1779588000000,76855.4,76931.0,76669.0,76788.7,653.922
1779591600000,76788.7,76980.0,76694.3,76704.8,872.348
1779595200000,76704.8,76816.6,76684.7,76744.2,737.076
1779598800000,76744.2,76842.1,76613.7,76780.1,865.406
1779602400000,76780.1,77056.9,76674.2,76956.0,2186.896
1779606000000,76956.0,76995.0,76760.0,76778.5,1187.025
1779609600000,76778.5,76825.0,76701.6,76804.9,1057.653
1779613200000,76804.9,77018.0,76782.4,76992.2,1459.64
1779616800000,76992.2,77490.0,76887.0,77154.7,3531.858
1779620400000,77154.7,77324.5,77146.9,77280.6,941.015
1779624000000,77280.6,77290.0,77000.1,77078.3,1119.735
1779627600000,77078.3,77090.0,76650.0,76767.3,2927.415
1779631200000,76767.3,76806.5,76144.1,76426.9,6777.903
1779634800000,76426.9,76508.7,76314.9,76329.9,1363.74
1779638400000,76329.9,76700.0,76329.9,76633.6,2677.322
1779642000000,76633.6,76760.0,76525.1,76651.6,840.857
1779645600000,76651.6,76754.5,76550.8,76625.3,549.408
1779649200000,76625.3,76755.8,76566.7,76734.9,582.543
1779652800000,76734.9,76767.0,76562.8,76632.7,627.785
1779656400000,76632.7,76717.4,76062.2,76111.1,3106.453
1779660000000,76111.1,76990.0,76095.0,76769.2,5085.218
1779663600000,76769.2,77200.0,76769.2,77032.5,1933.25
1779667200000,77032.5,77266.5,77032.5,77122.7,1506.771
1779670800000,77122.7,77215.8,76859.9,76908.9,1610.178
1779674400000,76908.9,77449.9,76908.8,77069.7,1916.757
1779678000000,77069.7,77135.6,76968.8,76994.4,648.438
1779681600000,76994.4,77430.0,76952.4,77363.0,2119.954
1779685200000,77363.0,77489.8,77286.6,77379.9,2840.613
1779688800000,77379.9,77641.0,77173.2,77396.5,3086.82
1779692400000,77396.5,77500.0,77150.0,77381.7,1486.127
1779696000000,77381.7,77448.5,77244.8,77432.1,840.19
1779699600000,77432.1,77682.0,77390.4,77564.5,1593.46
1779703200000,77564.5,77661.2,77454.4,77507.4,994.375
1779706800000,77507.4,77507.5,77300.0,77327.7,1195.996
1779710400000,77327.7,77411.0,77247.9,77326.8,1270.871
1779714000000,77326.8,77416.0,77255.0,77307.4,754.19
1779717600000,77307.4,77750.0,77280.0,77685.9,2324.267
1779721200000,77685.9,77885.0,77513.4,77597.9,2378.855
1779724800000,77597.9,77788.0,77488.0,77704.0,1427.5
1779728400000,77704.0,77786.5,77519.0,77528.2,1229.879
1779732000000,77528.2,77633.9,77512.4,77516.6,654.541
1779735600000,77516.6,77518.3,77310.0,77402.7,1089.588
1779739200000,77402.7,77472.0,77180.0,77237.6,1432.23
1779742800000,77237.6,77368.2,77235.1,77341.5,1051.065
1779746400000,77341.5,77417.5,76974.1,77077.2,2461.172
1779750000000,77077.2,77333.1,77017.5,77280.5,865.225
1779753600000,77280.5,77316.3,76517.3,76739.2,3420.142
1779757200000,76739.2,76855.9,76542.9,76713.2,3074.275
1779760800000,76713.2,76785.4,76469.1,76625.6,1751.84
1779764400000,76625.6,76676.0,76436.0,76625.3,1240.293
1779768000000,76625.3,76776.0,76559.9,76705.8,1075.343
1779771600000,76705.8,76968.6,76660.7,76881.9,1266.77
1779775200000,76881.9,77023.1,76723.9,76868.0,1202.88
1779778800000,76868.0,76885.7,76565.0,76687.1,2037.97
1779782400000,76687.1,76824.0,76654.0,76684.2,1127.501
1779786000000,76684.2,76772.0,76603.0,76635.3,1119.673
1779789600000,76635.3,77589.1,76536.2,77395.6,6024.186
1779793200000,77395.6,77458.0,77136.7,77159.9,2664.162
1779796800000,77159.9,77203.7,76837.7,77096.8,3885.752
1779800400000,77096.8,77442.7,76646.3,77202.8,4872.535
1779804000000,77202.8,78049.0,76677.0,76862.9,12667.892
1779807600000,76862.9,76980.0,76216.4,76464.2,8175.463
1779811200000,76464.2,76689.1,76150.0,76527.4,5330.817
1779814800000,76527.4,76624.1,75800.0,75890.4,7190.533
1779818400000,75890.4,76247.9,75733.0,75810.0,3876.906
1779822000000,75810.0,76073.0,75762.9,76019.8,1546.323
1779825600000,76019.8,76143.1,75940.0,76070.6,1611.091
1779829200000,76070.6,76087.7,75800.0,75855.6,950.207
1779832800000,75855.6,75968.0,75627.9,75717.8,2213.696
1779836400000,75717.8,75952.4,75717.7,75897.4,1071.863
1779840000000,75897.4,76053.5,75833.9,76040.2,1355.578
1779843600000,76040.2,76077.9,75771.9,75834.2,1431.642
1779847200000,75834.2,75859.5,75633.1,75835.9,1144.694
1779850800000,75835.9,75926.4,75550.0,75621.3,1475.567
1779854400000,75621.3,75665.9,75235.7,75524.4,4555.864
1779858000000,75524.4,75698.0,75524.3,75654.9,1647.317
1779861600000,75654.9,75863.3,75624.9,75791.1,1776.055
1779865200000,75791.1,75929.1,75711.0,75920.0,1443.868
1779868800000,75920.0,76028.5,75783.2,75827.2,2152.343
1779872400000,75827.2,75932.9,75655.0,75863.2,1835.676
1779876000000,75863.2,75994.3,75822.6,75848.5,1056.852
1779879600000,75848.5,75984.5,75709.6,75729.6,1127.022
1779883200000,75729.6,76136.8,75526.7,75647.4,3905.92
1779886800000,75647.4,75729.0,74818.0,75038.5,9420.657
1779890400000,75038.5,75237.0,74707.5,74996.7,5151.489
1779894000000,74996.7,75468.0,74936.5,75297.1,4449.246
1779897600000,75297.1,75379.0,74953.1,75273.8,2343.506
1779901200000,75273.8,75310.0,74642.4,74828.4,5281.415
1779904800000,74828.4,74994.9,74626.9,74994.9,2422.81
1779908400000,74994.9,75114.1,74911.0,75034.6,2078.86
1779912000000,75034.6,75379.0,75018.1,75234.0,1872.745
1779915600000,75234.0,75234.0,74305.4,74446.0,5260.377
1779919200000,74446.0,74742.5,74236.1,74388.6,4162.942
1779922800000,74388.6,74547.7,74201.2,74412.4,2722.039
1779926400000,74412.4,74546.8,74320.8,74530.7,1361.566
1779930000000,74530.7,74557.7,74104.7,74312.4,3557.937
1779933600000,74312.4,74368.1,74070.0,74249.2,1830.423
1779937200000,74249.2,74347.2,73020.0,73231.8,11929.901
1779940800000,73231.8,73231.8,72687.4,73146.9,7372.954
1779944400000,73146.9,73146.9,72875.2,72958.6,2214.698
1779948000000,72958.6,73180.0,72726.9,73169.2,2711.243
1779951600000,73169.2,73479.6,73118.3,73460.3,2377.643
1779955200000,73460.3,73474.4,73171.7,73285.7,1619.274
1779958800000,73285.7,73534.0,73218.5,73510.4,1816.661
1779962400000,73510.4,73588.9,73300.6,73367.9,1838.236
1779966000000,73367.9,73510.3,73280.9,73474.1,1317.406
1779969600000,73474.1,73560.0,73214.2,73490.3,2444.319
1779973200000,73490.3,73550.0,72727.0,72993.4,7018.181
1779976800000,72993.4,73561.4,72552.0,73000.1,13434.833
1779980400000,73000.1,73155.0,72660.0,72896.6,3528.151
1779984000000,72896.6,73437.7,72696.2,73424.9,5135.878
1779987600000,73424.9,73718.2,73284.0,73518.9,3707.416
1779991200000,73518.9,73729.0,73486.2,73629.8,1785.28
1779994800000,73629.8,73629.8,73350.4,73397.4,1580.12
1779998400000,73397.4,73696.5,73195.7,73550.7,2986.944
1780002000000,73550.7,73901.6,73522.6,73789.3,1465.22
1780005600000,73789.3,73920.0,73421.0,73447.7,2340.814
1780009200000,73447.7,73710.0,73447.6,73597.6,1167.751
1780012800000,73597.6,73845.0,73597.5,73704.7,2258.839
1780016400000,73704.7,73853.8,73432.1,73565.3,1724.17
1780020000000,73565.3,73625.0,73140.5,73189.9,3461.202
1780023600000,73189.9,73422.6,73189.9,73264.0,1297.808
1780027200000,73264.0,73477.9,73169.5,73462.9,1203.231
1780030800000,73462.9,73700.1,73451.9,73673.6,2049.61
1780034400000,73673.6,73911.1,73604.0,73751.7,1694.538
1780038000000,73751.7,73794.9,73337.8,73480.0,3307.614
1780041600000,73480.0,73798.6,73480.0,73620.9,1842.167
1780045200000,73620.9,73877.5,73611.3,73705.7,1118.474
1780048800000,73705.7,73718.9,73551.7,73600.0,946.857
1780052400000,73600.0,73668.5,73311.2,73449.9,1196.16
1780056000000,73449.9,73450.0,73157.3,73253.6,2132.86
1780059600000,73253.6,73316.2,72865.0,73110.9,4539.575
1780063200000,73110.9,73176.0,72460.7,73058.1,9739.333
1780066800000,73058.1,74187.8,72961.5,73774.1,15487.637
1780070400000,73774.1,74100.0,73520.8,74018.3,5463.761
1780074000000,74018.3,74310.0,73888.9,73951.9,3684.48
1780077600000,73951.9,74034.2,73123.9,73342.4,6252.041
1780081200000,73342.4,73721.0,73205.6,73491.1,3740.511
1780084800000,73491.1,73738.1,73479.7,73645.7,816.479
1780088400000,73645.7,73819.7,73372.4,73389.6,1634.936
1780092000000,73389.6,73544.9,73340.4,73449.4,1974.799
1780095600000,73449.4,73485.3,73276.2,73437.3,797.357
1780099200000,73437.3,73563.0,73372.7,73466.2,729.428
1780102800000,73466.2,73639.5,73433.7,73632.0,886.934
1780106400000,73632.0,73750.0,73574.5,73749.9,625.273
1780110000000,73749.9,73756.4,73493.1,73495.8,647.473
1780113600000,73495.8,73549.7,73160.3,73365.7,1693.242
1780117200000,73365.7,73600.0,73312.0,73560.9,2083.831
1780120800000,73560.9,73694.2,73477.1,73542.7,1079.603
1780124400000,73542.7,73552.3,73449.8,73515.7,476.02
1780128000000,73515.7,73523.2,73464.9,73488.3,331.167
1780131600000,73488.3,73581.9,73464.9,73571.0,427.169
1780135200000,73571.0,73646.0,73548.5,73621.7,461.294
1780138800000,73621.7,73625.0,73519.2,73569.4,396.704
1780142400000,73569.4,73693.4,73556.0,73658.2,385.958
1780146000000,73658.2,73841.1,73625.9,73793.0,1215.321
1780149600000,73793.0,74076.8,73780.5,73895.0,2172.17
1780153200000,73895.0,74016.8,73803.4,73889.3,1147.366
1780156800000,73889.3,73959.0,73842.0,73904.1,528.029
1780160400000,73904.1,74003.6,73780.4,73986.6,962.416
1780164000000,73986.6,74117.7,73920.0,74014.1,1014.058
1780167600000,74014.1,74049.4,73944.9,73978.8,988.918
1780171200000,73978.8,73990.0,73891.8,73950.2,831.364
1780174800000,73950.2,74025.3,73892.7,73955.1,480.086
1780178400000,73955.1,73955.1,73756.0,73843.3,743.816
1780182000000,73843.3,73971.9,73740.4,73854.1,911.774
1780185600000,73854.1,74009.9,73817.6,73997.4,683.728
1780189200000,73997.4,74246.1,73988.0,74023.8,1698.937
1780192800000,74023.8,74223.9,73854.4,74060.1,1948.942
1780196400000,74060.1,74190.3,74027.7,74109.9,822.018
1780200000000,74109.9,74197.4,74051.4,74142.2,779.618
1780203600000,74142.2,74179.4,74019.1,74022.3,549.683
1780207200000,74022.3,74068.0,73953.6,74016.2,354.976
1780210800000,74016.2,74016.2,73800.0,73842.4,1036.792
1780214400000,73842.4,73963.7,73815.4,73913.8,697.151
1780218000000,73913.8,74003.4,73774.0,73814.2,976.013
1780221600000,73814.2,73879.7,73687.6,73873.7,1159.393
1780225200000,73873.7,73948.0,73863.0,73911.0,406.574
1780228800000,73911.0,73968.0,73836.7,73894.0,680.785
1780232400000,73894.0,74007.2,73783.1,73841.0,533.231
1780236000000,73841.0,73841.1,73467.8,73577.1,4975.562
1780239600000,73577.1,73744.1,73549.8,73617.0,1114.453
1780243200000,73617.0,73694.1,73351.0,73499.9,2206.165
1780246800000,73499.9,73699.5,73427.5,73677.9,860.658
1780250400000,73677.9,73681.9,73543.8,73573.3,471.131
1780254000000,73573.3,73625.6,73412.1,73520.6,806.505
1780257600000,73520.6,73734.0,73520.6,73714.7,913.982
1780261200000,73714.7,73899.0,73582.3,73857.4,1987.916
1780264800000,73857.4,73979.2,73650.0,73915.0,1364.883
1780268400000,73915.0,74173.8,73452.3,73649.6,2950.14
1780272000000,73649.6,74057.6,73614.4,73850.2,1514.913
1780275600000,73850.2,73887.4,73228.0,73256.1,2166.735
1780279200000,73256.1,73849.0,73176.0,73753.6,1915.008
1780282800000,73753.6,73985.5,73688.9,73726.2,1539.669
1780286400000,73726.2,73806.0,73288.0,73486.3,1930.933
1780290000000,73486.3,73500.0,73287.6,73314.7,1551.181
1780293600000,73314.7,73342.4,72923.0,73105.4,3420.105
1780297200000,73105.4,73175.0,72654.8,72770.2,3984.87
1780300800000,72770.2,72899.8,72580.1,72877.2,3172.569
1780304400000,72877.2,73064.9,72801.1,72861.0,3856.863
1780308000000,72861.0,72882.7,72541.7,72719.0,3220.91
1780311600000,72719.0,72734.5,72160.5,72449.7,5185.521
1780315200000,72449.7,72590.0,71862.0,72178.5,10383.48
1780318800000,72178.5,72200.0,71350.0,71679.9,15065.039
1780322400000,71679.9,71856.0,71383.1,71544.1,5836.573
1780326000000,71544.1,71648.0,71040.0,71103.9,6577.84
1780329600000,71103.9,71584.2,70650.4,71539.1,9631.386
1780333200000,71539.1,71800.0,71445.0,71623.4,3776.555
1780336800000,71623.4,71677.8,71354.9,71474.4,1870.688
1780340400000,71474.4,71652.7,71360.1,71576.1,2358.743
1780344000000,71576.1,71683.1,71391.3,71428.2,1104.997
1780347600000,71428.2,71431.6,70879.3,71008.1,3206.2
1780351200000,71008.1,71449.5,70805.0,71382.7,3255.573
1780354800000,71382.7,71571.2,71194.4,71391.3,2203.071
1780358400000,71391.3,71398.4,71057.1,71269.7,1232.398
1780362000000,71269.7,71359.7,70555.1,70634.9,4107.874
1780365600000,70634.9,70858.5,70063.9,70830.0,9289.249
1780369200000,70830.0,71016.9,70777.0,70933.9,2870.161
1780372800000,70933.9,71039.2,70683.5,70788.0,2651.742
1780376400000,70788.0,70825.0,70200.2,70243.7,4870.596
1780380000000,70243.7,70424.0,69902.0,70083.2,4225.162
1780383600000,70083.2,70251.3,69705.1,70080.8,5820.417
1780387200000,70080.8,70150.7,69665.0,69801.1,3408.36
1780390800000,69801.1,69828.5,69290.0,69398.0,6538.344
1780394400000,69398.0,69741.6,69309.6,69622.7,3024.776
1780398000000,69622.7,69640.8,69363.3,69434.2,1427.347
1780401600000,69434.2,69519.0,68962.0,68984.9,5649.268
1780405200000,68984.9,69157.4,68723.1,68782.0,8377.09
1780408800000,68782.0,68810.0,67564.8,67992.2,20219.218
1780412400000,67992.2,68067.5,67030.4,67269.4,16029.752
1780416000000,67269.4,68112.1,67193.8,67382.9,10937.618
1780419600000,67382.9,67823.4,67329.2,67456.5,4469.074
1780423200000,67456.5,67628.5,67082.3,67306.1,3062.175
1780426800000,67306.1,67474.4,66356.0,67287.9,12318.368
1780430400000,67287.9,67676.1,66870.0,67550.5,6380.325
1780434000000,67550.5,67891.4,67360.7,67532.9,4384.806
1780437600000,67532.9,67532.9,66191.3,66363.5,9580.492
1780441200000,66363.5,66838.7,66160.0,66725.2,7457.482
1780444800000,66725.2,67174.6,66611.4,66900.0,4918.377
1780448400000,66900.0,67019.7,66424.9,66878.8,3483.332
1780452000000,66878.8,66909.8,66542.1,66581.4,1898.308
1780455600000,66581.4,66631.3,65400.0,65818.7,10623.681
1780459200000,65818.7,66589.0,65797.2,66439.2,5122.048
1780462800000,66439.2,67380.0,66439.2,67300.1,8048.629
1780466400000,67300.1,67497.5,66930.9,66954.3,3921.189
1780470000000,66954.3,67322.9,66826.0,67188.5,4240.634
1780473600000,67188.5,67236.9,66945.0,66998.6,2129.847
1780477200000,66998.6,67311.0,66627.5,67040.7,4821.002
1780480800000,67040.7,67450.0,67027.6,67267.7,2880.791
1780484400000,67267.7,67344.3,67027.0,67044.9,1651.434
1780488000000,67044.9,67135.1,66755.6,67054.6,3150.598
1780491600000,67054.6,67220.0,66605.3,66880.6,4598.189
1780495200000,66880.6,66975.4,66620.0,66831.7,2919.828
1780498800000,66831.7,66868.2,66041.3,66046.9,7771.045
1780502400000,66046.9,66346.9,65500.0,66034.4,12484.583
1780506000000,66034.4,66158.4,65671.7,65931.4,3427.06
1780509600000,65931.4,66132.2,65703.1,66002.5,1967.018
1780513200000,66002.5,66025.9,65201.2,65428.4,7263.293
1780516800000,65428.4,65583.1,64686.2,64970.1,8692.095
1780520400000,64970.1,65827.8,64919.3,65736.5,6101.124
1780524000000,65736.5,65809.3,64730.2,64875.7,6100.62
1780527600000,64875.7,64952.3,64035.3,64115.2,8736.453
1780531200000,64115.2,64400.0,62950.1,63315.6,11599.157
1780534800000,63315.6,63476.0,62057.7,62141.4,12727.37
1780538400000,62141.4,63605.7,61333.0,63198.9,19733.155
1780542000000,63198.9,64500.0,63186.7,64335.8,8923.837
1780545600000,64335.8,64734.4,64229.4,64373.6,5669.155
1780549200000,64373.6,64373.6,63617.4,63926.6,5599.798
1780552800000,63926.6,64458.9,63855.8,64004.4,2911.493
1780556400000,64004.4,64042.2,63376.4,63562.6,5213.346
1780560000000,63562.6,63881.6,63204.0,63594.5,4228.326
1780563600000,63594.5,63619.4,62662.4,63250.4,7187.474
1780567200000,63250.4,63265.2,62221.5,62375.4,10842.028
1780570800000,62375.4,62798.4,62133.0,62519.2,6675.152
1780574400000,62519.2,63944.1,62355.7,63732.3,10477.475
1780578000000,63732.3,64224.0,63019.6,64205.8,11925.702
1780581600000,64205.8,64473.6,63760.6,63928.1,5758.15
1780585200000,63928.1,64377.5,63662.7,63866.9,4437.526
1780588800000,63866.9,63899.1,63424.0,63533.6,3259.002
1780592400000,63533.6,63703.6,62904.7,63505.4,5735.601
1780596000000,63505.4,64082.7,63111.6,63767.7,5475.743
1780599600000,63767.7,64121.5,63491.0,63597.3,3615.367
1780603200000,63597.3,63638.0,63150.0,63595.2,3328.092
1780606800000,63595.2,63848.3,63072.4,63244.8,3018.524
1780610400000,63244.8,63745.6,63150.0,63693.9,2985.202
1780614000000,63693.9,63893.6,63335.2,63849.1,2138.472
1780617600000,63849.1,63954.5,63354.0,63388.0,2033.065
1780621200000,63388.0,63538.5,63006.6,63340.7,2444.095
1780624800000,63340.7,63414.9,62558.0,62586.6,3793.763
1780628400000,62586.6,62854.4,62297.6,62695.3,4020.122
1780632000000,62695.3,63615.6,62444.4,63585.0,4415.854
1780635600000,63585.0,63684.4,62222.2,62293.5,7478.537
1780639200000,62293.5,62605.5,61076.6,61917.9,18100.996
1780642800000,61917.9,63087.9,61340.2,63080.1,10004.521
1780646400000,63080.1,63091.2,62245.7,62432.0,5346.55
1780650000000,62432.0,63268.5,62406.2,62830.5,5284.511
1780653600000,62830.5,62910.8,62349.7,62512.8,3402.536
1780657200000,62512.8,62621.0,61925.2,61925.2,4701.14
1780660800000,61925.2,62430.0,61582.0,61933.0,7544.003
1780664400000,61933.0,62313.4,60685.6,60695.4,12746.425
1780668000000,60695.4,61192.9,60285.7,60828.0,16094.21
1780671600000,60828.0,61093.4,60013.0,60400.7,14427.141
1780675200000,60400.7,61529.7,59718.5,61364.6,22813.271
1780678800000,61364.6,61490.0,60612.0,60786.2,4679.296
1780682400000,60786.2,60945.1,59101.6,59369.7,14671.572
1780686000000,59369.7,60431.4,59081.4,60269.6,10010.726
1780689600000,60269.6,61759.3,59902.9,61592.5,10317.932
1780693200000,61592.5,61992.8,61420.8,61643.7,6625.491
1780696800000,61643.7,61941.2,61118.1,61559.5,10101.457
1780700400000,61559.5,61757.2,60481.4,61026.6,7559.441
1780704000000,61026.6,61496.4,61021.1,61240.2,3515.778
1780707600000,61240.2,61350.0,60920.1,61028.6,2052.307
1780711200000,61028.6,61159.9,60642.0,60917.2,2315.59
1780714800000,60917.2,60936.2,60488.7,60661.7,2810.971
1780718400000,60661.7,60841.1,59428.7,60067.6,10724.246
1780722000000,60067.6,61056.2,59578.7,60920.8,11678.731
1780725600000,60920.8,61268.3,60656.3,60767.5,5202.444
1780729200000,60767.5,61224.6,60706.3,60975.3,3067.862
1780732800000,60975.3,61473.0,60850.1,61240.0,2652.737
1780736400000,61240.0,61297.7,60852.1,60953.4,1926.947
1780740000000,60953.4,60954.0,60073.8,60552.9,8077.374
1780743600000,60552.9,60934.0,60510.9,60771.6,2618.501
1780747200000,60771.6,61168.3,60601.3,60998.8,4414.005
1780750800000,60998.8,61078.2,60672.1,60779.8,1964.481
1780754400000,60779.8,60995.0,60740.7,60761.9,1332.227
1780758000000,60761.9,60902.1,60350.6,60754.3,4291.884
1780761600000,60754.3,60950.0,60428.9,60751.6,3130.775
1780765200000,60751.6,60818.5,60456.2,60548.4,2409.073
1780768800000,60548.4,60721.3,60365.4,60604.9,1820.456
1780772400000,60604.9,60750.0,60500.0,60557.8,1155.522
1780776000000,60557.8,60726.3,60484.3,60679.1,1285.012
1780779600000,60679.1,60967.8,60671.2,60720.1,2088.559
1780783200000,60720.1,60790.2,60394.0,60510.0,1651.972
1780786800000,60510.0,60914.5,60510.0,60855.6,1963.84
1780790400000,60855.6,60962.0,60711.1,60752.2,1222.669
1780794000000,60752.2,61633.7,60728.7,61451.0,7576.042
1780797600000,61451.0,61547.3,61150.2,61470.5,2636.852
1780801200000,61470.5,61747.0,61382.1,61668.6,2448.568
1780804800000,61668.6,61879.9,61443.2,61851.7,1919.091
1780808400000,61851.7,62169.0,61609.6,61711.1,4185.482
1780812000000,61711.1,62239.0,61580.0,62071.6,3702.532
1780815600000,62071.6,62381.8,61950.1,62368.6,3031.884
1780819200000,62368.6,62950.0,62220.1,62820.2,6678.061
1780822800000,62820.2,62872.9,62380.1,62507.9,3481.472
1780826400000,62507.9,62545.1,62270.0,62337.4,2422.429
1780830000000,62337.4,62731.3,62325.4,62598.2,2511.334
1780833600000,62598.2,62617.3,61524.5,61869.4,11342.813
1780837200000,61869.4,61878.5,61622.8,61671.4,2466.115
1780840800000,61671.4,62303.8,61668.2,61871.0,4666.941
1780844400000,61871.0,62191.6,61636.0,62070.7,3175.303
1780848000000,62070.7,62313.4,61930.5,62052.8,2194.397
1780851600000,62052.8,62303.6,62013.5,62124.8,1564.168
1780855200000,62124.8,62264.4,61976.5,61996.6,1052.093
1780858800000,61996.6,62003.8,61138.5,61299.8,7944.998
1780862400000,61299.8,61940.6,61178.7,61840.9,4242.449
1780866000000,61840.9,61994.5,61614.1,61749.9,3219.427
1780869600000,61749.9,64250.0,61685.0,62833.6,21486.058
1780873200000,62833.6,63437.5,62771.5,63306.5,3123.302
1780876800000,63306.5,63842.9,63110.2,63604.2,3719.167
1780880400000,63604.2,63623.1,62678.8,63183.8,3828.36
1780884000000,63183.8,63231.4,62880.5,63093.0,1773.771
1780887600000,63093.0,63432.1,62929.8,63095.9,1865.876
1780891200000,63095.9,63141.4,62600.1,62650.1,1985.566
1780894800000,62650.1,62792.9,62374.0,62736.1,2879.831
1780898400000,62736.1,63118.0,62701.4,62963.9,2416.693
1780902000000,62963.9,63331.4,62778.0,63263.5,2976.585
1780905600000,63263.5,63263.5,62951.3,63105.5,1635.146
1780909200000,63105.5,63571.6,63093.4,63466.2,3145.052
1780912800000,63466.2,63536.0,63064.5,63129.4,2908.675
1780916400000,63129.4,63888.6,63010.3,63451.4,5189.049
1780920000000,63451.4,63935.0,62672.7,63840.0,10509.74
1780923600000,63840.0,63932.6,63330.3,63726.4,5826.68
1780927200000,63726.4,64070.0,63534.4,63940.9,5568.437
1780930800000,63940.9,64220.9,63671.1,63745.6,6715.108
1780934400000,63745.6,64025.9,63434.8,63501.6,4056.076
1780938000000,63501.6,63623.5,63226.3,63526.1,3681.355
1780941600000,63526.1,63665.3,63303.0,63438.5,1704.968
1780945200000,63438.5,63573.9,63320.1,63342.1,1261.11
1780948800000,63342.1,63456.4,63065.9,63456.3,3026.192
1780952400000,63456.3,63840.7,63453.4,63694.3,2383.594
1780956000000,63694.3,63694.3,63177.5,63406.4,2271.156
1780959600000,63406.4,63567.7,62939.0,63056.4,2934.375
1780963200000,63056.4,63155.2,62386.1,62522.8,6510.404
1780966800000,62522.8,62844.3,62515.2,62731.1,2108.696
1780970400000,62731.1,62841.6,62505.4,62841.6,1475.772
1780974000000,62841.6,62943.0,62668.3,62844.7,2066.546
1780977600000,62844.7,63407.7,62718.5,63209.7,5323.849
1780981200000,63209.7,63501.0,63089.1,63317.9,1959.252
1780984800000,63317.9,63481.8,63194.4,63275.1,1460.036
1780988400000,63275.1,63422.9,62977.7,63170.6,2621.974
1780992000000,63170.6,63182.3,62730.5,62814.5,4183.145
1780995600000,62814.5,62937.1,62547.4,62685.6,2769.407
1780999200000,62685.6,62797.4,62544.4,62749.0,2031.178
1781002800000,62749.0,62778.3,62462.9,62676.2,2504.465
1781006400000,62676.2,62878.0,62385.4,62611.9,3778.586
1781010000000,62611.9,62706.1,62130.0,62245.4,6882.856
1781013600000,62245.4,62368.4,61111.0,61514.1,13235.627
1781017200000,61514.1,61683.3,61000.3,61104.9,7625.835
1781020800000,61104.9,61475.0,60705.0,61362.0,11381.499
1781024400000,61362.0,61877.1,61362.0,61667.7,6679.208
1781028000000,61667.7,61954.5,61565.8,61760.6,3546.046
1781031600000,61760.6,62087.1,61690.9,62071.5,3823.956
1781035200000,62071.5,62250.1,61920.7,62138.3,2631.402
1781038800000,62138.3,62150.0,61658.3,61742.3,2936.352
1781042400000,61742.3,61956.4,61630.0,61689.3,2156.824
1781046000000,61689.3,61855.9,61520.0,61699.9,2980.944
1781049600000,61699.9,61914.0,61423.0,61889.2,2717.707
1781053200000,61889.2,61948.5,61551.9,61690.7,2092.285
1781056800000,61690.7,61813.0,61206.0,61278.3,2744.971
1781060400000,61278.3,61563.2,61256.0,61517.2,1544.417
1781064000000,61517.2,61530.0,61141.2,61266.1,1816.796
1781067600000,61266.1,61365.2,61039.8,61320.7,2253.371
1781071200000,61320.7,61495.4,61107.5,61432.0,2346.702
1781074800000,61432.0,61766.4,61398.1,61655.2,2496.15
1781078400000,61655.2,61702.6,61121.3,61227.1,3558.845
1781082000000,61227.1,61392.5,60614.5,61307.1,5036.002
1781085600000,61307.1,61428.6,61117.4,61356.0,1549.625
1781089200000,61356.0,61409.4,60824.0,60998.0,4078.419
1781092800000,60998.0,61926.5,60917.1,61533.1,7800.657
1781096400000,61533.1,62438.7,61409.4,62120.8,8253.073
1781100000000,62120.8,62235.8,61779.8,62171.7,5161.315
1781103600000,62171.7,62846.8,61822.4,62606.5,8439.952
1781107200000,62606.5,62620.0,61893.6,62198.4,4858.066
1781110800000,62198.4,62335.0,61615.3,61947.3,6438.745
1781114400000,61947.3,62132.3,61550.4,61860.0,2139.372
1781118000000,61860.0,62035.6,61649.6,61916.4,2416.303
1781121600000,61916.4,61922.3,61651.0,61769.3,2148.664
1781125200000,61769.3,61769.7,61152.3,61324.4,4328.468
1781128800000,61324.4,61550.0,61069.5,61350.6,4460.522
1781132400000,61350.6,61576.6,61127.4,61476.4,2235.839
1781136000000,61476.4,61951.9,61476.4,61792.7,3144.547
1781139600000,61792.7,62384.9,61791.3,62179.3,2931.723
1781143200000,62179.3,62279.8,61914.6,62118.3,2019.766
1781146800000,62118.3,63023.2,61964.7,62671.5,8775.707
1781150400000,62671.5,62835.2,62522.5,62702.5,2092.491
1781154000000,62702.5,62705.0,62537.1,62587.5,1549.413
1781157600000,62587.5,63037.9,62518.2,62733.0,2814.272
1781161200000,62733.0,62822.8,62580.9,62692.6,1622.169
1781164800000,62692.6,63026.9,62692.1,62931.0,1733.548
1781168400000,62931.0,62974.9,62763.4,62899.6,1720.878
1781172000000,62899.6,63199.3,62778.3,63113.6,2090.946
1781175600000,63113.6,63235.9,63014.0,63075.2,2150.427
1781179200000,63075.2,63175.0,62468.2,62974.1,7222.8
1781182800000,62974.1,63216.6,62649.8,63052.3,4406.484
1781186400000,63052.3,63075.9,62697.6,62700.6,3196.352
1781190000000,62700.6,62858.9,62505.6,62726.3,3182.979
1781193600000,62726.3,62819.9,62518.2,62548.0,2227.988
1781197200000,62548.0,63670.5,62315.0,63616.6,11500.613
1781200800000,63616.6,63776.8,63301.0,63428.6,4613.308
1781204400000,63428.6,63900.0,63370.0,63580.1,5573.89
1781208000000,63580.1,63645.7,63239.8,63369.1,2554.928
1781211600000,63369.1,63583.8,63369.1,63494.3,1264.685
1781215200000,63494.3,63648.7,63435.5,63473.1,860.522
1781218800000,63473.1,63699.9,63331.6,63600.0,1367.872
1781222400000,63600.0,63780.0,63496.1,63618.5,1375.632
1781226000000,63618.5,63618.5,63258.0,63397.7,1984.384
1781229600000,63397.7,63757.6,63397.6,63593.9,1640.045
1781233200000,63593.9,63623.0,63307.2,63494.7,1033.181
1781236800000,63494.7,63849.6,63392.5,63670.6,1991.791
1781240400000,63670.6,63696.8,63267.6,63323.7,2517.555
1781244000000,63323.7,63384.8,62810.0,62955.2,3905.938
1781247600000,62955.2,63194.6,62917.7,63063.2,2140.331
1781251200000,63063.2,63600.0,63061.0,63442.1,2852.214
1781254800000,63442.1,63934.9,63403.5,63730.1,4022.306
1781258400000,63730.1,63836.8,63556.2,63667.9,1751.334
1781262000000,63667.9,63863.8,63649.3,63730.5,1599.659
1781265600000,63730.5,63753.7,63348.0,63432.5,2440.168
1781269200000,63432.5,63509.9,63010.1,63201.6,4149.529
1781272800000,63201.6,63988.8,63153.7,63979.9,6240.269
1781276400000,63979.9,64371.8,63515.0,63565.7,10585.816
1781280000000,63565.7,63979.9,63477.3,63954.0,3866.821
1781283600000,63954.0,64080.8,63698.8,63832.9,1933.493
1781287200000,63832.9,63906.4,63640.6,63659.3,1441.054
1781290800000,63659.3,63791.8,63534.9,63549.1,1318.115
1781294400000,63549.1,63666.9,63358.7,63423.4,1432.297
1781298000000,63423.4,63605.3,63405.8,63448.9,1189.983
1781301600000,63448.9,63632.1,63434.1,63477.7,912.76
1781305200000,63477.7,63556.3,63388.2,63547.1,869.698
1781308800000,63547.1,63620.0,63476.6,63577.0,725.67
1781312400000,63577.0,63816.6,63575.7,63800.0,1600.152
1781316000000,63800.0,63800.0,63496.1,63613.8,1198.719
1781319600000,63613.8,63697.0,63372.8,63493.9,1026.718
1781323200000,63493.9,63619.4,63445.8,63475.3,511.323
1781326800000,63475.3,63590.9,63455.8,63556.4,810.19
1781330400000,63556.4,63715.9,63515.4,63700.8,974.007
1781334000000,63700.8,63867.3,63642.9,63821.6,2628.839
1781337600000,63821.6,63888.0,63729.9,63769.8,1517.519
1781341200000,63769.8,63837.2,63697.8,63712.0,670.832
1781344800000,63712.0,63898.5,63694.6,63812.9,811.161
1781348400000,63812.9,63947.9,63812.3,63936.3,1006.155
1781352000000,63936.3,64188.8,63884.7,64105.5,2350.228
1781355600000,64105.5,64234.0,64004.8,64065.1,1939.319
1781359200000,64065.1,64203.5,64055.7,64196.7,726.574
1781362800000,64196.7,64316.4,64141.5,64263.6,1843.547
1781366400000,64263.6,64278.8,63876.1,63997.4,4458.131
1781370000000,63997.4,64095.7,63903.7,63943.0,1208.212
1781373600000,63943.0,64253.1,63942.9,64124.1,1375.173
1781377200000,64124.1,64310.9,64110.1,64267.0,895.13
1781380800000,64267.0,64267.0,64197.4,64258.3,515.888
1781384400000,64258.3,64746.9,64185.1,64439.7,3687.858
1781388000000,64439.7,64537.9,64349.5,64419.4,1101.076
1781391600000,64419.4,64565.4,64350.1,64416.6,1186.619
1781395200000,64416.6,64550.0,64337.8,64525.0,952.648
1781398800000,64525.0,64685.9,64465.7,64543.2,1040.836
1781402400000,64543.2,64609.7,64435.1,64451.2,517.241
1781406000000,64451.2,64512.7,64422.8,64508.8,633.942
1781409600000,64508.8,64528.3,64280.0,64303.6,944.888
1781413200000,64303.6,64380.0,64260.1,64328.5,743.395
1781416800000,64328.5,64446.6,64203.9,64257.8,1160.522
1781420400000,64257.8,64420.0,64176.6,64401.5,1185.626
1781424000000,64401.5,64490.4,64358.0,64428.8,813.577
1781427600000,64428.8,64598.8,64288.2,64584.7,1207.054
1781431200000,64584.7,64641.8,64465.5,64489.2,1212.985
1781434800000,64489.2,64608.8,64420.0,64516.1,916.298
1781438400000,64516.1,64533.1,64269.3,64300.6,1457.66
1781442000000,64300.6,64367.1,64207.6,64288.0,1027.51
1781445600000,64288.0,64312.0,63831.0,63959.2,3507.509
1781449200000,63959.2,64119.1,63951.2,63991.6,1854.393
1781452800000,63991.6,64211.1,63895.3,63913.1,1527.455
1781456400000,63913.1,64000.0,63643.7,63707.7,2487.515
1781460000000,63707.7,63788.0,63654.0,63785.0,1033.963
1781463600000,63785.0,63830.5,63703.2,63775.1,693.591
1781467200000,63775.1,64069.0,63760.9,63975.6,1665.827
1781470800000,63975.6,65677.0,63971.9,65286.6,15479.655
1781474400000,65286.6,65550.9,64920.0,65389.1,6649.998
1781478000000,65389.1,65770.0,65219.3,65710.0,3755.289
1781481600000,65710.0,65899.2,65452.0,65597.6,3058.166
1781485200000,65597.6,65690.6,65317.0,65487.0,1704.694
1781488800000,65487.0,65759.1,65384.0,65430.6,1288.745
1781492400000,65430.6,65983.0,65392.0,65895.4,2471.308
1781496000000,65895.4,65895.4,65599.3,65608.4,1220.161
1781499600000,65608.4,65842.4,65564.4,65826.4,1496.929
1781503200000,65826.4,65933.0,65735.1,65774.8,1768.368
1781506800000,65774.8,65997.9,65602.5,65644.0,2242.807
1781510400000,65644.0,65776.7,65589.0,65627.1,1344.821
1781514000000,65627.1,65770.0,65468.6,65563.8,1300.293
1781517600000,65563.8,66019.2,65548.5,65888.3,2999.245
1781521200000,65888.3,66372.8,65811.7,66202.4,6749.319
1781524800000,66202.4,66597.6,66067.3,66530.7,4891.011
1781528400000,66530.7,66916.9,66377.2,66418.7,9111.236
1781532000000,66418.7,66648.2,66267.3,66552.0,3374.29
1781535600000,66552.0,67276.0,66542.9,67256.4,5851.156
1781539200000,67256.4,67265.8,67058.2,67128.1,3151.069
1781542800000,67128.1,67128.2,66645.0,66823.6,3637.672
1781546400000,66823.6,66917.2,66688.0,66733.6,1468.192
1781550000000,66733.6,66863.1,66275.2,66580.1,3555.767
1781553600000,66580.1,66656.3,66457.2,66491.0,1416.975
1781557200000,66491.0,66537.6,66301.1,66337.2,987.452
1781560800000,66337.2,66441.0,66060.1,66176.8,2768.303
1781564400000,66176.8,66337.5,66092.0,66287.2,1162.003
1781568000000,66287.2,66434.7,66202.2,66218.7,1455.093
1781571600000,66218.7,66392.8,66207.8,66313.7,888.437
1781575200000,66313.7,66341.8,65605.5,65707.4,5953.979
1781578800000,65707.4,66130.0,65606.9,66121.5,3134.729
1781582400000,66121.5,66247.5,65763.1,65807.3,2404.469
1781586000000,65807.3,66113.7,65807.2,66024.6,1484.87
1781589600000,66024.6,66566.9,66024.5,66400.1,3333.594
1781593200000,66400.1,66494.2,66270.0,66338.4,1342.213
1781596800000,66338.4,66970.0,66304.8,66864.5,3959.786
1781600400000,66864.5,66908.1,66433.4,66479.8,2749.007
1781604000000,66479.8,66760.0,66453.2,66480.0,2839.295
1781607600000,66480.0,66621.8,66336.8,66460.3,1608.954
1781611200000,66460.3,66795.3,66328.9,66395.8,3169.019
1781614800000,66395.8,66444.5,65896.7,66021.0,5028.07
1781618400000,66021.0,66243.5,65327.4,65632.4,6802.505
1781622000000,65632.4,65969.0,65579.9,65835.3,2953.737
1781625600000,65835.3,65930.8,65671.2,65730.5,1468.146
1781629200000,65730.5,65992.3,65675.7,65949.1,1456.226
1781632800000,65949.1,66263.6,65770.6,65817.7,2590.558
1781636400000,65817.7,65817.7,65525.0,65656.3,1957.243
1781640000000,65656.3,65838.5,65558.8,65826.9,964.706
1781643600000,65826.9,65918.4,65624.0,65748.7,1016.57
1781647200000,65748.7,65850.0,65650.0,65748.5,597.277
1781650800000,65748.5,65810.1,65588.5,65640.0,995.034
1781654400000,65640.0,65827.4,65640.0,65681.7,1119.934
1781658000000,65681.7,65922.0,65421.3,65902.6,2161.801
1781661600000,65902.6,66108.3,65750.0,65875.4,2025.565
1781665200000,65875.4,65875.4,65680.8,65828.4,818.571
1781668800000,65828.4,66020.9,65765.7,65863.0,587.863
1781672400000,65863.0,65952.3,65708.4,65801.2,631.769
1781676000000,65801.2,65867.4,65534.4,65593.3,1380.419
1781679600000,65593.3,65685.1,65159.5,65505.9,4399.962
1781683200000,65505.9,65545.3,64805.0,64896.4,5217.931
1781686800000,64896.4,65053.7,64818.3,64889.9,1761.074
1781690400000,64889.9,64977.3,64731.0,64771.2,1706.709
1781694000000,64771.2,64832.0,64529.6,64773.7,3537.664
1781697600000,64773.7,65103.0,64552.6,65007.3,3675.185
1781701200000,65007.3,65332.1,64807.0,65239.4,3831.117
1781704800000,65239.4,65439.0,64729.2,65068.5,4386.436
1781708400000,65068.5,65838.6,64950.3,65712.8,5798.438
1781712000000,65712.8,66444.7,65673.7,65837.2,6724.958
1781715600000,65837.2,66180.0,65767.8,66081.8,2154.709
1781719200000,66081.8,66081.8,64734.0,65479.0,13996.248
1781722800000,65479.0,65643.0,64001.8,64267.2,14470.19
1781726400000,64267.2,64454.2,64146.0,64397.5,2905.414
1781730000000,64397.5,64419.5,64101.0,64220.8,1500.176
1781733600000,64220.8,64406.8,63869.6,64266.5,2896.005
1781737200000,64266.5,64502.8,64219.3,64476.6,1580.866
1781740800000,64476.6,64678.5,64420.4,64434.8,1299.541
1781744400000,64434.8,64781.8,64434.7,64522.1,1177.429
1781748000000,64522.1,64750.4,64445.6,64649.2,1131.161
1781751600000,64649.2,64653.4,64220.0,64255.4,2481.136
1781755200000,64255.4,64307.2,63752.1,63847.0,3911.855
1781758800000,63847.0,63993.3,63656.3,63957.7,3014.306
1781762400000,63957.7,64096.8,63811.1,64050.8,1972.411
1781766000000,64050.8,64478.2,63979.9,64467.1,2790.52
1781769600000,64467.1,64619.4,64341.0,64368.4,3038.031
1781773200000,64368.4,64450.0,64148.3,64177.0,1764.638
1781776800000,64177.0,64199.9,63881.6,64049.3,3366.292
1781780400000,64049.3,64174.5,63851.1,63943.0,2288.688
1781784000000,63943.0,64368.5,63885.5,64337.0,2793.034
1781787600000,64337.0,64409.8,63753.0,63948.1,5457.902
1781791200000,63948.1,64176.0,63500.0,63780.0,6681.831
1781794800000,63780.0,63798.2,62216.9,62326.1,20919.829
1781798400000,62326.1,62778.7,62299.9,62653.2,7310.18
1781802000000,62653.2,62710.0,62216.4,62557.8,4545.474
1781805600000,62557.8,62920.1,62533.5,62669.7,4613.884
1781809200000,62669.7,62971.6,62589.7,62915.9,2267.969
1781812800000,62915.9,63238.3,62915.9,63054.6,2581.305
1781816400000,63054.6,63093.1,62829.0,62934.2,1877.331
1781820000000,62934.2,62970.2,62703.9,62848.2,1291.993
1781823600000,62848.2,62955.5,62715.9,62920.1,844.973
1781827200000,62920.1,63061.2,62807.3,62988.7,1035.593
1781830800000,62988.7,63066.7,62802.8,62988.0,1093.037
1781834400000,62988.0,63076.6,62848.6,62970.4,924.578
1781838000000,62970.4,63000.0,62345.3,62742.7,5682.095
1781841600000,62742.7,62888.6,62365.1,62421.6,3123.756
1781845200000,62421.6,62715.6,62401.3,62700.0,2281.855
1781848800000,62700.0,62887.4,62684.7,62857.2,1416.231
1781852400000,62857.2,62885.9,62460.9,62589.8,2731.943
1781856000000,62589.8,62755.5,62497.1,62569.4,1388.847
1781859600000,62569.4,62621.5,62271.6,62355.1,2708.482
1781863200000,62355.1,62564.2,62345.1,62495.7,2202.27
1781866800000,62495.7,62650.0,62409.6,62596.7,1648.17
1781870400000,62596.7,62845.8,62309.7,62792.5,3593.803
1781874000000,62792.5,63397.3,62620.1,63168.4,6544.002
1781877600000,63168.4,63380.0,62966.2,63165.9,3257.19
1781881200000,63165.9,63260.4,62981.9,63187.0,1739.316
1781884800000,63187.0,63363.5,62891.9,62938.9,3104.727
1781888400000,62938.9,63198.0,62827.2,63161.0,2066.186
1781892000000,63161.0,63168.4,62951.7,63079.5,666.239
1781895600000,63079.5,63111.2,62909.2,62999.9,903.164
1781899200000,62999.9,63255.0,62926.9,63216.8,973.497
1781902800000,63216.8,63249.4,63019.7,63048.5,706.626
1781906400000,63048.5,63347.0,63020.6,63284.0,835.515
1781910000000,63284.0,63641.1,63237.3,63508.9,2576.113
1781913600000,63508.9,63767.2,63430.3,63493.0,2778.922
1781917200000,63493.0,63590.5,63369.2,63546.2,890.286
1781920800000,63546.2,63546.2,63302.7,63304.6,959.157
1781924400000,63304.6,63478.0,63286.0,63443.1,517.436
1781928000000,63443.1,63585.0,63365.0,63552.1,655.279
1781931600000,63552.1,63945.7,63505.3,63645.9,3758.557
1781935200000,63645.9,63732.0,63605.6,63704.2,846.833
1781938800000,63704.2,63766.3,63560.0,63624.3,1458.622
1781942400000,63624.3,63633.2,63360.0,63393.9,2289.201
1781946000000,63393.9,63760.7,63390.6,63703.1,1501.646
1781949600000,63703.1,63748.2,63561.8,63651.0,1029.575
1781953200000,63651.0,63790.4,63583.3,63652.9,1029.363
1781956800000,63652.9,63762.6,63514.5,63624.3,2152.037
1781960400000,63624.3,63624.4,63238.3,63369.6,2846.87
1781964000000,63369.6,64143.0,63154.5,63925.7,6418.139
1781967600000,63925.7,64356.6,63810.0,64135.6,5063.512
1781971200000,64135.6,64140.6,63871.0,64000.1,1790.261
1781974800000,64000.1,64015.9,63700.8,63811.3,1765.254
1781978400000,63811.3,63902.2,63750.4,63775.3,684.484
1781982000000,63775.3,63935.6,63761.1,63908.6,585.411
1781985600000,63908.6,63957.2,63822.7,63905.0,440.764
1781989200000,63905.0,64065.9,63890.1,63983.8,568.285
1781992800000,63983.8,64339.3,63957.0,64242.0,1521.592
1781996400000,64242.0,64315.8,64219.9,64265.4,681.701
1782000000000,64265.4,64293.4,64199.4,64264.6,780.423
1782003600000,64264.6,64298.0,64169.2,64214.2,747.422
1782007200000,64214.2,64245.5,64182.4,64210.6,483.795
1782010800000,64210.6,64449.0,64200.0,64394.1,1444.122
1782014400000,64394.1,64589.1,64232.7,64249.4,1721.53
1782018000000,64249.4,64337.3,64174.2,64226.4,867.901
1782021600000,64226.4,64299.4,64156.7,64267.3,608.533
1782025200000,64267.3,64269.7,64137.0,64158.5,911.99
1782028800000,64158.5,64200.0,63867.9,63992.7,1768.745
1782032400000,63992.7,64220.0,63931.0,64180.9,1565.833
1782036000000,64180.9,64374.0,64168.1,64334.7,1440.291
1782039600000,64334.7,64452.2,64069.4,64140.0,2627.778
1782043200000,64140.0,64205.5,63915.6,64162.3,2227.153
1782046800000,64162.3,64162.3,63974.6,64113.6,960.621
1782050400000,64113.6,64125.5,63962.0,64115.1,787.145
1782054000000,64115.1,64327.1,64083.3,64194.3,1355.676
1782057600000,64194.3,64227.2,64002.9,64111.1,1049.897
1782061200000,64111.1,64193.8,64032.0,64110.0,538.625
1782064800000,64110.0,64212.6,63909.8,64174.8,1142.069
1782068400000,64174.8,64267.5,64127.4,64169.9,401.638
1782072000000,64169.9,64239.7,63648.0,63817.9,2527.478
1782075600000,63817.9,63935.2,63467.9,63773.6,4014.926
1782079200000,63773.6,63836.9,63538.2,63767.4,2350.239
1782082800000,63767.4,63767.4,63209.3,63283.4,3785.325
1782086400000,63283.4,64084.7,63279.8,63870.9,5593.869
1782090000000,63870.9,64827.6,63822.8,64572.8,7495.692
1782093600000,64572.8,64649.3,64207.8,64225.0,1845.182
1782097200000,64225.0,64434.6,63859.1,63931.6,3783.949
1782100800000,63931.6,64088.1,63835.0,64062.5,1646.462
1782104400000,64062.5,64313.3,64052.1,64221.1,1690.324
1782108000000,64221.1,64307.1,63916.9,63961.0,1623.857
1782111600000,63961.0,64387.6,63931.3,64184.1,2763.995
1782115200000,64184.1,64325.7,64008.7,64136.9,1432.056
1782118800000,64136.9,64233.0,64016.4,64115.1,702.844
1782122400000,64115.1,64252.8,64047.8,64112.6,676.622
1782126000000,64112.6,64757.2,64070.0,64630.4,5777.228
1782129600000,64630.4,65200.0,64558.4,65122.5,8422.347
1782133200000,65122.5,65571.0,64917.8,65550.0,7093.722
1782136800000,65550.0,65596.0,64790.6,64937.7,7621.979
1782140400000,64937.7,65110.9,64718.0,64801.0,3347.359
1782144000000,64801.0,64828.5,64482.3,64689.0,4941.665
1782147600000,64689.0,64743.5,64350.0,64577.9,2806.941
1782151200000,64577.9,64707.0,64270.1,64306.9,3229.932
1782154800000,64306.9,64469.9,64203.5,64445.2,3081.452
1782158400000,64445.2,64635.0,64311.4,64407.0,2294.439
1782162000000,64407.0,64456.6,64104.9,64287.8,2295.544
1782165600000,64287.8,64370.1,63771.0,63941.1,3149.748
1782169200000,63941.1,64024.9,63843.0,63989.3,1200.229
1782172800000,63989.3,64135.8,63796.9,64120.0,2074.423
1782176400000,64120.0,64252.8,63860.0,64118.0,3515.284
1782180000000,64118.0,64243.1,64003.5,64164.0,1050.391
1782183600000,64164.0,64173.7,63938.0,64035.1,1022.62
1782187200000,64035.1,64063.7,63581.0,63597.9,2670.724
1782190800000,63597.9,63708.5,63323.7,63368.0,3543.748
1782194400000,63368.0,63375.1,62530.0,62907.4,9760.97
1782198000000,62907.4,63064.1,62831.7,62853.8,3077.632
1782201600000,62853.8,62916.5,61878.4,62344.8,11962.546
1782205200000,62344.8,62470.0,62300.0,62344.6,2338.116
1782208800000,62344.6,62555.3,62203.7,62280.4,2625.107
1782212400000,62280.4,62626.3,62280.4,62470.1,2799.683
1782216000000,62470.1,62522.4,62125.1,62230.6,2436.971
1782219600000,62230.6,62511.1,61921.9,62449.5,7025.878
1782223200000,62449.5,62822.5,62360.9,62461.2,6693.334
1782226800000,62461.2,62480.0,62166.2,62459.2,4347.76
1782230400000,62459.2,62804.4,62393.7,62519.4,3294.412
1782234000000,62519.4,62661.9,62288.5,62323.8,1909.404
1782237600000,62323.8,62421.7,62068.0,62210.4,2318.349
1782241200000,62210.4,62449.8,62197.4,62358.3,1757.59
1782244800000,62358.3,62514.6,62337.5,62437.1,1115.983
1782248400000,62437.1,62631.8,62437.1,62562.0,924.643
1782252000000,62562.0,62748.0,62482.3,62559.0,1702.284
1782255600000,62559.0,62772.3,62458.6,62693.7,995.641
1782259200000,62693.7,62999.0,62692.2,62984.9,2283.793
1782262800000,62984.9,63113.4,62741.8,62909.6,2216.59
1782266400000,62909.6,62990.9,62573.1,62602.2,1989.629
1782270000000,62602.2,62804.0,62427.0,62707.1,1661.298
1782273600000,62707.1,62770.0,62501.0,62719.2,1294.93
1782277200000,62719.2,63060.4,62677.0,62859.1,1763.447
1782280800000,62859.1,62884.0,62691.4,62756.2,930.247
1782284400000,62756.2,62820.7,62577.0,62629.9,1541.515
1782288000000,62629.9,62782.8,62574.0,62767.8,996.894
1782291600000,62767.8,62768.7,62603.0,62652.0,664.225
1782295200000,62652.0,62657.1,62383.0,62412.1,1601.013
1782298800000,62412.1,63232.7,62277.0,62887.9,4965.059
1782302400000,62887.9,62950.0,62536.8,62589.8,2359.118
1782306000000,62589.8,62604.5,61220.1,61300.3,16591.334
1782309600000,61300.3,61437.4,60841.0,61075.2,13311.885
1782313200000,61075.2,61114.0,60220.0,60238.3,10349.104
1782316800000,60238.3,60637.1,59554.0,59806.9,14109.126
1782320400000,59806.9,60023.5,59065.8,59362.0,12068.525
1782324000000,59362.0,59890.0,59261.7,59571.2,6736.817
1782327600000,59571.2,59971.7,59482.3,59923.7,3913.961
1782331200000,59923.7,61176.2,59814.4,60927.4,13004.169
1782334800000,60927.4,61117.0,60624.2,61076.3,3226.158
1782338400000,61076.3,61239.6,60768.0,60850.1,3650.371
1782342000000,60850.1,61087.9,60798.2,61054.7,2059.517
1782345600000,61054.7,61146.0,60690.5,60785.2,3011.123
1782349200000,60785.2,60958.4,60684.8,60885.0,1383.06
1782352800000,60885.0,60933.4,60665.2,60761.3,1432.976
1782356400000,60761.3,60875.2,60650.0,60853.3,1398.521
1782360000000,60853.3,61383.1,60755.1,61322.7,3365.237
1782363600000,61322.7,61794.4,61250.0,61565.1,5420.788
1782367200000,61565.1,61819.0,61565.1,61694.5,2056.203
1782370800000,61694.5,61942.3,61630.2,61881.2,2850.404
1782374400000,61881.2,61894.7,61643.5,61684.3,1955.729
1782378000000,61684.3,61763.8,61577.6,61699.7,1082.571
1782381600000,61699.7,61724.1,61231.5,61237.2,4267.208
1782385200000,61237.2,61395.9,61031.2,61252.3,4248.221
1782388800000,61252.3,61765.8,61043.5,61203.2,5806.381
1782392400000,61203.2,61333.4,58042.6,58259.6,25947.062
1782396000000,58259.6,60463.4,58253.9,59434.4,31889.383
1782399600000,59434.4,59625.1,58799.8,59531.7,10751.735
1782403200000,59531.7,60037.7,59121.3,59275.8,8059.42
1782406800000,59275.8,59708.8,59103.7,59650.3,4608.383
1782410400000,59650.3,59766.0,59328.5,59481.7,4486.639
1782414000000,59481.7,59488.8,59139.1,59295.3,3529.079
1782417600000,59295.3,59722.8,59290.8,59430.0,3531.781
1782421200000,59430.0,60236.8,59423.5,60180.3,3388.836
1782424800000,60180.3,60180.3,59702.8,59812.9,3303.322
1782428400000,59812.9,60166.7,59707.2,59767.3,3494.041
1782432000000,59767.3,59880.4,59600.2,59628.7,2519.37
1782435600000,59628.7,59758.5,59200.0,59408.0,3247.27
1782439200000,59408.0,59425.0,58310.0,58535.5,11861.088
1782442800000,58535.5,60101.7,58289.5,60003.6,10241.018
1782446400000,60003.6,60237.4,59800.0,59895.5,3546.801
1782450000000,59895.5,60027.4,59701.0,59914.8,2268.939
1782453600000,59914.8,60432.0,59672.2,60299.7,4569.52
1782457200000,60299.7,60731.3,60250.4,60487.0,5215.023
1782460800000,60487.0,60539.3,60113.1,60215.4,3581.155
1782464400000,60215.4,60228.5,59551.1,59706.9,5125.451
1782468000000,59706.9,59837.4,59214.1,59291.4,3717.142
1782471600000,59291.4,59568.5,59232.1,59389.2,2955.168
1782475200000,59389.2,59987.2,58936.3,59159.9,10998.843
1782478800000,59159.9,60181.2,58450.0,60141.8,17416.331
1782482400000,60141.8,60272.9,59359.0,59566.4,8442.252
1782486000000,59566.4,60475.3,59557.9,60291.9,7323.713
1782489600000,60291.9,60585.0,59936.0,60011.8,4099.53
1782493200000,60011.8,60266.0,59919.7,59996.0,1766.508
1782496800000,59996.0,60133.4,59505.0,59644.2,2620.093
1782500400000,59644.2,60091.5,59584.7,59735.5,3258.379
1782504000000,59735.5,59973.2,59541.5,59690.4,2678.933
1782507600000,59690.4,60031.9,59646.8,59882.8,1795.13
1782511200000,59882.8,60057.7,59720.4,60009.9,874.256
1782514800000,60009.9,60090.0,59898.0,60073.4,1036.237
1782518400000,60073.4,60174.4,59839.4,60032.2,1286.307
1782522000000,60032.2,60045.2,59900.0,59920.8,407.865
1782525600000,59920.8,60350.0,59888.9,60251.4,1717.054
1782529200000,60251.4,60392.0,60131.6,60277.2,1484.638
1782532800000,60277.2,60450.0,60176.4,60214.0,1247.658
1782536400000,60214.0,60284.2,60101.0,60206.7,854.857
1782540000000,60206.7,60472.1,60082.3,60342.8,1757.629
1782543600000,60342.8,60557.7,60263.2,60525.6,1700.261
1782547200000,60525.6,60525.6,60343.4,60419.1,965.484
1782550800000,60419.1,60479.4,60258.1,60389.7,790.058
1782554400000,60389.7,60465.8,60341.7,60390.6,607.773
1782558000000,60390.6,60431.1,60170.0,60335.4,1274.031
1782561600000,60335.4,60407.8,60209.5,60396.5,1304.756
1782565200000,60396.5,60642.6,60351.8,60548.1,1593.881
1782568800000,60548.1,60699.0,60473.1,60579.1,1499.196
1782572400000,60579.1,60918.3,60530.6,60812.8,3632.355
1782576000000,60812.8,60823.3,60631.0,60781.4,1523.395
1782579600000,60781.4,60792.8,60382.0,60490.3,3014.891
1782583200000,60490.3,60540.2,60411.1,60530.6,1178.073
1782586800000,60530.6,60572.6,60025.0,60141.3,2976.516
1782590400000,60141.3,60276.7,60135.6,60270.8,567.954
1782594000000,60270.8,60450.0,60096.2,60165.7,2109.308
1782597600000,60165.7,60231.0,59807.5,60198.4,2325.47
1782601200000,60198.4,60296.0,59908.7,59995.3,1523.672
1782604800000,59995.3,60163.7,59977.2,60119.1,1047.543
1782608400000,60119.1,60242.8,59943.5,60189.9,1086.579
1782612000000,60189.9,60308.4,60016.4,60116.7,670.34
1782615600000,60116.7,60258.7,60113.7,60169.7,518.083
1782619200000,60169.7,60204.8,60060.5,60108.7,469.366
1782622800000,60108.7,60112.9,59715.9,59954.4,2772.157
1782626400000,59954.4,59999.9,59767.0,59966.8,973.329
1782630000000,59966.8,60236.4,59962.5,60188.8,1662.051
1782633600000,60188.8,60522.5,60109.5,60337.4,1772.623
1782637200000,60337.4,60444.0,60220.0,60228.2,874.918
1782640800000,60228.2,60270.0,60032.7,60136.0,1148.735
1782644400000,60136.0,60348.7,60084.2,60320.4,1099.742
1782648000000,60320.4,60443.5,60164.8,60267.1,1122.847
1782651600000,60267.1,60267.1,59933.0,60042.5,1942.086
1782655200000,60042.5,60224.0,59979.4,60000.0,1284.857
1782658800000,60000.0,60108.0,59784.9,59862.2,1942.344
1782662400000,59862.2,59919.6,59545.2,59657.3,3463.816
1782666000000,59657.3,59825.5,59348.1,59553.1,2853.573
1782669600000,59553.1,59675.4,59466.8,59581.3,1331.24
1782673200000,59581.3,59671.7,59225.4,59450.6,3264.353
1782676800000,59450.6,59742.8,59444.0,59622.2,1816.214
1782680400000,59622.2,59779.6,59300.0,59416.5,2306.593
1782684000000,59416.5,59882.3,58860.0,59037.1,5683.089
1782687600000,59037.1,59821.1,58972.7,59550.4,4000.335
1782691200000,59550.4,59680.0,58961.8,59634.8,5654.009
1782694800000,59634.8,59672.6,59165.1,59405.0,2275.711
1782698400000,59405.0,59783.6,58850.6,59730.8,5685.145
1782702000000,59730.8,60223.4,59730.8,60017.7,4149.555
1782705600000,60017.7,60029.4,59712.0,59796.0,1999.569
1782709200000,59796.0,60079.0,59340.0,60079.0,4584.096
1782712800000,60079.0,60321.7,60018.6,60044.8,3026.435
1782716400000,60044.8,60167.4,59895.8,59988.7,1881.537
1782720000000,59988.7,60062.3,59704.2,59805.1,2994.098
1782723600000,59805.1,60090.2,59750.0,60041.3,2720.386
1782727200000,60041.3,60307.7,60034.9,60065.8,4140.849
1782730800000,60065.8,60207.4,59766.8,59933.1,3369.691
1782734400000,59933.1,60775.0,59570.0,59929.0,17312.094
1782738000000,59929.0,60325.4,59295.1,59549.9,11176.872
1782741600000,59549.9,59671.0,58973.4,59440.1,9302.449
1782745200000,59440.1,59930.0,59060.1,59793.1,6572.426
1782748800000,59793.1,60000.0,59555.6,59866.2,2796.104
1782752400000,59866.2,60666.0,59866.2,60388.0,8051.084
1782756000000,60388.0,60500.0,60165.1,60276.7,2821.946
1782759600000,60276.7,60535.9,60129.0,60401.7,2067.87
1782763200000,60401.7,60529.5,60274.1,60275.9,1053.316
1782766800000,60275.9,60578.9,60234.3,60460.1,1026.62
1782770400000,60460.1,60501.3,60325.9,60330.0,810.704
1782774000000,60330.0,60360.0,60169.5,60224.0,1350.45
1782777600000,60224.0,60249.0,59650.3,59803.6,4447.214
1782781200000,59803.6,60022.8,59740.0,59910.0,2047.868
1782784800000,59910.0,60012.9,59719.7,59912.7,1385.647
1782788400000,59912.7,59995.1,59566.0,59587.3,1967.817
1782792000000,59587.3,59666.7,59381.5,59460.0,3029.225
1782795600000,59460.0,59623.4,59324.3,59623.3,2348.164
1782799200000,59623.3,59690.3,59480.3,59565.1,1228.474
1782802800000,59565.1,59606.1,59412.0,59495.9,1574.696
1782806400000,59495.9,59528.3,59155.3,59278.5,3786.447
1782810000000,59278.5,59392.0,59223.2,59346.7,1687.306
1782813600000,59346.7,59396.7,59250.7,59297.9,1183.265
1782817200000,59297.9,59387.9,59090.0,59160.1,3084.383
1782820800000,59160.1,59160.1,58341.2,58378.6,10775.422
1782824400000,58378.6,58786.0,58191.7,58710.3,11921.094
1782828000000,58710.3,59247.3,58402.7,58458.1,10164.579
1782831600000,58458.1,58787.2,58156.7,58358.8,7630.642
1782835200000,58358.8,58610.0,58233.4,58477.5,3201.49
1782838800000,58477.5,58600.0,58289.2,58400.8,2122.953
1782842400000,58400.8,58681.1,58329.1,58655.6,2199.097
1782846000000,58655.6,58823.4,58555.1,58793.5,2558.357
1782849600000,58793.5,58860.0,58620.1,58703.1,1490.364
1782853200000,58703.1,58749.4,58477.0,58619.7,1442.511
1782856800000,58619.7,58775.3,58472.2,58573.4,846.434
1782860400000,58573.4,58642.2,58514.1,58603.5,566.233
1782864000000,58603.5,58721.3,58279.3,58550.0,2141.977
1782867600000,58550.0,58990.9,57755.8,58740.0,11370.275
1782871200000,58740.0,59154.4,58638.1,59063.6,2738.843
1782874800000,59063.6,59325.6,58818.7,59177.2,5851.476
1782878400000,59177.2,59444.0,59040.0,59316.0,2855.239
1782882000000,59316.0,59355.3,59095.0,59130.4,2062.865
1782885600000,59130.4,59137.2,58499.9,58735.9,5072.012
1782889200000,58735.9,58809.1,58573.8,58747.7,1739.931
1782892800000,58747.7,58968.6,58463.0,58955.0,2712.171
1782896400000,58955.0,59078.6,58794.3,58924.4,2596.978
1782900000000,58924.4,58928.6,58589.0,58632.1,2349.601
1782903600000,58632.1,58729.7,58522.1,58592.0,1389.993
1782907200000,58592.0,58658.8,58293.9,58497.4,4236.559
1782910800000,58497.4,59491.9,58491.9,59468.9,9101.562
1782914400000,59468.9,60071.7,59252.0,59522.9,12180.013
1782918000000,59522.9,60522.0,59492.5,60121.7,9982.287
1782921600000,60121.7,60243.2,59837.5,59904.1,3873.602
1782925200000,59904.1,60222.6,59759.4,60163.0,3412.806
1782928800000,60163.0,60275.2,59991.5,60143.0,2421.842
1782932400000,60143.0,60333.0,59961.3,60002.7,3190.34
1782936000000,60002.7,60166.7,59845.5,60106.2,2219.189
1782939600000,60106.2,60833.9,60100.0,60787.5,5025.967
1782943200000,60787.5,61325.3,60326.8,60454.9,8165.917
1782946800000,60454.9,60454.9,59948.5,60000.0,3839.176
1782950400000,60000.0,60008.4,59556.1,59730.0,3915.249
1782954000000,59730.0,60299.5,59694.0,60154.0,3532.689
1782957600000,60154.0,60483.0,59988.8,60395.3,2320.098
1782961200000,60395.3,61107.5,60266.9,61038.9,4159.081
1782964800000,61038.9,61039.0,60701.7,60762.8,2336.407
1782968400000,60762.8,60862.0,60457.6,60481.2,2886.477
1782972000000,60481.2,60633.0,60231.1,60243.8,2380.349
1782975600000,60243.8,60289.5,60075.0,60126.7,2956.332
1782979200000,60126.7,60541.0,60110.7,60493.8,2494.128
1782982800000,60493.8,61400.0,60354.0,61150.7,7851.22
1782986400000,61150.7,61330.9,61020.1,61239.7,4026.303
1782990000000,61239.7,61369.7,61092.3,61329.0,2525.357
1782993600000,61329.0,61586.9,61115.6,61506.3,5572.172
1782997200000,61506.3,62059.3,61471.1,61912.8,9166.186
1783000800000,61912.8,62188.7,61365.6,61676.9,7066.374
1783004400000,61676.9,61832.9,61392.1,61588.7,4144.046
1783008000000,61588.7,61763.9,61107.2,61644.5,6214.57
1783011600000,61644.5,61925.0,61588.6,61642.0,2618.32
1783015200000,61642.0,61840.0,61633.8,61736.8,1555.081
1783018800000,61736.8,61742.0,61389.0,61445.2,2842.07
1783022400000,61445.2,61580.0,61305.7,61550.6,1879.874
1783026000000,61550.6,61637.4,61483.0,61564.2,1288.657
1783029600000,61564.2,61568.3,61367.4,61432.9,865.305
1783033200000,61432.9,61583.3,61321.2,61532.7,897.61
1783036800000,61532.7,61556.0,61210.4,61272.7,1336.114
1783040400000,61272.7,61707.7,61254.0,61564.4,1820.082
1783044000000,61564.4,61640.7,61266.4,61408.9,1720.496
1783047600000,61408.9,61563.1,61300.0,61406.2,1206.051
1783051200000,61406.2,61504.9,61307.9,61417.5,956.794
1783054800000,61417.5,61777.0,61399.1,61670.5,1593.898
1783058400000,61670.5,61819.0,61576.9,61677.1,1240.153
1783062000000,61677.1,61849.9,61627.2,61740.1,1705.2
1783065600000,61740.1,61877.0,61531.6,61559.4,1905.151
1783069200000,61559.4,61760.0,61466.3,61686.8,1336.734
1783072800000,61686.8,62016.7,61638.5,61889.9,1957.881
1783076400000,61889.9,62078.9,61807.8,61990.1,1941.317
1783080000000,61990.1,62148.7,61838.6,61946.8,2336.836
1783083600000,61946.8,62261.0,61909.8,62079.8,2156.813
1783087200000,62079.8,62255.1,61666.6,62141.2,3542.475
1783090800000,62141.2,62374.6,61788.0,61896.3,4314.01
1783094400000,61896.3,62111.7,61881.7,62080.4,1131.759
1783098000000,62080.4,62270.6,62039.3,62172.0,1703.594
1783101600000,62172.0,62221.0,62076.0,62178.9,1084.714
1783105200000,62178.9,62291.6,62112.1,62174.3,1112.399
1783108800000,62174.3,62876.5,62150.0,62748.0,7277.191
1783112400000,62748.0,62946.1,62482.0,62697.0,2639.03
1783116000000,62697.0,62716.1,62508.4,62542.2,923.642
1783119600000,62542.2,62679.6,62504.0,62555.6,839.189
1783123200000,62555.6,62940.1,62555.4,62733.7,2453.157
1783126800000,62733.7,62733.7,62375.1,62444.0,1949.937
1783130400000,62444.0,62549.3,62400.0,62509.3,733.402
1783134000000,62509.3,62733.2,62453.9,62600.0,1121.269
1783137600000,62600.0,62724.3,62567.5,62657.5,792.365
1783141200000,62657.5,62657.5,62408.1,62444.6,972.206
1783144800000,62444.6,62542.0,62311.8,62469.9,1156.681
1783148400000,62469.9,62607.2,62433.9,62542.5,1021.227
1783152000000,62542.5,62650.0,62485.2,62530.1,937.255
1783155600000,62530.1,62559.0,62386.6,62464.6,807.939
1783159200000,62464.6,62521.1,62420.4,62484.0,715.525
1783162800000,62484.0,62534.0,62439.1,62457.1,574.826
1783166400000,62457.1,62675.6,62457.1,62632.5,904.515
1783170000000,62632.5,62777.6,62516.2,62566.7,1134.807
1783173600000,62566.7,62716.5,62560.6,62669.6,748.283
1783177200000,62669.6,63066.7,62661.2,62909.5,4298.483
1783180800000,62909.5,62943.6,62754.8,62889.5,1446.065
1783184400000,62889.5,63450.0,62767.1,63245.8,5016.739
1783188000000,63245.8,63318.8,63064.7,63139.2,1513.977
1783191600000,63139.2,63440.0,63088.7,63263.2,1578.984
1783195200000,63263.2,63366.9,63123.9,63199.2,1257.506
1783198800000,63199.2,63430.0,63167.5,63271.4,797.027
1783202400000,63271.4,63280.7,63132.2,63166.6,613.48
1783206000000,63166.6,63208.6,62900.1,63112.2,1608.816
1783209600000,63112.2,63115.0,62856.3,62960.0,1337.907
1783213200000,62960.0,63023.8,62762.3,62858.3,2007.578
1783216800000,62858.3,62900.3,62560.7,62672.5,2216.768
1783220400000,62672.5,62773.0,62622.9,62738.6,1457.017
1783224000000,62738.6,62940.0,62678.2,62788.8,1233.342
1783227600000,62788.8,62788.8,62621.6,62715.6,917.255
1783231200000,62715.6,62800.0,62639.0,62748.2,600.622
1783234800000,62748.2,63036.9,62686.4,62989.5,1984.526
1783238400000,62989.5,63086.2,62869.4,62887.4,1767.674
1783242000000,62887.4,62907.6,62389.4,62595.1,3103.094
1783245600000,62595.1,62733.2,62511.1,62729.4,1104.258
1783249200000,62729.4,62788.0,62580.3,62625.8,1291.874
1783252800000,62625.8,62745.3,62526.8,62711.0,1322.719
1783256400000,62711.0,62799.9,62613.8,62764.0,1247.094
1783260000000,62764.0,62793.9,62624.1,62778.9,1234.546
1783263600000,62778.9,62924.4,62646.0,62709.7,2254.322
1783267200000,62709.7,62748.9,62569.8,62619.8,1566.287
1783270800000,62619.8,62788.0,62572.3,62602.5,1535.457
1783274400000,62602.5,62857.9,62600.0,62789.2,1426.358
1783278000000,62789.2,62857.0,62693.8,62744.4,620.893
1783281600000,62744.4,62823.4,62672.0,62704.7,429.644
1783285200000,62704.7,63232.1,62578.8,63063.9,3172.105
1783288800000,63063.9,63936.9,62977.8,63705.6,8186.883
1783292400000,63705.6,63987.1,63537.6,63614.4,3192.888
1783296000000,63614.4,63757.6,63313.6,63728.4,2567.909
1783299600000,63728.4,63895.0,63516.7,63541.4,2592.967
1783303200000,63541.4,63641.4,63338.3,63426.7,2700.842
1783306800000,63426.7,63459.0,63103.0,63269.9,2273.458
1783310400000,63269.9,63369.8,63155.7,63241.1,1202.11
1783314000000,63241.1,63241.1,62900.9,63075.9,3841.242
1783317600000,63075.9,63116.9,62938.1,62952.4,1254.396
1783321200000,62952.4,63093.0,62852.7,63058.3,1990.339
1783324800000,63058.3,63216.9,62791.2,62868.0,2212.071
1783328400000,62868.0,62886.9,62601.5,62636.6,2258.637
1783332000000,62636.6,63029.0,62634.0,62796.8,2970.628
1783335600000,62796.8,62978.0,62438.0,62447.8,3313.778
1783339200000,62447.8,62454.4,61645.7,61729.2,17688.097
1783342800000,61729.2,62018.7,61272.5,61737.7,12198.275
1783346400000,61737.7,62391.0,61670.4,62021.6,9055.16
1783350000000,62021.6,63530.0,62021.6,63524.0,14265.843
1783353600000,63524.0,63850.0,63358.7,63718.9,12697.866
1783357200000,63718.9,63969.3,63545.0,63566.4,4836.649
1783360800000,63566.4,63873.7,63539.0,63681.9,2887.346
1783364400000,63681.9,63885.8,63635.4,63720.6,2017.788
1783368000000,63720.6,63887.3,63577.7,63806.1,1868.663
1783371600000,63806.1,64703.2,63788.7,64465.6,8753.158
1783375200000,64465.6,64486.0,64126.5,64227.4,1433.784
1783378800000,64227.4,64328.1,64002.2,64020.0,1439.444
1783382400000,64020.0,64303.0,63982.0,64177.4,3398.971
1783386000000,64177.4,64178.0,63749.5,63814.7,6390.016
1783389600000,63814.7,63884.1,63244.2,63299.1,4477.826
1783393200000,63299.1,63388.6,63111.3,63165.1,2920.025
1783396800000,63165.1,63255.7,63020.2,63064.9,2736.811
1783400400000,63064.9,63235.5,62761.6,63092.8,5255.18
1783404000000,63092.8,63381.0,62951.4,63307.9,2746.454
1783407600000,63307.9,63425.8,63045.5,63062.7,2686.694
1783411200000,63062.7,63168.3,62953.0,63079.6,1980.198
1783414800000,63079.6,63327.6,63030.3,63228.6,1920.389
1783418400000,63228.6,63469.8,63202.8,63260.5,3748.416
1783422000000,63260.5,63438.1,63079.2,63378.7,3164.667
1783425600000,63378.7,63858.2,63366.2,63454.4,5069.58
1783429200000,63454.4,63457.7,62952.4,63030.5,6799.269
1783432800000,63030.5,63616.1,62635.5,63540.0,9308.609
1783436400000,63540.0,64125.5,63347.0,63916.2,9207.167
1783440000000,63916.2,64234.0,63784.5,63964.9,4221.47
1783443600000,63964.9,64218.4,63868.7,64173.6,2145.397
1783447200000,64173.6,64173.6,63634.1,63655.6,3001.09
1783450800000,63655.6,63882.9,63354.5,63793.1,4732.462
1783454400000,63793.1,63883.5,63584.2,63666.6,1221.796
1783458000000,63666.6,63840.5,63280.0,63396.6,2898.97
1783461600000,63396.6,63620.0,63173.1,63508.7,1816.195
1783465200000,63508.7,63682.3,63283.2,63332.5,1435.074
1783468800000,63332.5,63743.7,63272.6,63586.1,2280.823
1783472400000,63586.1,63628.5,62887.1,63006.4,4146.121
1783476000000,63006.4,63045.9,62496.0,62956.7,4714.866
1783479600000,62956.7,63082.0,62666.0,62734.2,2493.547
1783483200000,62734.2,62877.9,62647.4,62771.4,1283.579
1783486800000,62771.4,62850.0,62512.1,62610.4,1613.78
1783490400000,62610.4,62722.0,62444.1,62632.6,2682.69
1783494000000,62632.6,62872.0,62521.4,62855.3,2719.428
1783497600000,62855.3,62918.1,61821.3,61984.5,10520.977
1783501200000,61984.5,62143.3,61680.4,62026.9,5798.761
1783504800000,62026.9,62177.0,61868.1,62153.4,1989.709
1783508400000,62153.4,62368.0,62022.2,62278.3,2312.391
1783512000000,62278.3,62400.0,61922.5,61923.9,3055.393
1783515600000,61923.9,62065.7,61606.0,61923.9,6313.502
1783519200000,61923.9,62161.2,61685.4,61868.5,5124.458
1783522800000,61868.5,61900.0,61500.0,61673.6,3650.823
1783526400000,61673.6,62133.6,61661.6,62088.1,3190.56
1783530000000,62088.1,62375.7,62003.0,62082.8,2404.418
1783533600000,62082.8,62328.2,62006.2,62155.9,1750.151
1783537200000,62155.9,62270.8,62033.8,62255.7,1855.043
1783540800000,62255.7,62289.1,62053.7,62082.7,1111.027
1783544400000,62082.7,62225.0,61920.0,62163.7,1640.525
1783548000000,62163.7,62331.0,62144.3,62304.7,959.045
1783551600000,62304.7,62327.2,62139.5,62256.0,1050.045
1783555200000,62256.0,62287.0,62025.5,62105.5,1267.42
1783558800000,62105.5,62629.0,61810.0,61879.9,4830.187
1783562400000,61879.9,62104.2,61667.6,61751.6,3143.136
1783566000000,61751.6,62039.8,61690.4,61943.8,1796.207
1783569600000,61943.8,62445.7,61927.6,62430.0,2869.594
1783573200000,62430.0,62623.5,62207.5,62566.7,3527.447
1783576800000,62566.7,62989.0,62450.9,62924.9,4470.683
1783580400000,62924.9,63266.0,62773.1,62977.6,5544.25
1783584000000,62977.6,63072.7,62815.6,62868.0,1685.813
1783587600000,62868.0,62977.0,62757.5,62924.9,1505.649
1783591200000,62924.9,63033.0,62653.2,62755.9,1356.981
1783594800000,62755.9,62802.0,62583.0,62756.6,1863.128
1783598400000,62756.6,62939.7,62429.1,62582.8,9787.295
1783602000000,62582.8,63234.2,62484.1,62998.7,4465.632
1783605600000,62998.7,63114.0,62627.8,62982.8,3115.055
1783609200000,62982.8,63249.8,62769.4,62831.5,3294.276
1783612800000,62831.5,62967.7,62524.0,62666.9,2982.179
1783616400000,62666.9,63144.0,62634.9,63114.5,3172.771
1783620000000,63114.5,63479.9,63039.0,63193.9,3726.329
1783623600000,63193.9,63359.5,63117.1,63219.2,1678.566
1783627200000,63219.2,63305.5,63143.0,63292.0,734.453
1783630800000,63292.0,63376.3,63180.0,63247.5,922.091
1783634400000,63247.5,63395.0,63183.5,63189.1,924.223
1783638000000,63189.1,63303.8,63030.8,63196.8,1338.275
1783641600000,63196.8,63229.1,62890.6,63084.7,2133.14
1783645200000,63084.7,63925.0,62922.1,63728.3,5343.564
1783648800000,63728.3,64030.0,63665.9,63936.1,4347.79
1783652400000,63936.1,64026.8,63793.3,63929.4,1897.95
1783656000000,63929.4,64176.0,63833.7,64021.3,2278.329
1783659600000,64021.3,64183.8,63917.1,64097.2,1683.633
1783663200000,64097.2,64145.3,63815.4,63840.5,1647.15
1783666800000,63840.5,63998.9,63782.1,63966.0,1569.001
1783670400000,63966.0,64380.0,63962.1,64221.3,4233.166
1783674000000,64221.3,64477.1,64085.0,64370.0,3049.969
1783677600000,64370.0,64499.9,64255.5,64382.0,1681.042
1783681200000,64382.0,64471.4,64312.0,64408.2,1386.662
1783684800000,64408.2,64602.8,64251.2,64270.9,2763.846
1783688400000,64270.9,64688.2,64127.9,64460.2,3726.907
1783692000000,64460.2,64505.6,63750.1,63890.0,6616.191
1783695600000,63890.0,64192.0,63871.8,64021.6,2483.836
1783699200000,64021.6,64207.9,63800.1,64121.1,2260.714
1783702800000,64121.1,64141.6,63789.5,63802.1,1664.551
1783706400000,63802.1,63980.5,63713.0,63789.8,1328.987
1783710000000,63789.8,64025.7,63750.0,63901.8,2246.381
1783713600000,63901.8,63912.9,63635.0,63811.2,2368.848
1783717200000,63811.2,64078.4,63805.4,63995.8,1077.566
1783720800000,63995.8,64147.4,63956.9,64089.1,823.281
1783724400000,64089.1,64192.8,63991.2,64141.1,778.164
1783728000000,64141.1,64146.2,63996.9,64096.2,711.092
1783731600000,64096.2,64292.1,63968.7,63981.0,963.727
1783735200000,63981.0,64146.0,63942.8,64135.7,665.255
1783738800000,64135.7,64170.6,64040.0,64124.7,460.911
1783742400000,64124.7,64190.0,64052.2,64128.8,433.508
1783746000000,64128.8,64200.0,64086.8,64141.0,487.552
1783749600000,64141.0,64260.1,64094.8,64188.9,829.212
1783753200000,64188.9,64226.5,64127.3,64136.7,795.968
1783756800000,64136.7,64286.5,64128.8,64241.6,579.933
1783760400000,64241.6,64280.4,64137.8,64145.0,630.23
1783764000000,64145.0,64186.5,64122.2,64169.9,547.386
1783767600000,64169.9,64195.0,64149.0,64183.5,439.266
1783771200000,64183.5,64212.1,64105.6,64168.3,645.042
1783774800000,64168.3,64245.0,64146.0,64221.2,559.731
1783778400000,64221.2,64490.9,64221.2,64324.0,1781.345
1783782000000,64324.0,64461.8,63855.5,64145.9,3477.696
1783785600000,64145.9,64254.1,64057.7,64150.7,1364.792
1783789200000,64150.7,64373.3,64133.2,64290.1,786.212
1783792800000,64290.1,64370.0,64262.3,64305.1,670.477
1783796400000,64305.1,64321.9,64203.8,64265.5,616.91
1783800000000,64265.5,64442.0,64264.0,64355.8,493.064
1783803600000,64355.8,64408.2,64309.2,64327.7,360.239
1783807200000,64327.7,64405.0,64103.1,64169.7,1112.581
1783810800000,64169.7,64224.0,63762.6,63782.3,3508.012
1783814400000,63782.3,63889.1,63660.0,63805.1,2023.307
1783818000000,63805.1,64140.0,63780.1,64100.9,2302.964
1783821600000,64100.9,64110.0,64006.0,64048.4,928.142
1783825200000,64048.4,64192.0,64001.8,64192.0,744.206
1783828800000,64192.0,64219.9,63899.9,63970.0,2402.458
1783832400000,63970.0,63990.9,63868.0,63933.6,957.581
1783836000000,63933.6,63933.6,63594.3,63729.7,3041.37
1783839600000,63729.7,63878.8,63702.1,63857.4,929.606
1783843200000,63857.4,64076.7,63855.0,63951.0,1603.384
1783846800000,63951.0,64017.9,63730.3,63928.6,1171.17
1783850400000,63928.6,63928.6,63809.7,63841.3,704.1
1783854000000,63841.3,64000.0,63800.0,63983.0,880.716
1783857600000,63983.0,64111.0,63941.3,63993.7,1000.456
1783861200000,63993.7,64076.9,63960.0,63990.5,515.609
1783864800000,63990.5,64282.2,63928.1,64170.1,1433.308
1783868400000,64170.1,64234.6,64091.0,64150.0,948.78
1783872000000,64150.0,64185.9,64006.4,64144.1,841.263
1783875600000,64144.1,64149.9,63987.6,64044.0,509.118
1783879200000,64044.0,64126.3,63975.0,64123.1,916.333
1783882800000,64123.1,64250.0,64123.0,64205.4,591.396
1783886400000,64205.4,64234.5,64145.7,64179.1,471.641
1783890000000,64179.1,64215.3,63855.5,63893.4,1646.655
1783893600000,63893.4,63902.0,63625.1,63852.5,2817.645
1783897200000,63852.5,63882.0,63684.4,63745.0,1232.143
1783900800000,63745.0,64412.0,63504.0,64036.5,6976.236
1783904400000,64036.5,64040.1,63356.7,63380.1,4105.065
1783908000000,63380.1,63519.7,63198.3,63337.7,4272.415
1783911600000,63337.7,63353.1,62700.0,62779.0,5956.141
1783915200000,62779.0,62875.0,62570.0,62641.2,3425.29
1783918800000,62641.2,62886.5,62394.5,62762.0,4269.962
1783922400000,62762.0,62845.0,62670.0,62764.2,1468.434
1783926000000,62764.2,63031.7,62710.7,62947.9,2792.064
1783929600000,62947.9,63249.7,62901.0,63170.0,2607.602
1783933200000,63170.0,63174.6,63050.1,63062.4,1053.065
1783936800000,63062.4,63118.0,62811.4,62836.8,2410.645
1783940400000,62836.8,63109.8,62836.8,62878.7,2300.819
1783944000000,62878.7,62963.5,62540.0,62598.9,3925.979
1783947600000,62598.9,62741.4,62128.2,62291.8,6699.192
1783951200000,62291.8,62770.0,62073.0,62764.3,5867.646
1783954800000,62764.3,62969.6,62532.5,62584.9,3096.484
1783958400000,62584.9,62606.5,62176.8,62250.0,3371.932
1783962000000,62250.0,62344.0,61863.5,61870.1,3737.679
1783965600000,61870.1,62079.8,61777.6,61992.1,3370.245
1783969200000,61992.1,62274.7,61958.8,62253.3,2236.724
1783972800000,62253.3,62300.0,62019.0,62176.5,2496.659
1783976400000,62176.5,62187.9,61850.7,62033.6,1634.77
1783980000000,62033.6,62201.7,61884.2,61896.6,1467.113
1783983600000,61896.6,62328.4,61848.0,62311.4,1600.896
1783987200000,62311.4,62652.5,62235.4,62530.5,4077.119
1783990800000,62530.5,62618.9,62426.9,62507.1,1755.564
1783994400000,62507.1,62619.0,62291.9,62520.6,1402.427
1783998000000,62520.6,62586.8,62290.2,62545.8,1292.11
1784001600000,62545.8,62759.7,62511.2,62719.4,1540.493
1784005200000,62719.4,62861.8,62673.4,62705.0,2148.501
1784008800000,62705.0,62757.3,62537.1,62597.5,1506.45
1784012400000,62597.5,62630.4,62480.6,62521.9,1050.621
1784016000000,62521.9,62780.0,62464.0,62681.6,1289.554
1784019600000,62681.6,62719.2,62506.5,62603.2,881.907
1784023200000,62603.2,62879.9,62572.8,62771.7,1455.457
1784026800000,62771.7,62900.0,62685.9,62812.3,1271.874
1784030400000,62812.3,64000.5,62755.0,63935.7,16626.247
1784034000000,63935.7,64179.8,63673.1,63818.4,6587.233
1784037600000,63818.4,64348.1,63561.1,64277.9,5075.016
1784041200000,64277.9,65000.0,64167.4,64739.7,12759.492
1784044800000,64739.7,64882.1,64560.1,64702.7,5000.795
1784048400000,64702.7,64702.8,64251.0,64601.3,4256.888
1784052000000,64601.3,64634.5,64450.2,64549.0,1385.182
1784055600000,64549.0,64699.5,64456.1,64550.9,1769.985
1784059200000,64550.9,64578.8,64388.5,64540.7,1431.644
1784062800000,64540.7,64883.5,64498.6,64656.3,1942.347
1784066400000,64656.3,65084.1,64490.7,64837.0,3662.147
1784070000000,64837.0,65034.7,64751.0,65013.4,1521.406
1784073600000,65013.4,65037.0,64742.0,64800.1,1460.667
1784077200000,64800.1,64838.6,64620.6,64648.8,1236.543
1784080800000,64648.8,64743.3,64460.9,64474.6,1695.337
1784084400000,64474.6,64820.0,64474.6,64765.2,1215.383
1784088000000,64765.2,64860.0,64685.4,64727.8,896.519
1784091600000,64727.8,64942.8,64579.0,64921.5,1315.412
1784095200000,64921.5,65273.7,64781.2,64783.8,5149.967
1784098800000,64783.8,64864.9,64449.1,64524.0,3592.219
1784102400000,64524.0,64765.0,64524.0,64740.0,1642.894
1784106000000,64740.0,64894.2,64622.6,64640.4,1340.599
1784109600000,64640.4,64833.0,64582.0,64631.5,874.503
1784113200000,64631.5,64731.7,64583.4,64702.4,877.029
1784116800000,64702.4,65232.3,64574.4,65125.0,4954.12
1784120400000,65125.0,65535.0,64850.0,65084.7,8827.821
1784124000000,65084.7,65518.0,65027.0,65364.2,5078.084
1784127600000,65364.2,65566.6,65225.0,65384.9,3162.99
1784131200000,65384.9,65428.0,64750.0,65087.1,4609.166
1784134800000,65087.1,65200.0,64940.0,65020.0,2149.572
1784138400000,65020.0,65120.4,64820.0,64839.6,1616.508
1784142000000,64839.6,64978.4,64687.6,64951.6,1586.16
1784145600000,64951.6,65037.4,64864.5,64942.3,639.249
1784149200000,64942.3,64993.8,64755.8,64803.0,970.667
1784152800000,64803.0,64949.1,64734.1,64831.2,786.747
1784156400000,64831.2,64919.4,64641.5,64717.1,1110.03
1784160000000,64717.1,64821.6,64470.0,64561.1,2107.571
1784163600000,64561.1,64811.3,64337.9,64699.9,2182.682
1784167200000,64699.9,64706.1,64544.0,64613.8,789.886
1784170800000,64613.8,64718.8,64519.4,64589.0,969.535
1784174400000,64589.0,64669.9,64504.4,64612.1,584.466
1784178000000,64612.1,64974.7,64574.9,64889.1,1818.511
1784181600000,64889.1,64947.3,64587.2,64748.2,1441.492
1784185200000,64748.2,64749.0,64051.2,64197.9,3841.804
1784188800000,64197.9,64333.0,63848.7,64093.4,5055.287
1784192400000,64093.4,64156.5,63972.9,64062.9,1098.735
1784196000000,64062.9,64238.0,64044.0,64190.0,959.921
1784199600000,64190.0,64240.0,64055.1,64218.1,1273.497
1784203200000,64218.1,64223.4,63824.0,63936.4,2169.079
1784206800000,63936.4,64458.8,63925.2,64349.9,4072.335
1784210400000,64349.9,64869.1,64296.4,64502.3,6395.784
1784214000000,64502.3,64878.4,64278.1,64675.3,4043.465
1784217600000,64675.3,64687.9,64300.0,64448.2,2810.288
1784221200000,64448.2,64454.8,63952.6,64046.0,3581.622
1784224800000,64046.0,64307.3,64021.9,64208.5,1852.405
1784228400000,64208.5,64277.4,64111.2,64236.0,1067.992
1784232000000,64236.0,64248.0,64070.1,64082.2,630.614
1784235600000,64082.2,64215.7,64070.0,64135.1,528.626
1784239200000,64135.1,64212.6,63909.3,63935.5,1492.793
1784242800000,63935.5,63981.6,63701.8,63795.3,2042.667
1784246400000,63795.3,63883.8,63566.7,63862.8,2474.972
1784250000000,63862.8,64033.2,63433.2,63511.0,3472.927
1784253600000,63511.0,63628.9,63351.2,63458.0,2366.103
1784257200000,63458.0,63690.1,63450.6,63537.9,1529.573
1784260800000,63537.9,63556.4,63271.8,63451.9,2463.377
1784264400000,63451.9,63451.9,62766.0,62811.9,5881.505
1784268000000,62811.9,62972.7,62673.1,62916.4,5444.435
1784271600000,62916.4,62950.0,62763.2,62791.6,2510.47
1784275200000,62791.6,62908.9,62609.7,62853.7,3068.842
1784278800000,62853.7,63039.3,62819.0,62956.7,2022.028
1784282400000,62956.7,63168.2,62954.6,63142.0,1782.678
1784286000000,63142.0,63331.0,63029.0,63265.9,2847.753
1784289600000,63265.9,63316.1,63035.2,63071.1,2251.341
1784293200000,63071.1,63155.2,62502.0,63128.2,9056.693
1784296800000,63128.2,63498.9,63051.0,63149.0,7015.396
1784300400000,63149.0,63453.5,62810.6,63443.3,4701.099
1784304000000,63443.3,63687.6,63277.4,63563.4,3802.232
1784307600000,63563.4,64215.9,63562.8,64016.8,5834.358
1784311200000,64016.8,64360.0,63855.5,64226.1,4378.739
1784314800000,64226.1,64231.1,63939.2,64120.7,2504.466
1784318400000,64120.7,64166.7,63926.9,64081.0,1789.199
1784322000000,64081.0,64189.8,64031.3,64074.6,719.17
1784325600000,64074.6,64122.8,63877.8,63955.0,730.942
1784329200000,63955.0,63988.9,63853.0,63911.1,588.473
1784332800000,63911.1,63989.1,63858.7,63884.0,442.715
1784336400000,63884.0,63974.7,63861.8,63930.0,379.754
1784340000000,63930.0,64012.7,63897.8,63928.5,463.445
1784343600000,63928.5,63995.2,63890.2,63988.1,333.001
1784347200000,63988.1,63988.1,63909.2,63943.7,285.082
1784350800000,63943.7,63975.1,63894.0,63937.9,365.375
1784354400000,63937.9,63979.2,63917.3,63955.3,210.424
1784358000000,63955.3,63994.5,63950.5,63974.3,526.03
1784361600000,63974.3,63994.9,63925.0,63975.0,404.159
1784365200000,63975.0,63986.1,63902.0,63954.8,315.356
1784368800000,63954.8,63988.2,63951.5,63979.1,237.915
1784372400000,63979.1,64060.0,63979.1,64026.1,312.919
1784376000000,64026.1,64232.6,64013.5,64174.3,1293.077
1784379600000,64174.3,64179.0,63926.1,64078.4,1161.681
1784383200000,64078.4,64165.3,64065.2,64093.6,595.587
1784386800000,64093.6,64137.0,64000.0,64091.0,490.08
1784390400000,64091.0,64300.0,64054.1,64275.9,1308.879
1784394000000,64275.9,64456.0,64241.1,64448.1,2687.007
1784397600000,64448.1,64650.5,64408.8,64481.7,2487.833
1784401200000,64481.7,64569.8,64439.4,64525.2,699.174
1784404800000,64525.2,64710.4,64473.4,64669.1,1848.86
1784408400000,64669.1,64831.9,64579.1,64697.5,2685.793
1784412000000,64697.5,64847.1,64678.9,64776.2,1325.378
1784415600000,64776.2,64819.9,64679.3,64806.0,620.255
1784419200000,64806.0,64886.2,64730.0,64753.8,1001.183
1784422800000,64753.8,64763.2,64714.6,64737.5,816.251
1784426400000,64737.5,64948.0,64666.7,64795.3,1396.463
1784430000000,64795.3,64816.7,64595.7,64689.0,1197.244
1784433600000,64689.0,64780.9,64587.8,64699.8,1355.916
1784437200000,64699.8,64794.5,64641.8,64696.7,452.771
1784440800000,64696.7,64738.9,64671.0,64686.0,398.037
1784444400000,64686.0,64765.5,64617.2,64696.0,1202.279
1784448000000,64696.0,64729.4,64606.8,64692.2,888.127
1784451600000,64692.2,64703.1,64467.0,64493.0,1292.926
1784455200000,64493.0,64670.0,64450.7,64560.7,908.131
1784458800000,64560.7,64617.6,64410.0,64446.4,973.81
1784462400000,64446.4,64446.4,64250.0,64418.4,1800.402
1784466000000,64418.4,64489.6,64269.6,64450.5,925.932
1784469600000,64450.5,64641.7,64384.2,64560.8,1387.607
1784473200000,64560.8,64595.4,64463.9,64548.0,541.889
1784476800000,64548.0,64626.1,64475.0,64516.9,655.997
1784480400000,64516.9,64734.1,64379.0,64524.7,1741.177
1784484000000,64524.7,64530.8,64224.3,64392.4,2090.807
1784487600000,64392.4,64440.0,64313.3,64432.2,396.642
1784491200000,64432.2,64561.7,64431.9,64513.0,957.087
1784494800000,64513.0,64534.9,64313.0,64379.0,909.874
1784498400000,64379.0,64880.4,64313.0,64650.1,3062.448
1784502000000,64650.1,64750.0,64537.5,64698.2,965.106
1784505600000,64698.2,65100.0,64372.3,64524.4,4313.58
1784509200000,64524.4,65012.5,64461.3,64589.0,2736.153
1784512800000,64589.0,64943.9,64550.0,64801.2,2121.297
1784516400000,64801.2,64915.3,64614.0,64842.1,1411.162
1784520000000,64842.1,64844.4,64500.1,64509.4,1198.001
1784523600000,64509.4,64536.2,64028.6,64097.4,3507.148
1784527200000,64097.4,64195.6,63678.8,63886.2,5241.542
1784530800000,63886.2,64292.4,63854.9,64247.2,2389.262
1784534400000,64247.2,64332.8,63802.6,64029.7,3829.466
1784538000000,64029.7,64258.9,63972.0,64164.2,1223.798
1784541600000,64164.2,64388.8,64127.4,64274.3,1319.507
1784545200000,64274.3,65053.9,64235.1,64975.9,5370.852
1784548800000,64975.9,64981.8,64566.8,64623.1,3165.952
1784552400000,64623.1,64742.6,64166.8,64308.8,4175.111
1784556000000,64308.8,64545.0,64030.0,64384.0,3731.597
1784559600000,64384.0,65718.0,64381.1,65573.8,10460.284
1784563200000,65573.8,65616.4,65301.2,65483.9,4314.854
1784566800000,65483.9,65621.2,65316.5,65560.1,2237.149
1784570400000,65560.1,65769.3,65160.2,65206.9,3833.482
1784574000000,65206.9,65249.9,65013.1,65117.5,2610.595
1784577600000,65117.5,65423.5,65025.3,65337.1,1718.857
1784581200000,65337.1,65420.6,65235.4,65257.4,876.943
1784584800000,65257.4,65257.5,65055.9,65117.1,1236.354
1784588400000,65117.1,65251.8,65097.0,65221.1,1025.824
1784592000000,65221.1,65566.6,65114.0,65539.2,1979.114
1784595600000,65539.2,65636.7,65201.7,65202.3,1983.471
1784599200000,65202.3,65476.5,65145.1,65380.1,1408.901
1784602800000,65380.1,65565.9,65380.0,65537.9,1389.352
1784606400000,65537.9,65719.9,65446.2,65494.6,1934.506
1784610000000,65494.6,65929.7,65460.0,65722.5,2733.961
1784613600000,65722.5,65970.0,65594.0,65892.4,2645.075
1784617200000,65892.4,66244.9,65833.0,66163.9,3907.14
1784620800000,66163.9,66333.3,66109.4,66205.5,3537.46
1784624400000,66205.5,66341.0,66115.5,66263.6,1554.128
1784628000000,66263.6,66394.0,66150.2,66169.0,2145.911
1784631600000,66169.0,66328.0,66121.0,66320.1,1301.4
1784635200000,66320.1,66634.8,66236.1,66525.0,3707.402
1784638800000,66525.0,66800.9,66295.1,66750.8,4741.502
1784642400000,66750.8,66937.7,66609.9,66805.5,5603.374
1784646000000,66805.5,66805.5,66489.0,66640.4,2783.642
1784649600000,66640.4,66733.7,66434.1,66515.2,1635.473
1784653200000,66515.2,66544.4,66026.0,66188.0,4074.03
1784656800000,66188.0,66339.5,66070.6,66296.5,2132.978
1784660400000,66296.5,66506.9,66233.2,66411.1,1686.366
1784664000000,66411.1,66471.0,66316.8,66370.3,806.865
1784667600000,66370.3,66385.6,66253.5,66351.8,1116.317
1784671200000,66351.8,66352.7,66170.7,66271.3,695.205
1784674800000,66271.3,66546.7,66193.3,66524.0,1017.121
1784678400000,66524.0,66709.5,66500.2,66587.9,1626.53
1784682000000,66587.9,66626.9,66245.6,66392.9,1710.951
1784685600000,66392.9,66500.0,66260.7,66279.4,726.484
1784689200000,66279.4,66340.8,66136.7,66175.4,1169.371
1784692800000,66175.4,66402.9,66161.1,66349.4,1014.241
1784696400000,66349.4,66349.4,65902.2,65945.6,3214.43
1784700000000,65945.6,66006.4,65800.0,65905.1,2122.524
1784703600000,65905.1,65940.0,65666.6,65812.3,2164.112
1784707200000,65812.3,66131.8,65811.3,65953.4,2242.463
1784710800000,65953.4,66050.3,65810.3,65891.5,1312.257
1784714400000,65891.5,66085.0,65858.6,66013.1,1607.771
1784718000000,66013.1,66063.9,65868.4,65987.3,1066.423
1784721600000,65987.3,65989.4,65509.8,65599.3,3173.908
1784725200000,65599.3,65948.0,65526.8,65919.4,3798.085
1784728800000,65919.4,66175.4,65550.0,65767.7,4518.062
1784732400000,65767.7,66111.0,65766.1,66008.2,3047.744
1784736000000,66008.2,66364.7,65878.0,66192.5,3124.194
1784739600000,66192.5,66244.0,65903.3,65985.1,2378.598
1784743200000,65985.1,66044.0,65695.0,65855.6,1888.519
1784746800000,65855.6,65927.8,65647.8,65883.7,1130.569
1784750400000,65883.7,65950.1,65757.8,65887.6,1138.283
1784754000000,65887.6,66100.0,65858.0,66036.8,942.432
1784757600000,66036.8,66045.7,65892.4,66012.7,883.868
1784761200000,66012.7,66100.0,65794.2,66080.8,1155.67
1784764800000,66080.8,66285.5,66014.5,66019.4,1692.303
1784768400000,66019.4,66180.8,65708.3,65790.4,1930.491
1784772000000,65790.4,65808.2,65611.0,65773.5,1065.555
1784775600000,65773.5,65786.5,65536.8,65621.7,1512.01
1784779200000,65621.7,65706.9,65560.0,65584.0,1006.976
1784782800000,65584.0,65770.0,65540.0,65653.7,973.795
1784786400000,65653.7,65784.7,65587.9,65758.3,754.85
1784790000000,65758.3,65758.4,65314.9,65402.7,3492.057
1784793600000,65402.7,65632.0,65369.7,65594.8,1182.597
1784797200000,65594.8,65724.4,65570.3,65608.5,1129.468
1784800800000,65608.5,65756.7,65555.5,65701.2,956.687
1784804400000,65701.2,65709.6,65509.0,65530.1,1080.624
1784808000000,65530.1,65558.1,64951.5,65130.4,5698.763
1784811600000,65130.4,65196.6,64821.8,64847.0,5417.307
1784815200000,64847.0,65191.5,64766.0,64872.1,3885.377
1784818800000,64872.1,65000.0,64684.0,64927.2,3376.159
1784822400000,64927.2,64927.3,64662.6,64724.0,1992.311
1784826000000,64724.0,64869.6,64581.8,64648.9,2261.683
1784829600000,64648.9,64932.2,64647.3,64836.9,1480.822
1784833200000,64836.9,64904.8,64657.9,64819.5,1734.076
1784836800000,64819.5,65175.8,64805.2,65111.8,2324.444
1784840400000,65111.8,65198.3,64971.1,65144.9,1460.972
1784844000000,65144.9,65195.7,64985.0,65162.1,1154.97
1784847600000,65162.1,65189.2,65012.2,65065.8,1195.155
1784851200000,65065.8,65081.1,64712.8,64942.9,2345.035
1784854800000,64942.9,65139.7,64911.6,65044.9,1539.731
1784858400000,65044.9,65164.0,64884.7,65091.5,983.913
1784862000000,65091.5,65442.3,65044.6,65419.9,2602.761
1784865600000,65419.9,65436.0,65234.4,65285.9,1108.768
1784869200000,65285.9,65369.0,65207.7,65287.0,738.027
1784872800000,65287.0,65495.2,65244.5,65448.6,1266.552
1784876400000,65448.6,65784.7,65331.3,65472.8,4763.921
1784880000000,65472.8,65488.0,65262.8,65277.0,1519.274
1784883600000,65277.0,65294.4,64924.8,65087.9,2726.789
1784887200000,65087.9,65129.6,64856.8,64924.7,1354.715
1784890800000,64924.7,65070.0,64815.1,65047.8,1628.253
1784894400000,65047.8,65109.8,64704.4,64745.6,2440.322
1784898000000,64745.6,64774.0,63882.4,64127.9,11425.54
1784901600000,64127.9,64173.8,63700.7,64026.7,8532.792
1784905200000,64026.7,64296.2,63815.2,64059.8,7263.149
1784908800000,64059.8,64171.2,63845.0,63923.0,2079.095
1784912400000,63923.0,64179.3,63871.5,64145.4,1865.066
1784916000000,64145.4,64255.1,64091.2,64232.2,1155.318
1784919600000,64232.2,64254.0,64103.6,64192.3,957.967
1784923200000,64192.3,64249.7,64091.5,64133.9,929.159
1784926800000,64133.9,64194.3,64081.0,64109.1,885.788
1784930400000,64109.1,64187.6,64083.4,64129.6,414.976
1784934000000,64129.6,64147.4,64102.0,64113.0,281.962
1784937600000,64113.0,64145.0,64002.3,64040.2,661.1
1784941200000,64040.2,64134.3,63975.0,64035.6,761.825
1784944800000,64035.6,64068.7,63978.7,64008.0,746.116
1784948400000,64008.0,64066.8,63984.8,64044.3,312.426
1784952000000,64044.3,64165.4,64044.2,64144.9,420.375
1784955600000,64144.9,64171.9,63937.4,63982.2,845.01
1784959200000,63982.2,64027.9,63910.0,63980.0,587.919
1784962800000,63980.0,64011.7,63960.0,63967.6,544.076
1784966400000,63967.6,63972.7,63750.1,63838.5,2053.042
1784970000000,63838.5,63989.2,63785.0,63966.7,796.579
1784973600000,63966.7,64038.5,63951.3,64034.4,557.64
1784977200000,64034.4,64072.0,64009.7,64029.1,390.11
1784980800000,64029.1,64095.0,63996.0,64085.0,408.277
1784984400000,64085.0,64237.1,64064.0,64137.3,924.499
1784988000000,64137.3,64192.0,64081.5,64174.0,514.97
1784991600000,64174.0,64241.2,64133.4,64145.5,607.887
1784995200000,64145.5,64217.5,64075.6,64180.2,912.518
1784998800000,64180.2,64317.2,64158.2,64235.8,962.274
1785002400000,64235.8,64422.4,64235.8,64388.8,1405.801
1785006000000,64388.8,64419.9,64332.5,64355.3,767.597
1785009600000,64355.3,64362.0,64275.8,64298.7,447.783
1785013200000,64298.7,64406.7,64215.9,64317.2,968.604
1785016800000,64317.2,64400.0,64316.9,64374.4,488.507
1785020400000,64374.4,64397.3,64326.4,64335.1,442.978
1785024000000,64335.1,64481.0,64313.1,64480.0,731.263
1785027600000,64480.0,64519.0,64414.5,64430.6,513.126
1785031200000,64430.6,64498.4,64390.0,64481.7,344.345
1785034800000,64481.7,64550.9,64449.7,64516.0,716.939
1785038400000,64516.0,64568.9,64461.0,64495.3,487.643
1785042000000,64495.3,64495.3,64369.5,64389.0,711.895
1785045600000,64389.0,64421.7,64256.8,64409.0,1175.154
1785049200000,64409.0,64433.0,64313.1,64342.3,618.167
1785052800000,64342.3,64466.0,64318.1,64451.5,499.742
1785056400000,64451.5,64520.0,64445.9,64503.7,775.748
1785060000000,64503.7,64550.0,64459.9,64485.5,618.07
1785063600000,64485.5,64506.7,64454.5,64479.7,379.484
1785067200000,64479.7,64626.0,64401.6,64430.0,1303.96
1785070800000,64430.0,64548.6,64375.6,64488.2,723.279
1785074400000,64488.2,64750.0,64488.1,64686.7,2957.244
1785078000000,64686.7,64800.0,64639.5,64733.1,1282.485
1785081600000,64733.1,64912.0,64665.7,64693.1,2101.243
1785085200000,64693.1,64772.1,64636.1,64665.5,670.61
1785088800000,64665.5,64741.7,64634.7,64709.3,391.66
1785092400000,64709.3,64729.6,64639.6,64667.5,394.516
1785096000000,64667.5,64681.1,64601.6,64620.4,321.335
1785099600000,64620.4,64893.2,64616.7,64825.7,1063.875
1785103200000,64825.7,65480.0,64825.7,65382.2,6657.137
1785106800000,65382.2,65559.4,65240.8,65376.0,2246.546
1785110400000,65376.0,65398.1,65035.2,65110.6,2039.14
1785114000000,65110.6,65191.5,64868.1,65178.3,2005.83
1785117600000,65178.3,65253.0,65087.0,65145.7,1063.849
1785121200000,65145.7,65342.9,65145.0,65259.3,985.036
1785124800000,65259.3,65476.6,65210.7,65258.9,1237.592
1785128400000,65258.9,65493.4,65247.5,65436.3,928.425
1785132000000,65436.3,65749.2,65348.0,65385.1,3361.141
1785135600000,65385.1,65420.0,65183.9,65201.4,1908.875
1785139200000,65201.4,65234.3,65096.7,65127.1,1363.646
1785142800000,65127.1,65322.4,65064.3,65233.6,1255.477
1785146400000,65233.6,65406.2,65203.0,65309.9,1113.608
1785150000000,65309.9,65312.6,65051.2,65072.6,1158.93
1785153600000,65072.6,65245.6,64808.1,65061.0,3367.012
1785157200000,65061.0,65692.9,64880.0,65186.6,6858.221
1785160800000,65186.6,65402.6,64416.3,64660.0,9057.805
1785164400000,64660.0,64749.9,64374.1,64514.6,3216.156
1785168000000,64514.6,64941.5,64476.4,64871.2,2877.405
1785171600000,64871.2,65069.6,64750.1,64994.3,1578.132
1785175200000,64994.3,65034.7,64709.7,64846.8,1696.28
1785178800000,64846.8,65057.5,64777.1,64946.7,1470.943
1785182400000,64946.7,65025.1,64875.8,64939.4,657.284
1785186000000,64939.4,64939.4,64756.2,64794.8,590.532
1785189600000,64794.8,64794.8,63750.3,63750.4,5778.692
1785193200000,63750.4,63932.3,63565.0,63724.5,6862.808
1785196800000,63724.5,63793.6,63423.1,63446.1,3935.228
1785200400000,63446.1,63498.0,63023.1,63196.3,6853.042
1785204000000,63196.3,63276.1,63073.0,63147.0,1461.993
1785207600000,63147.0,63344.8,63119.9,63310.3,1616.383
1785211200000,63310.3,63330.0,63183.4,63317.7,1105.097
1785214800000,63317.7,63588.0,63284.0,63411.6,2200.193
1785218400000,63411.6,63630.0,63360.3,63599.1,1349.086
1785222000000,63599.1,63621.0,63415.0,63465.8,1543.96
1785225600000,63465.8,63499.4,63364.5,63394.5,1457.728
1785229200000,63394.5,63544.5,63327.1,63361.6,1284.239
1785232800000,63361.6,63523.7,63250.1,63438.1,1892.12
1785236400000,63438.1,63567.5,63312.0,63427.3,2121.773
1785240000000,63427.3,63536.0,63336.3,63512.4,1421.536
1785243600000,63512.4,63566.7,62707.4,63075.0,8017.348
1785247200000,63075.0,63558.0,62914.7,63386.4,5699.593
1785250800000,63386.4,64048.7,63236.8,63899.8,7974.287
1785254400000,63899.8,64087.5,63747.2,64013.2,2553.067
1785258000000,64013.2,64013.2,63471.3,63660.0,2929.916
1785261600000,63660.0,63840.1,63642.1,63705.9,1763.0
1785265200000,63705.9,63880.0,63646.9,63872.3,1273.192
1785268800000,63872.3,64019.7,63845.9,63887.2,1487.758
1785272400000,63887.2,64047.8,63863.4,63947.4,941.547
1785276000000,63947.4,63994.0,63724.5,63750.2,1412.331
1785279600000,63750.2,63927.7,63525.0,63901.7,3059.833
1785283200000,63901.7,64174.2,63843.1,63924.4,2539.456
1785286800000,63924.4,63976.0,63654.1,63672.7,1586.838
1785290400000,63672.7,64111.4,63622.4,63952.2,2043.515
1785294000000,63952.2,63976.9,63662.4,63719.9,1475.205
1785297600000,63719.9,63947.9,63557.2,63947.1,1713.074
1785301200000,63947.1,64069.0,63860.8,64035.6,1563.225
1785304800000,64035.6,64434.7,63988.9,64406.3,3220.626
1785308400000,64406.3,64540.8,64370.4,64537.9,1943.814
1785312000000,64537.9,64562.1,64240.0,64397.6,2526.401
1785315600000,64397.6,64721.3,64357.1,64669.4,2741.071
1785319200000,64669.4,64694.2,64381.7,64445.8,1732.045
1785322800000,64445.8,64570.0,64391.2,64484.7,1065.057
1785326400000,64484.7,64485.0,64192.2,64252.8,1990.914
1785330000000,64252.8,64657.6,64110.0,64645.4,4759.359
1785333600000,64645.4,64690.3,64015.0,64078.5,4604.298
1785337200000,64078.5,64175.9,63860.2,63941.4,3766.696
1785340800000,63941.4,64133.4,63568.0,63782.9,4529.22
1785344400000,63782.9,64275.0,63668.5,64252.7,3421.913
1785348000000,64252.7,64733.0,63746.5,64484.9,12996.064
1785351600000,64484.9,64578.0,63464.8,63556.1,7562.427
1785355200000,63556.1,63700.0,63337.4,63482.9,4283.128
1785358800000,63482.9,63830.0,63176.0,63830.0,3478.205
1785362400000,63830.0,64098.8,63827.5,63908.7,2689.033
1785366000000,63908.7,64042.9,63849.9,63952.6,1602.551
1785369600000,63952.6,64092.6,63580.0,63669.8,2094.704
1785373200000,63669.8,64361.8,63653.9,64243.2,2608.784
1785376800000,64243.2,64390.0,64135.0,64169.6,1683.815
1785380400000,64169.6,64281.5,64086.3,64141.4,1061.277
1785384000000,64141.4,64155.0,63975.0,63998.8,835.392
1785387600000,63998.8,64166.0,63879.9,64012.4,1767.325
1785391200000,64012.4,64059.9,63925.4,63976.6,635.001
1785394800000,63976.6,64130.7,63913.1,63984.1,1256.368
1785398400000,63984.1,64336.0,63950.0,64277.2,1910.542
1785402000000,64277.2,64617.9,64252.7,64544.7,2736.13
1785405600000,64544.7,64610.0,64534.3,64548.0,1017.883
1785409200000,64548.0,64868.6,64512.6,64758.0,2830.358
1785412800000,64758.0,64998.8,64752.2,64887.6,3607.375
1785416400000,64887.6,65186.3,64659.0,64997.1,4757.636
1785420000000,64997.1,65023.6,64584.2,64654.2,3490.961
1785423600000,64654.2,64868.8,64569.3,64700.0,1601.883
1785427200000,64700.0,64938.4,64697.6,64792.7,1256.917
1785430800000,64792.7,64965.0,64743.6,64844.6,893.502
1785434400000,64844.6,64876.0,64654.3,64671.3,990.238
1785438000000,64671.3,64889.5,64671.3,64776.5,1061.404
1785441600000,64776.5,64915.3,64724.1,64755.9,1257.06
1785445200000,64755.9,64784.6,64684.0,64706.6,561.216
1785448800000,64706.6,65009.5,64635.3,64826.3,2238.966
1785452400000,64826.3,65080.0,64687.6,64751.1,2902.555
1785456000000,64751.1,64877.7,64654.9,64701.8,1205.174
1785459600000,64701.8,65391.6,64450.0,64537.7,6477.602
1785463200000,64537.7,64596.5,64170.1,64269.8,4163.221
1785466800000,64269.8,64419.0,64139.3,64334.4,2383.461
1785470400000,64334.4,64409.1,64200.0,64273.9,1958.086
1785474000000,64273.9,64390.0,64230.2,64321.9,1454.257
1785477600000,64321.9,64458.0,64156.4,64199.0,1650.016
1785481200000,64199.0,64217.6,63785.4,63905.1,3958.686
1785484800000,63905.1,63947.0,63763.4,63797.6,2545.534
1785488400000,63797.6,63816.6,63602.6,63687.9,2178.827
1785492000000,63687.9,63922.1,63567.3,63878.6,1807.602
1785495600000,63878.6,63982.8,63752.4,63773.3,1827.279
1785499200000,63773.3,63794.5,63593.0,63725.2,1800.889
1785502800000,63725.2,63801.0,63208.0,63248.0,6309.154
1785506400000,63248.0,63285.9,62384.9,62664.8,18598.095
1785510000000,62664.8,62739.9,62452.6,62691.0,3293.542
1785513600000,62691.0,62904.8,62677.0,62837.5,2071.16
1785517200000,62837.5,63267.6,62767.8,63209.9,2636.148
1785520800000,63209.9,63268.2,62932.7,63070.0,2521.914
1785524400000,63070.0,63135.4,62888.7,62939.3,1559.818
1785528000000,62939.3,63008.1,62896.8,62929.8,1100.86
1785531600000,62929.8,63030.0,62804.4,62922.9,1487.98
1785535200000,62922.9,62994.3,62821.2,62913.6,608.599
1785538800000,62913.6,62988.6,62828.1,62857.8,353.568
1785542400000,62857.8,63022.1,62856.6,62907.9,705.38
1785546000000,62907.9,62966.2,62888.9,62945.7,477.231
1785549600000,62945.7,63070.0,62945.6,63040.4,606.201
1785553200000,63040.4,63055.9,62936.1,62974.2,682.219
1785556800000,62974.2,63076.0,62963.0,63069.8,295.887
1785560400000,63069.8,63110.3,62963.6,62999.8,644.072
1785564000000,62999.8,63047.7,62963.6,63046.0,306.684
1785567600000,63046.0,63081.8,62999.0,63011.1,452.538
1785571200000,63011.1,63118.3,63011.1,63090.0,330.74
1785574800000,63090.0,63110.4,63012.0,63014.8,566.329
1785578400000,63014.8,63080.0,62950.4,63030.6,564.003
1785582000000,63030.6,63065.6,63011.1,63049.0,291.77
1785585600000,63049.0,63094.5,63049.0,63069.2,354.729
1785589200000,63069.2,63076.1,63021.0,63038.6,292.028
1785592800000,63038.6,63100.0,63038.6,63099.7,483.524
1785596400000,63099.7,63109.5,62968.0,62972.7,478.051
1785600000000,62972.7,62999.6,62839.0,62904.7,995.937
1785603600000,62904.7,62969.6,62576.6,62677.1,2946.351
1785607200000,62677.1,62709.1,62240.0,62551.3,5427.734
1785610800000,62551.3,62623.5,62422.7,62496.8,1758.959
1785614400000,62496.8,62638.5,62453.3,62625.9,1117.316
1785618000000,62625.9,62843.3,62625.8,62792.2,1660.072
1785621600000,62792.2,62839.9,62759.8,62800.0,497.13
1785625200000,62800.0,62827.8,62729.2,62790.3,752.344
1785628800000,62790.3,62953.3,62782.1,62812.2,1176.695
1785632400000,62812.2,63110.0,62812.2,62958.2,2393.073
1785636000000,62958.2,63537.5,62931.2,63422.9,5574.258
1785639600000,63422.9,63550.5,63355.0,63439.9,2019.987
1785643200000,63439.9,63606.4,63439.9,63558.4,972.987
1785646800000,63558.4,63617.2,63376.6,63431.5,1370.269
1785650400000,63431.5,63481.7,63405.5,63457.8,567.949
1785654000000,63457.8,63520.0,63446.6,63469.1,758.756
1785657600000,63469.1,63508.1,63138.0,63166.1,2908.518
1785661200000,63166.1,63298.7,63057.5,63242.6,1208.632
1785664800000,63242.6,63245.2,63066.1,63170.9,1183.958
1785668400000,63170.9,63175.8,62953.0,62999.8,1363.597
1785672000000,62999.8,63217.1,62999.7,63097.9,1099.045
1785675600000,63097.9,63117.0,62970.0,63089.5,850.86
1785679200000,63089.5,63181.9,63023.9,63036.6,875.572
1785682800000,63036.6,63156.0,63017.1,63074.8,509.572
1785686400000,63074.8,63248.4,63030.1,63152.7,953.384
1785690000000,63152.7,63321.7,63120.0,63280.0,946.781
1785693600000,63280.0,63590.0,63265.0,63356.5,1897.439
1785697200000,63356.5,63456.6,63302.2,63424.9,609.995
1785700800000,63424.9,63474.4,63363.0,63466.1,545.339
1785704400000,63466.1,63751.0,63450.0,63549.5,2221.608
1785708000000,63549.5,63770.0,63343.7,63385.8,2208.811
1785711600000,63385.8,63565.0,63304.8,63545.9,1701.771
1785715200000,63545.9,63574.4,63152.1,63287.1,1918.806
1785718800000,63287.1,63323.9,63058.8,63182.7,1704.03
1785722400000,63182.7,63264.1,63067.1,63110.5,1061.079
1785726000000,63110.5,63140.9,62741.8,62830.0,2213.212
1785729600000,62830.0,62968.3,62714.2,62754.7,1893.671
1785733200000,62754.7,62840.3,62703.3,62795.9,1633.412
1785736800000,62795.9,62842.2,62579.9,62598.1,2190.962
1785740400000,62598.1,62669.9,62500.0,62591.5,2191.147
1785744000000,62591.5,62622.6,62266.6,62509.1,3552.416
1785747600000,62509.1,62832.0,62490.4,62798.5,2219.607
1785751200000,62798.5,62831.7,62577.1,62711.8,2378.458
1785754800000,62711.8,62754.0,62494.4,62533.9,2120.519
1785758400000,62533.9,62800.3,62404.4,62675.2,3859.443
1785762000000,62675.2,63392.0,62531.3,63323.6,7149.23
1785765600000,63323.6,63970.0,63113.0,63935.2,12170.767
1785769200000,63935.2,63965.6,63599.8,63661.8,4961.477
1785772800000,63661.8,63913.7,63624.2,63737.1,2859.009
1785776400000,63737.1,64043.3,63678.2,63877.6,2400.364
1785780000000,63877.6,63967.3,63721.3,63833.8,1294.121
1785783600000,63833.8,64067.8,63807.3,63838.2,1889.123
1785787200000,63838.2,64000.0,63728.2,63754.6,1311.53
1785790800000,63754.6,63765.9,63520.5,63560.3,2081.576
1785794400000,63560.3,63663.8,63361.2,63588.3,1975.459
1785798000000,63588.3,63600.1,63438.0,63504.0,789.509
1785801600000,63504.0,63568.2,63286.4,63337.6,1634.057
1785805200000,63337.6,63904.0,63331.4,63823.8,4087.46
1785808800000,63823.8,63964.5,63652.2,63797.9,1463.746
1785812400000,63797.9,63839.8,63621.6,63776.3,1249.001
1785816000000,63776.3,64230.0,63737.9,64010.2,4778.601
1785819600000,64010.2,64035.1,63770.0,63790.6,1702.35
1785823200000,63790.6,63844.6,63628.0,63654.6,1274.529
1785826800000,63654.6,63741.0,63474.7,63662.7,1757.774
1785830400000,63662.7,63726.4,63535.1,63558.3,802.961
1785834000000,63558.3,63600.5,63482.2,63580.7,1126.972
1785837600000,63580.7,63820.1,63423.9,63737.6,2103.444
1785841200000,63737.6,63920.0,63680.0,63891.1,1700.013
1785844800000,63891.1,64053.1,63760.0,63876.1,1880.298
1785848400000,63876.1,64081.6,63611.9,63662.9,4447.704
1785852000000,63662.9,64165.0,63581.5,64097.3,4270.825
1785855600000,64097.3,64269.1,63778.0,64095.0,4392.279
1785859200000,64095.0,64108.1,63870.0,63927.1,1476.938
1785862800000,63927.1,64165.0,63857.6,63940.1,1686.723
1785866400000,63940.1,64388.3,63934.3,64276.2,3584.431
1785870000000,64276.2,64382.0,64156.6,64206.0,1480.159
1785873600000,64206.0,64407.5,63977.0,64316.0,3894.926
1785877200000,64316.0,64316.0,64145.2,64165.1,1232.987
1785880800000,64165.1,64265.4,64104.6,64241.0,655.664
1785884400000,64241.0,64500.0,64054.1,64076.5,2615.81
1785888000000,64076.5,64184.0,63948.5,63969.8,2340.195
1785891600000,63969.8,64321.1,63918.5,64305.0,1811.609
1785895200000,64305.0,64488.0,64299.0,64341.1,2440.604
1785898800000,64341.1,64440.0,64018.0,64153.9,2680.923
1785902400000,64153.9,64200.0,64060.9,64147.7,669.189
1785906000000,64147.7,64500.0,64134.5,64309.5,2619.014
1785909600000,64309.5,64347.0,64205.2,64229.9,891.629
1785913200000,64229.9,64253.7,63958.7,64141.4,2147.185
1785916800000,64141.4,64262.4,64071.1,64100.1,1430.275
1785920400000,64100.1,64184.9,64074.1,64128.1,604.152
1785924000000,64128.1,64217.8,63984.0,64032.7,1116.833
1785927600000,64032.7,64133.2,64015.2,64045.0,913.936
1785931200000,64045.0,64617.7,64018.6,64301.3,5315.451
1785934800000,64301.3,64388.0,63850.0,64380.0,8591.23
1785938400000,64380.0,64562.0,64249.4,64441.2,5740.015
1785942000000,64441.2,64717.5,64352.0,64352.0,6726.231
1785945600000,64352.0,64733.3,64352.0,64632.8,3042.312
1785949200000,64632.8,64785.2,64505.0,64730.5,1706.256
1785952800000,64730.5,64829.5,64640.0,64764.1,1830.425
1785956400000,64764.1,64912.3,64750.0,64806.4,1972.888
1785960000000,64806.4,65000.0,64775.5,64800.0,3688.543
1785963600000,64800.0,64800.1,64625.0,64699.9,1891.042
1785967200000,64699.9,64754.5,64586.5,64602.0,921.685
1785970800000,64602.0,64719.2,64543.8,64627.3,996.13
1785974400000,64627.3,64691.0,64535.0,64606.3,1129.237
1785978000000,64606.3,64629.2,64460.0,64553.7,1050.948
1785981600000,64553.7,64620.6,64405.0,64549.3,1408.542
1785985200000,64549.3,64551.6,64457.6,64493.9,615.274
1785988800000,64493.9,64707.1,64462.5,64697.9,1259.585
1785992400000,64697.9,64980.0,64696.3,64878.9,2711.014
1785996000000,64878.9,64879.0,64711.4,64832.4,799.034
1785999600000,64832.4,64939.2,64747.1,64791.2,1079.655
1786003200000,64791.2,64977.0,64726.8,64915.0,1207.277
1786006800000,64915.0,64920.8,64600.0,64650.3,3444.893
1786010400000,64650.3,64659.5,64547.1,64590.1,1001.224
1786014000000,64590.1,64629.0,64471.4,64591.8,1661.513
1786017600000,64591.8,64610.8,64355.0,64388.6,2409.708
1786021200000,64388.6,64516.5,64137.1,64400.2,5839.827
1786024800000,64400.2,64821.0,64319.9,64743.7,4570.248
1786028400000,64743.7,64961.0,64590.9,64600.7,4731.444
1786032000000,64600.7,64749.7,64555.0,64722.0,1653.851
1786035600000,64722.0,64807.7,64509.0,64585.6,1234.334
1786039200000,64585.6,64591.7,64337.8,64380.8,1744.091
1786042800000,64380.8,64437.5,64315.7,64412.4,1244.191
1786046400000,64412.4,64502.3,64403.0,64403.9,943.548
1786050000000,64403.9,64484.0,64370.1,64409.2,806.213
1786053600000,64409.2,64419.2,64282.3,64318.0,793.183
1786057200000,64318.0,64332.8,64155.0,64288.4,1590.124
1786060800000,64288.4,64378.9,64191.7,64286.8,2004.52
1786064400000,64286.8,64448.3,64258.8,64390.1,1116.276
1786068000000,64390.1,64528.4,64214.4,64360.3,1967.539
1786071600000,64360.3,64376.9,64220.8,64257.1,921.118
1786075200000,64257.1,64333.0,64112.0,64224.2,1668.014
1786078800000,64224.2,64369.3,64139.8,64301.0,1274.229
1786082400000,64301.0,64435.3,64245.2,64271.5,2154.89
1786086000000,64271.5,64396.9,64222.0,64288.8,1464.576
1786089600000,64288.8,64648.0,64266.4,64577.7,2966.809
1786093200000,64577.7,64938.0,64577.6,64812.3,4740.117
1786096800000,64812.3,64886.5,64770.0,64869.2,1413.803
1786100400000,64869.2,65198.3,64860.2,65001.8,5782.69
1786104000000,65001.8,65366.8,64954.0,65267.5,8347.237
1786107600000,65267.5,65319.8,64960.6,64984.2,4772.832
1786111200000,64984.2,65248.0,64751.9,64931.1,6709.422
1786114800000,64931.1,65112.0,64860.0,64889.9,1796.266
1786118400000,64889.9,65050.0,64776.5,64779.6,1489.904
1786122000000,64779.6,64805.6,64494.7,64737.1,4888.39
1786125600000,64737.1,64850.0,64650.0,64701.4,1167.853
1786129200000,64701.4,64998.0,64701.3,64922.5,1698.885
1786132800000,64922.5,65014.6,64913.4,64937.8,666.772
1786136400000,64937.8,65080.0,64892.2,64895.3,987.283
1786140000000,64895.3,64917.4,64800.7,64845.3,698.131
1786143600000,64845.3,64888.3,64840.8,64883.1,242.118
1786147200000,64883.1,64920.6,64773.4,64881.7,785.634
1786150800000,64881.7,64924.3,64869.6,64873.8,332.603
1786154400000,64873.8,64927.3,64855.4,64886.0,470.751
1786158000000,64886.0,65048.9,64880.4,64998.7,825.192
1786161600000,64998.7,65034.8,64932.1,64974.0,427.426
1786165200000,64974.0,64997.0,64940.3,64968.5,294.388
1786168800000,64968.5,64993.3,64931.6,64974.7,355.189
1786172400000,64974.7,64977.3,64919.5,64934.4,261.989
1786176000000,64934.4,64988.0,64920.1,64959.6,393.182
1786179600000,64959.6,65022.5,64952.3,64955.6,433.841
1786183200000,64955.6,64993.8,64955.5,64975.3,273.123
1786186800000,64975.3,64986.5,64915.2,64930.5,312.473
1786190400000,64930.5,65030.7,64880.0,64968.0,760.713
1786194000000,64968.0,64998.6,64961.9,64989.6,258.478
1786197600000,64989.6,65175.3,64989.6,65090.7,1617.251
1786201200000,65090.7,65117.0,65028.0,65043.1,550.069
1786204800000,65043.1,65092.3,65003.3,65052.4,333.252
1786208400000,65052.4,65129.3,65044.4,65082.8,378.613
1786212000000,65082.8,65095.3,64979.8,65007.7,398.276
1786215600000,65007.7,65061.0,64975.4,65036.9,345.043
1786219200000,65036.9,65060.4,65022.1,65043.0,130.286
1786222800000,65043.0,65044.2,64963.2,64987.9,426.815
1786226400000,64987.9,65013.2,64910.9,64911.1,347.156
1786230000000,64911.1,64946.3,64896.7,64929.4,336.599
1786233600000,64929.4,64963.7,64928.5,64943.6,231.899
1786237200000,64943.6,64974.8,64825.3,64843.5,1076.848
1786240800000,64843.5,64843.5,64740.4,64786.7,1146.167
1786244400000,64786.7,64788.4,64694.4,64758.4,824.505
1786248000000,64758.4,64807.1,64753.9,64756.6,534.682
1786251600000,64756.6,64776.7,64741.6,64776.6,283.464
1786255200000,64776.6,64830.0,64767.0,64813.5,630.613
1786258800000,64813.5,64830.7,64792.2,64792.4,517.608
1786262400000,64792.4,64904.0,64761.0,64797.2,1043.589
1786266000000,64797.2,64853.9,64779.0,64853.9,300.526
1786269600000,64853.9,64948.8,64851.9,64926.9,868.278
1786273200000,64926.9,64979.9,64912.8,64921.7,606.724
1786276800000,64921.7,64927.2,64863.4,64927.2,580.647
1786280400000,64927.2,65242.0,64927.1,65199.6,3094.023
1786284000000,65199.6,65282.3,65122.5,65241.8,1872.761
1786287600000,65241.8,65247.2,65180.3,65203.0,513.081
1786291200000,65203.0,65238.8,65146.0,65206.0,605.372
1786294800000,65206.0,65211.0,65166.6,65173.9,278.783
1786298400000,65173.9,65202.0,65158.8,65171.4,229.542
1786302000000,65171.4,65192.4,65154.0,65154.1,281.873
1786305600000,65154.1,65163.6,65045.6,65117.1,902.485
1786309200000,65117.1,65230.0,65097.5,65172.4,629.621
1786312800000,65172.4,65547.0,64935.3,65041.3,4999.374
1786316400000,65041.3,65080.7,64801.1,64863.5,1905.133
1786320000000,64863.5,65297.0,64791.0,64943.8,3403.403
1786323600000,64943.8,65372.7,64861.4,65172.6,2112.735
1786327200000,65172.6,65199.5,64871.4,65074.9,1525.365
1786330800000,65074.9,65149.9,64873.0,64948.7,1342.255
1786334400000,64948.7,65073.1,64892.7,64978.9,656.463
1786338000000,64978.9,65133.0,64950.0,65110.0,667.228
1786341600000,65110.0,65313.2,65095.9,65274.3,1511.211
1786345200000,65274.3,65344.9,65172.4,65183.8,1246.993
1786348800000,65183.8,65300.0,65159.6,65216.9,1250.955
1786352400000,65216.9,65217.0,64924.2,64940.3,1332.258
1786356000000,64940.3,65051.5,64937.9,64989.3,1226.501
1786359600000,64989.3,65109.1,64946.8,65100.3,915.704
1786363200000,65100.3,65215.8,64802.4,64841.7,2493.452
1786366800000,64841.7,64942.0,64472.5,64533.1,5245.342
1786370400000,64533.1,64850.0,64505.3,64589.7,3713.446
1786374000000,64589.7,64684.8,64142.2,64256.0,11989.235
1786377600000,64256.0,64326.5,63779.2,63878.1,8503.237
1786381200000,63878.1,64000.0,63786.9,63925.0,3196.232
1786384800000,63925.0,63990.7,63781.2,63857.3,2140.229
1786388400000,63857.3,64074.9,63850.4,64020.0,1993.305
1786392000000,64020.0,64174.4,63991.9,64131.2,1003.106
1786395600000,64131.2,64131.3,63946.2,63950.8,1003.377
1786399200000,63950.8,64030.4,63903.3,63991.0,821.719
1786402800000,63991.0,63995.0,63880.8,63946.8,744.849
1786406400000,63946.8,64034.0,63855.9,64006.3,1214.483
1786410000000,64006.3,64054.6,63920.6,64022.3,828.644
1786413600000,64022.3,64060.0,63997.4,64009.8,509.351
1786417200000,64009.8,64154.4,64009.8,64112.5,617.135
1786420800000,64112.5,64128.9,63996.0,63996.0,552.319
1786424400000,63996.0,64028.2,63931.0,63965.6,860.086
1786428000000,63965.6,64028.4,63804.1,63941.7,1335.88
1786431600000,63941.7,64082.3,63875.3,64034.9,1214.425
1786435200000,64034.9,64122.0,64011.4,64107.9,711.293
1786438800000,64107.9,64275.0,64098.0,64274.9,1576.014
1786442400000,64274.9,64287.8,64157.1,64193.2,1379.009
1786446000000,64193.2,64376.7,64193.2,64350.0,1691.122
1786449600000,64350.0,64486.3,64252.4,64292.1,2631.006
1786453200000,64292.1,64344.5,64012.3,64177.2,3080.389
1786456800000,64177.2,64238.2,63667.0,63743.9,5646.722
1786460400000,63743.9,63841.5,63395.2,63580.7,8076.358
1786464000000,63580.7,63643.8,63425.0,63480.9,2577.437
1786467600000,63480.9,63609.7,63433.0,63576.6,1489.084
1786471200000,63576.6,63604.8,63204.9,63348.8,4118.087
1786474800000,63348.8,63512.0,63183.1,63503.3,2844.472
1786478400000,63503.3,63724.8,63503.3,63706.9,3585.492
1786482000000,63706.9,63744.5,63581.3,63636.8,1680.464
1786485600000,63636.8,63744.3,63588.0,63631.0,1145.77
1786489200000,63631.0,63631.0,63516.7,63560.5,706.406
1786492800000,63560.5,63721.8,63494.2,63719.7,994.221
1786496400000,63719.7,63836.0,63660.0,63799.3,1296.585
1786500000000,63799.3,63879.1,63695.8,63723.9,1344.034
1786503600000,63723.9,63821.3,63676.2,63800.0,687.217
1786507200000,63800.0,63867.7,63711.0,63753.2,839.951
1786510800000,63753.2,63846.7,63700.4,63815.6,815.131
1786514400000,63815.6,63815.6,63570.1,63689.3,1911.712
1786518000000,63689.3,63807.6,63604.3,63800.3,878.396
1786521600000,63800.3,63839.2,63738.5,63763.7,976.255
1786525200000,63763.7,64080.0,63739.1,64079.8,3113.767
1786528800000,64079.8,64205.2,64031.0,64107.0,2727.313
1786532400000,64107.0,64224.2,64083.1,64209.8,1522.031
1786536000000,64209.8,64477.0,63946.0,64099.4,9338.835
1786539600000,64099.4,64139.5,63802.9,63802.9,4210.966
1786543200000,63802.9,63897.2,63327.6,63339.5,7549.371
1786546800000,63339.5,63545.9,63280.0,63413.0,3600.611
1786550400000,63413.0,63546.0,63335.3,63457.5,1942.728
1786554000000,63457.5,63526.3,63380.0,63440.1,1055.745
1786557600000,63440.1,63499.6,63343.8,63352.4,985.311
1786561200000,63352.4,63439.9,63260.1,63396.0,1537.57
1786564800000,63396.0,63578.7,63389.9,63578.7,1228.121
1786568400000,63578.7,63633.0,63391.2,63436.8,1161.437
1786572000000,63436.8,63503.2,63330.0,63402.3,889.745
1786575600000,63402.3,63462.2,63340.0,63450.8,851.078
1786579200000,63450.8,63690.0,63430.9,63526.4,1642.501
1786582800000,63526.4,63608.1,63344.8,63423.9,1126.209
1786586400000,63423.9,63555.1,63341.7,63520.5,679.076
1786590000000,63520.5,63664.0,63478.4,63622.1,1870.219
1786593600000,63622.1,63748.7,63563.0,63662.0,1634.595
1786597200000,63662.0,63994.4,63638.4,63845.6,2993.207
1786600800000,63845.6,63920.9,63722.5,63920.8,1575.365
1786604400000,63920.8,63925.9,63827.5,63838.0,662.133
1786608000000,63838.0,63887.8,63710.8,63747.6,1002.07
1786611600000,63747.6,63774.0,63548.2,63755.1,2030.091
1786615200000,63755.1,63793.2,63548.9,63628.4,3064.091
1786618800000,63628.4,63638.0,63317.5,63459.7,2910.63
1786622400000,63459.7,63689.0,63414.7,63669.6,2114.339
1786626000000,63669.6,63830.4,63523.5,63691.2,3631.444
1786629600000,63691.2,63975.7,63644.6,63838.6,3025.584
1786633200000,63838.6,63916.1,63386.0,63386.0,2899.876
1786636800000,63386.0,63548.0,62810.5,63130.0,11664.155
1786640400000,63130.0,63269.5,63041.2,63110.2,2469.527
1786644000000,63110.2,63348.4,63088.8,63276.7,2206.911
1786647600000,63276.7,63490.8,63276.6,63388.5,1780.592
1786651200000,63388.5,63449.0,63337.4,63383.3,783.326
1786654800000,63383.3,63470.0,63354.8,63448.1,1117.76
1786658400000,63448.1,63617.0,63448.1,63498.0,1837.219
1786662000000,63498.0,63511.6,63360.8,63461.9,836.258
1786665600000,63461.9,63539.7,63381.0,63517.8,938.483
1786669200000,63517.8,63570.0,63430.1,63549.2,1082.478
1786672800000,63549.2,63597.6,63437.3,63437.3,742.859
1786676400000,63437.3,63552.4,63268.0,63288.2,1163.361
1786680000000,63288.2,63451.5,63228.2,63348.5,1095.254
1786683600000,63348.5,63375.8,63253.1,63354.1,981.79
1786687200000,63354.1,63354.1,62892.0,62935.9,3517.352
1786690800000,62935.9,63078.8,62870.1,62870.2,4389.016
1786694400000,62870.2,62953.8,62651.0,62903.6,6240.586
1786698000000,62903.6,62903.6,62700.1,62750.0,2110.263
1786701600000,62750.0,62914.3,62700.0,62785.1,2244.205
1786705200000,62785.1,62904.1,62773.2,62834.7,1062.162
1786708800000,62834.7,62882.0,62688.0,62704.0,1750.72
1786712400000,62704.0,62792.7,62560.4,62638.7,4309.997
1786716000000,62638.7,62772.0,62505.1,62583.1,3167.919
1786719600000,62583.1,63058.2,62579.2,62952.3,3555.222
1786723200000,62952.3,63191.3,62934.9,63108.2,2394.378
1786726800000,63108.2,63218.0,62962.4,62985.8,2642.503
1786730400000,62985.8,63054.3,62857.2,62901.8,1319.858
1786734000000,62901.8,62970.5,62796.3,62935.4,1351.248
1786737600000,62935.4,62998.3,62866.7,62877.9,798.927
1786741200000,62877.9,62914.0,62847.0,62904.0,533.758
1786744800000,62904.0,62937.4,62761.8,62854.0,773.895
1786748400000,62854.0,63040.0,62834.8,63018.5,578.75
1786752000000,63018.5,63039.3,62966.2,62993.3,502.881
1786755600000,62993.3,63016.8,62961.1,63013.7,420.669
1786759200000,63013.7,63110.0,63010.0,63109.9,505.861
1786762800000,63109.9,63159.9,63010.1,63026.1,603.109
1786766400000,63026.1,63122.0,63026.1,63088.8,303.38
1786770000000,63088.8,63129.4,63003.6,63053.5,444.211
1786773600000,63053.5,63106.7,63000.8,63081.4,340.709
1786777200000,63081.4,63102.1,63008.0,63047.1,657.588
1786780800000,63047.1,63056.0,62892.0,62906.3,887.569
1786784400000,62906.3,63017.0,62883.3,63004.1,576.906
1786788000000,63004.1,63020.0,62967.1,63008.7,244.998
1786791600000,63008.7,63031.7,62960.3,62989.9,300.521
1786795200000,62989.9,63037.9,62914.5,63028.8,677.565
1786798800000,63028.8,63058.6,62990.3,63026.1,453.612
1786802400000,63026.1,63026.1,62966.3,63008.8,257.165
1786806000000,63008.8,63099.7,63000.0,63065.7,388.727
1786809600000,63065.7,63093.2,63033.2,63064.1,299.027
1786813200000,63064.1,63076.0,63030.4,63044.4,190.491
1786816800000,63044.4,63089.6,63000.1,63027.8,385.721
1786820400000,63027.8,63095.2,63027.7,63095.2,245.098
1786824000000,63095.2,63095.2,63041.6,63078.8,219.906
1786827600000,63078.8,63139.0,63071.1,63124.6,424.478
1786831200000,63124.6,63146.0,63093.6,63099.9,273.598
1786834800000,63099.9,63124.5,63055.0,63059.2,348.268
1786838400000,63059.2,63062.0,63032.7,63051.2,302.342
1786842000000,63051.2,63053.9,62970.1,63052.2,703.293
1786845600000,63052.2,63126.3,62990.0,63094.0,757.179
1786849200000,63094.0,63098.7,63083.7,63098.1,125.48
1786852800000,63098.1,63130.4,63052.4,63052.5,197.155
1786856400000,63052.5,63068.3,63003.8,63028.1,366.274
1786860000000,63028.1,63051.2,63015.2,63030.9,259.907
1786863600000,63030.9,63035.0,63018.5,63027.4,207.68
1786867200000,63027.4,63040.1,63027.4,63033.3,127.849
1786870800000,63033.3,63033.4,62930.2,62960.1,640.797
1786874400000,62960.1,62988.8,62930.9,62980.8,334.079
1786878000000,62980.8,62987.0,62949.1,62987.0,212.713
1786881600000,62987.0,62998.0,62959.0,62986.9,178.073
1786885200000,62986.9,63046.1,62986.9,63027.7,290.341
1786888800000,63027.7,63078.0,63024.8,63074.7,303.299
1786892400000,63074.7,63116.8,63070.8,63111.0,443.345
1786896000000,63111.0,63366.0,63100.0,63224.8,2379.79
1786899600000,63224.8,63247.2,63087.7,63123.8,669.842
1786903200000,63123.8,63145.6,63086.0,63109.2,294.755
1786906800000,63109.2,63197.1,63056.9,63075.8,863.37
1786910400000,63075.8,63112.6,62981.8,63036.2,558.992
1786914000000,63036.2,63050.0,62698.7,62890.0,1864.454
1786917600000,62890.0,62929.0,62676.4,62887.5,1950.758
1786921200000,62887.5,62970.6,62795.5,62873.2,1050.003
1786924800000,62873.2,62924.9,62711.4,62880.1,1037.954
1786928400000,62880.1,63215.6,62857.3,63079.0,3046.333
1786932000000,63079.0,63478.4,62998.3,63376.3,3330.833
1786935600000,63376.3,63500.0,63309.5,63399.9,1733.524
1786939200000,63399.9,63566.9,63399.9,63517.8,3348.687
1786942800000,63517.8,63565.3,63403.8,63485.2,1276.649
1786946400000,63485.2,63715.8,63447.1,63633.9,3680.849
1786950000000,63633.9,63647.4,63497.6,63502.0,1300.305
1786953600000,63502.0,63532.4,63323.9,63352.0,2112.133
1786957200000,63352.0,63405.4,63272.8,63290.9,1052.928
1786960800000,63290.9,63676.0,63270.1,63661.1,2866.178
1786964400000,63661.1,63766.4,63561.2,63594.9,2293.832
1786968000000,63594.9,63650.0,63496.7,63520.6,2277.975
1786971600000,63520.6,63795.8,63411.0,63640.9,3476.993
1786975200000,63640.9,63891.8,63554.0,63870.0,2967.82
1786978800000,63870.0,64197.1,63781.0,64171.2,6425.127
1786982400000,64171.2,64185.0,64028.5,64089.1,2411.452
1786986000000,64089.1,64400.0,63939.1,64301.4,6111.34
1786989600000,64301.4,64664.0,64251.9,64402.5,5002.53
1786993200000,64402.5,64402.8,64245.6,64275.1,1359.892
1786996800000,64275.1,64410.2,64231.0,64362.0,1110.669
1787000400000,64362.0,64407.4,64261.1,64348.9,1070.602
1787004000000,64348.9,64392.6,64240.6,64261.0,873.686
1787007600000,64261.0,64548.0,64247.0,64498.1,1267.836
1787011200000,64498.1,64535.9,64327.2,64357.3,1048.173
1787014800000,64357.3,64360.9,64122.8,64179.9,1476.399
1787018400000,64179.9,64254.1,64021.0,64071.6,2022.968
1787022000000,64071.6,64158.9,64007.6,64144.2,1431.148
1787025600000,64144.2,64219.8,64055.0,64186.1,1265.747
1787029200000,64186.1,64245.6,64102.4,64198.4,1361.358
1787032800000,64198.4,64430.4,64132.0,64296.0,1994.787
1787036400000,64296.0,64327.2,64133.9,64172.0,979.485
1787040000000,64172.0,64320.9,64051.3,64260.6,1254.528
1787043600000,64260.6,64260.6,64103.0,64138.6,600.273
1787047200000,64138.6,64195.4,64093.8,64170.5,663.684
1787050800000,64170.5,64377.0,64159.5,64323.1,1291.611
1787054400000,64323.1,64325.3,64178.3,64190.0,829.437
1787058000000,64190.0,64258.8,64017.8,64194.4,3454.965
1787061600000,64194.4,65041.7,64188.9,64697.4,11084.611
1787065200000,64697.4,64867.7,64620.0,64832.4,3112.832
1787068800000,64832.4,64868.7,64640.4,64808.6,2317.752
1787072400000,64808.6,64808.8,64644.5,64644.6,1451.476
1787076000000,64644.6,64798.0,64628.1,64751.1,1062.107
1787079600000,64751.1,64771.1,64610.5,64617.0,1008.386
1787083200000,64617.0,64628.0,64537.4,64544.7,1143.143
1787086800000,64544.7,64630.0,64535.1,64573.5,645.861
1787090400000,64573.5,64622.8,64530.7,64610.4,682.805
1787094000000,64610.4,64757.9,64599.8,64693.2,820.801
1787097600000,64693.2,64710.1,64441.5,64457.8,1552.756
1787101200000,64457.8,64516.8,64340.0,64368.4,2159.384
1787104800000,64368.4,64386.1,64308.0,64314.2,1233.547
1787108400000,64314.2,64388.9,64241.9,64293.5,1700.101
1787112000000,64293.5,64364.8,64263.0,64283.8,807.995
1787115600000,64283.8,64380.0,64200.0,64211.6,993.467
1787119200000,64211.6,64324.2,64136.0,64314.7,2353.486
1787122800000,64314.7,64372.8,64238.7,64271.0,1089.961
1787126400000,64271.0,64480.9,64215.6,64382.8,1846.29
1787130000000,64382.8,64447.0,64321.9,64391.2,827.201
1787133600000,64391.2,64429.9,64333.6,64421.8,578.368
1787137200000,64421.8,64510.9,64416.3,64479.0,1345.306
1787140800000,64479.0,64967.9,64437.4,64849.6,6484.313
1787144400000,64849.6,65200.0,64748.5,64982.8,12843.327
1787148000000,64982.8,65967.4,64982.8,65900.0,15989.531
1787151600000,65900.0,69893.2,65854.9,68523.3,50371.786
1787155200000,68523.3,69000.0,68379.9,68434.4,8701.473
1787158800000,68434.4,68506.9,67792.4,68157.7,7932.717
1787162400000,68157.7,68417.5,67989.0,68351.9,2553.661
1787166000000,68351.9,68446.0,68024.7,68399.9,3165.788
1787169600000,68399.9,69600.0,68350.7,69010.9,7465.093
1787173200000,69010.9,70052.6,68931.8,69689.6,12144.79
1787176800000,69689.6,69813.9,68956.5,69230.5,4739.55
1787180400000,69230.5,69447.2,69131.0,69305.0,3137.755
1787184000000,69305.0,69765.2,69281.0,69397.9,4039.989
1787187600000,69397.9,69899.5,69250.0,69691.2,3063.699
1787191200000,69691.2,69805.5,69230.8,69275.5,2671.011
1787194800000,69275.5,69338.2,68875.0,69173.8,2664.509
1787198400000,69173.8,69598.2,69145.6,69469.9,1723.809
1787202000000,69469.9,69655.4,69337.6,69398.4,1554.114
1787205600000,69398.4,69928.2,69320.0,69828.7,3361.567
1787209200000,69828.7,70018.0,69467.4,69820.2,4100.061
1787212800000,69820.2,71809.4,69777.1,71549.8,18844.818
1787216400000,71549.8,72043.8,71453.1,71770.0,9254.643
1787220000000,71770.0,72516.8,71671.5,71967.8,8556.007
1787223600000,71967.8,72300.0,71767.3,71884.6,4697.076
1787227200000,71884.6,71977.0,71423.8,71916.7,6339.676
1787230800000,71916.7,72072.6,71028.8,71655.2,7866.825
1787234400000,71655.2,71955.9,71312.3,71789.6,4094.283
1787238000000,71789.6,72825.6,71750.7,72432.8,9988.29
1787241600000,72432.8,72897.8,72167.0,72804.1,4382.328
1787245200000,72804.1,72947.5,72500.0,72706.7,3281.588
1787248800000,72706.7,72780.3,72340.0,72382.1,3124.776
1787252400000,72382.1,72744.8,72282.1,72648.1,2486.435
1787256000000,72648.1,73074.4,72555.1,72634.1,3255.169
1787259600000,72634.1,72819.3,72516.4,72699.9,1106.374
1787263200000,72699.9,72850.0,72439.7,72645.9,2143.751
1787266800000,72645.9,73399.7,72621.5,72992.3,5508.453
1787270400000,72992.3,73961.9,72987.5,73670.1,6591.872
1787274000000,73670.1,75750.0,73619.0,75096.6,14968.799
1787277600000,75096.6,75160.0,74324.7,74412.6,5045.39
1787281200000,74412.6,74860.2,74205.0,74482.8,4274.987
1787284800000,74482.8,75019.6,74482.8,74999.9,3047.747
1787288400000,74999.9,75502.8,74879.1,75440.7,5337.588
1787292000000,75440.7,75741.5,75072.0,75612.0,5911.947
1787295600000,75612.0,76913.0,75574.2,76312.4,12545.266
1787299200000,76312.4,79559.2,76260.7,79273.4,20818.302
1787302800000,79273.4,79376.4,77235.9,77899.8,17728.367
1787306400000,77899.8,78248.0,77601.6,77798.0,4516.815
1787310000000,77798.0,77850.0,76399.6,76753.7,8962.323
1787313600000,76753.7,77481.1,76541.4,77224.5,4945.323
1787317200000,77224.5,77715.0,76219.0,77254.0,7832.112
1787320800000,77254.0,77448.8,76535.3,77386.6,5434.824
1787324400000,77386.6,77896.3,77139.5,77224.7,3832.941
1787328000000,77224.7,77555.6,76741.7,77463.6,3012.124
1787331600000,77463.6,77704.1,77161.9,77377.3,2285.664
1787335200000,77377.3,77530.0,76602.8,77117.0,3374.706
1787338800000,77117.0,77333.5,76822.0,76985.9,2358.169
1787342400000,76985.9,77510.0,76796.3,77486.4,2334.578
1787346000000,77486.4,78666.0,77350.0,78482.7,5752.616
1787349600000,78482.7,78751.9,78052.6,78437.8,4009.731
1787353200000,78437.8,78701.9,78080.6,78307.5,2101.34
1787356800000,78307.5,78476.3,77621.5,77915.4,2995.332
1787360400000,77915.4,78221.1,77780.9,77797.8,1439.668
1787364000000,77797.8,78540.5,77745.5,78466.4,2151.05
1787367600000,78466.4,78826.9,78327.6,78387.6,2885.166
1787371200000,78387.6,78800.0,78175.0,78443.1,2285.35
1787374800000,78443.1,78571.4,76451.4,77363.0,12785.201
1787378400000,77363.0,77550.0,76955.0,77473.5,2359.996
1787382000000,77473.5,77676.3,77192.5,77278.0,2276.94
1787385600000,77278.0,77424.2,77007.3,77188.0,2419.873
1787389200000,77188.0,77372.2,76825.0,77049.9,2293.287
1787392800000,77049.9,77197.2,76511.1,76972.5,3375.423
1787396400000,76972.5,77214.0,76800.1,77126.3,1321.075
1787400000000,77126.3,77376.3,77057.5,77277.7,1263.876
1787403600000,77277.7,77368.7,77100.0,77281.3,938.229
1787407200000,77281.3,77318.0,76896.2,77002.6,1348.134
1787410800000,77002.6,77100.0,76853.8,76980.4,770.285
1787414400000,76980.4,77564.3,76960.4,77283.6,2097.802
1787418000000,77283.6,77391.4,77060.1,77276.9,1165.114
1787421600000,77276.9,77370.9,77129.8,77267.0,558.195
1787425200000,77267.0,77483.1,77204.0,77410.2,853.293
1787428800000,77410.2,77463.0,77260.0,77317.5,534.583
1787432400000,77317.5,77319.8,76810.6,76853.5,1284.114
1787436000000,76853.5,77169.8,76755.8,77000.4,1631.449
1787439600000,77000.4,77137.6,76892.5,77073.5,543.05
1787443200000,77073.5,77373.0,77042.5,77296.9,966.49
1787446800000,77296.9,77427.8,77150.8,77182.7,1231.441
1787450400000,77182.7,77217.0,77003.2,77067.7,868.897
1787454000000,77067.7,77150.0,76820.6,76932.6,1256.068
1787457600000,76932.6,77041.9,76459.0,76602.3,2967.655
1787461200000,76602.3,76738.3,75550.0,76064.8,8136.324
1787464800000,76064.8,76366.0,75888.0,76102.2,2171.241
1787468400000,76102.2,76358.0,75905.6,76016.4,1513.252
1787472000000,76016.4,76712.7,75959.2,76484.3,3089.242
1787475600000,76484.3,76653.7,76464.0,76539.6,935.354
1787479200000,76539.6,76943.4,76534.8,76781.4,1970.158
1787482800000,76781.4,77400.0,76725.8,77292.2,3112.542
1787486400000,77292.2,77300.0,76965.6,77193.8,1228.116
1787490000000,77193.8,77803.9,77177.1,77474.9,3598.039
1787493600000,77474.9,77634.6,76698.3,77172.6,4560.769
1787497200000,77172.6,77322.8,76854.4,77128.1,1999.126
1787500800000,77128.1,77464.4,77128.1,77396.4,716.715
1787504400000,77396.4,77426.4,77112.3,77162.6,1579.454
1787508000000,77162.6,77388.3,77074.1,77323.0,1383.951
1787511600000,77323.0,77512.4,77219.6,77314.1,820.779
1787515200000,77314.1,77436.9,77161.9,77378.5,611.289
1787518800000,77378.5,78044.4,77378.5,77817.3,3775.762
1787522400000,77817.3,77966.5,77516.5,77580.7,1463.319
1787526000000,77580.7,77799.9,77223.8,77712.6,2012.019
1787529600000,77712.6,77724.4,77079.7,77662.5,2130.883
1787533200000,77662.5,77703.0,76847.0,76888.5,2202.562
1787536800000,76888.5,77533.0,76836.6,77457.7,2585.744
1787540400000,77457.7,77511.0,76911.9,76927.1,1720.53
1787544000000,76927.1,77247.7,76606.9,76890.0,2381.053
1787547600000,76890.0,77238.1,76831.0,77131.5,2074.401
1787551200000,77131.5,77554.8,77046.0,77452.6,1985.265
1787554800000,77452.6,77777.0,77267.7,77309.2,1785.455
1787558400000,77309.2,77410.0,76800.1,77027.1,2322.692
1787562000000,77027.1,77592.1,77003.7,77543.7,1957.639
1787565600000,77543.7,78017.4,77500.1,77603.0,4093.529
1787569200000,77603.0,78595.6,77426.6,78416.8,7259.437
1787572800000,78416.8,79310.0,77932.7,79142.6,7281.434
1787576400000,79142.6,79422.1,77733.5,78558.7,10007.977
1787580000000,78558.7,79817.3,78555.2,79472.2,10490.797
1787583600000,79472.2,79979.2,78732.4,79057.5,9222.014
1787587200000,79057.5,79838.6,78846.6,79014.8,6224.625
1787590800000,79014.8,79160.0,78369.9,78717.5,7071.174
1787594400000,78717.5,79040.5,78659.5,78890.8,2815.712
1787598000000,78890.8,79084.6,78530.1,78704.0,2479.988
1787601600000,78704.0,78976.5,78510.6,78900.0,2669.291
1787605200000,78900.0,79016.9,78820.6,78948.2,767.565
1787608800000,78948.2,78959.8,78652.7,78707.9,1136.345
1787612400000,78707.9,78975.3,78580.1,78953.1,1087.272
1787616000000,78953.1,79876.0,78675.4,79704.0,4014.669
1787619600000,79704.0,79950.0,79435.3,79795.0,2866.273
1787623200000,79795.0,81260.0,79704.0,80621.8,10704.503
1787626800000,80621.8,80924.8,80277.0,80450.8,3294.466
1787630400000,80450.8,80585.1,80124.0,80347.9,1944.568
1787634000000,80347.9,80797.9,80298.3,80703.6,2196.352
1787637600000,80703.6,80898.0,80375.0,80544.6,2348.537
1787641200000,80544.6,80788.0,79261.0,79667.1,5020.277
1787644800000,79667.1,80210.0,79565.4,79897.9,3358.21
1787648400000,79897.9,79933.1,78831.4,79156.0,4270.736
1787652000000,79156.0,79456.4,78933.3,79271.6,2362.897
1787655600000,79271.6,79430.0,79002.3,79092.0,2196.517
1787659200000,79092.0,79144.4,78553.4,78939.9,4231.212
1787662800000,78939.9,79200.0,78041.5,78616.2,8539.828
1787666400000,78616.2,79349.2,78495.0,79196.0,5081.273
1787670000000,79196.0,79503.4,78959.6,79467.2,3965.506
1787673600000,79467.2,79548.0,79020.2,79113.2,2703.471
1787677200000,79113.2,79216.1,78709.4,79191.2,2497.291
1787680800000,79191.2,79323.4,79000.1,79081.5,1336.157
1787684400000,79081.5,79200.0,78664.1,78881.9,2619.127
1787688000000,78881.9,78935.9,78067.5,78157.3,5107.066
1787691600000,78157.3,78618.9,77800.0,78525.3,3968.315
1787695200000,78525.3,78971.1,78525.3,78842.6,3473.318
1787698800000,78842.6,78959.9,78339.8,78498.1,2861.239
1787702400000,78498.1,78674.9,78239.8,78586.8,2521.229
1787706000000,78586.8,78926.0,78557.2,78784.0,1976.418
1787709600000,78784.0,79220.0,78702.9,79073.7,1641.738
1787713200000,79073.7,79157.6,78854.0,79050.0,1193.351
1787716800000,79050.0,79160.7,78720.1,78787.9,1680.168
1787720400000,78787.9,79100.2,78588.6,79056.0,1754.409
1787724000000,79056.0,79179.6,78764.0,78909.7,1249.875
1787727600000,78909.7,79061.3,78824.8,78884.1,1145.606
1787731200000,78884.1,79097.6,78549.1,78676.0,1735.87
1787734800000,78676.0,78848.2,78190.1,78410.0,2695.068
1787738400000,78410.0,78855.3,78250.4,78673.7,1639.001
1787742000000,78673.7,78747.1,78263.2,78434.6,1957.629
1787745600000,78434.6,78679.1,77862.5,78278.2,4348.642
1787749200000,78278.2,78538.2,77836.2,78410.5,5013.325
1787752800000,78410.5,78575.4,77711.1,77750.2,4576.04
1787756400000,77750.2,78144.7,77553.4,77978.6,3639.134
1787760000000,77978.6,78143.3,77805.4,77958.4,1920.941
1787763600000,77958.4,78585.0,77958.4,78409.6,2491.533
1787767200000,78409.6,78632.3,78240.0,78437.0,1999.46
1787770800000,78437.0,78535.6,78230.0,78422.6,1749.607
1787774400000,78422.6,78480.9,78149.9,78415.1,1075.876
1787778000000,78415.1,78813.2,78343.4,78684.6,1944.402
1787781600000,78684.6,78946.0,78512.0,78646.4,1940.2
1787785200000,78646.4,79142.3,78602.5,78989.8,1608.518
1787788800000,78989.8,79000.0,78652.1,78653.9,1285.096
1787792400000,78653.9,78992.0,78500.0,78867.1,1573.599
1787796000000,78867.1,78948.0,78661.2,78685.9,912.862
1787799600000,78685.9,78956.6,78588.3,78792.4,1077.125
1787803200000,78792.4,78862.0,78641.6,78736.4,662.44
1787806800000,78736.4,78904.9,78558.0,78876.2,1163.148
1787810400000,78876.2,78876.2,78562.4,78790.4,1696.848
1787814000000,78790.4,79072.5,78723.0,79043.4,1289.396
1787817600000,79043.4,79998.8,79010.4,79724.2,5923.825
1787821200000,79724.2,80499.0,79636.1,79966.6,5556.277
1787824800000,79966.6,80128.7,79259.5,79605.7,4531.899
1787828400000,79605.7,79745.3,79085.6,79446.1,2589.463
1787832000000,79446.1,79558.6,79211.5,79240.3,1676.112
1787835600000,79240.3,79533.3,78877.3,79492.0,3670.966
1787839200000,79492.0,80368.8,79307.9,80163.7,7640.657
1787842800000,80163.7,80807.0,80044.5,80260.0,7100.688
1787846400000,80260.0,80633.9,80134.4,80326.9,3378.849
1787850000000,80326.9,80819.0,80168.6,80402.1,3927.632
1787853600000,80402.1,80412.9,79700.5,80124.3,3793.449
1787857200000,80124.3,80268.2,79826.1,79868.5,1631.817
1787860800000,79868.5,80088.0,79829.1,80064.8,1229.845
1787864400000,80064.8,80154.3,79927.3,80150.1,1277.34
1787868000000,80150.1,80407.0,80104.6,80261.8,1334.076
1787871600000,80261.8,80350.0,80090.7,80209.3,683.768
1787875200000,80209.3,80696.7,80106.7,80539.2,1753.907
1787878800000,80539.2,81499.9,80361.6,80467.1,6535.293
1787882400000,80467.1,80473.4,79610.2,79883.9,4271.441
1787886000000,79883.9,80016.7,79721.3,79774.2,2048.06
1787889600000,79774.2,79945.4,79563.0,79604.7,2218.316
1787893200000,79604.7,79848.9,79491.1,79651.1,1732.557
1787896800000,79651.1,79966.7,79651.0,79861.0,1211.763
1787900400000,79861.0,79861.0,79536.0,79644.9,1866.847
1787904000000,79644.9,79821.9,79426.4,79481.5,2192.555
1787907600000,79481.5,79481.6,79200.0,79244.7,2247.736
1787911200000,79244.7,79567.7,78951.9,79532.6,3103.595
1787914800000,79532.6,79735.0,79511.9,79559.8,2206.833
1787918400000,79559.8,79697.4,79235.3,79382.0,2252.76
1787922000000,79382.0,79526.8,78933.7,79272.1,3866.002
1787925600000,79272.1,79699.7,78350.0,79516.6,14821.084
1787929200000,79516.6,79848.9,78240.9,78285.0,7776.304
1787932800000,78285.0,78369.4,76824.3,77763.1,16305.503
1787936400000,77763.1,78129.0,77626.3,77878.4,3584.321
1787940000000,77878.4,77910.6,77229.8,77531.7,3727.666
1787943600000,77531.7,77783.8,77316.8,77547.7,2741.319
1787947200000,77547.7,77605.7,77280.0,77385.7,1568.061
1787950800000,77385.7,77513.9,77213.7,77343.7,937.412
1787954400000,77343.7,77741.7,77304.0,77720.0,1588.844
1787958000000,77720.0,77813.3,77578.8,77809.8,1664.37
1787961600000,77809.8,77920.0,77683.7,77702.4,1679.404
1787965200000,77702.4,77818.5,77556.1,77762.5,904.738
1787968800000,77762.5,77796.4,77536.9,77633.2,990.461
1787972400000,77633.2,77699.9,77461.1,77467.7,771.922
1787976000000,77467.7,77649.0,77467.7,77610.7,551.472
1787979600000,77610.7,77683.0,77565.0,77600.0,477.284
1787983200000,77600.0,77606.5,77342.5,77430.0,1176.645
1787986800000,77430.0,77630.0,77400.7,77574.8,1095.129
1787990400000,77574.8,77605.0,77438.3,77604.9,675.159
1787994000000,77604.9,77725.0,77518.2,77613.6,783.32
1787997600000,77613.6,77700.0,77484.0,77602.4,704.895
1788001200000,77602.4,77701.4,77515.8,77560.8,422.088
1788004800000,77560.8,77630.0,77469.6,77558.4,481.876
1788008400000,77558.4,77695.9,77530.4,77663.7,561.991
1788012000000,77663.7,78133.4,77622.0,77976.0,2745.628
1788015600000,77976.0,77980.0,77765.5,77822.5,1339.85
1788019200000,77822.5,78098.2,77812.6,77988.4,1272.663
1788022800000,77988.4,78071.9,77856.4,78071.9,616.333
1788026400000,78071.9,78245.9,77979.8,78120.0,1056.259
1788030000000,78120.0,78327.6,78097.4,78151.2,1449.133
1788033600000,78151.2,78267.4,78069.9,78087.8,490.276
1788037200000,78087.8,78166.2,78011.5,78130.2,438.226
1788040800000,78130.2,78200.0,78047.2,78188.2,372.611
1788044400000,78188.2,78247.8,78160.8,78196.6,510.594
1788048000000,78196.6,78298.0,78106.5,78137.5,497.182
1788051600000,78137.5,78156.5,77946.5,78048.4,975.452
1788055200000,78048.4,78150.0,77972.2,78064.1,444.405
1788058800000,78064.1,78200.0,78022.4,78100.5,358.243
1788062400000,78100.5,78193.0,77921.8,78081.5,568.116
1788066000000,78081.5,78182.0,78074.0,78104.1,295.207
1788069600000,78104.1,78318.8,78068.0,78253.1,597.251
1788073200000,78253.1,78264.3,78078.0,78079.3,536.194
1788076800000,78079.3,78173.0,78000.0,78040.0,658.54
1788080400000,78040.0,78084.9,77941.4,77958.0,699.676
1788084000000,77958.0,78123.8,77922.7,78117.9,689.208
1788087600000,78117.9,78212.6,78080.7,78137.6,739.685
1788091200000,78137.6,78847.9,78137.6,78752.7,5274.05
1788094800000,78752.7,78939.8,78546.6,78816.7,2130.482
1788098400000,78816.7,78909.2,78674.1,78748.8,1422.266
1788102000000,78748.8,78888.0,78585.3,78791.6,1314.21
1788105600000,78791.6,79367.5,78708.0,79304.2,3780.833
1788109200000,79304.2,79304.2,78720.8,78990.3,2658.315
1788112800000,78990.3,79154.5,78739.8,79006.0,1561.406
1788116400000,79006.0,79022.0,78666.4,78832.3,1166.55
1788120000000,78832.3,78904.6,78350.1,78556.4,2635.918
1788123600000,78556.4,78710.9,78160.5,78628.6,3188.633
1788127200000,78628.6,78784.9,78235.5,78394.5,1839.228
1788130800000,78394.5,78418.9,76900.0,77639.1,8132.458
1788134400000,77639.1,78149.0,77391.1,77899.2,4659.631
1788138000000,77899.2,77965.7,77503.9,77611.3,2230.726
1788141600000,77611.3,77988.7,77336.8,77437.3,2251.637
1788145200000,77437.3,77834.7,77356.2,77715.1,1206.322
1788148800000,77715.1,77738.5,77417.6,77581.5,1295.033
1788152400000,77581.5,78154.7,77467.6,77983.1,3109.338
1788156000000,77983.1,78125.0,77815.4,78051.5,2433.119
1788159600000,78051.5,78288.0,78003.7,78169.9,1672.396
1788163200000,78169.9,78483.8,77941.1,78440.6,2448.286
1788166800000,78440.6,78783.0,78344.8,78484.5,3246.965
1788170400000,78484.5,78739.9,78272.5,78683.0,2057.313
1788174000000,78683.0,78683.8,78261.1,78286.1,1421.764
1788177600000,78286.1,78516.6,77560.1,77900.1,5209.967
1788181200000,77900.1,78250.0,77680.0,77827.7,5018.754
1788184800000,77827.7,78670.7,77697.9,78591.9,6831.43
1788188400000,78591.9,78749.1,78164.2,78548.6,3442.077
1788192000000,78548.6,78887.3,78481.0,78594.8,2390.1
1788195600000,78594.8,79015.6,78448.4,78863.0,3287.801
1788199200000,78863.0,79193.1,78746.1,78984.4,2523.914
1788202800000,78984.4,79280.8,78799.9,78863.6,2490.118
1788206400000,78863.6,79166.7,78727.3,78824.6,1891.989
1788210000000,78824.6,79049.4,78691.8,78922.6,1221.274
1788213600000,78922.6,78979.2,78531.5,78546.0,909.228
1788217200000,78546.0,78554.5,78359.9,78541.8,1351.341
1788220800000,78541.8,78871.9,78517.9,78610.6,1707.001
1788224400000,78610.6,78763.9,78326.7,78368.9,1890.906
1788228000000,78368.9,78424.2,78124.4,78420.0,1918.59
1788231600000,78420.0,78850.0,78364.4,78653.9,2022.25
1788235200000,78653.9,78900.0,78620.0,78705.1,1364.902
1788238800000,78705.1,79200.0,78702.9,79155.1,2360.277
1788242400000,79155.1,79155.1,78709.0,78709.1,1923.037
1788246000000,78709.1,78784.3,78470.1,78606.5,1556.437
1788249600000,78606.5,78633.9,77777.0,77838.6,5184.634
1788253200000,77838.6,78020.0,77736.8,77872.1,2474.409
1788256800000,77872.1,78172.3,77714.2,77987.4,3030.811
1788260400000,77987.4,78174.8,77848.0,78048.9,1388.992
1788264000000,78048.9,78122.7,77650.3,77963.1,2842.361
1788267600000,77963.1,78172.8,77385.4,78042.8,6232.634
1788271200000,78042.8,78398.4,78005.0,78134.9,4215.18
1788274800000,78134.9,78134.9,77672.8,77872.3,3408.438
1788278400000,77872.3,77944.8,77271.0,77555.0,3616.199
1788282000000,77555.0,77701.1,77180.0,77232.6,2584.349
1788285600000,77232.6,77290.2,76364.0,77116.0,9818.618
1788289200000,77116.0,77432.5,77067.4,77276.8,2855.59
1788292800000,77276.8,77450.8,77190.0,77406.9,1484.741
1788296400000,77406.9,77496.6,76859.0,77167.2,2200.271
1788300000000,77167.2,77338.1,76976.9,77233.3,1223.099
1788303600000,77233.3,77610.3,77173.1,77392.6,2226.744
1788307200000,77392.6,77480.0,77092.8,77175.1,1291.635
1788310800000,77175.1,77342.9,76680.0,76980.0,2657.456
1788314400000,76980.0,77319.1,76900.3,77300.0,2152.758
1788318000000,77300.0,77777.9,77270.4,77528.8,2665.15
1788321600000,77528.8,77587.2,77255.2,77521.5,1205.59
1788325200000,77521.5,77741.1,77396.1,77620.8,1470.406
1788328800000,77620.8,77695.6,77408.3,77580.0,1396.166
1788332400000,77580.0,77735.3,77430.8,77437.0,990.113
1788336000000,77437.0,77517.3,76703.4,76818.9,3556.285
1788339600000,76818.9,77030.4,76441.3,76718.8,4134.767
1788343200000,76718.8,76723.8,76199.1,76650.1,3373.739
1788346800000,76650.1,76819.0,76312.7,76794.6,3196.043
1788350400000,76794.6,77030.4,76573.3,76573.4,3028.902
1788354000000,76573.4,77413.5,76573.3,77119.2,4271.999
1788357600000,77119.2,77460.0,76970.1,77023.6,3241.709
1788361200000,77023.6,77369.4,76700.0,77262.6,4481.454
1788364800000,77262.6,77548.1,77130.7,77134.3,2692.956
1788368400000,77134.3,77389.3,76905.0,77354.4,2112.801
1788372000000,77354.4,77497.0,77250.1,77340.5,1376.706
1788375600000,77340.5,77383.9,77075.7,77298.6,1348.03
1788379200000,77298.6,77490.0,77165.8,77365.3,1874.215
1788382800000,77365.3,77403.1,77200.0,77247.7,800.35
1788386400000,77247.7,77247.8,76969.9,76991.4,1073.849
1788390000000,76991.4,77336.7,76967.9,77298.1,756.966
1788393600000,77298.1,77358.4,76938.7,77025.6,1169.316
1788397200000,77025.6,77533.6,76923.0,77315.7,2017.717
1788400800000,77315.7,77884.9,77201.9,77782.8,2715.582
1788404400000,77782.8,77858.6,77600.1,77669.8,1495.987
1788408000000,77669.8,77792.0,77504.7,77749.7,1226.221
1788411600000,77749.7,77805.0,77062.1,77780.8,3662.976
1788415200000,77780.8,77828.3,77660.0,77791.0,1257.192
1788418800000,77791.0,78149.0,77555.1,77630.8,4503.601
1788422400000,77630.8,78044.1,77630.8,77804.1,2160.082
1788426000000,77804.1,77944.3,77555.0,77567.5,1561.713
1788429600000,77567.5,77751.4,77421.2,77702.7,1986.412
1788433200000,77702.7,77972.0,77660.8,77903.5,1691.836
1788436800000,77903.5,78753.4,77843.1,78614.0,6105.128
1788440400000,78614.0,78963.4,78410.2,78800.4,5268.505
1788444000000,78800.4,80564.2,78644.4,80530.1,14144.139
1788447600000,80530.1,81350.0,80319.3,81321.4,12334.235
1788451200000,81321.4,81344.2,80587.1,80936.9,5216.989
1788454800000,80936.9,81160.8,80848.5,81015.7,2398.87
1788458400000,81015.7,81320.0,80862.1,81227.6,2580.239
1788462000000,81227.6,81771.4,81128.4,81713.9,6737.04
1788465600000,81713.9,81756.4,81348.4,81423.0,2703.614
1788469200000,81423.0,82276.6,81253.8,81546.0,5698.023
1788472800000,81546.0,81575.8,80850.0,81100.0,4154.269
1788476400000,81100.0,81309.4,81035.5,81224.6,1404.123
1788480000000,81224.6,81399.0,80911.6,80933.5,2552.245
1788483600000,80933.5,81073.0,80719.4,80934.3,2195.274
1788487200000,80934.3,80934.3,80631.6,80800.0,1492.966
1788490800000,80800.0,80991.5,80763.3,80803.2,1344.945
1788494400000,80803.2,81261.0,80773.0,81036.4,1864.088
1788498000000,81036.4,81106.9,80809.1,80945.7,1401.12
1788501600000,80945.7,81061.9,80535.5,80769.5,2017.514
1788505200000,80769.5,80940.0,80608.3,80626.2,1715.202
1788508800000,80626.2,81225.2,80467.5,81111.8,3560.424
1788512400000,81111.8,81281.2,80884.3,81010.6,2219.159
1788516000000,81010.6,81150.0,80787.0,81147.5,1572.942
1788519600000,81147.5,81388.0,81039.2,81187.7,1640.945
1788523200000,81187.7,81338.1,79129.1,79425.0,15334.597
1788526800000,79425.0,79686.5,78941.6,79346.3,8055.01
1788530400000,79346.3,79544.4,78603.9,78869.7,6882.406
1788534000000,78869.7,79524.5,78755.6,79384.9,3229.161
1788537600000,79384.9,79840.4,79326.5,79705.2,2603.214
1788541200000,79705.2,79715.9,79300.0,79428.6,2318.576
1788544800000,79428.6,79620.3,79428.6,79575.4,617.445
1788548400000,79575.4,79785.0,79575.4,79738.6,1206.651
1788552000000,79738.6,79827.8,79620.8,79660.2,1067.732
1788555600000,79660.2,79771.4,79468.8,79584.7,918.686
1788559200000,79584.7,79672.1,79568.3,79591.6,537.216
1788562800000,79591.6,79736.1,79536.3,79621.0,581.176
1788566400000,79621.0,79683.8,79519.8,79536.3,526.954
1788570000000,79536.3,79689.5,79500.6,79500.7,812.231
1788573600000,79500.7,79585.5,79438.0,79529.7,774.529
1788577200000,79529.7,79595.8,79473.9,79546.3,353.139
1788580800000,79546.3,79564.0,79459.0,79459.0,382.614
1788584400000,79459.0,79567.6,79394.1,79537.9,575.052
1788588000000,79537.9,79680.0,79534.8,79599.9,573.43
1788591600000,79599.9,79728.9,79595.1,79666.0,542.125
1788595200000,79666.0,79686.5,79526.1,79605.5,492.041
1788598800000,79605.5,79699.5,79560.2,79593.1,523.957
1788602400000,79593.1,79631.6,79546.7,79572.4,502.126
1788606000000,79572.4,79648.8,79557.4,79571.8,330.249
1788609600000,79571.8,79747.3,79564.2,79661.8,723.48
1788613200000,79661.8,79734.9,79499.0,79568.9,779.034
1788616800000,79568.9,79714.3,79568.8,79669.1,357.961
1788620400000,79669.1,79780.2,79639.4,79756.4,616.908
1788624000000,79756.4,80188.1,79710.9,80000.0,2321.483
1788627600000,80000.0,80119.0,79922.0,80025.9,1677.587
1788631200000,80025.9,80045.4,79880.3,79959.2,550.931
1788634800000,79959.2,79959.2,79649.0,79705.5,1057.018
1788638400000,79705.5,79807.8,79640.0,79700.3,1092.628
1788642000000,79700.3,79898.3,79680.2,79868.7,395.046
1788645600000,79868.7,79897.1,79709.1,79756.1,562.096
1788649200000,79756.1,79864.5,79668.4,79795.3,624.558
1788652800000,79795.3,79900.0,79782.3,79825.0,483.921
1788656400000,79825.0,80030.4,79825.0,79912.8,1412.609
1788660000000,79912.8,79987.6,79822.8,79866.7,492.585
1788663600000,79866.7,80067.0,79849.5,79991.0,761.238
1788667200000,79991.0,79991.1,79814.0,79821.4,513.493
1788670800000,79821.4,80082.0,79751.4,79956.7,1079.411
1788674400000,79956.7,79959.4,79640.0,79736.4,1173.557
1788678000000,79736.4,79823.5,79483.3,79773.6,2051.401
1788681600000,79773.6,79873.4,79721.9,79803.4,544.567
1788685200000,79803.4,79964.9,79761.7,79849.2,879.996
1788688800000,79849.2,79997.1,79849.1,79959.7,549.899
1788692400000,79959.7,79965.3,79852.5,79882.4,666.682
1788696000000,79882.4,79978.0,79826.2,79884.2,592.277
1788699600000,79884.2,79941.8,79715.5,79789.3,813.813
1788703200000,79789.3,79806.2,79132.2,79501.0,3540.214
1788706800000,79501.0,79688.9,79327.8,79675.0,1269.137
1788710400000,79675.0,79750.0,79555.4,79648.3,777.956
1788714000000,79648.3,79730.3,79546.0,79700.2,610.742
1788717600000,79700.2,79948.2,79700.2,79908.7,1205.668
1788721200000,79908.7,79908.8,79756.0,79780.0,377.054
1788724800000,79780.0,79936.5,79739.8,79875.1,458.429
1788728400000,79875.1,80000.0,79818.6,79910.1,749.232
1788732000000,79910.1,80064.1,79603.8,80012.2,2242.395
1788735600000,80012.2,80522.7,79967.5,80299.6,3055.587
1788739200000,80299.6,80413.0,80000.8,80122.0,2341.395
1788742800000,80122.0,80206.4,79786.1,79890.5,1770.044
1788746400000,79890.5,80399.2,79753.9,79828.7,2411.765
1788750000000,79828.7,79943.9,79520.6,79559.4,1677.601
1788753600000,79559.4,79694.5,79500.0,79686.1,1459.986
1788757200000,79686.1,79880.7,79626.7,79708.7,1202.937
1788760800000,79708.7,79791.9,79608.7,79622.8,823.389
1788764400000,79622.8,79662.8,78924.0,79353.0,4618.062
1788768000000,79353.0,79500.0,79349.1,79393.6,1441.788
1788771600000,79393.6,79514.3,79235.2,79275.9,1202.504
1788775200000,79275.9,79419.1,79275.9,79319.9,845.841
1788778800000,79319.9,79443.1,79231.4,79375.6,819.841
1788782400000,79375.6,79590.5,79359.6,79561.8,908.574
1788786000000,79561.8,79612.8,79265.0,79312.7,1373.262
1788789600000,79312.7,79361.3,78902.7,79165.1,3880.754
1788793200000,79165.1,79165.1,78633.3,78787.8,3445.411
1788796800000,78787.8,78997.9,78764.8,78992.3,1336.854
1788800400000,78992.3,79199.5,78971.8,79162.7,1133.591
1788804000000,79162.7,79228.2,79051.5,79162.8,867.629
1788807600000,79162.8,79378.8,79105.5,79325.0,890.383
1788811200000,79325.0,79362.0,79125.0,79200.0,758.724
1788814800000,79200.0,79249.9,79122.3,79122.3,413.899
1788818400000,79122.3,79179.0,78731.2,78912.2,1728.76
1788822000000,78912.2,79179.0,78880.9,79072.5,1062.516
1788825600000,79072.5,79293.3,78928.2,79278.8,1570.369
1788829200000,79278.8,79435.9,79225.7,79406.0,1256.741
1788832800000,79406.0,79472.2,78891.8,78891.8,1438.7
1788836400000,78891.8,78971.6,78667.1,78869.4,1825.619
1788840000000,78869.4,78898.0,78630.9,78643.2,1370.466
1788843600000,78643.2,78849.7,78512.0,78546.1,2539.4
1788847200000,78546.1,78600.0,78210.3,78284.1,4540.133
1788850800000,78284.1,78569.9,78116.2,78442.6,3370.375
1788854400000,78442.6,78545.7,78244.3,78392.0,2135.901
1788858000000,78392.0,78768.7,78294.4,78719.0,2642.003
1788861600000,78719.0,78978.0,78524.1,78529.6,2257.594
1788865200000,78529.6,78543.5,78255.0,78386.8,2261.284
1788868800000,78386.8,78442.0,78166.9,78428.9,1785.747
1788872400000,78428.9,78515.1,77579.4,77931.5,6381.192
1788876000000,77931.5,78593.2,77825.1,78529.0,3997.031
1788879600000,78529.0,78890.0,78422.0,78871.7,3463.637
1788883200000,78871.7,78955.0,78543.5,78710.7,2084.914
1788886800000,78710.7,78857.8,78460.0,78472.3,1568.181
1788890400000,78472.3,78799.1,78228.8,78404.1,1915.135
1788894000000,78404.1,78499.7,78268.4,78405.8,1695.932
1788897600000,78405.8,78595.4,78369.4,78450.0,1327.116
1788901200000,78450.0,78590.0,78359.6,78460.9,704.39
1788904800000,78460.9,78635.2,78415.9,78524.4,658.169
1788908400000,78524.4,78557.9,78360.1,78425.6,678.879
1788912000000,78425.6,78768.3,78421.2,78744.9,860.808
1788915600000,78744.9,78866.2,78600.0,78850.3,1199.286
1788919200000,78850.3,78900.0,78643.4,78686.4,1017.123
1788922800000,78686.4,78689.8,78521.0,78599.8,677.607
1788926400000,78599.8,79204.8,78599.8,79137.9,2341.469
1788930000000,79137.9,79357.0,78800.0,78905.3,2906.641
1788933600000,78905.3,79255.0,78820.6,79123.4,1271.207
1788937200000,79123.4,79376.6,79113.4,79245.9,1391.691
1788940800000,79245.9,79743.8,79230.6,79660.8,2854.728
1788944400000,79660.8,79682.6,78845.7,78917.7,3138.159
1788948000000,78917.7,79144.0,78830.0,78883.8,1842.095
1788951600000,78883.8,79368.2,78707.0,79287.8,2569.229
1788955200000,79287.8,79623.6,79239.0,79573.3,2518.253
1788958800000,79573.3,79657.6,79069.8,79107.6,3271.146
1788962400000,79107.6,79392.1,78834.9,78939.7,4424.103
1788966000000,78939.7,79385.7,78018.7,78571.9,8818.185
1788969600000,78571.9,78900.0,78416.0,78764.5,2264.132
1788973200000,78764.5,78896.2,78630.0,78729.7,1485.214
1788976800000,78729.7,78754.0,78346.9,78382.7,1255.512
1788980400000,78382.7,78554.0,78100.1,78193.7,2350.721
1788984000000,78193.7,78303.9,77890.4,78277.7,2434.907
1788987600000,78277.7,78316.3,77940.3,78107.8,1142.862
1788991200000,78107.8,78160.4,77716.7,77880.0,3041.48
1788994800000,77880.0,78300.0,77876.2,78263.4,1158.558
1788998400000,78263.4,78363.2,78057.1,78129.6,1519.925
1789002000000,78129.6,78480.3,77905.2,78056.3,2289.272
1789005600000,78056.3,78355.6,77940.0,78322.3,863.381
1789009200000,78322.3,78508.8,78232.4,78289.2,1420.608
1789012800000,78289.2,78413.1,78263.8,78367.5,737.2
1789016400000,78367.5,78536.7,78234.6,78500.4,1402.251
1789020000000,78500.4,78503.5,78112.0,78394.8,2179.091
1789023600000,78394.8,78396.8,77828.5,78062.3,2275.319
1789027200000,78062.3,78147.3,77995.0,78069.7,1271.105
1789030800000,78069.7,78200.0,77844.8,77961.4,1226.337
1789034400000,77961.4,78019.5,77764.8,77829.1,1162.669
1789038000000,77829.1,78030.0,77650.9,77810.0,2273.145
1789041600000,77810.0,77960.0,76607.0,76867.9,11673.443
1789045200000,76867.9,77210.7,76699.6,77140.1,5370.671
1789048800000,77140.1,77400.0,76914.3,77377.5,4592.28
1789052400000,77377.5,77387.7,77054.0,77224.0,2074.664
1789056000000,77224.0,77286.7,76759.9,77163.5,3305.18
1789059600000,77163.5,77514.8,77083.0,77292.4,2508.352
1789063200000,77292.4,77317.5,76954.6,77218.3,2056.651
1789066800000,77218.3,77277.1,77040.1,77134.2,1314.267
1789070400000,77134.2,77320.0,77071.1,77234.3,755.829
1789074000000,77234.3,77268.7,77070.3,77122.4,733.799
1789077600000,77122.4,77189.3,76767.9,76794.9,1530.899
1789081200000,76794.9,76848.2,76394.1,76535.2,3857.117
1789084800000,76535.2,76916.3,76521.6,76874.9,1454.411
1789088400000,76874.9,76976.6,76626.6,76942.0,1402.335
1789092000000,76942.0,76996.2,76727.0,76810.2,662.788
1789095600000,76810.2,76868.9,76660.0,76857.7,1198.857
1789099200000,76857.7,77165.5,76842.4,77073.6,1348.586
1789102800000,77073.6,77231.0,77031.0,77213.3,1079.45
1789106400000,77213.3,77395.2,77132.1,77264.9,1384.148
1789110000000,77264.9,77371.0,77158.9,77180.8,1346.532
1789113600000,77180.8,77469.5,77098.0,77328.7,1426.329
1789117200000,77328.7,77343.4,76822.2,76996.8,2047.819
1789120800000,76996.8,77132.5,76919.2,76958.4,1007.319
1789124400000,76958.4,77035.9,76709.0,77003.5,2128.857
1789128000000,77003.5,78170.2,75903.0,77989.5,16530.338
1789131600000,77989.5,79344.4,77224.0,79213.0,13086.861
1789135200000,79213.0,79909.7,78468.0,78760.0,9671.094
1789138800000,78760.0,78811.6,77265.0,77686.0,6786.18
1789142400000,77686.0,78035.7,77356.0,77877.8,5645.009
1789146000000,77877.8,77933.7,77446.6,77491.0,1635.881
1789149600000,77491.0,77505.9,76840.1,77016.9,4713.214
1789153200000,77016.9,77334.7,76957.7,77243.9,1441.783
1789156800000,77243.9,77470.0,77154.0,77301.2,1486.697
1789160400000,77301.2,77393.2,77027.5,77078.2,963.216
1789164000000,77078.2,77195.8,76911.1,77102.2,2168.843
1789167600000,77102.2,77189.1,77075.5,77178.6,734.209
1789171200000,77178.6,77286.5,77156.5,77246.2,460.182
1789174800000,77246.2,77340.0,77219.1,77230.6,423.38
1789178400000,77230.6,77294.6,77169.0,77249.9,457.18
1789182000000,77249.9,77308.3,77195.5,77239.9,392.687
1789185600000,77239.9,77279.6,77180.2,77181.9,413.884
1789189200000,77181.9,77225.4,77130.1,77177.3,692.884
1789192800000,77177.3,77320.0,77164.2,77261.3,527.374
1789196400000,77261.3,77314.4,77214.7,77234.3,399.048
1789200000000,77234.3,77332.0,77227.4,77319.9,496.134
1789203600000,77319.9,77360.0,77285.3,77316.7,642.377
1789207200000,77316.7,77362.8,77273.6,77295.0,344.991
1789210800000,77295.0,77326.6,77246.3,77325.7,292.127
1789214400000,77325.7,77328.9,77243.4,77297.1,288.185
1789218000000,77297.1,77373.3,77159.3,77335.8,1326.496
1789221600000,77335.8,77482.5,77330.2,77429.4,637.272
1789225200000,77429.4,77444.1,77333.4,77350.1,947.941
1789228800000,77350.1,77386.2,77300.0,77324.1,388.839
1789232400000,77324.1,77375.9,77130.1,77176.1,616.86
1789236000000,77176.1,77193.7,77090.0,77111.0,671.738
1789239600000,77111.0,77156.0,77022.6,77088.3,694.551
1789243200000,77088.3,77183.3,77088.3,77130.8,365.457
1789246800000,77130.8,77239.2,77117.3,77216.1,507.743
1789250400000,77216.1,77270.0,77158.3,77200.3,441.747
1789254000000,77200.3,77262.9,77200.0,77244.7,178.215
1789257600000,77244.7,77274.0,77125.8,77244.4,257.837
1789261200000,77244.4,77318.1,77210.3,77288.4,590.26
1789264800000,77288.4,77294.8,77204.2,77259.6,429.321
1789268400000,77259.6,77289.9,77155.3,77164.1,455.551
1789272000000,77164.1,77230.9,77159.8,77181.6,297.51
1789275600000,77181.6,77289.8,77181.6,77278.4,204.547
1789279200000,77278.4,77285.0,77006.5,77083.6,663.96
1789282800000,77083.6,77141.9,77054.0,77082.9,636.037
1789286400000,77082.9,77144.5,76706.7,76769.1,1994.269
1789290000000,76769.1,76863.0,76522.1,76764.2,2005.192
1789293600000,76764.2,76788.5,76592.8,76644.8,696.773
1789297200000,76644.8,76767.3,76425.0,76747.6,1335.738
1789300800000,76747.6,76838.8,76649.9,76719.1,881.793
1789304400000,76719.1,76885.4,76517.1,76810.1,1335.987
1789308000000,76810.1,77238.8,76807.0,77173.4,2044.863
1789311600000,77173.4,77185.3,76977.8,77100.1,1082.434
1789315200000,77100.1,77399.6,77097.1,77255.3,1095.506
1789318800000,77255.3,77383.9,77207.6,77296.7,747.464
1789322400000,77296.7,77350.0,77273.5,77310.3,473.555
1789326000000,77310.3,77380.0,77176.3,77252.9,642.877
1789329600000,77252.9,77348.8,77221.3,77316.8,334.4
1789333200000,77316.8,77443.0,77274.0,77281.6,756.939
1789336800000,77281.6,77281.6,76622.0,76677.9,4204.419
1789340400000,76677.9,76843.9,76584.7,76789.0,1403.296
1789344000000,76789.0,77052.9,76305.4,76763.8,2860.874
1789347600000,76763.8,76878.7,76600.0,76771.2,782.252
1789351200000,77084.6,77684.0,76978.4,77582.8,3826.784
1789354800000,77582.8,77836.7,77464.8,77568.6,2275.077
1789358400000,77568.6,77678.1,77499.6,77648.2,1362.879
1789362000000,77648.2,77663.7,77450.0,77577.8,836.49
1789365600000,77577.8,77888.9,77313.0,77557.0,2620.779
1789369200000,77557.0,77850.5,77476.4,77850.5,1366.397
1789372800000,77850.5,77976.9,77617.3,77708.9,2177.699
1789376400000,77708.9,78344.3,77561.6,78107.4,3821.57
1789380000000,78107.4,78135.0,77860.0,77861.5,1465.672
1789383600000,77861.5,77898.7,77648.8,77746.0,1599.657
1789387200000,77746.0,78046.2,77537.1,77657.4,2204.377
1789390800000,77657.4,78468.0,77429.5,78139.4,6180.319
1789394400000,78139.4,78680.0,78119.8,78482.6,5678.853
1789398000000,78482.6,78678.1,78259.4,78542.8,3237.364
1789401600000,78542.8,78875.4,78390.1,78731.3,3434.31
1789405200000,78731.3,79037.4,78674.1,78911.0,2574.927
1789408800000,78911.0,79296.0,78797.0,79186.9,3754.06
1789412400000,79186.9,79199.4,78913.4,78950.9,2239.536
1789416000000,78950.9,79577.3,78942.7,79071.8,3497.847
1789419600000,79071.8,79091.0,78701.5,78724.4,2608.799
1789423200000,78724.4,78818.0,78463.6,78519.8,2135.143
1789426800000,78519.8,78541.1,78081.5,78158.1,2117.25
1789430400000,78158.1,78226.1,77901.0,77926.4,1838.772
1789434000000,77926.4,78041.3,77711.1,77869.4,3053.979
1789437600000,77869.4,77977.9,77746.0,77871.1,1391.266
1789441200000,77871.1,77871.1,77613.2,77648.5,1607.0
1789444800000,77648.5,77680.7,77619.5,77670.6,81.131
1789448400000,77543.0,77636.9,77260.1,77588.2,2695.531
1789452000000,77588.2,77690.0,77118.3,77246.2,2394.218
1789455600000,77246.2,77275.0,76837.8,76890.1,3105.985
1789459200000,76890.1,76970.8,76667.4,76959.2,3020.176
1789462800000,76959.2,77026.6,76827.7,76940.0,1636.745
1789466400000,76940.0,77138.2,76827.7,77009.4,2542.444
1789470000000,77009.4,77184.8,76792.5,76887.1,1873.533
1789473600000,76887.1,76949.2,76810.6,76879.3,531.667
