ts,open,high,low,close,volume
1767225600000,0.1174,0.11792,0.11737,0.11787,32497147.0
1767229200000,0.11787,0.11861,0.11786,0.11847,33616374.0
1767232800000,0.11847,0.11874,0.11827,0.11849,29876905.0
1767236400000,0.11849,0.11863,0.11812,0.11823,18020747.0
1767240000000,0.11823,0.11839,0.11789,0.11796,35161300.0
1767243600000,0.11796,0.11869,0.11794,0.11848,10931649.0
1767247200000,0.11848,0.11862,0.11825,0.11837,16380350.0
1767250800000,0.11837,0.11861,0.1183,0.11837,15540777.0
1767254400000,0.11837,0.12038,0.11827,0.12034,110250465.0
1767258000000,0.12034,0.12119,0.12014,0.12033,192343412.0
1767261600000,0.12033,0.12068,0.12014,0.12048,26617632.0
1767265200000,0.12048,0.12085,0.12032,0.12058,25944460.0
1767268800000,0.12058,0.12073,0.12039,0.12056,26393558.0
1767272400000,0.12056,0.12104,0.12049,0.12074,23331644.0
1767276000000,0.12074,0.121,0.12022,0.1207,55086134.0
1767279600000,0.1207,0.12743,0.12059,0.12461,379999539.0
1767283200000,0.12461,0.12551,0.12355,0.12433,181839626.0
1767286800000,0.12433,0.1254,0.12421,0.12485,87502901.0
1767290400000,0.12485,0.12524,0.12447,0.12471,78059246.0
1767294000000,0.12471,0.12581,0.12464,0.12577,30247412.0
1767297600000,0.12577,0.12638,0.1254,0.12602,117340214.0
1767301200000,0.12602,0.12624,0.12558,0.12619,28966621.0
1767304800000,0.12619,0.127,0.12619,0.12656,49004131.0
1767308400000,0.12656,0.12714,0.12632,0.12674,60845390.0
1767312000000,0.12674,0.12689,0.12584,0.12639,51203423.0
1767315600000,0.12639,0.1269,0.12614,0.12654,27361831.0
1767319200000,0.12654,0.12695,0.12614,0.12679,27031719.0
1767322800000,0.12679,0.12937,0.12651,0.12857,122139549.0
1767326400000,0.12857,0.12901,0.12777,0.12821,77906305.0
1767330000000,0.12821,0.12834,0.1274,0.12808,53212252.0
1767333600000,0.12808,0.12878,0.12806,0.1285,47299470.0
1767337200000,0.1285,0.12868,0.12762,0.12784,42768871.0
1767340800000,0.12784,0.1289,0.12784,0.12877,64515212.0
1767344400000,0.12877,0.13471,0.12862,0.1327,401588504.0
1767348000000,0.1327,0.13345,0.13193,0.13294,112199053.0
1767351600000,0.13294,0.13303,0.12845,0.1294,306614607.0
1767355200000,0.1294,0.13184,0.12918,0.13133,162476230.0
1767358800000,0.13133,0.13245,0.13108,0.13166,89296973.0
1767362400000,0.13166,0.13544,0.12951,0.13394,553103255.0
1767366000000,0.13394,0.13618,0.13299,0.13518,208446968.0
1767369600000,0.13518,0.13853,0.13477,0.13831,277502889.0
1767373200000,0.13831,0.13975,0.138,0.13922,174328595.0
1767376800000,0.13922,0.13994,0.13738,0.13827,141420073.0
1767380400000,0.13827,0.13947,0.1382,0.13942,61200889.0
1767384000000,0.13942,0.14056,0.13883,0.13945,88107663.0
1767387600000,0.13945,0.14223,0.13938,0.14128,122940295.0
1767391200000,0.14128,0.14486,0.14117,0.1442,298024699.0
1767394800000,0.1442,0.14424,0.1414,0.14183,85989326.0
1767398400000,0.14183,0.14319,0.14181,0.14189,60598216.0
1767402000000,0.14189,0.14285,0.1416,0.14207,40536700.0
1767405600000,0.14207,0.14364,0.14114,0.14344,78665711.0
1767409200000,0.14344,0.14444,0.14289,0.14399,74582303.0
1767412800000,0.14399,0.14421,0.14255,0.14279,41037543.0
1767416400000,0.14279,0.14326,0.14206,0.14287,43466828.0
1767420000000,0.14287,0.1438,0.14124,0.14191,61328976.0
1767423600000,0.14191,0.14212,0.13903,0.13991,184246273.0
1767427200000,0.13991,0.14143,0.13928,0.14081,87717839.0
1767430800000,0.14081,0.14316,0.14025,0.14251,115158552.0
1767434400000,0.14251,0.14316,0.14235,0.14257,58527227.0
1767438000000,0.14257,0.14273,0.14209,0.14242,31822190.0
1767441600000,0.14242,0.14301,0.14217,0.14256,60159553.0
1767445200000,0.14256,0.14312,0.14241,0.14288,33843051.0
1767448800000,0.14288,0.14341,0.14215,0.14242,52655167.0
1767452400000,0.14242,0.14273,0.14209,0.14215,38341909.0
1767456000000,0.14215,0.14229,0.14084,0.14112,112445148.0
1767459600000,0.14112,0.14182,0.14071,0.14151,46544046.0
1767463200000,0.14151,0.14235,0.14126,0.14176,26992627.0
1767466800000,0.14176,0.14176,0.14135,0.14159,9924645.0
1767470400000,0.14159,0.14256,0.1412,0.14222,29565997.0
1767474000000,0.14222,0.1429,0.14198,0.14234,33793441.0
1767477600000,0.14234,0.1431,0.14209,0.14265,37377454.0
1767481200000,0.14265,0.14365,0.14262,0.14306,52049957.0
1767484800000,0.14306,0.14732,0.14269,0.14627,259303929.0
1767488400000,0.14627,0.14653,0.14495,0.14647,82935386.0
1767492000000,0.14647,0.1475,0.14598,0.14708,54793178.0
1767495600000,0.14708,0.15187,0.1467,0.15093,252353375.0
1767499200000,0.15093,0.15328,0.15068,0.15194,190147681.0
1767502800000,0.15194,0.15286,0.15126,0.15268,62328733.0
1767506400000,0.15268,0.15421,0.14971,0.15031,275906335.0
1767510000000,0.15031,0.15199,0.15018,0.15142,136610229.0
1767513600000,0.15142,0.15242,0.15065,0.15207,103073445.0
1767517200000,0.15207,0.15272,0.15128,0.1521,74090373.0
1767520800000,0.1521,0.15277,0.15184,0.15222,58332662.0
1767524400000,0.15222,0.15223,0.15102,0.15186,73790402.0
1767528000000,0.15186,0.15416,0.15148,0.15287,168535229.0
1767531600000,0.15287,0.15326,0.15166,0.15209,68973699.0
1767535200000,0.15209,0.15248,0.15034,0.15135,112286738.0
1767538800000,0.15135,0.1517,0.15038,0.15136,95743038.0
1767542400000,0.15136,0.15207,0.1505,0.15188,92337684.0
1767546000000,0.15188,0.15287,0.1517,0.15214,60028877.0
1767549600000,0.15214,0.15222,0.15076,0.15167,57600138.0
1767553200000,0.15167,0.15171,0.14745,0.1498,268984707.0
1767556800000,0.1498,0.15058,0.14952,0.14984,30987057.0
1767560400000,0.14984,0.1506,0.14881,0.14931,51199991.0
1767564000000,0.14931,0.14982,0.14835,0.1489,42408897.0
1767567600000,0.1489,0.15012,0.14867,0.14943,59868410.0
1767571200000,0.14943,0.15118,0.14876,0.15034,117435947.0
1767574800000,0.15034,0.15239,0.14991,0.15166,136976029.0
1767578400000,0.15166,0.1521,0.1504,0.15182,91655284.0
1767582000000,0.15182,0.15217,0.15129,0.1515,41801944.0
1767585600000,0.1515,0.15166,0.14863,0.15051,174028740.0
1767589200000,0.15051,0.15097,0.15019,0.1502,45946945.0
1767592800000,0.1502,0.15107,0.14925,0.15049,62726839.0
1767596400000,0.15049,0.15074,0.14988,0.14992,22870578.0
1767600000000,0.14992,0.15067,0.1491,0.14915,62648122.0
1767603600000,0.14915,0.14925,0.14615,0.14686,149875126.0
1767607200000,0.14686,0.14818,0.14559,0.14717,186744301.0
1767610800000,0.14717,0.14786,0.14669,0.1477,62631692.0
1767614400000,0.1477,0.14776,0.14684,0.14733,31273111.0
1767618000000,0.14733,0.14797,0.14635,0.14695,93290562.0
1767621600000,0.14695,0.14883,0.14613,0.14815,145783447.0
1767625200000,0.14815,0.14942,0.14647,0.14877,172139956.0
1767628800000,0.14877,0.15135,0.14837,0.15039,163957625.0
1767632400000,0.15039,0.15382,0.14876,0.15292,250114284.0
1767636000000,0.15292,0.15299,0.15089,0.15214,116818495.0
1767639600000,0.15214,0.15291,0.15112,0.15168,56143442.0
1767643200000,0.15168,0.15431,0.15077,0.15138,103309537.0
1767646800000,0.15138,0.15322,0.15114,0.15177,81007933.0
1767650400000,0.15177,0.15314,0.15132,0.15261,50796596.0
1767654000000,0.15261,0.15286,0.15157,0.15166,50384875.0
1767657600000,0.15166,0.15207,0.14909,0.15192,152533898.0
1767661200000,0.15192,0.15448,0.15103,0.1514,124743102.0
1767664800000,0.1514,0.15281,0.15127,0.15145,45491079.0
1767668400000,0.15145,0.15304,0.15086,0.15274,59135591.0
1767672000000,0.15274,0.15288,0.15172,0.15178,28659288.0
1767675600000,0.15178,0.15213,0.15094,0.15134,48158555.0
1767679200000,0.15134,0.15232,0.1503,0.15103,68934141.0
1767682800000,0.15103,0.1511,0.14902,0.14945,95444696.0
1767686400000,0.14945,0.15027,0.14943,0.1496,35461858.0
1767690000000,0.1496,0.15085,0.14944,0.15051,34732534.0
1767693600000,0.15051,0.1508,0.15,0.15057,27017997.0
1767697200000,0.15057,0.15083,0.15017,0.15038,26407469.0
1767700800000,0.15038,0.15205,0.15005,0.15178,78858372.0
1767704400000,0.15178,0.152,0.1512,0.15152,46761314.0
1767708000000,0.15152,0.15663,0.15152,0.15256,380309505.0
1767711600000,0.15256,0.15344,0.14895,0.14988,233540600.0
1767715200000,0.14988,0.15027,0.14408,0.14543,582980907.0
1767718800000,0.14543,0.14657,0.14343,0.14409,259128499.0
1767722400000,0.14409,0.14607,0.14359,0.14547,96551535.0
1767726000000,0.14547,0.14595,0.14521,0.14578,30668123.0
1767729600000,0.14578,0.14738,0.14575,0.14711,48243155.0
1767733200000,0.14711,0.15079,0.14665,0.14961,152153372.0
1767736800000,0.14961,0.15075,0.14952,0.14989,68437864.0
1767740400000,0.14989,0.15094,0.14972,0.15049,38358552.0
1767744000000,0.15049,0.15049,0.14792,0.14813,63632899.0
1767747600000,0.14813,0.14868,0.14708,0.14748,63946169.0
1767751200000,0.14748,0.14849,0.14682,0.14846,85860111.0
1767754800000,0.14846,0.14926,0.14811,0.14831,33895683.0
1767758400000,0.14831,0.14866,0.14761,0.14815,20179236.0
1767762000000,0.14815,0.14845,0.14723,0.14756,39405357.0
1767765600000,0.14756,0.14856,0.14753,0.14811,21219277.0
1767769200000,0.14811,0.1491,0.14807,0.149,30530085.0
1767772800000,0.149,0.15398,0.14893,0.15336,272518771.0
1767776400000,0.15336,0.15339,0.1482,0.14843,196958873.0
1767780000000,0.14843,0.14889,0.14739,0.1483,74747987.0
1767783600000,0.1483,0.14949,0.14821,0.14879,54015620.0
1767787200000,0.14879,0.14885,0.14782,0.14797,36068613.0
1767790800000,0.14797,0.14873,0.14733,0.14768,53998785.0
1767794400000,0.14768,0.14796,0.14478,0.14768,204169139.0
1767798000000,0.14768,0.14776,0.14471,0.14601,195798374.0
1767801600000,0.14601,0.14784,0.14592,0.14755,112231325.0
1767805200000,0.14755,0.14842,0.14668,0.14697,87033710.0
1767808800000,0.14697,0.14733,0.14594,0.14648,55222701.0
1767812400000,0.14648,0.14713,0.14536,0.14652,46482691.0
1767816000000,0.14652,0.14684,0.14545,0.14618,38599012.0
1767819600000,0.14618,0.14696,0.14617,0.14637,21428946.0
1767823200000,0.14637,0.14723,0.14532,0.14604,59128429.0
1767826800000,0.14604,0.14714,0.14536,0.14631,31467113.0
1767830400000,0.14631,0.14752,0.14569,0.14711,103885195.0
1767834000000,0.14711,0.14769,0.14644,0.14733,31165919.0
1767837600000,0.14733,0.1476,0.14557,0.14591,64789199.0
1767841200000,0.14591,0.14653,0.14454,0.14517,53837505.0
1767844800000,0.14517,0.14733,0.14478,0.14686,44914197.0
1767848400000,0.14686,0.14726,0.1453,0.14553,45943393.0
1767852000000,0.14553,0.1457,0.14228,0.14241,225480534.0
1767855600000,0.14241,0.14404,0.14112,0.14391,122408185.0
1767859200000,0.14391,0.14469,0.14313,0.14344,36973413.0
1767862800000,0.14344,0.14388,0.14217,0.14228,49012732.0
1767866400000,0.14228,0.14328,0.14124,0.14295,148374871.0
1767870000000,0.14295,0.14309,0.1378,0.14092,306460029.0
1767873600000,0.14092,0.14092,0.13902,0.13949,86389176.0
1767877200000,0.13949,0.14015,0.13918,0.13966,33726085.0
1767880800000,0.13966,0.14014,0.13819,0.13961,107863287.0
1767884400000,0.13961,0.14203,0.13893,0.1418,156908809.0
1767888000000,0.1418,0.1424,0.14052,0.14231,63347196.0
1767891600000,0.14231,0.14317,0.14159,0.14302,56707982.0
1767895200000,0.14302,0.14309,0.14175,0.14207,38537986.0
1767898800000,0.14207,0.14291,0.14163,0.14182,31247159.0
1767902400000,0.14182,0.14225,0.14084,0.142,25752004.0
1767906000000,0.142,0.14301,0.14195,0.14284,23243660.0
1767909600000,0.14284,0.14344,0.14171,0.14242,42760422.0
1767913200000,0.14242,0.1428,0.14186,0.14189,15122517.0
1767916800000,0.14189,0.14255,0.14187,0.14244,11658394.0
1767920400000,0.14244,0.14358,0.14109,0.14181,68999637.0
1767924000000,0.14181,0.14333,0.14177,0.14194,36721967.0
1767927600000,0.14194,0.14303,0.14175,0.14296,27365228.0
1767931200000,0.14296,0.14313,0.1421,0.14232,26669371.0
1767934800000,0.14232,0.14299,0.14219,0.14286,25188669.0
1767938400000,0.14286,0.14311,0.14246,0.14306,12293007.0
1767942000000,0.14306,0.14306,0.14186,0.14188,37120294.0
1767945600000,0.14188,0.14208,0.13877,0.13963,123162247.0
1767949200000,0.13963,0.14096,0.13959,0.14063,50305865.0
1767952800000,0.14063,0.14116,0.14033,0.14077,22144323.0
1767956400000,0.14077,0.14098,0.1401,0.14025,22073789.0
1767960000000,0.14025,0.14047,0.13966,0.13986,29239821.0
1767963600000,0.13986,0.14159,0.13985,0.14043,86405257.0
1767967200000,0.14043,0.14046,0.13847,0.13882,104418102.0
1767970800000,0.13882,0.14449,0.13814,0.14203,264244980.0
1767974400000,0.14203,0.14417,0.14197,0.14363,69601556.0
1767978000000,0.14363,0.14372,0.14112,0.14244,52145715.0
1767981600000,0.14244,0.14253,0.13889,0.14044,65651765.0
1767985200000,0.14044,0.14044,0.13887,0.13945,32339928.0
1767988800000,0.13945,0.14033,0.13925,0.13978,17822873.0
1767992400000,0.13978,0.14089,0.13948,0.1408,27908315.0
1767996000000,0.1408,0.14111,0.14008,0.14094,23117923.0
1767999600000,0.14094,0.14107,0.14042,0.14065,7818067.0
1768003200000,0.14065,0.14066,0.14003,0.14021,15652635.0
1768006800000,0.14021,0.14043,0.13997,0.14025,10652132.0
1768010400000,0.14025,0.14064,0.13967,0.1402,15813373.0
1768014000000,0.1402,0.14045,0.13964,0.14023,12628472.0
1768017600000,0.14023,0.14043,0.13957,0.1401,12930600.0
1768021200000,0.1401,0.14045,0.13997,0.14004,4557397.0
1768024800000,0.14004,0.14013,0.13937,0.13983,14393641.0
1768028400000,0.13983,0.14053,0.13978,0.1403,13656346.0
1768032000000,0.1403,0.14039,0.13943,0.13975,26340025.0
1768035600000,0.13975,0.14028,0.13965,0.14009,15225715.0
1768039200000,0.14009,0.14045,0.13998,0.14039,11144834.0
1768042800000,0.14039,0.14044,0.13968,0.13994,25863089.0
1768046400000,0.13994,0.14025,0.13981,0.14013,17206156.0
1768050000000,0.14013,0.14039,0.13979,0.14008,9334652.0
1768053600000,0.14008,0.14009,0.13947,0.13985,32171528.0
1768057200000,0.13985,0.14013,0.13979,0.13991,8782878.0
1768060800000,0.13991,0.14017,0.13964,0.13996,9852257.0
1768064400000,0.13996,0.14023,0.13963,0.13967,18694897.0
1768068000000,0.13967,0.14008,0.13943,0.13985,19768727.0
1768071600000,0.13985,0.1403,0.13964,0.14026,22269134.0
1768075200000,0.14026,0.14039,0.13994,0.13998,6370484.0
1768078800000,0.13998,0.14001,0.13966,0.13982,20542693.0
1768082400000,0.13982,0.13993,0.13896,0.13911,31789975.0
1768086000000,0.13911,0.13978,0.13901,0.13955,13258625.0
1768089600000,0.13955,0.13955,0.13866,0.13891,25704747.0
1768093200000,0.13891,0.13918,0.13848,0.13908,20414996.0
1768096800000,0.13908,0.13937,0.13885,0.13905,12603015.0
1768100400000,0.13905,0.13916,0.13883,0.13903,7134334.0
1768104000000,0.13903,0.13914,0.1387,0.13912,9186118.0
1768107600000,0.13912,0.13976,0.13891,0.13946,26931224.0
1768111200000,0.13946,0.13965,0.13894,0.13959,15132206.0
1768114800000,0.13959,0.14,0.13941,0.13994,15035230.0
1768118400000,0.13994,0.14024,0.13969,0.14008,17320610.0
1768122000000,0.14008,0.1403,0.13971,0.13991,14915067.0
1768125600000,0.13991,0.14013,0.13967,0.13983,10522056.0
1768129200000,0.13983,0.13983,0.13938,0.13964,19560067.0
1768132800000,0.13964,0.14114,0.13956,0.14084,31479576.0
1768136400000,0.14084,0.14092,0.14019,0.14039,27708080.0
1768140000000,0.14039,0.14112,0.14031,0.14087,13560269.0
1768143600000,0.14087,0.14102,0.13643,0.13807,196315582.0
1768147200000,0.13807,0.13987,0.13796,0.13878,95194322.0
1768150800000,0.13878,0.13899,0.13772,0.1387,35036744.0
1768154400000,0.1387,0.13875,0.13787,0.13846,25521722.0
1768158000000,0.13846,0.1385,0.13719,0.13748,30542642.0
1768161600000,0.13748,0.13751,0.1357,0.13679,103815518.0
1768165200000,0.13679,0.13767,0.13568,0.13755,64235328.0
1768168800000,0.13755,0.13755,0.13624,0.13691,33264736.0
1768172400000,0.13691,0.13824,0.13596,0.13793,49596176.0
1768176000000,0.13793,0.13867,0.13652,0.13864,77946824.0
1768179600000,0.13864,0.13948,0.13835,0.1391,75435904.0
1768183200000,0.1391,0.14205,0.13898,0.14147,98718553.0
1768186800000,0.14147,0.14229,0.14025,0.14036,79322002.0
1768190400000,0.14036,0.14099,0.14003,0.1407,35613254.0
1768194000000,0.1407,0.14128,0.14008,0.14093,36039678.0
1768197600000,0.14093,0.14094,0.13938,0.13951,35770151.0
1768201200000,0.13951,0.14022,0.13768,0.13785,73151206.0
1768204800000,0.13785,0.13864,0.13541,0.1367,158241764.0
1768208400000,0.1367,0.13708,0.13635,0.13659,38142705.0
1768212000000,0.13659,0.13711,0.13606,0.13629,27899485.0
1768215600000,0.13629,0.13688,0.13614,0.1366,23957707.0
1768219200000,0.1366,0.13671,0.13613,0.13626,27061904.0
1768222800000,0.13626,0.13647,0.13554,0.13601,34714563.0
1768226400000,0.13601,0.1374,0.13482,0.13672,127185932.0
1768230000000,0.13672,0.13862,0.13622,0.13842,76472545.0
1768233600000,0.13842,0.14012,0.13817,0.1393,106335175.0
1768237200000,0.1393,0.13962,0.1368,0.13794,85423285.0
1768240800000,0.13794,0.13895,0.13757,0.13804,43994627.0
1768244400000,0.13804,0.13838,0.13754,0.13825,13300974.0
1768248000000,0.13825,0.13886,0.13707,0.13716,40912395.0
1768251600000,0.13716,0.13719,0.13544,0.13605,61653955.0
1768255200000,0.13605,0.13709,0.13598,0.13684,44362932.0
1768258800000,0.13684,0.13705,0.1362,0.13654,27482090.0
1768262400000,0.13654,0.13702,0.13629,0.13691,28306090.0
1768266000000,0.13691,0.13734,0.13618,0.13658,20190795.0
1768269600000,0.13658,0.13735,0.13655,0.13675,24617716.0
1768273200000,0.13675,0.1373,0.13645,0.13703,17443745.0
1768276800000,0.13703,0.13781,0.13701,0.13777,21899649.0
1768280400000,0.13777,0.13949,0.13774,0.13886,51178735.0
1768284000000,0.13886,0.1395,0.13858,0.13897,48983792.0
1768287600000,0.13897,0.13903,0.13834,0.13858,22353399.0
1768291200000,0.13858,0.13995,0.13854,0.13964,48857311.0
1768294800000,0.13964,0.14035,0.13908,0.13958,55071889.0
1768298400000,0.13958,0.14017,0.13914,0.13931,29567171.0
1768302000000,0.13931,0.13934,0.13878,0.13903,28190063.0
1768305600000,0.13903,0.13968,0.13867,0.13943,29519238.0
1768309200000,0.13943,0.14088,0.13912,0.13956,109883745.0
1768312800000,0.13956,0.14182,0.13888,0.14035,116260346.0
1768316400000,0.14035,0.14236,0.13931,0.14205,126362220.0
1768320000000,0.14205,0.14353,0.142,0.14279,138559077.0
1768323600000,0.14279,0.14307,0.14187,0.14235,57314343.0
1768327200000,0.14235,0.14375,0.14215,0.1432,38609850.0
1768330800000,0.1432,0.14482,0.14299,0.14433,44080272.0
1768334400000,0.14433,0.14499,0.14344,0.14414,72249372.0
1768338000000,0.14414,0.14478,0.14406,0.14449,35647921.0
1768341600000,0.14449,0.15037,0.14449,0.14961,418587275.0
1768345200000,0.14961,0.15087,0.14733,0.14824,119021980.0
1768348800000,0.14824,0.14926,0.14782,0.14822,58776519.0
1768352400000,0.14822,0.14864,0.14709,0.1476,60781218.0
1768356000000,0.1476,0.14883,0.14714,0.14826,42254396.0
1768359600000,0.14826,0.14967,0.14792,0.14954,38011317.0
1768363200000,0.14954,0.14977,0.1484,0.14848,62031000.0
1768366800000,0.14848,0.14848,0.14736,0.14764,62395870.0
1768370400000,0.14764,0.14825,0.14681,0.14811,50672061.0
1768374000000,0.14811,0.14869,0.14796,0.14844,22373524.0
1768377600000,0.14844,0.14874,0.14779,0.14781,31517252.0
1768381200000,0.14781,0.14859,0.14781,0.14814,19146830.0
1768384800000,0.14814,0.14825,0.14696,0.14731,48251386.0
1768388400000,0.14731,0.14733,0.14567,0.14594,71942112.0
1768392000000,0.14594,0.14686,0.14575,0.14656,35120561.0
1768395600000,0.14656,0.14692,0.1455,0.1457,32414557.0
1768399200000,0.1457,0.14941,0.14562,0.1483,158310503.0
1768402800000,0.1483,0.14976,0.14738,0.14893,156063657.0
1768406400000,0.14893,0.15128,0.14885,0.14971,159738378.0
1768410000000,0.14971,0.1504,0.14758,0.14793,88535231.0
1768413600000,0.14793,0.14885,0.14614,0.14757,124782680.0
1768417200000,0.14757,0.14947,0.14718,0.14783,84710731.0
1768420800000,0.14783,0.14911,0.14675,0.14724,46238806.0
1768424400000,0.14724,0.14786,0.14666,0.14745,33047656.0
1768428000000,0.14745,0.14761,0.14619,0.14652,26372240.0
1768431600000,0.14652,0.14795,0.14652,0.14711,20786698.0
1768435200000,0.14711,0.14715,0.14514,0.14578,137838462.0
1768438800000,0.14578,0.14648,0.14425,0.14457,84027923.0
1768442400000,0.14457,0.14498,0.1434,0.14392,56192278.0
1768446000000,0.14392,0.14424,0.14232,0.14262,90813929.0
1768449600000,0.14262,0.14354,0.14252,0.14335,45180734.0
1768453200000,0.14335,0.1438,0.14312,0.14348,30779496.0
1768456800000,0.14348,0.14379,0.14271,0.14302,39438887.0
1768460400000,0.14302,0.14453,0.14293,0.1441,60100651.0
1768464000000,0.1441,0.14418,0.14343,0.1441,20105347.0
1768467600000,0.1441,0.14503,0.14335,0.14442,51147986.0
1768471200000,0.14442,0.14451,0.14361,0.14395,28579186.0
1768474800000,0.14395,0.14423,0.1432,0.14362,22191944.0
1768478400000,0.14362,0.1443,0.14344,0.14426,21691815.0
1768482000000,0.14426,0.14487,0.14389,0.14448,25849188.0
1768485600000,0.14448,0.14492,0.14173,0.14272,93087575.0
1768489200000,0.14272,0.14314,0.13992,0.14199,143520862.0
1768492800000,0.14199,0.14237,0.14065,0.1416,90978672.0
1768496400000,0.1416,0.14229,0.14053,0.14081,52051469.0
1768500000000,0.14081,0.14126,0.13958,0.14004,62113209.0
1768503600000,0.14004,0.14028,0.13908,0.1399,68049999.0
1768507200000,0.1399,0.14043,0.13872,0.13912,53766445.0
1768510800000,0.13912,0.13995,0.13904,0.13961,39697451.0
1768514400000,0.13961,0.14034,0.13948,0.14002,21699772.0
1768518000000,0.14002,0.14028,0.13966,0.13997,17567917.0
1768521600000,0.13997,0.14038,0.1398,0.13993,22136880.0
1768525200000,0.13993,0.14035,0.13942,0.14009,26331585.0
1768528800000,0.14009,0.14016,0.1391,0.14014,44405489.0
1768532400000,0.14014,0.14028,0.13928,0.13935,13815578.0
1768536000000,0.13935,0.13967,0.13826,0.1389,53687248.0
1768539600000,0.1389,0.14016,0.13887,0.13998,41786922.0
1768543200000,0.13998,0.14027,0.1398,0.14016,18881394.0
1768546800000,0.14016,0.14024,0.13958,0.13993,18389264.0
1768550400000,0.13993,0.14026,0.1398,0.1399,20445386.0
1768554000000,0.1399,0.14003,0.13931,0.13932,16226752.0
1768557600000,0.13932,0.13943,0.13884,0.13901,20655067.0
1768561200000,0.13901,0.13918,0.13722,0.13798,170821536.0
1768564800000,0.13798,0.13804,0.13725,0.13793,45930870.0
1768568400000,0.13793,0.1382,0.13733,0.13784,28803446.0
1768572000000,0.13784,0.13835,0.13741,0.13769,44792438.0
1768575600000,0.13769,0.13826,0.13503,0.13594,186011659.0
1768579200000,0.13594,0.13682,0.13554,0.13643,73255552.0
1768582800000,0.13643,0.1372,0.13576,0.1371,37678661.0
1768586400000,0.1371,0.13734,0.13679,0.13709,39047829.0
1768590000000,0.13709,0.13736,0.13629,0.13716,67750801.0
1768593600000,0.13716,0.13792,0.13619,0.13788,26364825.0
1768597200000,0.13788,0.13807,0.13737,0.13762,30963343.0
1768600800000,0.13762,0.13809,0.13723,0.13806,25327445.0
1768604400000,0.13806,0.13841,0.13778,0.13805,26094571.0
1768608000000,0.13805,0.13829,0.13778,0.13812,13077882.0
1768611600000,0.13812,0.13853,0.13796,0.13809,17865907.0
1768615200000,0.13809,0.13813,0.13724,0.13761,21533261.0
1768618800000,0.13761,0.13775,0.13725,0.13736,19574711.0
1768622400000,0.13736,0.1378,0.13708,0.13768,13346623.0
1768626000000,0.13768,0.13781,0.13737,0.1375,8976173.0
1768629600000,0.1375,0.13754,0.13706,0.13714,23798254.0
1768633200000,0.13714,0.13739,0.13671,0.13722,22291972.0
1768636800000,0.13722,0.13754,0.13714,0.13744,9322145.0
1768640400000,0.13744,0.13764,0.13718,0.13719,13814173.0
1768644000000,0.13719,0.13767,0.13704,0.13749,29377503.0
1768647600000,0.13749,0.13789,0.13716,0.13762,16719107.0
1768651200000,0.13762,0.13786,0.13747,0.13751,7840341.0
1768654800000,0.13751,0.13779,0.13731,0.13774,7158534.0
1768658400000,0.13774,0.1385,0.13747,0.13838,19977410.0
1768662000000,0.13838,0.13999,0.13817,0.13945,74479709.0
1768665600000,0.13945,0.13984,0.13812,0.13867,51128812.0
1768669200000,0.13867,0.13909,0.13845,0.13878,16487988.0
1768672800000,0.13878,0.13888,0.13849,0.13866,9738720.0
1768676400000,0.13866,0.13884,0.1384,0.13863,6128578.0
1768680000000,0.13863,0.13896,0.1385,0.13864,7339585.0
1768683600000,0.13864,0.13868,0.13822,0.13857,15629632.0
1768687200000,0.13857,0.13857,0.13713,0.13769,44524221.0
1768690800000,0.13769,0.13795,0.13757,0.13781,12162364.0
1768694400000,0.13781,0.13828,0.13736,0.13751,18156422.0
1768698000000,0.13751,0.13761,0.13676,0.13702,45584147.0
1768701600000,0.13702,0.13736,0.13674,0.13686,18331325.0
1768705200000,0.13686,0.13761,0.13683,0.13733,14251496.0
1768708800000,0.13733,0.13745,0.13698,0.13741,16761998.0
1768712400000,0.13741,0.13742,0.13692,0.13721,7119001.0
1768716000000,0.13721,0.13731,0.13691,0.1372,7464588.0
1768719600000,0.1372,0.13725,0.13662,0.13707,12808878.0
1768723200000,0.13707,0.13752,0.1368,0.13731,10406377.0
1768726800000,0.13731,0.13753,0.13713,0.13744,9165004.0
1768730400000,0.13744,0.1376,0.13701,0.13712,14349157.0
1768734000000,0.13712,0.13732,0.13699,0.1371,7773254.0
1768737600000,0.1371,0.13739,0.13688,0.13697,6419082.0
1768741200000,0.13697,0.13726,0.13652,0.13702,22029554.0
1768744800000,0.13702,0.13801,0.13658,0.1367,90673801.0
1768748400000,0.1367,0.1369,0.13626,0.13652,26796812.0
1768752000000,0.13652,0.13706,0.13632,0.13666,15409524.0
1768755600000,0.13666,0.13693,0.13631,0.13681,11577612.0
1768759200000,0.13681,0.13777,0.13652,0.13759,30532354.0
1768762800000,0.13759,0.13783,0.13685,0.13709,8715828.0
1768766400000,0.13709,0.13768,0.13681,0.13734,12486797.0
1768770000000,0.13734,0.13749,0.137,0.13718,8030678.0
1768773600000,0.13718,0.13795,0.13717,0.13764,9986584.0
1768777200000,0.13764,0.13764,0.13115,0.13153,377472851.0
1768780800000,0.13153,0.13154,0.11888,0.12652,1177226473.0
1768784400000,0.12652,0.12739,0.12598,0.12656,79457130.0
1768788000000,0.12656,0.12738,0.12621,0.12709,57519391.0
1768791600000,0.12709,0.12739,0.12679,0.12726,34253628.0
1768795200000,0.12726,0.12748,0.12669,0.12711,66986718.0
1768798800000,0.12711,0.12764,0.12689,0.12707,51198983.0
1768802400000,0.12707,0.12712,0.1264,0.12677,46555012.0
1768806000000,0.12677,0.12723,0.12677,0.12713,41474890.0
1768809600000,0.12713,0.12833,0.12698,0.12815,71684023.0
1768813200000,0.12815,0.12823,0.1275,0.12783,24530922.0
1768816800000,0.12783,0.12787,0.12739,0.12772,24282288.0
1768820400000,0.12772,0.12797,0.12755,0.12778,25852909.0
1768824000000,0.12778,0.1282,0.12724,0.12773,28651586.0
1768827600000,0.12773,0.12827,0.12753,0.12795,22106889.0
1768831200000,0.12795,0.12892,0.12774,0.12818,43441402.0
1768834800000,0.12818,0.12858,0.12769,0.12774,37109528.0
1768838400000,0.12774,0.12947,0.12764,0.1291,40251906.0
1768842000000,0.1291,0.12923,0.12864,0.129,16145011.0
1768845600000,0.129,0.12961,0.12891,0.12901,45206465.0
1768849200000,0.12901,0.13014,0.12901,0.1298,35354018.0
1768852800000,0.1298,0.13048,0.12965,0.13018,31746523.0
1768856400000,0.13018,0.13058,0.12946,0.1295,31285277.0
1768860000000,0.1295,0.12965,0.12845,0.12849,48511761.0
1768863600000,0.12849,0.12956,0.12845,0.12906,38584602.0
1768867200000,0.12906,0.12926,0.12853,0.12864,22346179.0
1768870800000,0.12864,0.12915,0.12797,0.12855,41438005.0
1768874400000,0.12855,0.12883,0.12798,0.12838,30748622.0
1768878000000,0.12838,0.12852,0.12764,0.12789,54041714.0
1768881600000,0.12789,0.12816,0.1275,0.12763,26780558.0
1768885200000,0.12763,0.12819,0.12709,0.12795,75906981.0
1768888800000,0.12795,0.12796,0.12636,0.12679,100770666.0
1768892400000,0.12679,0.12738,0.12663,0.12669,32009834.0
1768896000000,0.12669,0.12696,0.12515,0.12603,146988571.0
1768899600000,0.12603,0.12613,0.12534,0.12566,36239342.0
1768903200000,0.12566,0.12607,0.12535,0.12545,36663140.0
1768906800000,0.12545,0.12586,0.12503,0.12518,28980356.0
1768910400000,0.12518,0.1259,0.12511,0.12577,21003882.0
1768914000000,0.12577,0.12579,0.12448,0.12465,77887878.0
1768917600000,0.12465,0.12669,0.12461,0.12557,141522780.0
1768921200000,0.12557,0.126,0.12412,0.12512,110880137.0
1768924800000,0.12512,0.12563,0.1232,0.12379,111591001.0
1768928400000,0.12379,0.12477,0.12321,0.12379,61772726.0
1768932000000,0.12379,0.12423,0.12334,0.12363,26744565.0
1768935600000,0.12363,0.12424,0.12324,0.12384,30881876.0
1768939200000,0.12384,0.1244,0.12339,0.12411,36725623.0
1768942800000,0.12411,0.12424,0.12344,0.12382,12831745.0
1768946400000,0.12382,0.12427,0.12155,0.1236,158844670.0
1768950000000,0.1236,0.1237,0.12297,0.12329,36120423.0
1768953600000,0.12329,0.1252,0.12311,0.12509,67961629.0
1768957200000,0.12509,0.12582,0.12501,0.12571,30626977.0
1768960800000,0.12571,0.12644,0.12564,0.12577,40038113.0
1768964400000,0.12577,0.12604,0.12537,0.12543,31790011.0
1768968000000,0.12543,0.12568,0.12523,0.12528,19584938.0
1768971600000,0.12528,0.12631,0.12522,0.12582,42786853.0
1768975200000,0.12582,0.12584,0.12493,0.12527,53903249.0
1768978800000,0.12527,0.12564,0.12474,0.12492,25072352.0
1768982400000,0.12492,0.12499,0.12365,0.12427,95468690.0
1768986000000,0.12427,0.12468,0.12397,0.12443,26910254.0
1768989600000,0.12443,0.12492,0.12412,0.12413,16718015.0
1768993200000,0.12413,0.12441,0.12261,0.123,83330347.0
1768996800000,0.123,0.12314,0.12145,0.12271,135780972.0
1769000400000,0.12271,0.12331,0.12227,0.12253,55507696.0
1769004000000,0.12253,0.1262,0.12243,0.12574,143004470.0
1769007600000,0.12574,0.12659,0.12493,0.1263,78942600.0
1769011200000,0.1263,0.12638,0.12029,0.12064,202202228.0
1769014800000,0.12064,0.12213,0.12016,0.12192,106857193.0
1769018400000,0.12192,0.12381,0.12158,0.12347,67224080.0
1769022000000,0.12347,0.12831,0.12309,0.12805,186698689.0
1769025600000,0.12805,0.12826,0.12642,0.12778,64280424.0
1769029200000,0.12778,0.12866,0.12742,0.12799,35522252.0
1769032800000,0.12799,0.12882,0.12707,0.1272,38285982.0
1769036400000,0.1272,0.12784,0.12614,0.12645,61165655.0
1769040000000,0.12645,0.1274,0.12644,0.12703,28105255.0
1769043600000,0.12703,0.12775,0.12684,0.12768,20949899.0
1769047200000,0.12768,0.12784,0.12691,0.127,18927701.0
1769050800000,0.127,0.12751,0.12637,0.12685,18809144.0
1769054400000,0.12685,0.12737,0.1268,0.12719,19474803.0
1769058000000,0.12719,0.12726,0.12674,0.12698,11211837.0
1769061600000,0.12698,0.1271,0.1263,0.12672,14885119.0
1769065200000,0.12672,0.12676,0.12592,0.12603,31399926.0
1769068800000,0.12603,0.12645,0.12567,0.12642,34645873.0
1769072400000,0.12642,0.12713,0.12623,0.12689,31991248.0
1769076000000,0.12689,0.12694,0.12637,0.12656,22692397.0
1769079600000,0.12656,0.12656,0.12565,0.12581,28936467.0
1769083200000,0.12581,0.12598,0.12554,0.12558,20071512.0
1769086800000,0.12558,0.12642,0.12492,0.12535,61054640.0
1769090400000,0.12535,0.12559,0.12388,0.12421,94614376.0
1769094000000,0.12421,0.12486,0.12309,0.12418,105662810.0
1769097600000,0.12418,0.1255,0.12402,0.12502,70177296.0
1769101200000,0.12502,0.12535,0.1244,0.1252,38139249.0
1769104800000,0.1252,0.1252,0.12409,0.12423,38109370.0
1769108400000,0.12423,0.1251,0.12383,0.1247,22761387.0
1769112000000,0.1247,0.12482,0.12357,0.12395,47059246.0
1769115600000,0.12395,0.12449,0.12377,0.12395,16322356.0
1769119200000,0.12395,0.12434,0.12376,0.12418,15077514.0
1769122800000,0.12418,0.12442,0.12364,0.12429,12585761.0
1769126400000,0.12429,0.1245,0.12395,0.12431,10455406.0
1769130000000,0.12431,0.12534,0.12431,0.1252,20353908.0
1769133600000,0.1252,0.1253,0.12467,0.12469,13745999.0
1769137200000,0.12469,0.1257,0.12465,0.12544,18584965.0
1769140800000,0.12544,0.12591,0.12532,0.12572,32876478.0
1769144400000,0.12572,0.12572,0.12507,0.12531,12991116.0
1769148000000,0.12531,0.12588,0.12486,0.12497,32274270.0
1769151600000,0.12497,0.12528,0.12488,0.125,14077548.0
1769155200000,0.125,0.12523,0.12412,0.1244,27070339.0
1769158800000,0.1244,0.12507,0.12431,0.12474,50446969.0
1769162400000,0.12474,0.12529,0.12464,0.12495,18647990.0
1769166000000,0.12495,0.12541,0.12488,0.12511,14512677.0
1769169600000,0.12511,0.12529,0.12486,0.12507,16526005.0
1769173200000,0.12507,0.12512,0.12435,0.12445,19141953.0
1769176800000,0.12445,0.1245,0.12188,0.12292,191130637.0
1769180400000,0.12292,0.12482,0.12239,0.12464,67553818.0
1769184000000,0.12464,0.12632,0.12425,0.12568,102662094.0
1769187600000,0.12568,0.12781,0.12499,0.12627,120324398.0
1769191200000,0.12627,0.12701,0.12592,0.12638,46500116.0
1769194800000,0.12638,0.12638,0.12426,0.12466,75352118.0
1769198400000,0.12466,0.12501,0.1231,0.12372,56031693.0
1769202000000,0.12372,0.12449,0.12358,0.12411,18011900.0
1769205600000,0.12411,0.12509,0.12406,0.12503,18828636.0
1769209200000,0.12503,0.12503,0.1243,0.12469,18269071.0
1769212800000,0.12469,0.12482,0.12427,0.12428,8171959.0
1769216400000,0.12428,0.12445,0.12401,0.12425,8094758.0
1769220000000,0.12425,0.12445,0.12418,0.12425,8214820.0
1769223600000,0.12425,0.12478,0.12415,0.12435,11174619.0
1769227200000,0.12435,0.12479,0.12432,0.1245,14441702.0
1769230800000,0.1245,0.12452,0.12426,0.12443,13931478.0
1769234400000,0.12443,0.12453,0.12426,0.12439,4446845.0
1769238000000,0.12439,0.12441,0.12395,0.12413,11691373.0
1769241600000,0.12413,0.12464,0.12405,0.12461,9654784.0
1769245200000,0.12461,0.12461,0.12436,0.12445,6706253.0
1769248800000,0.12445,0.12474,0.12428,0.12467,8589405.0
1769252400000,0.12467,0.12484,0.12455,0.12455,7474508.0
1769256000000,0.12455,0.12468,0.12435,0.1245,11439971.0
1769259600000,0.1245,0.12452,0.12398,0.12398,9629631.0
1769263200000,0.12398,0.12423,0.12383,0.12404,23177151.0
1769266800000,0.12404,0.1242,0.12345,0.12362,13065504.0
1769270400000,0.12362,0.12399,0.12282,0.12382,36446766.0
1769274000000,0.12382,0.12411,0.12361,0.1241,15769820.0
1769277600000,0.1241,0.12417,0.12393,0.124,5999207.0
1769281200000,0.124,0.12417,0.12382,0.12407,4950835.0
1769284800000,0.12407,0.12446,0.12406,0.12416,5461033.0
1769288400000,0.12416,0.12428,0.12398,0.12426,8199585.0
1769292000000,0.12426,0.12468,0.12424,0.12454,9136717.0
1769295600000,0.12454,0.12461,0.12409,0.12415,8726412.0
1769299200000,0.12415,0.12428,0.12371,0.12413,27621164.0
1769302800000,0.12413,0.1242,0.12351,0.12363,13465210.0
1769306400000,0.12363,0.12389,0.12357,0.12379,9367040.0
1769310000000,0.12379,0.12383,0.1229,0.12322,22127750.0
1769313600000,0.12322,0.12351,0.1231,0.12326,7381696.0
1769317200000,0.12326,0.12342,0.12315,0.12337,5976519.0
1769320800000,0.12337,0.12338,0.12281,0.12308,27576268.0
1769324400000,0.12308,0.12308,0.12252,0.12291,12007909.0
1769328000000,0.12291,0.123,0.12223,0.12257,18086074.0
1769331600000,0.12257,0.12333,0.12248,0.12312,24607840.0
1769335200000,0.12312,0.12362,0.12294,0.12339,21099973.0
1769338800000,0.12339,0.12349,0.12309,0.12328,19126626.0
1769342400000,0.12328,0.12328,0.12274,0.12319,16650420.0
1769346000000,0.12319,0.12331,0.12281,0.12318,14969933.0
1769349600000,0.12318,0.12324,0.12165,0.12207,86614030.0
1769353200000,0.12207,0.12266,0.1219,0.12221,34926834.0
1769356800000,0.12221,0.12221,0.11961,0.1208,224612122.0
1769360400000,0.1208,0.12114,0.12026,0.12067,45110792.0
1769364000000,0.12067,0.12086,0.11923,0.12011,173791602.0
1769367600000,0.12011,0.12033,0.11751,0.11866,202554177.0
1769371200000,0.11866,0.1193,0.11775,0.1183,90602286.0
1769374800000,0.1183,0.1196,0.11826,0.11952,61637099.0
1769378400000,0.11952,0.11955,0.11848,0.11906,43063854.0
1769382000000,0.11906,0.11959,0.11842,0.11939,47791164.0
1769385600000,0.11939,0.1207,0.11916,0.12062,48538070.0
1769389200000,0.12062,0.12277,0.12061,0.12245,134738882.0
1769392800000,0.12245,0.12252,0.12154,0.12178,34891588.0
1769396400000,0.12178,0.12217,0.12098,0.12128,30193343.0
1769400000000,0.12128,0.12292,0.12128,0.12201,54989638.0
1769403600000,0.12201,0.12207,0.12141,0.12155,37626200.0
1769407200000,0.12155,0.12175,0.12122,0.1216,23879180.0
1769410800000,0.1216,0.12197,0.12139,0.12166,32383969.0
1769414400000,0.12166,0.12255,0.1213,0.12171,49634377.0
1769418000000,0.12171,0.12177,0.12061,0.12069,40869562.0
1769421600000,0.12069,0.12134,0.12066,0.12116,26000055.0
1769425200000,0.12116,0.12152,0.12059,0.12098,51609163.0
1769428800000,0.12098,0.12151,0.12098,0.1213,31599479.0
1769432400000,0.1213,0.12195,0.12117,0.12165,38490117.0
1769436000000,0.12165,0.12328,0.12104,0.12272,185230028.0
1769439600000,0.12272,0.12381,0.12164,0.12219,182819160.0
1769443200000,0.12219,0.12324,0.1221,0.12261,72254381.0
1769446800000,0.12261,0.12299,0.12136,0.12225,84264473.0
1769450400000,0.12225,0.12344,0.12212,0.12287,66703962.0
1769454000000,0.12287,0.12322,0.12211,0.12232,30406634.0
1769457600000,0.12232,0.12239,0.12146,0.12167,28011703.0
1769461200000,0.12167,0.12305,0.12147,0.12244,57331816.0
1769464800000,0.12244,0.12292,0.12232,0.12245,35054130.0
1769468400000,0.12245,0.12282,0.1221,0.12229,20791945.0
1769472000000,0.12229,0.12242,0.12195,0.12218,17717060.0
1769475600000,0.12218,0.12284,0.12187,0.1225,21192453.0
1769479200000,0.1225,0.12317,0.1225,0.12313,19887179.0
1769482800000,0.12313,0.12329,0.12266,0.12278,14130579.0
1769486400000,0.12278,0.12342,0.12244,0.12276,16914878.0
1769490000000,0.12276,0.12287,0.12234,0.12257,25383819.0
1769493600000,0.12257,0.12263,0.1219,0.12211,31600795.0
1769497200000,0.12211,0.12241,0.12201,0.12211,13998905.0
1769500800000,0.12211,0.12237,0.122,0.12215,14456019.0
1769504400000,0.12215,0.12222,0.12173,0.12191,22865174.0
1769508000000,0.12191,0.12205,0.12161,0.12183,19529727.0
1769511600000,0.12183,0.12262,0.12158,0.1223,24874128.0
1769515200000,0.1223,0.12276,0.12191,0.12201,26468789.0
1769518800000,0.12201,0.12223,0.12117,0.12154,56456015.0
1769522400000,0.12154,0.12272,0.12147,0.12181,56679062.0
1769526000000,0.12181,0.12297,0.12166,0.12292,45698997.0
1769529600000,0.12292,0.1256,0.12286,0.12491,188401353.0
1769533200000,0.12491,0.12495,0.12168,0.12212,163770113.0
1769536800000,0.12212,0.12464,0.12189,0.12418,66362021.0
1769540400000,0.12418,0.12454,0.12372,0.12428,53570179.0
1769544000000,0.12428,0.12599,0.12426,0.12579,75337344.0
1769547600000,0.12579,0.12609,0.12504,0.12523,34421182.0
1769551200000,0.12523,0.12657,0.12522,0.12608,42502337.0
1769554800000,0.12608,0.1265,0.12588,0.12612,19825077.0
1769558400000,0.12612,0.12634,0.12539,0.1258,37727955.0
1769562000000,0.1258,0.12585,0.12493,0.12513,23263394.0
1769565600000,0.12513,0.12513,0.12456,0.1249,22743328.0
1769569200000,0.1249,0.12501,0.12415,0.12446,24697212.0
1769572800000,0.12446,0.12458,0.12387,0.12437,25988747.0
1769576400000,0.12437,0.12532,0.12426,0.12518,36029600.0
1769580000000,0.12518,0.126,0.12488,0.12588,21130647.0
1769583600000,0.12588,0.12598,0.12526,0.12546,19209491.0
1769587200000,0.12546,0.12597,0.1254,0.12556,20536157.0
1769590800000,0.12556,0.1273,0.12543,0.1271,55977322.0
1769594400000,0.1271,0.12766,0.12625,0.12644,67709592.0
1769598000000,0.12644,0.12721,0.12604,0.12709,39656289.0
1769601600000,0.12709,0.12712,0.12593,0.12631,40953775.0
1769605200000,0.12631,0.12665,0.12583,0.12599,34106482.0
1769608800000,0.12599,0.126,0.12479,0.12515,106805156.0
1769612400000,0.12515,0.12549,0.12379,0.12455,68420261.0
1769616000000,0.12455,0.12512,0.12405,0.12441,32144498.0
1769619600000,0.12441,0.12575,0.1236,0.12516,43648352.0
1769623200000,0.12516,0.12517,0.12417,0.12468,42336701.0
1769626800000,0.12468,0.12556,0.12438,0.1252,73567652.0
1769630400000,0.1252,0.12623,0.12481,0.12491,52786666.0
1769634000000,0.12491,0.12567,0.12421,0.12545,40162438.0
1769637600000,0.12545,0.12562,0.12466,0.12542,20647487.0
1769641200000,0.12542,0.12562,0.12469,0.12495,18419964.0
1769644800000,0.12495,0.1252,0.12402,0.12449,29454868.0
1769648400000,0.12449,0.1247,0.12307,0.12332,53624365.0
1769652000000,0.12332,0.12376,0.12177,0.12218,118307201.0
1769655600000,0.12218,0.12292,0.12179,0.12215,37372400.0
1769659200000,0.12215,0.12218,0.12124,0.12186,38947037.0
1769662800000,0.12186,0.12231,0.12166,0.12179,38917789.0
1769666400000,0.12179,0.12205,0.12162,0.12202,21633129.0
1769670000000,0.12202,0.12222,0.12184,0.12194,22729568.0
1769673600000,0.12194,0.12231,0.1215,0.12171,51484128.0
1769677200000,0.12171,0.12192,0.12148,0.12149,25247916.0
1769680800000,0.12149,0.12159,0.12056,0.12106,64015146.0
1769684400000,0.12106,0.12134,0.12074,0.12108,29928762.0
1769688000000,0.12108,0.1211,0.1203,0.12072,27382094.0
1769691600000,0.12072,0.12103,0.12069,0.12095,15483994.0
1769695200000,0.12095,0.12103,0.11857,0.11865,123036052.0
1769698800000,0.11865,0.11871,0.11519,0.1161,449599539.0
1769702400000,0.1161,0.11706,0.11519,0.11701,175228731.0
1769706000000,0.11701,0.11876,0.11651,0.11659,135556427.0
1769709600000,0.11659,0.11682,0.11429,0.11457,236909911.0
1769713200000,0.11457,0.11598,0.11445,0.11548,108162472.0
1769716800000,0.11548,0.11636,0.11518,0.11614,51581960.0
1769720400000,0.11614,0.11697,0.11614,0.11673,65658058.0
1769724000000,0.11673,0.11712,0.11658,0.11695,57044364.0
1769727600000,0.11695,0.1173,0.11646,0.11718,24124442.0
1769731200000,0.11718,0.11761,0.11685,0.11696,32244469.0
1769734800000,0.11696,0.11721,0.1119,0.11533,462873660.0
1769738400000,0.11533,0.1154,0.11301,0.1143,108592219.0
1769742000000,0.1143,0.11499,0.11393,0.11418,54569821.0
1769745600000,0.11418,0.11555,0.11417,0.11482,72844760.0
1769749200000,0.11482,0.11518,0.11458,0.11475,28227711.0
1769752800000,0.11475,0.11479,0.11213,0.11288,143296211.0
1769756400000,0.11288,0.11489,0.11288,0.11445,105745228.0
1769760000000,0.11445,0.1147,0.11347,0.11397,43477365.0
1769763600000,0.11397,0.11422,0.11292,0.11341,81839604.0
1769767200000,0.11341,0.1139,0.1131,0.11385,27674819.0
1769770800000,0.11385,0.11585,0.11375,0.11546,53493389.0
1769774400000,0.11546,0.11569,0.11461,0.11489,39098572.0
1769778000000,0.11489,0.11518,0.11366,0.11452,87244070.0
1769781600000,0.11452,0.11643,0.11452,0.11569,98120603.0
1769785200000,0.11569,0.11654,0.11404,0.11598,124385011.0
1769788800000,0.11598,0.11707,0.11534,0.11618,112761615.0
1769792400000,0.11618,0.11713,0.11547,0.11622,68938706.0
1769796000000,0.11622,0.11819,0.11343,0.11763,245038599.0
1769799600000,0.11763,0.11864,0.11744,0.11769,144112224.0
1769803200000,0.11769,0.11771,0.11512,0.11573,211973923.0
1769806800000,0.11573,0.11685,0.11566,0.11637,74318150.0
1769810400000,0.11637,0.11664,0.11543,0.11606,34726234.0
1769814000000,0.11606,0.11619,0.11528,0.11573,27793453.0
1769817600000,0.11573,0.11584,0.11513,0.11535,19111088.0
1769821200000,0.11535,0.11584,0.11519,0.11558,13935276.0
1769824800000,0.11558,0.11559,0.11471,0.11527,24947846.0
1769828400000,0.11527,0.11547,0.11499,0.11511,8583117.0
1769832000000,0.11511,0.11543,0.1146,0.11475,21516721.0
1769835600000,0.11475,0.11475,0.1143,0.11463,24934342.0
1769839200000,0.11463,0.11466,0.11332,0.11385,49098526.0
1769842800000,0.11385,0.11399,0.112,0.11273,77100625.0
1769846400000,0.11273,0.11299,0.11014,0.11153,241564390.0
1769850000000,0.11153,0.11256,0.11133,0.11197,69387613.0
1769853600000,0.11197,0.11247,0.11147,0.11192,41157543.0
1769857200000,0.11192,0.11205,0.11139,0.11181,25278254.0
1769860800000,0.11181,0.11181,0.111,0.11127,46379228.0
1769864400000,0.11127,0.11136,0.11012,0.11079,77389525.0
1769868000000,0.11079,0.11116,0.10477,0.10688,603732270.0
1769871600000,0.10688,0.10811,0.1065,0.1067,155819293.0
1769875200000,0.1067,0.10804,0.1046,0.10523,328414557.0
1769878800000,0.10523,0.10556,0.09862,0.10204,884721313.0
1769882400000,0.10204,0.10253,0.09446,0.10146,970439999.0
1769886000000,0.10146,0.10289,0.10123,0.10175,272016844.0
1769889600000,0.10175,0.10267,0.10046,0.10167,129412459.0
1769893200000,0.10167,0.10293,0.10089,0.10266,132224574.0
1769896800000,0.10266,0.10281,0.10165,0.10236,50678526.0
1769900400000,0.10236,0.1047,0.10232,0.10418,119120172.0
1769904000000,0.10418,0.10517,0.10398,0.10482,88573396.0
1769907600000,0.10482,0.10491,0.10351,0.10481,60987238.0
1769911200000,0.10481,0.10554,0.10461,0.10505,33702408.0
1769914800000,0.10505,0.10525,0.10453,0.10485,23570471.0
1769918400000,0.10485,0.10549,0.10482,0.10504,24881346.0
1769922000000,0.10504,0.10537,0.10451,0.1047,37334015.0
1769925600000,0.1047,0.10557,0.10455,0.10492,35986443.0
1769929200000,0.10492,0.10637,0.10439,0.10574,86090815.0
1769932800000,0.10574,0.10648,0.10523,0.10589,51817398.0
1769936400000,0.10589,0.10653,0.10533,0.10634,76651461.0
1769940000000,0.10634,0.10637,0.10447,0.1046,95381334.0
1769943600000,0.1046,0.10607,0.10458,0.10582,58292403.0
1769947200000,0.10582,0.10623,0.10517,0.10571,48866425.0
1769950800000,0.10571,0.10677,0.10523,0.1056,46942862.0
1769954400000,0.1056,0.10631,0.10384,0.10526,190314978.0
1769958000000,0.10526,0.10537,0.10251,0.10403,185824792.0
1769961600000,0.10403,0.10515,0.103,0.1039,124639797.0
1769965200000,0.1039,0.10417,0.10293,0.10413,91783737.0
1769968800000,0.10413,0.10626,0.10413,0.10542,150309227.0
1769972400000,0.10542,0.10567,0.10349,0.1041,76897552.0
1769976000000,0.1041,0.10571,0.10306,0.10453,88483882.0
1769979600000,0.10453,0.10465,0.10314,0.10373,91057787.0
1769983200000,0.10373,0.10571,0.10358,0.10463,85058822.0
1769986800000,0.10463,0.10572,0.101,0.10423,400028292.0
1769990400000,0.10423,0.10606,0.10317,0.10507,96244081.0
1769994000000,0.10507,0.10624,0.1033,0.10503,127922368.0
1769997600000,0.10503,0.10547,0.10354,0.10379,64011008.0
1770001200000,0.10379,0.10397,0.09974,0.10333,411575758.0
1770004800000,0.10333,0.10511,0.10175,0.1034,125096656.0
1770008400000,0.1034,0.10343,0.09987,0.10079,167565445.0
1770012000000,0.10079,0.10434,0.09945,0.10298,405910121.0
1770015600000,0.10298,0.10418,0.10262,0.10302,126568836.0
1770019200000,0.10302,0.10439,0.10301,0.10383,59926386.0
1770022800000,0.10383,0.10517,0.10307,0.10451,113012113.0
1770026400000,0.10451,0.10521,0.10436,0.10483,82105787.0
1770030000000,0.10483,0.10542,0.10471,0.10483,54547437.0
1770033600000,0.10483,0.10667,0.10482,0.10603,153028633.0
1770037200000,0.10603,0.10685,0.10575,0.10653,56830619.0
1770040800000,0.10653,0.10862,0.10557,0.1074,328535512.0
1770044400000,0.1074,0.11052,0.10715,0.10948,319880071.0
1770048000000,0.10948,0.10996,0.10834,0.10854,88796852.0
1770051600000,0.10854,0.10917,0.10796,0.10845,61152196.0
1770055200000,0.10845,0.10887,0.10768,0.10824,55681363.0
1770058800000,0.10824,0.10852,0.10724,0.10729,47021172.0
1770062400000,0.10729,0.10782,0.10692,0.10739,71752802.0
1770066000000,0.10739,0.10829,0.10736,0.10812,36649389.0
1770069600000,0.10812,0.1086,0.10812,0.10851,40559724.0
1770073200000,0.10851,0.10857,0.10771,0.10784,27569782.0
1770076800000,0.10784,0.10819,0.10732,0.10812,57579510.0
1770080400000,0.10812,0.10813,0.10721,0.10778,16885954.0
1770084000000,0.10778,0.1078,0.10587,0.10598,71621314.0
1770087600000,0.10598,0.10761,0.10553,0.10737,82604790.0
1770091200000,0.10737,0.10828,0.10689,0.10777,55414141.0
1770094800000,0.10777,0.10784,0.10656,0.10661,51427049.0
1770098400000,0.10661,0.10694,0.10598,0.10683,55626603.0
1770102000000,0.10683,0.10896,0.10646,0.10816,109765120.0
1770105600000,0.10816,0.10895,0.10773,0.10786,83516892.0
1770109200000,0.10786,0.1082,0.10631,0.107,150136784.0
1770112800000,0.107,0.10756,0.10652,0.10676,43086203.0
1770116400000,0.10676,0.10699,0.10642,0.10658,38924188.0
1770120000000,0.10658,0.10826,0.10617,0.10777,90339823.0
1770123600000,0.10777,0.10841,0.10736,0.10826,35174102.0
1770127200000,0.10826,0.10849,0.10564,0.10576,128495508.0
1770130800000,0.10576,0.11052,0.10532,0.11013,418292760.0
1770134400000,0.11013,0.11017,0.10595,0.1064,298218646.0
1770138000000,0.1064,0.10666,0.10407,0.10418,180693299.0
1770141600000,0.10418,0.10507,0.10221,0.10241,251371346.0
1770145200000,0.10241,0.10693,0.10218,0.10635,251822879.0
1770148800000,0.10635,0.11051,0.10515,0.1092,282525183.0
1770152400000,0.1092,0.1097,0.10736,0.10764,139618842.0
1770156000000,0.10764,0.10771,0.10582,0.10626,77425079.0
1770159600000,0.10626,0.10632,0.10534,0.10593,100576636.0
1770163200000,0.10593,0.10689,0.10545,0.10644,38138283.0
1770166800000,0.10644,0.10809,0.10644,0.10776,44673776.0
1770170400000,0.10776,0.10782,0.10662,0.10711,36582063.0
1770174000000,0.10711,0.10941,0.10698,0.10885,69869618.0
1770177600000,0.10885,0.10911,0.10825,0.10835,31141593.0
1770181200000,0.10835,0.10856,0.10727,0.10766,52913280.0
1770184800000,0.10766,0.10875,0.10752,0.10839,54718065.0
1770188400000,0.10839,0.10883,0.10783,0.1084,40300676.0
1770192000000,0.1084,0.10868,0.10772,0.10848,25361983.0
1770195600000,0.10848,0.10848,0.10742,0.10777,46974598.0
1770199200000,0.10777,0.10807,0.10749,0.10766,38180314.0
1770202800000,0.10766,0.10774,0.10626,0.10724,95569705.0
1770206400000,0.10724,0.10772,0.10708,0.10731,34270597.0
1770210000000,0.10731,0.10746,0.10561,0.10569,106407684.0
1770213600000,0.10569,0.10653,0.10388,0.10408,183249453.0
1770217200000,0.10408,0.10526,0.10268,0.10335,234974407.0
1770220800000,0.10335,0.10424,0.10192,0.10316,205223148.0
1770224400000,0.10316,0.10379,0.10135,0.10283,170536942.0
1770228000000,0.10283,0.10476,0.10143,0.10357,203594443.0
1770231600000,0.10357,0.10549,0.10335,0.10529,91748086.0
1770235200000,0.10529,0.10542,0.1043,0.10445,45270797.0
1770238800000,0.10445,0.10478,0.10226,0.103,110219664.0
1770242400000,0.103,0.10475,0.10118,0.10278,160863723.0
1770246000000,0.10278,0.10462,0.10245,0.10377,131163910.0
1770249600000,0.10377,0.10401,0.10307,0.1035,35258746.0
1770253200000,0.1035,0.10473,0.10254,0.10355,136050111.0
1770256800000,0.10355,0.10434,0.10221,0.10246,119799595.0
1770260400000,0.10246,0.1036,0.10214,0.10253,96202808.0
1770264000000,0.10253,0.10314,0.10155,0.1022,120489724.0
1770267600000,0.1022,0.10356,0.10089,0.1023,187805014.0
1770271200000,0.1023,0.1025,0.10062,0.10111,122151822.0
1770274800000,0.10111,0.10277,0.10092,0.10111,97240369.0
1770278400000,0.10111,0.10273,0.10104,0.10177,66402546.0
1770282000000,0.10177,0.10293,0.10147,0.10162,68473129.0
1770285600000,0.10162,0.10167,0.09905,0.09946,157793328.0
1770289200000,0.09946,0.09975,0.0973,0.09867,208589460.0
1770292800000,0.09867,0.09912,0.09757,0.09846,185827629.0
1770296400000,0.09846,0.09929,0.09785,0.09821,127132899.0
1770300000000,0.09821,0.10047,0.09815,0.09844,259738356.0
1770303600000,0.09844,0.09873,0.09255,0.09413,878978761.0
1770307200000,0.09413,0.09539,0.09292,0.09419,355781363.0
1770310800000,0.09419,0.09456,0.09089,0.09188,391647766.0
1770314400000,0.09188,0.09273,0.0904,0.09245,238602287.0
1770318000000,0.09245,0.09278,0.09068,0.09112,138391941.0
1770321600000,0.09112,0.0918,0.08717,0.08902,744028821.0
1770325200000,0.08902,0.09123,0.08742,0.08832,426127567.0
1770328800000,0.08832,0.09063,0.08667,0.08956,292308893.0
1770332400000,0.08956,0.09125,0.08799,0.08843,271334945.0
1770336000000,0.08843,0.08879,0.07989,0.08755,1965070376.0
1770339600000,0.08755,0.09097,0.08716,0.09074,247329527.0
1770343200000,0.09074,0.09135,0.0887,0.08934,157296467.0
1770346800000,0.08934,0.09021,0.08912,0.08983,73272339.0
1770350400000,0.08983,0.09144,0.08945,0.09082,62099914.0
1770354000000,0.09082,0.09346,0.09069,0.09307,142949205.0
1770357600000,0.09307,0.0934,0.09119,0.09139,146673086.0
1770361200000,0.09139,0.09156,0.09037,0.09065,114484974.0
1770364800000,0.09065,0.09126,0.09009,0.09077,128509617.0
1770368400000,0.09077,0.09292,0.09051,0.09255,110509457.0
1770372000000,0.09255,0.09379,0.09208,0.0936,83272622.0
1770375600000,0.0936,0.09424,0.09313,0.09365,79408768.0
1770379200000,0.09365,0.09365,0.09293,0.09342,45523580.0
1770382800000,0.09342,0.09546,0.09323,0.09477,133516008.0
1770386400000,0.09477,0.09682,0.09367,0.0964,296814932.0
1770390000000,0.0964,0.09688,0.09537,0.09637,186193937.0
1770393600000,0.09637,0.10006,0.09597,0.09909,297542786.0
1770397200000,0.09909,0.10203,0.09849,0.10012,271991939.0
1770400800000,0.10012,0.10032,0.09819,0.0991,183066340.0
1770404400000,0.0991,0.09959,0.0982,0.0987,88257978.0
1770408000000,0.0987,0.09966,0.09804,0.0986,74505161.0
1770411600000,0.0986,0.09919,0.09798,0.0987,40215168.0
1770415200000,0.0987,0.09973,0.09863,0.09938,39803992.0
1770418800000,0.09938,0.09973,0.0983,0.09843,66875163.0
1770422400000,0.09843,0.09844,0.09721,0.09777,143190097.0
1770426000000,0.09777,0.09864,0.09718,0.09842,64533532.0
1770429600000,0.09842,0.0988,0.0976,0.09799,63953111.0
1770433200000,0.09799,0.09892,0.09793,0.09856,43021655.0
1770436800000,0.09856,0.09917,0.09774,0.09805,111713939.0
1770440400000,0.09805,0.09883,0.09801,0.09838,67514983.0
1770444000000,0.09838,0.09881,0.09634,0.09645,175870710.0
1770447600000,0.09645,0.09701,0.09467,0.09576,242195070.0
1770451200000,0.09576,0.09624,0.09537,0.09582,80335559.0
1770454800000,0.09582,0.09621,0.09508,0.09543,48370133.0
1770458400000,0.09543,0.09562,0.09472,0.09552,61978758.0
1770462000000,0.09552,0.09559,0.09514,0.09538,30094912.0
1770465600000,0.09538,0.09767,0.09527,0.09685,159718026.0
1770469200000,0.09685,0.09711,0.09575,0.0961,70407962.0
1770472800000,0.0961,0.09651,0.09526,0.09564,54290681.0
1770476400000,0.09564,0.09708,0.09547,0.09677,70578392.0
1770480000000,0.09677,0.09885,0.09631,0.0977,1200263044.0
1770483600000,0.0977,0.09845,0.09693,0.09801,38973238.0
1770487200000,0.09801,0.09943,0.09792,0.09874,67053869.0
1770490800000,0.09874,0.0991,0.0982,0.09834,27187273.0
1770494400000,0.09834,0.09886,0.09815,0.09865,26496329.0
1770498000000,0.09865,0.09889,0.09818,0.09829,23152218.0
1770501600000,0.09829,0.09877,0.09817,0.09827,13861070.0
1770505200000,0.09827,0.09839,0.09759,0.09816,25264609.0
1770508800000,0.09816,0.0983,0.09755,0.09782,20847380.0
1770512400000,0.09782,0.09846,0.09779,0.098,19957982.0
1770516000000,0.098,0.09839,0.09728,0.09761,24373183.0
1770519600000,0.09761,0.09775,0.09685,0.09692,36983313.0
1770523200000,0.09692,0.09719,0.09658,0.09717,36502404.0
1770526800000,0.09717,0.09755,0.09681,0.09695,17599107.0
1770530400000,0.09695,0.09713,0.09661,0.09679,27747104.0
1770534000000,0.09679,0.09693,0.09627,0.09681,34034118.0
1770537600000,0.09681,0.09876,0.09666,0.09857,73652434.0
1770541200000,0.09857,0.09861,0.09728,0.09737,64196654.0
1770544800000,0.09737,0.09786,0.09612,0.09659,91704686.0
1770548400000,0.09659,0.0985,0.09649,0.09838,71267766.0
1770552000000,0.09838,0.09842,0.09748,0.09832,43983040.0
1770555600000,0.09832,0.09855,0.0977,0.09826,51531524.0
1770559200000,0.09826,0.09846,0.09766,0.09818,22598508.0
1770562800000,0.09818,0.09839,0.09677,0.09728,90523471.0
1770566400000,0.09728,0.09778,0.09501,0.09548,156356589.0
1770570000000,0.09548,0.09665,0.09542,0.09635,39469624.0
1770573600000,0.09635,0.09789,0.09629,0.0973,60810618.0
1770577200000,0.0973,0.09785,0.09706,0.09765,18404781.0
1770580800000,0.09765,0.09767,0.09648,0.09663,26169492.0
1770584400000,0.09663,0.09686,0.09583,0.09627,41509430.0
1770588000000,0.09627,0.09704,0.09627,0.09694,25479182.0
1770591600000,0.09694,0.09897,0.09589,0.09656,129112240.0
1770595200000,0.09656,0.09688,0.09575,0.09641,48206635.0
1770598800000,0.09641,0.0971,0.09547,0.09609,66247396.0
1770602400000,0.09609,0.09743,0.09587,0.0966,42709425.0
1770606000000,0.0966,0.09729,0.09643,0.09709,33534397.0
1770609600000,0.09709,0.09709,0.09628,0.0965,36978876.0
1770613200000,0.0965,0.09657,0.09583,0.09639,36017032.0
1770616800000,0.09639,0.09639,0.09484,0.0954,54671267.0
1770620400000,0.0954,0.09579,0.09501,0.09524,32103902.0
1770624000000,0.09524,0.09531,0.09366,0.09424,84354521.0
1770627600000,0.09424,0.09467,0.09372,0.0939,52287850.0
1770631200000,0.0939,0.09415,0.09238,0.09281,116377700.0
1770634800000,0.09281,0.09359,0.0928,0.09312,44037499.0
1770638400000,0.09312,0.09442,0.09307,0.09411,92293421.0
1770642000000,0.09411,0.09453,0.09368,0.09369,35456102.0
1770645600000,0.09369,0.09514,0.09338,0.09489,90467548.0
1770649200000,0.09489,0.09556,0.09401,0.09516,76567174.0
1770652800000,0.09516,0.09635,0.09424,0.09548,78671488.0
1770656400000,0.09548,0.09655,0.09466,0.09624,66537547.0
1770660000000,0.09624,0.09675,0.09545,0.09605,54551612.0
1770663600000,0.09605,0.09653,0.09576,0.09632,21557517.0
1770667200000,0.09632,0.09673,0.09571,0.0964,32332910.0
1770670800000,0.0964,0.09661,0.09523,0.09633,51394840.0
1770674400000,0.09633,0.09663,0.09611,0.09639,43437676.0
1770678000000,0.09639,0.09695,0.09593,0.09606,25980170.0
1770681600000,0.09606,0.09635,0.09582,0.09593,20521772.0
1770685200000,0.09593,0.09651,0.09587,0.09636,28191428.0
1770688800000,0.09636,0.0964,0.09572,0.09599,13591484.0
1770692400000,0.09599,0.09615,0.09419,0.0948,73761640.0
1770696000000,0.0948,0.09559,0.09473,0.09539,37403667.0
1770699600000,0.09539,0.09551,0.09443,0.09477,28553118.0
1770703200000,0.09477,0.09485,0.0928,0.09329,128539862.0
1770706800000,0.09329,0.09395,0.09322,0.09359,50374812.0
1770710400000,0.09359,0.09397,0.09326,0.09377,56035972.0
1770714000000,0.09377,0.09416,0.09321,0.09353,43935631.0
1770717600000,0.09353,0.09366,0.09318,0.0932,15975155.0
1770721200000,0.0932,0.09343,0.09266,0.09287,48231776.0
1770724800000,0.09287,0.09319,0.0928,0.09299,35297510.0
1770728400000,0.09299,0.0936,0.09268,0.09336,63360846.0
1770732000000,0.09336,0.09373,0.09172,0.09245,181530946.0
1770735600000,0.09245,0.09343,0.0921,0.09296,83131981.0
1770739200000,0.09296,0.09362,0.09242,0.0934,55511913.0
1770742800000,0.0934,0.09412,0.09295,0.09396,34962696.0
1770746400000,0.09396,0.09404,0.09209,0.09257,56908900.0
1770750000000,0.09257,0.09331,0.09219,0.09298,31049097.0
1770753600000,0.09298,0.09311,0.09252,0.09283,19667044.0
1770757200000,0.09283,0.09305,0.09223,0.09261,21352288.0
1770760800000,0.09261,0.09304,0.09251,0.09258,14913576.0
1770764400000,0.09258,0.09289,0.09252,0.09273,17785431.0
1770768000000,0.09273,0.09304,0.09261,0.09289,17734546.0
1770771600000,0.09289,0.09309,0.09268,0.09294,9051412.0
1770775200000,0.09294,0.09358,0.09293,0.09298,22896725.0
1770778800000,0.09298,0.09339,0.09204,0.09296,39015152.0
1770782400000,0.09296,0.09317,0.09152,0.09186,76354751.0
1770786000000,0.09186,0.09226,0.09142,0.09156,46105178.0
1770789600000,0.09156,0.09158,0.09011,0.09036,102874461.0
1770793200000,0.09036,0.09094,0.09024,0.0905,28632266.0
1770796800000,0.0905,0.09062,0.09004,0.09044,37287756.0
1770800400000,0.09044,0.09048,0.08976,0.09001,51681976.0
1770804000000,0.09001,0.09019,0.08933,0.08963,45956994.0
1770807600000,0.08963,0.09027,0.08959,0.09019,25916246.0
1770811200000,0.09019,0.09037,0.08982,0.09001,41893436.0
1770814800000,0.09001,0.09063,0.08919,0.09009,140395561.0
1770818400000,0.09009,0.09252,0.0888,0.08898,257952975.0
1770822000000,0.08898,0.08943,0.08782,0.08895,139336089.0
1770825600000,0.08895,0.09047,0.08874,0.08887,88730535.0
1770829200000,0.08887,0.09087,0.08862,0.09005,71549412.0
1770832800000,0.09005,0.09127,0.08967,0.09104,51045110.0
1770836400000,0.09104,0.09135,0.09056,0.091,27317945.0
1770840000000,0.091,0.09124,0.09025,0.09107,55272390.0
1770843600000,0.09107,0.09223,0.09089,0.0919,124787251.0
1770847200000,0.0919,0.09193,0.0908,0.09094,54629275.0
1770850800000,0.09094,0.09126,0.09042,0.09106,56190675.0
1770854400000,0.09106,0.09185,0.09106,0.09152,36768214.0
1770858000000,0.09152,0.09197,0.09148,0.09148,27119233.0
1770861600000,0.09148,0.09191,0.0913,0.09158,30290178.0
1770865200000,0.09158,0.09228,0.0915,0.0921,23346534.0
1770868800000,0.0921,0.09218,0.09162,0.09179,25451542.0
1770872400000,0.09179,0.09209,0.09139,0.09194,39086337.0
1770876000000,0.09194,0.09293,0.09191,0.09261,111471522.0
1770879600000,0.09261,0.09297,0.0924,0.09287,24219964.0
1770883200000,0.09287,0.09314,0.09233,0.09255,45943880.0
1770886800000,0.09255,0.09363,0.09246,0.09341,65524167.0
1770890400000,0.09341,0.09403,0.09312,0.09402,28156433.0
1770894000000,0.09402,0.09423,0.09359,0.09383,29761320.0
1770897600000,0.09383,0.09393,0.09327,0.09354,40487884.0
1770901200000,0.09354,0.09429,0.09295,0.09421,69391181.0
1770904800000,0.09421,0.09451,0.09363,0.09391,52019939.0
1770908400000,0.09391,0.09448,0.09308,0.09317,63349505.0
1770912000000,0.09317,0.09367,0.09096,0.09135,234726115.0
1770915600000,0.09135,0.09214,0.0912,0.09137,57136325.0
1770919200000,0.09137,0.09202,0.09078,0.0913,54718262.0
1770922800000,0.0913,0.09228,0.09071,0.09162,55728696.0
1770926400000,0.09162,0.0918,0.09063,0.09092,28566960.0
1770930000000,0.09092,0.09168,0.09091,0.09153,22342325.0
1770933600000,0.09153,0.09272,0.09132,0.09259,34543606.0
1770937200000,0.09259,0.09342,0.09241,0.09296,63874456.0
1770940800000,0.09296,0.0933,0.09209,0.09228,44224767.0
1770944400000,0.09228,0.09283,0.09224,0.09244,19314229.0
1770948000000,0.09244,0.09298,0.09226,0.09282,16075636.0
1770951600000,0.09282,0.09331,0.09258,0.09293,23148850.0
1770955200000,0.09293,0.09293,0.09234,0.09248,20759813.0
1770958800000,0.09248,0.09266,0.09198,0.09199,15000893.0
1770962400000,0.09199,0.09249,0.09172,0.09243,24886411.0
1770966000000,0.09243,0.09343,0.09242,0.09298,43576508.0
1770969600000,0.09298,0.09396,0.09292,0.09383,64007966.0
1770973200000,0.09383,0.09385,0.09329,0.09359,40577099.0
1770976800000,0.09359,0.09406,0.09343,0.09385,38853574.0
1770980400000,0.09385,0.09405,0.09351,0.09391,52216923.0
1770984000000,0.09391,0.09391,0.09329,0.09339,24543832.0
1770987600000,0.09339,0.09428,0.09313,0.09354,70099828.0
1770991200000,0.09354,0.09441,0.09282,0.09389,186052366.0
1770994800000,0.09389,0.0966,0.09374,0.09528,280559206.0
1770998400000,0.09528,0.09688,0.09494,0.09636,134266810.0
1771002000000,0.09636,0.09686,0.09586,0.09624,62614351.0
1771005600000,0.09624,0.09671,0.09573,0.09651,46469904.0
1771009200000,0.09651,0.09694,0.09627,0.09631,28882752.0
1771012800000,0.09631,0.0969,0.09599,0.09678,43387401.0
1771016400000,0.09678,0.0976,0.09677,0.09702,54047131.0
1771020000000,0.09702,0.09736,0.09669,0.09704,24325336.0
1771023600000,0.09704,0.09706,0.09636,0.0966,26272288.0
1771027200000,0.0966,0.09693,0.09636,0.09678,14819260.0
1771030800000,0.09678,0.09702,0.09647,0.09661,32264189.0
1771034400000,0.09661,0.09668,0.09623,0.09655,14554108.0
1771038000000,0.09655,0.09697,0.09638,0.0968,12554023.0
1771041600000,0.0968,0.09687,0.09652,0.09664,13969390.0
1771045200000,0.09664,0.09699,0.09658,0.09667,10074973.0
1771048800000,0.09667,0.09675,0.09634,0.0965,21476367.0
1771052400000,0.0965,0.09665,0.09641,0.0965,10571796.0
1771056000000,0.0965,0.09773,0.09647,0.0976,53784620.0
1771059600000,0.0976,0.09831,0.09737,0.09816,50233446.0
1771063200000,0.09816,0.09832,0.0976,0.09808,28981552.0
1771066800000,0.09808,0.10086,0.09799,0.10054,146538553.0
1771070400000,0.10054,0.10078,0.09945,0.09958,63196783.0
1771074000000,0.09958,0.10021,0.09907,0.10004,71172476.0
1771077600000,0.10004,0.10345,0.09986,0.10317,163849052.0
1771081200000,0.10317,0.10427,0.10242,0.10396,121764104.0
1771084800000,0.10396,0.10541,0.10242,0.10486,132837671.0
1771088400000,0.10486,0.10595,0.10476,0.10549,102224541.0
1771092000000,0.10549,0.10731,0.10539,0.10717,131409840.0
1771095600000,0.10717,0.10924,0.10673,0.10854,158818560.0
1771099200000,0.10854,0.10938,0.10791,0.10922,121213090.0
1771102800000,0.10922,0.11209,0.10916,0.1108,228927346.0
1771106400000,0.1108,0.1136,0.11066,0.11231,173749249.0
1771110000000,0.11231,0.11256,0.11018,0.11097,122287701.0
1771113600000,0.11097,0.112,0.1104,0.11177,106737464.0
1771117200000,0.11177,0.11367,0.11126,0.11329,143216330.0
1771120800000,0.11329,0.1145,0.11184,0.11336,143220031.0
1771124400000,0.11336,0.1155,0.11262,0.11472,177395603.0
1771128000000,0.11472,0.1175,0.11384,0.11589,277900329.0
1771131600000,0.11589,0.1168,0.11539,0.11585,116605772.0
1771135200000,0.11585,0.11605,0.11409,0.11502,104104667.0
1771138800000,0.11502,0.11667,0.1147,0.11602,75905944.0
1771142400000,0.11602,0.11639,0.11301,0.11389,150841141.0
1771146000000,0.11389,0.11529,0.11383,0.11447,79442115.0
1771149600000,0.11447,0.11452,0.11192,0.11355,198248215.0
1771153200000,0.11355,0.11391,0.11246,0.11269,50547352.0
1771156800000,0.11269,0.11289,0.10852,0.1086,243963476.0
1771160400000,0.1086,0.11012,0.10717,0.10754,240255333.0
1771164000000,0.10754,0.10873,0.10677,0.1081,164746929.0
1771167600000,0.1081,0.10914,0.10755,0.10768,110065008.0
1771171200000,0.10768,0.10768,0.10635,0.10721,122945789.0
1771174800000,0.10721,0.10744,0.103,0.10495,276016033.0
1771178400000,0.10495,0.10546,0.10367,0.104,106730385.0
1771182000000,0.104,0.10418,0.10239,0.10266,135032428.0
1771185600000,0.10266,0.10336,0.10208,0.10288,94038729.0
1771189200000,0.10288,0.10333,0.10219,0.10239,68543436.0
1771192800000,0.10239,0.1034,0.10227,0.10328,70727530.0
1771196400000,0.10328,0.10328,0.10143,0.10262,79434017.0
1771200000000,0.10262,0.10308,0.10191,0.10237,74372538.0
1771203600000,0.10237,0.10288,0.10169,0.1023,53062160.0
1771207200000,0.1023,0.10296,0.1017,0.10183,50683069.0
1771210800000,0.10183,0.10226,0.1015,0.10213,36134090.0
1771214400000,0.10213,0.10337,0.10205,0.10335,42089009.0
1771218000000,0.10335,0.1035,0.1011,0.10177,122416286.0
1771221600000,0.10177,0.10255,0.10148,0.10231,34051570.0
1771225200000,0.10231,0.10238,0.10162,0.10196,42033120.0
1771228800000,0.10196,0.10249,0.1019,0.10227,21737460.0
1771232400000,0.10227,0.10333,0.10219,0.10305,58037594.0
1771236000000,0.10305,0.10305,0.10235,0.10269,34345650.0
1771239600000,0.10269,0.10287,0.10061,0.10155,155532170.0
1771243200000,0.10155,0.10289,0.10131,0.10264,102832133.0
1771246800000,0.10264,0.10342,0.09961,0.10007,253893328.0
1771250400000,0.10007,0.10109,0.09926,0.10047,150706115.0
1771254000000,0.10047,0.10108,0.09839,0.09949,217499651.0
1771257600000,0.09949,0.10121,0.09939,0.10104,96028822.0
1771261200000,0.10104,0.10114,0.10007,0.1008,63557563.0
1771264800000,0.1008,0.10116,0.10019,0.10042,46359490.0
1771268400000,0.10042,0.10081,0.10008,0.10025,32006616.0
1771272000000,0.10025,0.10109,0.09979,0.1009,66353236.0
1771275600000,0.1009,0.10135,0.10044,0.10114,51443414.0
1771279200000,0.10114,0.10116,0.10001,0.10055,72697512.0
1771282800000,0.10055,0.10112,0.10032,0.10096,27418247.0
1771286400000,0.10096,0.10102,0.10041,0.10054,21747205.0
1771290000000,0.10054,0.10093,0.10007,0.10017,25023891.0
1771293600000,0.10017,0.10126,0.09947,0.10109,83719608.0
1771297200000,0.10109,0.10111,0.10041,0.10046,38266461.0
1771300800000,0.10046,0.10075,0.09986,0.10015,36942258.0
1771304400000,0.10015,0.10024,0.09897,0.09964,68028961.0
1771308000000,0.09964,0.10024,0.09964,0.10001,23086300.0
1771311600000,0.10001,0.10002,0.0995,0.09973,34220021.0
1771315200000,0.09973,0.10001,0.09901,0.09908,39041484.0
1771318800000,0.09908,0.09933,0.09863,0.0993,71459536.0
1771322400000,0.0993,0.09948,0.09845,0.09873,58959564.0
1771326000000,0.09873,0.09903,0.09838,0.09883,42917222.0
1771329600000,0.09883,0.09992,0.0987,0.09959,75755252.0
1771333200000,0.09959,0.10085,0.09931,0.1005,74922544.0
1771336800000,0.1005,0.101,0.09822,0.099,186052891.0
1771340400000,0.099,0.10063,0.09894,0.10043,88043847.0
1771344000000,0.10043,0.10354,0.10035,0.10193,215118784.0
1771347600000,0.10193,0.1021,0.09961,0.10019,142860159.0
1771351200000,0.10019,0.10235,0.10011,0.10174,86324435.0
1771354800000,0.10174,0.10208,0.10083,0.10103,62577371.0
1771358400000,0.10103,0.1012,0.1002,0.10048,41024208.0
1771362000000,0.10048,0.10137,0.10047,0.10103,23728583.0
1771365600000,0.10103,0.1011,0.10041,0.10055,24039965.0
1771369200000,0.10055,0.1008,0.10028,0.1006,20957269.0
1771372800000,0.1006,0.1013,0.10039,0.10044,39510360.0
1771376400000,0.10044,0.10077,0.09986,0.10011,38879006.0
1771380000000,0.10011,0.10115,0.10008,0.10073,20999581.0
1771383600000,0.10073,0.10141,0.10048,0.10117,18234906.0
1771387200000,0.10117,0.1012,0.10056,0.10093,27366160.0
1771390800000,0.10093,0.10115,0.10061,0.10099,17987755.0
1771394400000,0.10099,0.10139,0.10095,0.101,22546178.0
1771398000000,0.101,0.10171,0.10071,0.10136,34840252.0
1771401600000,0.10136,0.10196,0.10104,0.10171,50994110.0
1771405200000,0.10171,0.10174,0.10111,0.10118,30032116.0
1771408800000,0.10118,0.10149,0.10014,0.10041,54202829.0
1771412400000,0.10041,0.10058,0.09912,0.10002,86505258.0
1771416000000,0.10002,0.1004,0.09961,0.10023,49711121.0
1771419600000,0.10023,0.10037,0.09937,0.09982,40382732.0
1771423200000,0.09982,0.10053,0.09936,0.10034,58787996.0
1771426800000,0.10034,0.10229,0.10028,0.10103,196130998.0
1771430400000,0.10103,0.10117,0.09963,0.10006,131228057.0
1771434000000,0.10006,0.10083,0.09944,0.09956,76146580.0
1771437600000,0.09956,0.09985,0.09843,0.0988,121264178.0
1771441200000,0.0988,0.09943,0.09741,0.09845,105994348.0
1771444800000,0.09845,0.09909,0.09824,0.09841,53380922.0
1771448400000,0.09841,0.09897,0.09809,0.09838,43778357.0
1771452000000,0.09838,0.09868,0.09787,0.09838,37619875.0
1771455600000,0.09838,0.09857,0.09801,0.09849,18570818.0
1771459200000,0.09849,0.09863,0.09803,0.09812,18634400.0
1771462800000,0.09812,0.09894,0.0981,0.09879,36057235.0
1771466400000,0.09879,0.09886,0.09782,0.09838,41201227.0
1771470000000,0.09838,0.09867,0.09803,0.09856,13717799.0
1771473600000,0.09856,0.09918,0.09852,0.09867,24474198.0
1771477200000,0.09867,0.09882,0.09664,0.09743,124620903.0
1771480800000,0.09743,0.0987,0.09736,0.0984,43843047.0
1771484400000,0.0984,0.0987,0.09807,0.0983,40779230.0
1771488000000,0.0983,0.0983,0.09708,0.09739,46698888.0
1771491600000,0.09739,0.098,0.09704,0.09742,44239973.0
1771495200000,0.09742,0.09794,0.09714,0.09769,40733928.0
1771498800000,0.09769,0.09799,0.09739,0.09764,30623397.0
1771502400000,0.09764,0.0978,0.09738,0.09746,20693403.0
1771506000000,0.09746,0.09758,0.09637,0.09692,83665358.0
1771509600000,0.09692,0.09831,0.09652,0.09789,109211967.0
1771513200000,0.09789,0.09825,0.09644,0.0968,93226105.0
1771516800000,0.0968,0.0972,0.0954,0.09674,120339287.0
1771520400000,0.09674,0.09814,0.09646,0.09674,89651549.0
1771524000000,0.09674,0.09826,0.09667,0.09816,63694527.0
1771527600000,0.09816,0.09842,0.0972,0.09804,33600530.0
1771531200000,0.09804,0.09818,0.09728,0.0978,25688706.0
1771534800000,0.0978,0.09811,0.09762,0.09769,9832104.0
1771538400000,0.09769,0.09832,0.09749,0.09802,25077929.0
1771542000000,0.09802,0.09832,0.09777,0.0983,14091698.0
1771545600000,0.0983,0.0991,0.09812,0.09863,32370610.0
1771549200000,0.09863,0.09913,0.0986,0.09877,16101659.0
1771552800000,0.09877,0.09943,0.0987,0.09906,19547898.0
1771556400000,0.09906,0.0993,0.0985,0.09868,18857946.0
1771560000000,0.09868,0.09883,0.09815,0.09861,29434596.0
1771563600000,0.09861,0.09976,0.09833,0.09898,51269311.0
1771567200000,0.09898,0.09909,0.09855,0.09886,23612683.0
1771570800000,0.09886,0.09887,0.09836,0.0985,21558635.0
1771574400000,0.0985,0.09893,0.09823,0.09851,37396125.0
1771578000000,0.09851,0.09929,0.09843,0.09911,38314850.0
1771581600000,0.09911,0.09939,0.09892,0.0991,29827414.0
1771585200000,0.0991,0.09915,0.09825,0.09843,37063239.0
1771588800000,0.09843,0.09882,0.09814,0.09834,43604584.0
1771592400000,0.09834,0.09834,0.09558,0.09621,169984795.0
1771596000000,0.09621,0.09844,0.09613,0.09782,117690428.0
1771599600000,0.09782,0.10054,0.09782,0.10023,250982903.0
1771603200000,0.10023,0.10237,0.09995,0.10113,178343063.0
1771606800000,0.10113,0.10145,0.09859,0.10128,144594526.0
1771610400000,0.10128,0.10192,0.10056,0.10142,83814169.0
1771614000000,0.10142,0.1017,0.09996,0.10018,44407850.0
1771617600000,0.10018,0.10116,0.10011,0.10064,27993970.0
1771621200000,0.10064,0.10082,0.10017,0.10025,19421391.0
1771624800000,0.10025,0.10048,0.09962,0.10031,33758925.0
1771628400000,0.10031,0.10056,0.0999,0.10004,21233274.0
1771632000000,0.10004,0.10024,0.09909,0.09932,52288572.0
1771635600000,0.09932,0.10023,0.09929,0.10007,32442025.0
1771639200000,0.10007,0.10024,0.09966,0.10007,12697146.0
1771642800000,0.10007,0.10009,0.09947,0.09988,26867294.0
1771646400000,0.09988,0.10002,0.0997,0.09982,7929044.0
1771650000000,0.09982,0.10009,0.09981,0.09992,10207900.0
1771653600000,0.09992,0.10001,0.09959,0.09984,12418930.0
1771657200000,0.09984,0.10014,0.0997,0.10001,10546170.0
1771660800000,0.10001,0.10038,0.09984,0.10034,25998255.0
1771664400000,0.10034,0.10091,0.1001,0.10027,31124307.0
1771668000000,0.10027,0.10045,0.09991,0.10008,20521042.0
1771671600000,0.10008,0.10027,0.09972,0.1,33455441.0
1771675200000,0.1,0.10017,0.09959,0.10009,21917175.0
1771678800000,0.10009,0.10044,0.09993,0.10044,12295144.0
1771682400000,0.10044,0.10074,0.09999,0.10042,54291264.0
1771686000000,0.10042,0.10047,0.09989,0.09995,31582925.0
1771689600000,0.09995,0.09999,0.09932,0.09958,42470913.0
1771693200000,0.09958,0.09965,0.09891,0.09938,39728982.0
1771696800000,0.09938,0.09993,0.09936,0.0998,22938227.0
1771700400000,0.0998,0.09983,0.09933,0.09942,13030680.0
1771704000000,0.09942,0.09953,0.09875,0.09881,32504127.0
1771707600000,0.09881,0.09932,0.09868,0.09932,16821034.0
1771711200000,0.09932,0.09952,0.09896,0.09913,54468730.0
1771714800000,0.09913,0.0992,0.09833,0.09837,33231775.0
1771718400000,0.09837,0.09849,0.09755,0.09785,45130269.0
1771722000000,0.09785,0.09817,0.09766,0.09808,25749418.0
1771725600000,0.09808,0.09812,0.09707,0.09722,33403359.0
1771729200000,0.09722,0.09751,0.09665,0.09736,32509873.0
1771732800000,0.09736,0.09748,0.09712,0.09733,11480413.0
1771736400000,0.09733,0.09734,0.09688,0.09697,29032915.0
1771740000000,0.09697,0.09731,0.09682,0.0972,25455963.0
1771743600000,0.0972,0.09741,0.0971,0.09724,14297101.0
1771747200000,0.09724,0.09727,0.09699,0.09708,14913103.0
1771750800000,0.09708,0.09731,0.097,0.09725,24659717.0
1771754400000,0.09725,0.09745,0.09712,0.09735,21799318.0
1771758000000,0.09735,0.09763,0.09718,0.0973,14653209.0
1771761600000,0.0973,0.09734,0.09627,0.09654,43033184.0
1771765200000,0.09654,0.09683,0.09571,0.0961,60044544.0
1771768800000,0.0961,0.09611,0.09504,0.09577,72094440.0
1771772400000,0.09577,0.09604,0.09515,0.0957,44712673.0
1771776000000,0.0957,0.09584,0.09534,0.09582,27462830.0
1771779600000,0.09582,0.09582,0.09464,0.09491,66405428.0
1771783200000,0.09491,0.0953,0.0946,0.09518,19502848.0
1771786800000,0.09518,0.09524,0.09486,0.095,19422501.0
1771790400000,0.095,0.09502,0.09441,0.09473,27796619.0
1771794000000,0.09473,0.09542,0.09473,0.09534,45231686.0
1771797600000,0.09534,0.09593,0.09514,0.09566,26160951.0
1771801200000,0.09566,0.09577,0.09508,0.09552,19249046.0
1771804800000,0.09552,0.09573,0.09433,0.09442,51599694.0
1771808400000,0.09442,0.09447,0.09137,0.09203,411251279.0
1771812000000,0.09203,0.09293,0.09191,0.09258,76660526.0
1771815600000,0.09258,0.09317,0.09257,0.09269,67047100.0
1771819200000,0.09269,0.09285,0.09223,0.09242,21725572.0
1771822800000,0.09242,0.09293,0.09225,0.09272,24882068.0
1771826400000,0.09272,0.09464,0.09264,0.09456,54486031.0
1771830000000,0.09456,0.09519,0.09445,0.09481,71101037.0
1771833600000,0.09481,0.09502,0.09434,0.09472,38755259.0
1771837200000,0.09472,0.09667,0.09461,0.09651,60890351.0
1771840800000,0.09651,0.09698,0.09602,0.09625,62723449.0
1771844400000,0.09625,0.09711,0.09625,0.09666,101351409.0
1771848000000,0.09666,0.09755,0.09635,0.09711,76785811.0
1771851600000,0.09711,0.0975,0.09666,0.09678,41102347.0
1771855200000,0.09678,0.09699,0.09543,0.0961,129689607.0
1771858800000,0.0961,0.09642,0.09473,0.09489,86942707.0
1771862400000,0.09489,0.09536,0.09396,0.09446,128938335.0
1771866000000,0.09446,0.09486,0.09275,0.09383,121098030.0
1771869600000,0.09383,0.0944,0.0932,0.09336,105978417.0
1771873200000,0.09336,0.09347,0.09244,0.09281,83010301.0
1771876800000,0.09281,0.09337,0.09251,0.09317,53246653.0
1771880400000,0.09317,0.09345,0.09285,0.09326,47820422.0
1771884000000,0.09326,0.0935,0.09298,0.093,47130617.0
1771887600000,0.093,0.09338,0.09245,0.09265,50120972.0
1771891200000,0.09265,0.09334,0.09265,0.09316,31289721.0
1771894800000,0.09316,0.09357,0.09091,0.0927,177514745.0
1771898400000,0.0927,0.0932,0.09211,0.09254,29559897.0
1771902000000,0.09254,0.09254,0.09172,0.09205,42854260.0
1771905600000,0.09205,0.09212,0.09098,0.09139,80779593.0
1771909200000,0.09139,0.09165,0.09056,0.0912,84066963.0
1771912800000,0.0912,0.09139,0.09075,0.09095,30453474.0
1771916400000,0.09095,0.09141,0.09078,0.09119,30947423.0
1771920000000,0.09119,0.09164,0.0909,0.09151,53660747.0
1771923600000,0.09151,0.0916,0.09068,0.09116,43824001.0
1771927200000,0.09116,0.09158,0.09099,0.09139,23931880.0
1771930800000,0.09139,0.09148,0.09081,0.09123,70453181.0
1771934400000,0.09123,0.09141,0.09096,0.09107,26997803.0
1771938000000,0.09107,0.09119,0.09005,0.09078,80386244.0
1771941600000,0.09078,0.0922,0.08989,0.09129,217089858.0
1771945200000,0.09129,0.09259,0.09109,0.09172,162439697.0
1771948800000,0.09172,0.09267,0.09131,0.09203,70911040.0
1771952400000,0.09203,0.09228,0.09138,0.09162,46768753.0
1771956000000,0.09162,0.09221,0.09146,0.09203,46077983.0
1771959600000,0.09203,0.09228,0.09165,0.09196,23526874.0
1771963200000,0.09196,0.09235,0.09182,0.09215,29502916.0
1771966800000,0.09215,0.09215,0.09148,0.09177,25318459.0
1771970400000,0.09177,0.09226,0.09167,0.09196,38685232.0
1771974000000,0.09196,0.09197,0.09125,0.09131,51563486.0
1771977600000,0.09131,0.09141,0.09083,0.09111,25924657.0
1771981200000,0.09111,0.0949,0.09106,0.09383,240628899.0
1771984800000,0.09383,0.09472,0.09334,0.09353,155459910.0
1771988400000,0.09353,0.09368,0.09258,0.09271,96875756.0
1771992000000,0.09271,0.09291,0.09173,0.09259,86326854.0
1771995600000,0.09259,0.09262,0.09133,0.09194,53242647.0
1771999200000,0.09194,0.09247,0.09193,0.09225,26242876.0
1772002800000,0.09225,0.09289,0.09222,0.09279,28727627.0
1772006400000,0.09279,0.0935,0.09246,0.09344,76023194.0
1772010000000,0.09344,0.09383,0.09317,0.09346,40880728.0
1772013600000,0.09346,0.09389,0.09336,0.09362,41750049.0
1772017200000,0.09362,0.09422,0.0934,0.09402,27442072.0
1772020800000,0.09402,0.09604,0.09397,0.0957,80882194.0
1772024400000,0.0957,0.09743,0.0956,0.09697,126216942.0
1772028000000,0.09697,0.10096,0.09696,0.10082,242384007.0
1772031600000,0.10082,0.10267,0.10025,0.10153,430254023.0
1772035200000,0.10153,0.10282,0.10072,0.10264,259377264.0
1772038800000,0.10264,0.10342,0.10238,0.10278,187215192.0
1772042400000,0.10278,0.10392,0.10221,0.10354,115960182.0
1772046000000,0.10354,0.10428,0.10317,0.10402,84487938.0
1772049600000,0.10402,0.10457,0.10328,0.10398,85063977.0
1772053200000,0.10398,0.10618,0.10383,0.10526,198686219.0
1772056800000,0.10526,0.10585,0.10219,0.10289,162644081.0
1772060400000,0.10289,0.10341,0.09941,0.10089,299029203.0
1772064000000,0.10089,0.10154,0.09975,0.10041,138175542.0
1772067600000,0.10041,0.10123,0.10024,0.10054,48852326.0
1772071200000,0.10054,0.10152,0.0998,0.10132,48893905.0
1772074800000,0.10132,0.10142,0.10063,0.10075,29260182.0
1772078400000,0.10075,0.10164,0.10057,0.10111,42581035.0
1772082000000,0.10111,0.10111,0.09958,0.10016,81110314.0
1772085600000,0.10016,0.10047,0.09979,0.09997,36599533.0
1772089200000,0.09997,0.10016,0.09921,0.09951,46545274.0
1772092800000,0.09951,0.10031,0.0995,0.09953,44944790.0
1772096400000,0.09953,0.10057,0.09943,0.10015,70226672.0
1772100000000,0.10015,0.10018,0.09866,0.09887,79810367.0
1772103600000,0.09887,0.09899,0.09821,0.09844,69822423.0
1772107200000,0.09844,0.09939,0.09839,0.09933,64101682.0
1772110800000,0.09933,0.09941,0.09876,0.09893,33813872.0
1772114400000,0.09893,0.09942,0.09802,0.09881,148945995.0
1772118000000,0.09881,0.09904,0.09733,0.09855,185878155.0
1772121600000,0.09855,0.09873,0.09556,0.09568,239499573.0
1772125200000,0.09568,0.09673,0.09558,0.09575,69506281.0
1772128800000,0.09575,0.09658,0.0953,0.09603,95656514.0
1772132400000,0.09603,0.09747,0.09599,0.09728,179589472.0
1772136000000,0.09728,0.0976,0.09659,0.09673,49663323.0
1772139600000,0.09673,0.09685,0.09639,0.09667,32788460.0
1772143200000,0.09667,0.09715,0.09647,0.09688,42405906.0
1772146800000,0.09688,0.09714,0.09653,0.09695,18355614.0
1772150400000,0.09695,0.09699,0.09617,0.09663,37867014.0
1772154000000,0.09663,0.09712,0.09636,0.09707,47711683.0
1772157600000,0.09707,0.09761,0.09702,0.09715,29560556.0
1772161200000,0.09715,0.09761,0.09655,0.09747,44847029.0
1772164800000,0.09747,0.09911,0.09743,0.0984,176874802.0
1772168400000,0.0984,0.09898,0.09835,0.09849,30937940.0
1772172000000,0.09849,0.09902,0.09797,0.09881,38302124.0
1772175600000,0.09881,0.09895,0.0977,0.09838,44127502.0
1772179200000,0.09838,0.09859,0.09792,0.09824,48724181.0
1772182800000,0.09824,0.09851,0.09694,0.09729,129682290.0
1772186400000,0.09729,0.09741,0.09583,0.09596,97269967.0
1772190000000,0.09596,0.09642,0.0946,0.09494,139705089.0
1772193600000,0.09494,0.09532,0.09468,0.09511,90288048.0
1772197200000,0.09511,0.09548,0.09378,0.09471,182482683.0
1772200800000,0.09471,0.09484,0.09371,0.09388,84656419.0
1772204400000,0.09388,0.09439,0.09352,0.09399,60348135.0
1772208000000,0.09399,0.09426,0.09326,0.0936,92435848.0
1772211600000,0.0936,0.09389,0.09291,0.09366,75245387.0
1772215200000,0.09366,0.09382,0.0932,0.09336,20150520.0
1772218800000,0.09336,0.09339,0.09265,0.09296,43222316.0
1772222400000,0.09296,0.09336,0.09289,0.09319,23367115.0
1772226000000,0.09319,0.09342,0.09284,0.09306,31577924.0
1772229600000,0.09306,0.0932,0.09187,0.09306,94905854.0
1772233200000,0.09306,0.09336,0.09287,0.09331,38218408.0
1772236800000,0.09331,0.09369,0.09323,0.09342,48216729.0
1772240400000,0.09342,0.09363,0.09314,0.09327,28402272.0
1772244000000,0.09327,0.09371,0.0932,0.09366,34518746.0
1772247600000,0.09366,0.09366,0.09304,0.09318,27712165.0
1772251200000,0.09318,0.09335,0.09265,0.09303,28209456.0
1772254800000,0.09303,0.09312,0.09236,0.09253,45697509.0
1772258400000,0.09253,0.09259,0.08815,0.08863,602133605.0
1772262000000,0.08863,0.09039,0.08794,0.08927,258900239.0
1772265600000,0.08927,0.08941,0.08838,0.08852,85279781.0
1772269200000,0.08852,0.08916,0.08773,0.08835,119680967.0
1772272800000,0.08835,0.08915,0.08765,0.0885,139009622.0
1772276400000,0.0885,0.08915,0.08845,0.08868,87232954.0
1772280000000,0.08868,0.08926,0.0885,0.0888,64318367.0
1772283600000,0.0888,0.09203,0.08878,0.09142,274310621.0
1772287200000,0.09142,0.09189,0.08998,0.09022,166200538.0
1772290800000,0.09022,0.09098,0.08969,0.09073,92614896.0
1772294400000,0.09073,0.09111,0.09033,0.09081,58255224.0
1772298000000,0.09081,0.09123,0.09008,0.09104,65747879.0
1772301600000,0.09104,0.09282,0.09071,0.09208,121476870.0
1772305200000,0.09208,0.09339,0.09137,0.09279,163917946.0
1772308800000,0.09279,0.09458,0.09255,0.09425,146983589.0
1772312400000,0.09425,0.09436,0.09336,0.0938,92422653.0
1772316000000,0.0938,0.09497,0.0938,0.09389,68123979.0
1772319600000,0.09389,0.09417,0.09375,0.09399,32723085.0
1772323200000,0.09399,0.09423,0.09351,0.09387,35501897.0
1772326800000,0.09387,0.09614,0.09298,0.09542,130665353.0
1772330400000,0.09542,0.0978,0.09542,0.09699,213762441.0
1772334000000,0.09699,0.09724,0.09572,0.09604,106293558.0
1772337600000,0.09604,0.0965,0.09563,0.0962,67915377.0
1772341200000,0.0962,0.09654,0.09579,0.0959,27634040.0
1772344800000,0.0959,0.09597,0.09438,0.09473,100044570.0
1772348400000,0.09473,0.09497,0.0943,0.09481,42514491.0
1772352000000,0.09481,0.09485,0.09331,0.09358,96341666.0
1772355600000,0.09358,0.0944,0.09325,0.09343,69512310.0
1772359200000,0.09343,0.09398,0.09312,0.09363,58177469.0
1772362800000,0.09363,0.09375,0.09332,0.09347,48070339.0
1772366400000,0.09347,0.09371,0.09278,0.09292,48949365.0
1772370000000,0.09292,0.09492,0.09241,0.09429,225385822.0
1772373600000,0.09429,0.09546,0.09366,0.09401,127162090.0
1772377200000,0.09401,0.09459,0.09374,0.09382,65494562.0
1772380800000,0.09382,0.09449,0.092,0.09284,210084140.0
1772384400000,0.09284,0.09287,0.09166,0.09228,115027944.0
1772388000000,0.09228,0.09354,0.09226,0.09273,92608917.0
1772391600000,0.09273,0.09276,0.09142,0.09174,93819648.0
1772395200000,0.09174,0.09186,0.09048,0.09084,113382883.0
1772398800000,0.09084,0.09212,0.09077,0.09193,91114015.0
1772402400000,0.09193,0.0934,0.09165,0.09182,163754814.0
1772406000000,0.09182,0.09292,0.09162,0.09185,49584479.0
1772409600000,0.09185,0.09337,0.09178,0.09297,55967777.0
1772413200000,0.09297,0.09445,0.09287,0.09325,64522387.0
1772416800000,0.09325,0.09361,0.09246,0.09265,63723944.0
1772420400000,0.09265,0.0935,0.09233,0.09321,51268235.0
1772424000000,0.09321,0.09351,0.09288,0.09312,29069553.0
1772427600000,0.09312,0.09345,0.09264,0.09296,22280889.0
1772431200000,0.09296,0.09297,0.09151,0.09195,72770109.0
1772434800000,0.09195,0.09202,0.09108,0.09168,49982849.0
1772438400000,0.09168,0.09236,0.09125,0.09225,52361690.0
1772442000000,0.09225,0.09292,0.09201,0.09201,44514547.0
1772445600000,0.09201,0.09224,0.09152,0.09184,36600048.0
1772449200000,0.09184,0.09214,0.0914,0.09179,39498917.0
1772452800000,0.09179,0.09197,0.09117,0.09135,38813043.0
1772456400000,0.09135,0.09167,0.09076,0.09089,64953680.0
1772460000000,0.09089,0.09385,0.09073,0.09354,196727975.0
1772463600000,0.09354,0.09661,0.09328,0.09563,369574710.0
1772467200000,0.09563,0.09766,0.0954,0.09622,246859978.0
1772470800000,0.09622,0.09644,0.09432,0.0954,146664538.0
1772474400000,0.0954,0.09601,0.09454,0.09545,67650199.0
1772478000000,0.09545,0.09582,0.09485,0.09548,64236863.0
1772481600000,0.09548,0.09596,0.09456,0.09456,47178772.0
1772485200000,0.09456,0.09463,0.09386,0.09407,75612744.0
1772488800000,0.09407,0.09496,0.09399,0.09474,70313007.0
1772492400000,0.09474,0.09479,0.09324,0.09348,67676461.0
1772496000000,0.09348,0.09368,0.09272,0.09345,55399933.0
1772499600000,0.09345,0.09378,0.09275,0.09283,55024638.0
1772503200000,0.09283,0.09289,0.09207,0.09255,72512118.0
1772506800000,0.09255,0.09273,0.09201,0.09252,47856568.0
1772510400000,0.09252,0.09258,0.09152,0.09167,72043383.0
1772514000000,0.09167,0.09236,0.09116,0.09161,70739964.0
1772517600000,0.09161,0.09172,0.09122,0.09161,27260150.0
1772521200000,0.09161,0.092,0.09101,0.09129,149948230.0
1772524800000,0.09129,0.09151,0.08965,0.08989,130276841.0
1772528400000,0.08989,0.09049,0.08939,0.0896,98081142.0
1772532000000,0.0896,0.09005,0.08916,0.0898,102490431.0
1772535600000,0.0898,0.09011,0.08956,0.09001,51767439.0
1772539200000,0.09001,0.09103,0.08974,0.09036,91078478.0
1772542800000,0.09036,0.09041,0.08957,0.08982,49075951.0
1772546400000,0.08982,0.09096,0.08856,0.08929,259095650.0
1772550000000,0.08929,0.09058,0.08869,0.09014,153326007.0
1772553600000,0.09014,0.09236,0.08961,0.09084,306890887.0
1772557200000,0.09084,0.09095,0.08937,0.09008,118632908.0
1772560800000,0.09008,0.09058,0.08923,0.08972,97754803.0
1772564400000,0.08972,0.08989,0.08901,0.08934,122825710.0
1772568000000,0.08934,0.08942,0.08875,0.08904,64834006.0
1772571600000,0.08904,0.0894,0.0884,0.08933,78317415.0
1772575200000,0.08933,0.09057,0.08933,0.09012,71161208.0
1772578800000,0.09012,0.09083,0.08984,0.08992,42615909.0
1772582400000,0.08992,0.09012,0.08921,0.08977,64238487.0
1772586000000,0.08977,0.09059,0.08946,0.08982,49107073.0
1772589600000,0.08982,0.09013,0.08945,0.08988,40643111.0
1772593200000,0.08988,0.09008,0.08854,0.08935,89453737.0
1772596800000,0.08935,0.08977,0.08887,0.08924,55126046.0
1772600400000,0.08924,0.08962,0.08865,0.0892,51177067.0
1772604000000,0.0892,0.08972,0.08867,0.08916,67245028.0
1772607600000,0.08916,0.09051,0.08879,0.09008,123349293.0
1772611200000,0.09008,0.09251,0.08964,0.09222,206266352.0
1772614800000,0.09222,0.09339,0.09187,0.0925,339672061.0
1772618400000,0.0925,0.09323,0.09244,0.09299,161765881.0
1772622000000,0.09299,0.09309,0.09188,0.09226,103935612.0
1772625600000,0.09226,0.09264,0.09145,0.0924,81937254.0
1772629200000,0.0924,0.09412,0.09231,0.09403,127713204.0
1772632800000,0.09403,0.09607,0.09378,0.0952,440137210.0
1772636400000,0.0952,0.09919,0.09519,0.099,430068460.0
1772640000000,0.099,0.10004,0.09745,0.09959,337415551.0
1772643600000,0.09959,0.10335,0.09948,0.10179,514908740.0
1772647200000,0.10179,0.10244,0.10109,0.10211,230936144.0
1772650800000,0.10211,0.10427,0.10184,0.10274,270948177.0
1772654400000,0.10274,0.10349,0.10195,0.1022,208649702.0
1772658000000,0.1022,0.10269,0.10163,0.10217,155120331.0
1772661600000,0.10217,0.10304,0.0986,0.09916,307232018.0
1772665200000,0.09916,0.09983,0.09884,0.09887,160157980.0
1772668800000,0.09887,0.0992,0.09767,0.09809,166481635.0
1772672400000,0.09809,0.09876,0.09646,0.09681,114252398.0
1772676000000,0.09681,0.09725,0.09607,0.09636,69059529.0
1772679600000,0.09636,0.0964,0.09584,0.09612,97386787.0
1772683200000,0.09612,0.09725,0.09603,0.09669,158842842.0
1772686800000,0.09669,0.09703,0.09591,0.09601,72405540.0
1772690400000,0.09601,0.0965,0.09533,0.09645,112081434.0
1772694000000,0.09645,0.09662,0.09513,0.09564,117202756.0
1772697600000,0.09564,0.09584,0.09527,0.09569,80041285.0
1772701200000,0.09569,0.09652,0.09563,0.0962,91225270.0
1772704800000,0.0962,0.09792,0.09599,0.09762,205736191.0
1772708400000,0.09762,0.09781,0.09569,0.09587,188640348.0
1772712000000,0.09587,0.0964,0.09542,0.09619,83300549.0
1772715600000,0.09619,0.09622,0.09449,0.09507,194085558.0
1772719200000,0.09507,0.09568,0.09415,0.09537,195830300.0
1772722800000,0.09537,0.09562,0.09381,0.0942,220848500.0
1772726400000,0.0942,0.09421,0.09267,0.09383,192003268.0
1772730000000,0.09383,0.09427,0.09275,0.09302,95861689.0
1772733600000,0.09302,0.09392,0.09286,0.09367,87074513.0
1772737200000,0.09367,0.09452,0.09365,0.09387,69058342.0
1772740800000,0.09387,0.09477,0.09383,0.09431,59209323.0
1772744400000,0.09431,0.09464,0.09363,0.09386,73136410.0
1772748000000,0.09386,0.09402,0.09344,0.09376,44807852.0
1772751600000,0.09376,0.09386,0.09337,0.09351,25771214.0
1772755200000,0.09351,0.09381,0.09338,0.09364,41773278.0
1772758800000,0.09364,0.09426,0.09307,0.09399,58941347.0
1772762400000,0.09399,0.09399,0.09344,0.09357,32576886.0
1772766000000,0.09357,0.09399,0.0935,0.09385,17608314.0
1772769600000,0.09385,0.09386,0.09293,0.09341,49749913.0
1772773200000,0.09341,0.0937,0.09312,0.09355,62835074.0
1772776800000,0.09355,0.09372,0.09329,0.09333,39674348.0
1772780400000,0.09333,0.09434,0.09328,0.09392,85381112.0
1772784000000,0.09392,0.09393,0.09276,0.09319,113862684.0
1772787600000,0.09319,0.09323,0.09233,0.09316,139704716.0
1772791200000,0.09316,0.09375,0.09307,0.09344,53707493.0
1772794800000,0.09344,0.09362,0.09289,0.09303,34915746.0
1772798400000,0.09303,0.09344,0.09262,0.09302,83971793.0
1772802000000,0.09302,0.09352,0.09129,0.09152,305456724.0
1772805600000,0.09152,0.09162,0.08994,0.09026,297428051.0
1772809200000,0.09026,0.09092,0.08989,0.09019,157822901.0
1772812800000,0.09019,0.09125,0.09012,0.09074,157653658.0
1772816400000,0.09074,0.09102,0.08992,0.09022,117199303.0
1772820000000,0.09022,0.09075,0.09015,0.09061,80533129.0
1772823600000,0.09061,0.0911,0.09057,0.09081,43835091.0
1772827200000,0.09081,0.09108,0.0905,0.09098,46913956.0
1772830800000,0.09098,0.09111,0.09071,0.09107,26615740.0
1772834400000,0.09107,0.09163,0.09088,0.09121,99295475.0
1772838000000,0.09121,0.09134,0.09106,0.09123,42243584.0
1772841600000,0.09123,0.09148,0.09115,0.09132,23258342.0
1772845200000,0.09132,0.09167,0.0912,0.09147,19573815.0
1772848800000,0.09147,0.09159,0.09108,0.09154,30606208.0
1772852400000,0.09154,0.09208,0.09098,0.09101,148020709.0
1772856000000,0.09101,0.0912,0.09062,0.09079,59106356.0
1772859600000,0.09079,0.0909,0.09038,0.09064,43736923.0
1772863200000,0.09064,0.09082,0.0904,0.09052,27828829.0
1772866800000,0.09052,0.09068,0.09029,0.09051,39094250.0
1772870400000,0.09051,0.0908,0.09033,0.09036,35689684.0
1772874000000,0.09036,0.09054,0.08992,0.0903,67582061.0
1772877600000,0.0903,0.09048,0.09025,0.09032,14272504.0
1772881200000,0.09032,0.09077,0.09006,0.09054,33451501.0
1772884800000,0.09054,0.09062,0.09026,0.09033,16341471.0
1772888400000,0.09033,0.09055,0.09011,0.09024,27239991.0
1772892000000,0.09024,0.09036,0.08934,0.09001,158101455.0
1772895600000,0.09001,0.09013,0.08955,0.08994,38081060.0
1772899200000,0.08994,0.09015,0.08986,0.09011,26508880.0
1772902800000,0.09011,0.09058,0.09011,0.09041,20835475.0
1772906400000,0.09041,0.09041,0.08948,0.09007,75623742.0
1772910000000,0.09007,0.09008,0.0892,0.08955,75102681.0
1772913600000,0.08955,0.09009,0.08952,0.09,25365174.0
1772917200000,0.09,0.09014,0.08975,0.08992,18021244.0
1772920800000,0.08992,0.08998,0.08934,0.0897,25380568.0
1772924400000,0.0897,0.08995,0.08965,0.08987,12500831.0
1772928000000,0.08987,0.09014,0.08963,0.08987,57105858.0
1772931600000,0.08987,0.09004,0.08971,0.08995,20049624.0
1772935200000,0.08995,0.09002,0.08871,0.0892,114716817.0
1772938800000,0.0892,0.08944,0.08894,0.08928,31476890.0
1772942400000,0.08928,0.08956,0.08867,0.08892,40023858.0
1772946000000,0.08892,0.08966,0.08892,0.08936,45166701.0
1772949600000,0.08936,0.0894,0.08898,0.08904,21776501.0
1772953200000,0.08904,0.08954,0.08897,0.08927,41991887.0
1772956800000,0.08927,0.08941,0.0889,0.08937,70470207.0
1772960400000,0.08937,0.09012,0.08921,0.08989,96370967.0
1772964000000,0.08989,0.09127,0.08989,0.09048,117264700.0
1772967600000,0.09048,0.09048,0.08905,0.08929,128851751.0
1772971200000,0.08929,0.08943,0.08805,0.08888,212811377.0
1772974800000,0.08888,0.08904,0.08781,0.08863,123528108.0
1772978400000,0.08863,0.08922,0.08855,0.08906,86281038.0
1772982000000,0.08906,0.08914,0.08846,0.08866,30250124.0
1772985600000,0.08866,0.08879,0.08822,0.08847,51948884.0
1772989200000,0.08847,0.08905,0.08845,0.08857,51026843.0
1772992800000,0.08857,0.08862,0.08812,0.08845,27142466.0
1772996400000,0.08845,0.08965,0.08835,0.08929,106811751.0
1773000000000,0.08929,0.0901,0.08912,0.08964,50023478.0
1773003600000,0.08964,0.0898,0.08905,0.08949,44088307.0
1773007200000,0.08949,0.08962,0.08641,0.08939,525785903.0
1773010800000,0.08939,0.08982,0.08883,0.08908,85944453.0
1773014400000,0.08908,0.09047,0.08902,0.08977,121721581.0
1773018000000,0.08977,0.09007,0.08925,0.08932,60964316.0
1773021600000,0.08932,0.08998,0.0889,0.0897,77633134.0
1773025200000,0.0897,0.09166,0.0896,0.09034,257393070.0
1773028800000,0.09034,0.09086,0.09014,0.0903,47920502.0
1773032400000,0.0903,0.09174,0.09008,0.09141,134244004.0
1773036000000,0.09141,0.09165,0.09024,0.09036,59203121.0
1773039600000,0.09036,0.09041,0.08927,0.08993,98646668.0
1773043200000,0.08993,0.09062,0.08983,0.09043,58547629.0
1773046800000,0.09043,0.09134,0.08995,0.09037,100222089.0
1773050400000,0.09037,0.09071,0.08988,0.09006,53610758.0
1773054000000,0.09006,0.09048,0.08966,0.09031,46503633.0
1773057600000,0.09031,0.0911,0.09031,0.09081,74165520.0
1773061200000,0.09081,0.09242,0.09075,0.09187,200805686.0
1773064800000,0.09187,0.09223,0.09093,0.09155,196196198.0
1773068400000,0.09155,0.09182,0.09057,0.09107,94870181.0
1773072000000,0.09107,0.0916,0.0907,0.09117,69509280.0
1773075600000,0.09117,0.09171,0.09092,0.09137,80928930.0
1773079200000,0.09137,0.09168,0.09074,0.09083,79087203.0
1773082800000,0.09083,0.09282,0.09061,0.09123,220737124.0
1773086400000,0.09123,0.09143,0.09076,0.09121,50365603.0
1773090000000,0.09121,0.09178,0.09097,0.09146,38527816.0
1773093600000,0.09146,0.09153,0.09034,0.09065,143633331.0
1773097200000,0.09065,0.09088,0.09015,0.09044,47596425.0
1773100800000,0.09044,0.09139,0.09029,0.091,78342731.0
1773104400000,0.091,0.09123,0.09042,0.09096,53714753.0
1773108000000,0.09096,0.09232,0.09062,0.09193,126756315.0
1773111600000,0.09193,0.09214,0.09095,0.09116,59626742.0
1773115200000,0.09116,0.09204,0.09111,0.09183,50980100.0
1773118800000,0.09183,0.09229,0.09161,0.09175,60041444.0
1773122400000,0.09175,0.09181,0.09134,0.09158,35819126.0
1773126000000,0.09158,0.09245,0.09136,0.09229,86900181.0
1773129600000,0.09229,0.09417,0.09218,0.09351,238387275.0
1773133200000,0.09351,0.09554,0.09351,0.09517,348834082.0
1773136800000,0.09517,0.09589,0.09442,0.09545,133095974.0
1773140400000,0.09545,0.09572,0.09421,0.09445,123636599.0
1773144000000,0.09445,0.09504,0.09424,0.09495,77279746.0
1773147600000,0.09495,0.09707,0.09451,0.09606,521831077.0
1773151200000,0.09606,0.09963,0.09487,0.09931,619654835.0
1773154800000,0.09931,0.0997,0.09764,0.0991,345859471.0
1773158400000,0.0991,0.1004,0.0986,0.0998,248500050.0
1773162000000,0.0998,0.09998,0.09786,0.0982,252776531.0
1773165600000,0.0982,0.09821,0.0947,0.0954,506356554.0
1773169200000,0.0954,0.09542,0.0942,0.0947,151465770.0
1773172800000,0.0947,0.09501,0.0944,0.09488,98250062.0
1773176400000,0.09488,0.09524,0.09367,0.09436,172637402.0
1773180000000,0.09436,0.09479,0.09396,0.09428,85467188.0
1773183600000,0.09428,0.0947,0.09426,0.09446,81703785.0
1773187200000,0.09446,0.09481,0.09398,0.09438,104037179.0
1773190800000,0.09438,0.09441,0.09318,0.09354,112702851.0
1773194400000,0.09354,0.09361,0.09236,0.09293,108614512.0
1773198000000,0.09293,0.09313,0.09233,0.09254,71356905.0
1773201600000,0.09254,0.09318,0.09214,0.09306,137233494.0
1773205200000,0.09306,0.09313,0.09136,0.0916,155040985.0
1773208800000,0.0916,0.09217,0.09141,0.09198,81390596.0
1773212400000,0.09198,0.09231,0.09131,0.09188,123389673.0
1773216000000,0.09188,0.09229,0.09165,0.09202,62587946.0
1773219600000,0.09202,0.09207,0.09143,0.09163,55264321.0
1773223200000,0.09163,0.09223,0.09154,0.0922,100104428.0
1773226800000,0.0922,0.09239,0.09174,0.09191,89988793.0
1773230400000,0.09191,0.0935,0.09167,0.09246,183131774.0
1773234000000,0.09246,0.09476,0.09238,0.09307,466696828.0
1773237600000,0.09307,0.0942,0.09261,0.09342,187433355.0
1773241200000,0.09342,0.09349,0.09109,0.09228,254891637.0
1773244800000,0.09228,0.09308,0.09217,0.09294,103084709.0
1773248400000,0.09294,0.09414,0.09263,0.09363,194423566.0
1773252000000,0.09363,0.0946,0.09363,0.09433,105908229.0
1773255600000,0.09433,0.0946,0.09368,0.0938,91671321.0
1773259200000,0.0938,0.0938,0.09319,0.09361,79718760.0
1773262800000,0.09361,0.09382,0.09343,0.09367,38929937.0
1773266400000,0.09367,0.09415,0.0933,0.09341,51224401.0
1773270000000,0.09341,0.09375,0.0927,0.09282,77095529.0
1773273600000,0.09282,0.093,0.09235,0.09269,104757013.0
1773277200000,0.09269,0.09269,0.09208,0.0923,38543805.0
1773280800000,0.0923,0.09247,0.09173,0.09184,44662510.0
1773284400000,0.09184,0.0925,0.09179,0.09209,35883273.0
1773288000000,0.09209,0.0923,0.09189,0.09193,21672401.0
1773291600000,0.09193,0.09215,0.09182,0.09198,17053154.0
1773295200000,0.09198,0.09211,0.09173,0.09198,29682041.0
1773298800000,0.09198,0.09293,0.09181,0.09283,83632212.0
1773302400000,0.09283,0.09321,0.09248,0.09286,73117996.0
1773306000000,0.09286,0.09356,0.09234,0.09302,75018545.0
1773309600000,0.09302,0.09447,0.09287,0.09428,124815804.0
1773313200000,0.09428,0.09517,0.09407,0.09466,128498886.0
1773316800000,0.09466,0.09582,0.09454,0.09509,179694324.0
1773320400000,0.09509,0.09559,0.09394,0.09486,213531139.0
1773324000000,0.09486,0.09578,0.09323,0.09365,252613279.0
1773327600000,0.09365,0.09473,0.09307,0.09407,158639578.0
1773331200000,0.09407,0.09485,0.0933,0.0947,129267744.0
1773334800000,0.0947,0.09489,0.09408,0.09433,51633447.0
1773338400000,0.09433,0.09448,0.09373,0.0938,42631493.0
1773342000000,0.0938,0.09472,0.09363,0.09441,60587622.0
1773345600000,0.09441,0.09459,0.094,0.0941,36497501.0
1773349200000,0.0941,0.09481,0.09407,0.09466,37340923.0
1773352800000,0.09466,0.09483,0.0942,0.09437,36111857.0
1773356400000,0.09437,0.09529,0.09434,0.09469,116708567.0
1773360000000,0.09469,0.09802,0.0945,0.09681,447520698.0
1773363600000,0.09681,0.09718,0.09623,0.09706,89797495.0
1773367200000,0.09706,0.09717,0.09566,0.09593,122926201.0
1773370800000,0.09593,0.09695,0.09589,0.09673,43144861.0
1773374400000,0.09673,0.09678,0.09611,0.09619,36778818.0
1773378000000,0.09619,0.09686,0.09574,0.09647,69986870.0
1773381600000,0.09647,0.09673,0.09603,0.09659,51682204.0
1773385200000,0.09659,0.09671,0.09622,0.09648,43181455.0
1773388800000,0.09648,0.09769,0.09603,0.09731,147697075.0
1773392400000,0.09731,0.0991,0.09716,0.09859,155402469.0
1773396000000,0.09859,0.09953,0.09845,0.09899,136976043.0
1773399600000,0.09899,0.10044,0.09894,0.10003,209708172.0
1773403200000,0.10003,0.10196,0.09936,0.10065,299973054.0
1773406800000,0.10065,0.10115,0.09952,0.10034,271889205.0
1773410400000,0.10034,0.10073,0.09706,0.09773,469252283.0
1773414000000,0.09773,0.09886,0.0975,0.09793,245303551.0
1773417600000,0.09793,0.0984,0.09732,0.09766,158409413.0
1773421200000,0.09766,0.09771,0.09555,0.09602,199495075.0
1773424800000,0.09602,0.09633,0.09558,0.0958,116581971.0
1773428400000,0.0958,0.09614,0.09534,0.09597,81091580.0
1773432000000,0.09597,0.09647,0.09586,0.09645,43582763.0
1773435600000,0.09645,0.09674,0.09584,0.09617,47999295.0
1773439200000,0.09617,0.09625,0.09539,0.09589,64056175.0
1773442800000,0.09589,0.09601,0.09566,0.0959,25928430.0
1773446400000,0.0959,0.09595,0.09504,0.09533,100430631.0
1773450000000,0.09533,0.09576,0.09521,0.09563,52451187.0
1773453600000,0.09563,0.09583,0.09536,0.09575,27532360.0
1773457200000,0.09575,0.09622,0.09554,0.09597,83133343.0
1773460800000,0.09597,0.09638,0.09556,0.09568,41986746.0
1773464400000,0.09568,0.09572,0.09527,0.09563,35287225.0
1773468000000,0.09563,0.09563,0.09416,0.0947,107062633.0
1773471600000,0.0947,0.09488,0.09447,0.09458,35173529.0
1773475200000,0.09458,0.09483,0.09428,0.0944,75516982.0
1773478800000,0.0944,0.09459,0.09408,0.09419,51297434.0
1773482400000,0.09419,0.09437,0.09393,0.09435,43689931.0
1773486000000,0.09435,0.09546,0.09433,0.09521,71390799.0
1773489600000,0.09521,0.09527,0.0947,0.0949,34376858.0
1773493200000,0.0949,0.09541,0.09482,0.0952,50656784.0
1773496800000,0.0952,0.09564,0.0943,0.09451,111049637.0
1773500400000,0.09451,0.09499,0.09448,0.09487,43153871.0
1773504000000,0.09487,0.09538,0.0946,0.09523,61027622.0
1773507600000,0.09523,0.09524,0.09457,0.0946,40704609.0
1773511200000,0.0946,0.09471,0.09427,0.09462,29656794.0
1773514800000,0.09462,0.09473,0.0945,0.09473,11746425.0
1773518400000,0.09473,0.09495,0.09453,0.09474,17393218.0
1773522000000,0.09474,0.0951,0.09459,0.09501,20086207.0
1773525600000,0.09501,0.0952,0.09484,0.09507,18887512.0
1773529200000,0.09507,0.09612,0.09507,0.09598,68223815.0
1773532800000,0.09598,0.09611,0.09536,0.09552,39219198.0
1773536400000,0.09552,0.09591,0.09539,0.09551,25442512.0
1773540000000,0.09551,0.09738,0.09551,0.09685,90171030.0
1773543600000,0.09685,0.0972,0.09588,0.09595,87359151.0
1773547200000,0.09595,0.09621,0.0956,0.09591,47957693.0
1773550800000,0.09591,0.09642,0.09562,0.09603,55800459.0
1773554400000,0.09603,0.09613,0.09546,0.09566,51907144.0
1773558000000,0.09566,0.09587,0.09546,0.09555,21687616.0
1773561600000,0.09555,0.09647,0.09554,0.0964,60236440.0
1773565200000,0.0964,0.09656,0.09607,0.0961,35795117.0
1773568800000,0.0961,0.0963,0.0959,0.09619,25015649.0
1773572400000,0.09619,0.0965,0.096,0.09634,17142889.0
1773576000000,0.09634,0.09644,0.09599,0.09631,18369899.0
1773579600000,0.09631,0.09662,0.09467,0.09526,164873729.0
1773583200000,0.09526,0.09555,0.09505,0.09552,42306217.0
1773586800000,0.09552,0.09552,0.09478,0.09493,40820748.0
1773590400000,0.09493,0.09506,0.09436,0.09464,50413081.0
1773594000000,0.09464,0.09574,0.09459,0.09541,45921571.0
1773597600000,0.09541,0.09552,0.0946,0.09473,45762143.0
1773601200000,0.09473,0.0953,0.09464,0.09514,59613251.0
1773604800000,0.09514,0.09583,0.0949,0.0953,40032858.0
1773608400000,0.0953,0.09605,0.095,0.09581,42668784.0
1773612000000,0.09581,0.09762,0.0952,0.09729,174971895.0
1773615600000,0.09729,0.09808,0.09659,0.09735,189821598.0
1773619200000,0.09735,0.09818,0.0972,0.09794,94905839.0
1773622800000,0.09794,0.09814,0.09726,0.09759,84936117.0
1773626400000,0.09759,0.09845,0.09701,0.09809,144111637.0
1773630000000,0.09809,0.10141,0.09779,0.09998,334697741.0
1773633600000,0.09998,0.10115,0.09977,0.10068,127662964.0
1773637200000,0.10068,0.10183,0.10048,0.10158,123637787.0
1773640800000,0.10158,0.10254,0.10121,0.10167,165271655.0
1773644400000,0.10167,0.10267,0.10161,0.10202,115648661.0
1773648000000,0.10202,0.10297,0.10022,0.10036,246116193.0
1773651600000,0.10036,0.10136,0.09984,0.10109,117599924.0
1773655200000,0.10109,0.10129,0.10007,0.10068,97996849.0
1773658800000,0.10068,0.10069,0.09933,0.09992,131528238.0
1773662400000,0.09992,0.10048,0.0997,0.10005,98563961.0
1773666000000,0.10005,0.10166,0.09987,0.10047,190424548.0
1773669600000,0.10047,0.10349,0.09987,0.10311,375238498.0
1773673200000,0.10311,0.10335,0.09989,0.10003,277090045.0
1773676800000,0.10003,0.10132,0.09985,0.10112,127767198.0
1773680400000,0.10112,0.10164,0.10085,0.10138,70606964.0
1773684000000,0.10138,0.1024,0.10117,0.10173,81331379.0
1773687600000,0.10173,0.10295,0.10146,0.10196,80223076.0
1773691200000,0.10196,0.10206,0.10144,0.10149,43148604.0
1773694800000,0.10149,0.10263,0.10118,0.10193,96262231.0
1773698400000,0.10193,0.10336,0.10193,0.10321,103198937.0
1773702000000,0.10321,0.10367,0.10218,0.103,92758146.0
1773705600000,0.103,0.10397,0.10248,0.10315,149724459.0
1773709200000,0.10315,0.10384,0.10254,0.10318,97155390.0
1773712800000,0.10318,0.10445,0.10219,0.10347,137451064.0
1773716400000,0.10347,0.10353,0.10036,0.10117,306183818.0
1773720000000,0.10117,0.10159,0.09974,0.10046,163139326.0
1773723600000,0.10046,0.10066,0.09938,0.09993,119087136.0
1773727200000,0.09993,0.10048,0.09954,0.10001,78213538.0
1773730800000,0.10001,0.10108,0.09995,0.10049,88710281.0
1773734400000,0.10049,0.10136,0.1004,0.10081,72216030.0
1773738000000,0.10081,0.10122,0.10029,0.10068,84182224.0
1773741600000,0.10068,0.10072,0.09986,0.10013,67401819.0
1773745200000,0.10013,0.10046,0.09992,0.10009,41248498.0
1773748800000,0.10009,0.10018,0.09865,0.09876,152923828.0
1773752400000,0.09876,0.09965,0.09836,0.09886,164616298.0
1773756000000,0.09886,0.09976,0.09825,0.09964,127346852.0
1773759600000,0.09964,0.10047,0.09875,0.0996,155231661.0
1773763200000,0.0996,0.10032,0.09934,0.09985,72848257.0
1773766800000,0.09985,0.10062,0.09954,0.10057,64353075.0
1773770400000,0.10057,0.10108,0.10031,0.10092,77413756.0
1773774000000,0.10092,0.10105,0.10011,0.10019,27832013.0
1773777600000,0.10019,0.1006,0.09991,0.10052,45657819.0
1773781200000,0.10052,0.10127,0.10035,0.10116,49798113.0
1773784800000,0.10116,0.10172,0.10031,0.10083,66143938.0
1773788400000,0.10083,0.1011,0.09996,0.10009,41846792.0
1773792000000,0.10009,0.10036,0.09958,0.10005,76083943.0
1773795600000,0.10005,0.10081,0.10004,0.10027,77517459.0
1773799200000,0.10027,0.10136,0.10023,0.10084,61927421.0
1773802800000,0.10084,0.10179,0.10056,0.10108,77255314.0
1773806400000,0.10108,0.10117,0.09964,0.10014,82921406.0
1773810000000,0.10014,0.10107,0.09999,0.10016,62527027.0
1773813600000,0.10016,0.10089,0.10004,0.10006,28240175.0
1773817200000,0.10006,0.10007,0.09914,0.0995,80931184.0
1773820800000,0.0995,0.10001,0.09944,0.09973,38609035.0
1773824400000,0.09973,0.10004,0.09959,0.09982,50187841.0
1773828000000,0.09982,0.09995,0.09876,0.09911,67275277.0
1773831600000,0.09911,0.09935,0.09656,0.09706,450026447.0
1773835200000,0.09706,0.09707,0.09561,0.09589,209383576.0
1773838800000,0.09589,0.09624,0.09533,0.09573,157383184.0
1773842400000,0.09573,0.09577,0.09424,0.09446,157448104.0
1773846000000,0.09446,0.09478,0.09387,0.09431,131319912.0
1773849600000,0.09431,0.09431,0.09344,0.09379,111698243.0
1773853200000,0.09379,0.09474,0.0932,0.0943,104079580.0
1773856800000,0.0943,0.09548,0.09416,0.09444,203859804.0
1773860400000,0.09444,0.09532,0.09443,0.09457,77812474.0
1773864000000,0.09457,0.09519,0.09387,0.09511,76656363.0
1773867600000,0.09511,0.09558,0.09495,0.0953,48624879.0
1773871200000,0.0953,0.0953,0.09483,0.09495,54796593.0
1773874800000,0.09495,0.09523,0.0947,0.09521,31987477.0
1773878400000,0.09521,0.09543,0.09491,0.095,38172051.0
1773882000000,0.095,0.0952,0.09479,0.09483,22228419.0
1773885600000,0.09483,0.09491,0.09437,0.09449,62855874.0
1773889200000,0.09449,0.09609,0.09449,0.09539,145601058.0
1773892800000,0.09539,0.09547,0.09466,0.09474,78026389.0
1773896400000,0.09474,0.09493,0.09422,0.09448,50658904.0
1773900000000,0.09448,0.09485,0.09413,0.09455,44354673.0
1773903600000,0.09455,0.09483,0.09316,0.09435,267213999.0
1773907200000,0.09435,0.09461,0.09406,0.09414,41802519.0
1773910800000,0.09414,0.09536,0.09414,0.09502,113449017.0
1773914400000,0.09502,0.0951,0.09409,0.09415,31958557.0
1773918000000,0.09415,0.09429,0.09371,0.09396,145290892.0
1773921600000,0.09396,0.09396,0.09245,0.09249,283159987.0
1773925200000,0.09249,0.09362,0.09208,0.09331,158537635.0
1773928800000,0.09331,0.09371,0.09246,0.093,65641353.0
1773932400000,0.093,0.09341,0.09224,0.0928,67401599.0
1773936000000,0.0928,0.09285,0.09203,0.09233,72559058.0
1773939600000,0.09233,0.09293,0.09168,0.09285,63566958.0
1773943200000,0.09285,0.09304,0.09241,0.09272,50160881.0
1773946800000,0.09272,0.09389,0.09269,0.09329,112312454.0
1773950400000,0.09329,0.09375,0.09322,0.09352,27032762.0
1773954000000,0.09352,0.09374,0.09343,0.09358,25029755.0
1773957600000,0.09358,0.09362,0.09293,0.09325,25398678.0
1773961200000,0.09325,0.09365,0.09316,0.09349,32186233.0
1773964800000,0.09349,0.09392,0.09345,0.09387,40103029.0
1773968400000,0.09387,0.09463,0.09387,0.0942,126274155.0
1773972000000,0.0942,0.09427,0.09351,0.09396,35095665.0
1773975600000,0.09396,0.09449,0.09378,0.09405,25271988.0
1773979200000,0.09405,0.09465,0.09373,0.09456,62124952.0
1773982800000,0.09456,0.09537,0.09446,0.0947,102933082.0
1773986400000,0.0947,0.09482,0.09429,0.09434,34567283.0
1773990000000,0.09434,0.09437,0.09357,0.09402,131869049.0
1773993600000,0.09402,0.09505,0.094,0.09443,84605031.0
1773997200000,0.09443,0.09444,0.09362,0.09386,66454710.0
1774000800000,0.09386,0.09442,0.09344,0.09433,51881956.0
1774004400000,0.09433,0.09471,0.09379,0.09403,53210746.0
1774008000000,0.09403,0.09438,0.0936,0.09378,51764613.0
1774011600000,0.09378,0.09419,0.09318,0.09335,69902727.0
1774015200000,0.09335,0.09424,0.09301,0.09368,109203086.0
1774018800000,0.09368,0.0943,0.09346,0.09417,37527293.0
1774022400000,0.09417,0.0944,0.09353,0.09389,31201035.0
1774026000000,0.09389,0.09409,0.09339,0.09398,28500209.0
1774029600000,0.09398,0.0942,0.09316,0.09349,44762825.0
1774033200000,0.09349,0.09371,0.09281,0.09365,52087411.0
1774036800000,0.09365,0.09374,0.09313,0.09367,23544942.0
1774040400000,0.09367,0.09443,0.09336,0.09417,57908411.0
1774044000000,0.09417,0.09488,0.09417,0.09432,38737231.0
1774047600000,0.09432,0.09432,0.09386,0.09412,20347077.0
1774051200000,0.09412,0.09435,0.09398,0.09429,18324232.0
1774054800000,0.09429,0.09453,0.09386,0.09395,23073857.0
1774058400000,0.09395,0.09476,0.09393,0.09468,47867295.0
1774062000000,0.09468,0.09496,0.09456,0.09467,33178237.0
1774065600000,0.09467,0.09483,0.09449,0.09454,20779569.0
1774069200000,0.09454,0.09488,0.09454,0.09467,15593999.0
1774072800000,0.09467,0.09489,0.09443,0.09456,49677363.0
1774076400000,0.09456,0.09467,0.09421,0.09431,35557679.0
1774080000000,0.09431,0.09438,0.09415,0.09431,20583048.0
1774083600000,0.09431,0.09445,0.09419,0.09427,22994791.0
1774087200000,0.09427,0.09429,0.09385,0.09393,24493242.0
1774090800000,0.09393,0.09402,0.09375,0.09395,18680244.0
1774094400000,0.09395,0.09408,0.09384,0.0939,13094515.0
1774098000000,0.0939,0.09394,0.09345,0.09362,37199762.0
1774101600000,0.09362,0.09417,0.09353,0.09364,44737882.0
1774105200000,0.09364,0.0946,0.09358,0.0946,52455483.0
1774108800000,0.0946,0.09463,0.09417,0.09425,36967001.0
1774112400000,0.09425,0.09431,0.09387,0.09401,23309898.0
1774116000000,0.09401,0.09421,0.0939,0.09403,8457337.0
1774119600000,0.09403,0.09408,0.09383,0.09401,11709024.0
1774123200000,0.09401,0.09436,0.09394,0.09429,23775760.0
1774126800000,0.09429,0.09431,0.09401,0.0941,10824256.0
1774130400000,0.0941,0.09416,0.09388,0.09396,10796448.0
1774134000000,0.09396,0.09396,0.09049,0.09125,447530266.0
1774137600000,0.09125,0.09192,0.08989,0.09138,309443178.0
1774141200000,0.09138,0.09178,0.091,0.09141,89504302.0
1774144800000,0.09141,0.09231,0.09141,0.09198,62269480.0
1774148400000,0.09198,0.0928,0.09169,0.09228,83064839.0
1774152000000,0.09228,0.09276,0.09212,0.09259,56379081.0
1774155600000,0.09259,0.0926,0.09205,0.0921,39982060.0
1774159200000,0.0921,0.09211,0.09169,0.09183,31141283.0
1774162800000,0.09183,0.09198,0.09126,0.09129,64198998.0
1774166400000,0.09129,0.09136,0.09067,0.09112,123183857.0
1774170000000,0.09112,0.09163,0.09095,0.09116,92052357.0
1774173600000,0.09116,0.09117,0.09084,0.09094,23367548.0
1774177200000,0.09094,0.09122,0.09082,0.09106,41267544.0
1774180800000,0.09106,0.09196,0.09105,0.09145,168990100.0
1774184400000,0.09145,0.0919,0.09107,0.09132,73618592.0
1774188000000,0.09132,0.09177,0.09107,0.09137,42474654.0
1774191600000,0.09137,0.09162,0.09123,0.09158,28315541.0
1774195200000,0.09158,0.09172,0.09134,0.09155,23725312.0
1774198800000,0.09155,0.09159,0.09133,0.0914,25944746.0
1774202400000,0.0914,0.0914,0.09019,0.09071,110924624.0
1774206000000,0.09071,0.09072,0.09003,0.09044,42869769.0
1774209600000,0.09044,0.09072,0.09001,0.09016,27670715.0
1774213200000,0.09016,0.09025,0.08909,0.08987,166963380.0
1774216800000,0.08987,0.09059,0.08927,0.09047,99575848.0
1774220400000,0.09047,0.09073,0.09,0.09009,30487405.0
1774224000000,0.09009,0.09054,0.08971,0.09027,41373618.0
1774227600000,0.09027,0.09089,0.09009,0.09045,41722820.0
1774231200000,0.09045,0.09127,0.0903,0.09095,86077205.0
1774234800000,0.09095,0.09141,0.09056,0.09059,33589978.0
1774238400000,0.09059,0.09109,0.09057,0.09097,17442377.0
1774242000000,0.09097,0.09119,0.09057,0.09092,28058696.0
1774245600000,0.09092,0.09092,0.09,0.09032,78668744.0
1774249200000,0.09032,0.09068,0.08969,0.09039,95638177.0
1774252800000,0.09039,0.09077,0.08977,0.08982,46309517.0
1774256400000,0.08982,0.08999,0.08918,0.08997,78547061.0
1774260000000,0.08997,0.09037,0.08971,0.08995,39283540.0
1774263600000,0.08995,0.09533,0.08995,0.09252,1259973440.0
1774267200000,0.09252,0.09342,0.09185,0.09326,223950858.0
1774270800000,0.09326,0.09439,0.09287,0.09419,101206835.0
1774274400000,0.09419,0.095,0.09391,0.09488,93767241.0
1774278000000,0.09488,0.09575,0.09365,0.09374,207017386.0
1774281600000,0.09374,0.09425,0.09304,0.09393,88486817.0
1774285200000,0.09393,0.09505,0.09373,0.09494,61248667.0
1774288800000,0.09494,0.09559,0.09464,0.09543,48946204.0
1774292400000,0.09543,0.09578,0.09475,0.09485,54991718.0
1774296000000,0.09485,0.09545,0.09474,0.09497,37197425.0
1774299600000,0.09497,0.09526,0.09482,0.09492,19018829.0
1774303200000,0.09492,0.09503,0.09407,0.09426,39927600.0
1774306800000,0.09426,0.09433,0.09349,0.09411,86331410.0
1774310400000,0.09411,0.09436,0.09309,0.09361,72611737.0
1774314000000,0.09361,0.09362,0.09261,0.09314,110867631.0
1774317600000,0.09314,0.09388,0.09302,0.09308,117871930.0
1774321200000,0.09308,0.09383,0.09302,0.09372,30325855.0
1774324800000,0.09372,0.09387,0.09326,0.09355,21432925.0
1774328400000,0.09355,0.09377,0.09312,0.09354,45677551.0
1774332000000,0.09354,0.09381,0.09326,0.09371,25847695.0
1774335600000,0.09371,0.0954,0.09359,0.0952,165816238.0
1774339200000,0.0952,0.0956,0.09494,0.09506,92067447.0
1774342800000,0.09506,0.09527,0.09463,0.09502,48765659.0
1774346400000,0.09502,0.09502,0.09384,0.09416,99464119.0
1774350000000,0.09416,0.09442,0.09351,0.09418,74511461.0
1774353600000,0.09418,0.09455,0.09397,0.09428,23417695.0
1774357200000,0.09428,0.09463,0.09343,0.09359,87403138.0
1774360800000,0.09359,0.09425,0.09258,0.09342,169615205.0
1774364400000,0.09342,0.09391,0.09328,0.09331,36873738.0
1774368000000,0.09331,0.09372,0.09305,0.09326,54499040.0
1774371600000,0.09326,0.09335,0.09238,0.09258,109941953.0
1774375200000,0.09258,0.09324,0.0925,0.09291,43767144.0
1774378800000,0.09291,0.09337,0.09291,0.09308,16298705.0
1774382400000,0.09308,0.09491,0.09302,0.09457,82644592.0
1774386000000,0.09457,0.09479,0.09405,0.09455,56232860.0
1774389600000,0.09455,0.09491,0.09437,0.09468,41857867.0
1774393200000,0.09468,0.09541,0.09465,0.09508,47454691.0
1774396800000,0.09508,0.09549,0.0946,0.095,53706002.0
1774400400000,0.095,0.09536,0.09479,0.09511,27490888.0
1774404000000,0.09511,0.09521,0.09467,0.09471,28197130.0
1774407600000,0.09471,0.09527,0.09439,0.09518,39668269.0
1774411200000,0.09518,0.0957,0.09494,0.09553,35382799.0
1774414800000,0.09553,0.0969,0.09553,0.09621,122096249.0
1774418400000,0.09621,0.09766,0.0962,0.09694,140056241.0
1774422000000,0.09694,0.09758,0.0965,0.09676,74495510.0
1774425600000,0.09676,0.09746,0.09676,0.09695,78107501.0
1774429200000,0.09695,0.09697,0.09642,0.09683,68473233.0
1774432800000,0.09683,0.09714,0.09679,0.09697,23219804.0
1774436400000,0.09697,0.09747,0.09672,0.09695,86480688.0
1774440000000,0.09695,0.09792,0.09646,0.09771,84887122.0
1774443600000,0.09771,0.09787,0.09715,0.09737,60268275.0
1774447200000,0.09737,0.09781,0.09686,0.0969,85859798.0
1774450800000,0.0969,0.09694,0.09554,0.09594,129111297.0
1774454400000,0.09594,0.09704,0.09577,0.09654,75635320.0
1774458000000,0.09654,0.09675,0.09605,0.09616,35568868.0
1774461600000,0.09616,0.09656,0.09595,0.09614,21604906.0
1774465200000,0.09614,0.0965,0.09597,0.09639,27107823.0
1774468800000,0.09639,0.09644,0.09569,0.09616,40321013.0
1774472400000,0.09616,0.09647,0.096,0.09612,26355939.0
1774476000000,0.09612,0.09675,0.09589,0.09636,35468557.0
1774479600000,0.09636,0.09638,0.09583,0.09616,18302881.0
1774483200000,0.09616,0.09624,0.09571,0.09584,29499330.0
1774486800000,0.09584,0.096,0.09543,0.09564,36469626.0
1774490400000,0.09564,0.09567,0.09449,0.09482,81109328.0
1774494000000,0.09482,0.09483,0.09409,0.09453,48886134.0
1774497600000,0.09453,0.09455,0.09414,0.09423,31526354.0
1774501200000,0.09423,0.09423,0.09257,0.09268,265235190.0
1774504800000,0.09268,0.09281,0.09214,0.0926,122946408.0
1774508400000,0.0926,0.09282,0.09226,0.0927,58157036.0
1774512000000,0.0927,0.0927,0.09204,0.09223,70936691.0
1774515600000,0.09223,0.0923,0.09105,0.09156,155427359.0
1774519200000,0.09156,0.09175,0.09132,0.09173,62213205.0
1774522800000,0.09173,0.09174,0.09122,0.09127,79335937.0
1774526400000,0.09127,0.09158,0.09108,0.09153,57023155.0
1774530000000,0.09153,0.09213,0.09124,0.09169,160898288.0
1774533600000,0.09169,0.09187,0.09123,0.09154,59150102.0
1774537200000,0.09154,0.09154,0.09045,0.09089,99827992.0
1774540800000,0.09089,0.09132,0.09079,0.09097,49618164.0
1774544400000,0.09097,0.09149,0.09069,0.09088,71450701.0
1774548000000,0.09088,0.09112,0.09054,0.091,86115224.0
1774551600000,0.091,0.09124,0.09083,0.09103,21970924.0
1774555200000,0.09103,0.09281,0.0909,0.09173,294241414.0
1774558800000,0.09173,0.09275,0.09165,0.09228,73258290.0
1774562400000,0.09228,0.09245,0.09186,0.09211,46473916.0
1774566000000,0.09211,0.09225,0.09179,0.092,51910503.0
1774569600000,0.092,0.09219,0.09173,0.09201,29778912.0
1774573200000,0.09201,0.09245,0.09193,0.09244,24681899.0
1774576800000,0.09244,0.09268,0.09216,0.09231,41137905.0
1774580400000,0.09231,0.09238,0.09186,0.0919,25775784.0
1774584000000,0.0919,0.09209,0.09133,0.09191,75313643.0
1774587600000,0.09191,0.09231,0.09176,0.09188,28307001.0
1774591200000,0.09188,0.09207,0.09176,0.0919,26331619.0
1774594800000,0.0919,0.09228,0.0918,0.09217,31264881.0
1774598400000,0.09217,0.09238,0.09106,0.09179,122795193.0
1774602000000,0.09179,0.0918,0.09094,0.09098,39270502.0
1774605600000,0.09098,0.09109,0.08884,0.08954,362902147.0
1774609200000,0.08954,0.09022,0.0892,0.09004,65783362.0
1774612800000,0.09004,0.09029,0.08974,0.0901,44726241.0
1774616400000,0.0901,0.09034,0.08954,0.08981,97080413.0
1774620000000,0.08981,0.09014,0.08922,0.0899,93222495.0
1774623600000,0.0899,0.09088,0.08964,0.09031,102533918.0
1774627200000,0.09031,0.09043,0.08984,0.09003,37685914.0
1774630800000,0.09003,0.09047,0.08967,0.08973,47836035.0
1774634400000,0.08973,0.09005,0.0894,0.08995,29868662.0
1774638000000,0.08995,0.09029,0.08973,0.09,46733282.0
1774641600000,0.09,0.09017,0.08958,0.09,42358138.0
1774645200000,0.09,0.09027,0.08982,0.08991,21537234.0
1774648800000,0.08991,0.09005,0.08971,0.08993,11029904.0
1774652400000,0.08993,0.09017,0.08965,0.09006,18473607.0
1774656000000,0.09006,0.09026,0.09,0.09021,13628583.0
1774659600000,0.09021,0.09041,0.08983,0.09032,32667037.0
1774663200000,0.09032,0.09061,0.09001,0.09015,27166400.0
1774666800000,0.09015,0.09018,0.08976,0.08984,16783847.0
1774670400000,0.08984,0.09004,0.08961,0.08997,24402953.0
1774674000000,0.08997,0.09029,0.08974,0.09028,17166465.0
1774677600000,0.09028,0.09067,0.09018,0.0903,35918515.0
1774681200000,0.0903,0.09123,0.09028,0.09117,35305985.0
1774684800000,0.09117,0.09137,0.09088,0.09093,30179562.0
1774688400000,0.09093,0.09108,0.09076,0.09097,19910446.0
1774692000000,0.09097,0.09212,0.09094,0.09109,75815001.0
1774695600000,0.09109,0.09146,0.09099,0.09131,26861092.0
1774699200000,0.09131,0.09169,0.09109,0.0913,24786234.0
1774702800000,0.0913,0.09285,0.09112,0.09265,139594423.0
1774706400000,0.09265,0.09404,0.0925,0.09358,172489461.0
1774710000000,0.09358,0.09527,0.09347,0.09399,196034888.0
1774713600000,0.09399,0.09426,0.09278,0.09282,96867627.0
1774717200000,0.09282,0.09319,0.09228,0.09248,56003590.0
1774720800000,0.09248,0.09276,0.0923,0.09252,29706664.0
1774724400000,0.09252,0.09264,0.09189,0.09222,40359242.0
1774728000000,0.09222,0.09241,0.09193,0.0922,36133717.0
1774731600000,0.0922,0.09226,0.09148,0.09173,44143383.0
1774735200000,0.09173,0.09181,0.09136,0.09162,32613987.0
1774738800000,0.09162,0.09162,0.09029,0.09092,121339112.0
1774742400000,0.09092,0.09095,0.09047,0.09084,22831424.0
1774746000000,0.09084,0.09121,0.09069,0.09103,36131965.0
1774749600000,0.09103,0.09135,0.09088,0.09116,24975163.0
1774753200000,0.09116,0.0916,0.09099,0.09138,32212262.0
1774756800000,0.09138,0.09138,0.09097,0.09102,16341857.0
1774760400000,0.09102,0.09108,0.09062,0.09099,30395747.0
1774764000000,0.09099,0.09141,0.09087,0.09132,22810629.0
1774767600000,0.09132,0.09132,0.09094,0.09113,17005412.0
1774771200000,0.09113,0.09131,0.09099,0.09108,14399242.0
1774774800000,0.09108,0.0911,0.09075,0.09088,25732242.0
1774778400000,0.09088,0.09088,0.09032,0.09059,38353578.0
1774782000000,0.09059,0.09124,0.09055,0.09091,34032867.0
1774785600000,0.09091,0.09091,0.09054,0.09086,22648471.0
1774789200000,0.09086,0.09087,0.09009,0.09028,83263712.0
1774792800000,0.09028,0.09071,0.09006,0.09035,52550851.0
1774796400000,0.09035,0.09067,0.08988,0.09011,78173720.0
1774800000000,0.09011,0.09044,0.09003,0.09012,40999193.0
1774803600000,0.09012,0.09036,0.08982,0.09035,54104840.0
1774807200000,0.09035,0.09076,0.09014,0.09054,28245951.0
1774810800000,0.09054,0.09064,0.09038,0.09058,21794968.0
1774814400000,0.09058,0.09143,0.09055,0.09097,38153550.0
1774818000000,0.09097,0.0915,0.09097,0.09129,25708212.0
1774821600000,0.09129,0.0913,0.08786,0.08992,326999049.0
1774825200000,0.08992,0.09071,0.08979,0.09039,108857231.0
1774828800000,0.09039,0.09215,0.0902,0.09123,119407505.0
1774832400000,0.09123,0.09188,0.09123,0.09153,48748562.0
1774836000000,0.09153,0.093,0.09146,0.09247,201100463.0
1774839600000,0.09247,0.09263,0.09204,0.09243,49480802.0
1774843200000,0.09243,0.09314,0.09243,0.09292,63327557.0
1774846800000,0.09292,0.09365,0.09292,0.09304,103651122.0
1774850400000,0.09304,0.09343,0.09257,0.09258,94165554.0
1774854000000,0.09258,0.09359,0.09252,0.09334,82439009.0
1774857600000,0.09334,0.0939,0.09307,0.09318,81782532.0
1774861200000,0.09318,0.09322,0.09258,0.09275,66014671.0
1774864800000,0.09275,0.09293,0.09213,0.09272,103676750.0
1774868400000,0.09272,0.09362,0.09268,0.09287,103013582.0
1774872000000,0.09287,0.09316,0.09276,0.09288,37398659.0
1774875600000,0.09288,0.09334,0.09269,0.09284,63089555.0
1774879200000,0.09284,0.09326,0.09231,0.09302,88640596.0
1774882800000,0.09302,0.09323,0.09243,0.09287,47376223.0
1774886400000,0.09287,0.09303,0.09247,0.09273,45658198.0
1774890000000,0.09273,0.09286,0.09152,0.09163,94656405.0
1774893600000,0.09163,0.09176,0.09079,0.09099,88150941.0
1774897200000,0.09099,0.09105,0.09045,0.09091,92265789.0
1774900800000,0.09091,0.09113,0.09082,0.09082,28288318.0
1774904400000,0.09082,0.09154,0.09063,0.09125,65707263.0
1774908000000,0.09125,0.09144,0.09084,0.09105,20961626.0
1774911600000,0.09105,0.09105,0.09036,0.0908,56542043.0
1774915200000,0.0908,0.09134,0.09048,0.0911,68490258.0
1774918800000,0.0911,0.09274,0.09098,0.0922,108110709.0
1774922400000,0.0922,0.09233,0.0918,0.09212,26676174.0
1774926000000,0.09212,0.09212,0.09144,0.09165,40475319.0
1774929600000,0.09165,0.09192,0.09134,0.09136,36916029.0
1774933200000,0.09136,0.09147,0.0911,0.09137,55792723.0
1774936800000,0.09137,0.09174,0.09096,0.09166,44326581.0
1774940400000,0.09166,0.09176,0.091,0.09123,42049321.0
1774944000000,0.09123,0.09147,0.09064,0.09072,48888724.0
1774947600000,0.09072,0.09093,0.08927,0.08964,305955258.0
1774951200000,0.08964,0.09023,0.08954,0.08999,75641442.0
1774954800000,0.08999,0.09058,0.08988,0.09029,137242996.0
1774958400000,0.09029,0.09067,0.09018,0.09026,56063742.0
1774962000000,0.09026,0.09156,0.09025,0.09115,95331749.0
1774965600000,0.09115,0.09187,0.09008,0.09039,159857470.0
1774969200000,0.09039,0.09135,0.09034,0.09036,80766136.0
1774972800000,0.09036,0.0921,0.09026,0.09148,213696324.0
1774976400000,0.09148,0.09262,0.09126,0.09151,138657785.0
1774980000000,0.09151,0.09228,0.09151,0.09227,39993107.0
1774983600000,0.09227,0.0925,0.09181,0.09211,43362753.0
1774987200000,0.09211,0.09267,0.09208,0.09267,51282109.0
1774990800000,0.09267,0.09281,0.09211,0.09238,40259132.0
1774994400000,0.09238,0.09242,0.09133,0.09173,115747732.0
1774998000000,0.09173,0.09235,0.09167,0.09226,16595770.0
1775001600000,0.09226,0.0927,0.09197,0.09254,27735708.0
1775005200000,0.09254,0.0926,0.09167,0.09178,27351115.0
1775008800000,0.09178,0.09208,0.09156,0.09173,27574985.0
1775012400000,0.09173,0.09256,0.09173,0.09241,36029895.0
1775016000000,0.09241,0.09258,0.0922,0.09237,27421015.0
1775019600000,0.09237,0.09326,0.09212,0.09317,73140012.0
1775023200000,0.09317,0.09438,0.09315,0.09424,111191496.0
1775026800000,0.09424,0.09449,0.09317,0.09322,109490314.0
1775030400000,0.09322,0.09339,0.09228,0.09243,98888103.0
1775034000000,0.09243,0.09257,0.09182,0.09235,68981435.0
1775037600000,0.09235,0.09265,0.09191,0.09243,88728834.0
1775041200000,0.09243,0.09274,0.0922,0.09246,32209179.0
1775044800000,0.09246,0.0932,0.09225,0.09254,81210820.0
1775048400000,0.09254,0.09289,0.09205,0.09237,77665666.0
1775052000000,0.09237,0.09303,0.09228,0.09281,65054158.0
1775055600000,0.09281,0.09321,0.0925,0.09304,38570430.0
1775059200000,0.09304,0.09364,0.09255,0.09339,73716735.0
1775062800000,0.09339,0.09427,0.09272,0.09277,86831630.0
1775066400000,0.09277,0.09285,0.09233,0.09247,54459701.0
1775070000000,0.09247,0.09294,0.09244,0.09282,47056561.0
1775073600000,0.09282,0.09286,0.09221,0.09257,39869426.0
1775077200000,0.09257,0.09332,0.09254,0.09309,42059261.0
1775080800000,0.09309,0.09317,0.09235,0.09239,30354654.0
1775084400000,0.09239,0.09261,0.092,0.09216,29789048.0
1775088000000,0.09216,0.09269,0.092,0.09247,50553614.0
1775091600000,0.09247,0.09251,0.08997,0.0905,448883074.0
1775095200000,0.0905,0.09052,0.08971,0.09007,125406076.0
1775098800000,0.09007,0.09041,0.08947,0.09006,91170111.0
1775102400000,0.09006,0.09006,0.08956,0.08966,51754991.0
1775106000000,0.08966,0.09013,0.08912,0.09004,56720032.0
1775109600000,0.09004,0.0903,0.08984,0.09003,39521283.0
1775113200000,0.09003,0.09033,0.08984,0.0902,51300276.0
1775116800000,0.0902,0.09025,0.08997,0.09003,20859511.0
1775120400000,0.09003,0.09049,0.0896,0.09018,139154719.0
1775124000000,0.09018,0.09018,0.08964,0.08985,125281576.0
1775127600000,0.08985,0.09003,0.08944,0.08991,74572639.0
1775131200000,0.08991,0.08993,0.08928,0.08934,74160840.0
1775134800000,0.08934,0.08978,0.08891,0.08972,117100057.0
1775138400000,0.08972,0.09113,0.08952,0.09057,206484001.0
1775142000000,0.09057,0.0907,0.08999,0.0903,56493061.0
1775145600000,0.0903,0.09078,0.08997,0.09007,94334798.0
1775149200000,0.09007,0.09075,0.08963,0.08971,63119392.0
1775152800000,0.08971,0.09029,0.08956,0.09012,34314344.0
1775156400000,0.09012,0.09026,0.08987,0.09022,16648081.0
1775160000000,0.09022,0.09065,0.09003,0.09055,20310630.0
1775163600000,0.09055,0.09061,0.09018,0.09042,16395495.0
1775167200000,0.09042,0.09056,0.0901,0.09037,16548692.0
1775170800000,0.09037,0.09041,0.09014,0.09035,8868720.0
1775174400000,0.09035,0.09048,0.09014,0.09023,18142890.0
1775178000000,0.09023,0.09071,0.09006,0.09025,51873362.0
1775181600000,0.09025,0.09062,0.08986,0.09031,51264428.0
1775185200000,0.09031,0.09061,0.09009,0.09054,31994465.0
1775188800000,0.09054,0.09066,0.09025,0.09061,29953696.0
1775192400000,0.09061,0.0915,0.09033,0.09109,73087225.0
1775196000000,0.09109,0.09134,0.09074,0.09114,38310039.0
1775199600000,0.09114,0.09141,0.0909,0.09113,26947654.0
1775203200000,0.09113,0.09155,0.09113,0.09139,57182171.0
1775206800000,0.09139,0.09147,0.09096,0.09141,34774612.0
1775210400000,0.09141,0.09165,0.09108,0.09144,38999494.0
1775214000000,0.09144,0.09151,0.0913,0.09143,14922871.0
1775217600000,0.09143,0.09221,0.09104,0.09121,120977248.0
1775221200000,0.09121,0.09141,0.09078,0.09136,68650032.0
1775224800000,0.09136,0.09172,0.09115,0.09144,25625279.0
1775228400000,0.09144,0.09213,0.09135,0.09147,204917563.0
1775232000000,0.09147,0.09202,0.09147,0.09198,34376060.0
1775235600000,0.09198,0.09257,0.09188,0.09202,71550242.0
1775239200000,0.09202,0.09242,0.09176,0.09176,29916044.0
1775242800000,0.09176,0.09184,0.09119,0.09174,47935851.0
1775246400000,0.09174,0.09203,0.09168,0.09193,11219381.0
1775250000000,0.09193,0.09239,0.09191,0.0921,34514939.0
1775253600000,0.0921,0.09216,0.0915,0.0916,26691711.0
1775257200000,0.0916,0.0916,0.09123,0.09152,26917138.0
1775260800000,0.09152,0.09152,0.09127,0.09134,12045432.0
1775264400000,0.09134,0.09134,0.09107,0.09117,32631667.0
1775268000000,0.09117,0.09119,0.09089,0.09104,30091035.0
1775271600000,0.09104,0.09128,0.09104,0.09119,12522562.0
1775275200000,0.09119,0.09146,0.09112,0.09127,10156519.0
1775278800000,0.09127,0.09127,0.09104,0.09108,20572830.0
1775282400000,0.09108,0.09144,0.09089,0.09137,58652823.0
1775286000000,0.09137,0.0914,0.09111,0.0913,11667421.0
1775289600000,0.0913,0.09131,0.09096,0.09104,24060826.0
1775293200000,0.09104,0.09109,0.09083,0.09086,15100829.0
1775296800000,0.09086,0.09104,0.09068,0.09101,22492515.0
1775300400000,0.09101,0.09117,0.09092,0.09109,15703344.0
1775304000000,0.09109,0.09112,0.0908,0.09092,19016296.0
1775307600000,0.09092,0.0911,0.0908,0.09096,32610964.0
1775311200000,0.09096,0.09111,0.09072,0.09106,37672208.0
1775314800000,0.09106,0.09188,0.09103,0.09171,55292516.0
1775318400000,0.09171,0.09208,0.09148,0.0918,50774980.0
1775322000000,0.0918,0.09246,0.09163,0.09219,44219402.0
1775325600000,0.09219,0.09241,0.09213,0.09221,23531198.0
1775329200000,0.09221,0.09308,0.09211,0.09222,72861488.0
1775332800000,0.09222,0.09235,0.09194,0.09198,12301075.0
1775336400000,0.09198,0.09237,0.09194,0.09207,19844041.0
1775340000000,0.09207,0.09214,0.09197,0.092,10505403.0
1775343600000,0.092,0.09201,0.09177,0.092,15141457.0
1775347200000,0.092,0.0921,0.09166,0.09173,9218072.0
1775350800000,0.09173,0.09176,0.09139,0.09149,46907136.0
1775354400000,0.09149,0.0915,0.09128,0.0915,23668090.0
1775358000000,0.0915,0.09151,0.09126,0.09134,6411392.0
1775361600000,0.09134,0.09134,0.09098,0.09105,34339124.0
1775365200000,0.09105,0.09111,0.09045,0.09066,46238529.0
1775368800000,0.09066,0.09069,0.08983,0.09023,101726558.0
1775372400000,0.09023,0.09033,0.08993,0.09004,41518820.0
1775376000000,0.09004,0.09032,0.08995,0.0902,38215499.0
1775379600000,0.0902,0.0904,0.09011,0.09029,22627835.0
1775383200000,0.09029,0.09059,0.09017,0.0902,19125022.0
1775386800000,0.0902,0.09036,0.09014,0.09031,19171956.0
1775390400000,0.09031,0.09031,0.08965,0.08996,89901449.0
1775394000000,0.08996,0.09027,0.08965,0.09027,38346055.0
1775397600000,0.09027,0.09052,0.09011,0.09021,31328491.0
1775401200000,0.09021,0.09142,0.08994,0.09063,108837604.0
1775404800000,0.09063,0.09077,0.09022,0.09034,22485895.0
1775408400000,0.09034,0.09061,0.09017,0.09053,21362969.0
1775412000000,0.09053,0.09061,0.09022,0.09055,29666295.0
1775415600000,0.09055,0.09084,0.09024,0.09048,20787938.0
1775419200000,0.09048,0.09083,0.09041,0.09065,32314582.0
1775422800000,0.09065,0.09068,0.09027,0.09052,25233273.0
1775426400000,0.09052,0.09151,0.09017,0.09136,95554029.0
1775430000000,0.09136,0.09239,0.09124,0.09234,125208963.0
1775433600000,0.09234,0.09352,0.09234,0.09275,219805604.0
1775437200000,0.09275,0.09295,0.09145,0.09225,134488210.0
1775440800000,0.09225,0.09361,0.09221,0.09285,101595086.0
1775444400000,0.09285,0.0931,0.09213,0.09229,58671783.0
1775448000000,0.09229,0.09288,0.09224,0.09255,40539183.0
1775451600000,0.09255,0.09276,0.09226,0.09241,49261844.0
1775455200000,0.09241,0.09269,0.09189,0.09212,50012670.0
1775458800000,0.09212,0.09221,0.09167,0.09207,47024474.0
1775462400000,0.09207,0.0926,0.09192,0.09214,32765111.0
1775466000000,0.09214,0.09347,0.09214,0.09293,115354313.0
1775469600000,0.09293,0.0934,0.09292,0.09306,60707780.0
1775473200000,0.09306,0.09312,0.0928,0.09303,23497092.0
1775476800000,0.09303,0.09311,0.09232,0.09244,90861017.0
1775480400000,0.09244,0.09273,0.09222,0.09234,43858739.0
1775484000000,0.09234,0.09293,0.09204,0.09278,80635765.0
1775487600000,0.09278,0.09298,0.09249,0.09282,34981282.0
1775491200000,0.09282,0.09288,0.09217,0.09228,36414331.0
1775494800000,0.09228,0.0923,0.09148,0.09192,94292857.0
1775498400000,0.09192,0.09218,0.09179,0.09214,46153194.0
1775502000000,0.09214,0.09214,0.0916,0.09188,37112913.0
1775505600000,0.09188,0.09192,0.09166,0.0918,17085540.0
1775509200000,0.0918,0.0918,0.09129,0.09137,34770974.0
1775512800000,0.09137,0.09137,0.09034,0.09034,144073182.0
1775516400000,0.09034,0.0906,0.08984,0.09053,113280462.0
1775520000000,0.09053,0.09087,0.0904,0.09063,41142796.0
1775523600000,0.09063,0.09092,0.0903,0.09037,36396059.0
1775527200000,0.09037,0.09067,0.09017,0.09049,23450118.0
1775530800000,0.09049,0.09057,0.09037,0.09048,15267355.0
1775534400000,0.09048,0.09074,0.09024,0.09067,20529951.0
1775538000000,0.09067,0.09067,0.09031,0.09048,22425127.0
1775541600000,0.09048,0.09073,0.09019,0.09062,93919033.0
1775545200000,0.09062,0.09076,0.09053,0.09057,41416881.0
1775548800000,0.09057,0.09101,0.09053,0.09094,34674545.0
1775552400000,0.09094,0.09144,0.09086,0.09125,114926755.0
1775556000000,0.09125,0.09137,0.09032,0.09052,140047396.0
1775559600000,0.09052,0.09075,0.09026,0.09047,59364801.0
1775563200000,0.09047,0.0908,0.09003,0.09059,92855688.0
1775566800000,0.09059,0.09078,0.09031,0.09039,35561632.0
1775570400000,0.09039,0.09057,0.09,0.09015,73538405.0
1775574000000,0.09015,0.09065,0.09001,0.09034,69967487.0
1775577600000,0.09034,0.09078,0.09029,0.09057,20217860.0
1775581200000,0.09057,0.09204,0.09051,0.0917,149747930.0
1775584800000,0.0917,0.09186,0.0909,0.09112,83328023.0
1775588400000,0.09112,0.09232,0.091,0.09224,122009732.0
1775592000000,0.09224,0.0927,0.09204,0.09207,93761845.0
1775595600000,0.09207,0.093,0.09204,0.09285,105331437.0
1775599200000,0.09285,0.09507,0.09281,0.09499,324366114.0
1775602800000,0.09499,0.09607,0.09474,0.09492,278878968.0
1775606400000,0.09492,0.09525,0.09374,0.09423,148048145.0
1775610000000,0.09423,0.09462,0.09403,0.09444,50447241.0
1775613600000,0.09444,0.09498,0.09432,0.09464,48903069.0
1775617200000,0.09464,0.09482,0.09445,0.09456,39127139.0
1775620800000,0.09456,0.09505,0.09452,0.09454,48779329.0
1775624400000,0.09454,0.09498,0.09446,0.09494,28074780.0
1775628000000,0.09494,0.09498,0.09452,0.09461,66770971.0
1775631600000,0.09461,0.09484,0.09435,0.09457,66757202.0
1775635200000,0.09457,0.09488,0.09433,0.09487,62885107.0
1775638800000,0.09487,0.09494,0.09443,0.09475,77837760.0
1775642400000,0.09475,0.09563,0.09437,0.09437,140623082.0
1775646000000,0.09437,0.09464,0.09374,0.09421,142180017.0
1775649600000,0.09421,0.09447,0.09384,0.09442,61913511.0
1775653200000,0.09442,0.09508,0.09433,0.09449,131951837.0
1775656800000,0.09449,0.09456,0.0926,0.09288,211655933.0
1775660400000,0.09288,0.09347,0.09266,0.09338,77239398.0
1775664000000,0.09338,0.09356,0.09319,0.09347,25041674.0
1775667600000,0.09347,0.09409,0.09321,0.09401,59336524.0
1775671200000,0.09401,0.09403,0.09302,0.09306,60285024.0
1775674800000,0.09306,0.09316,0.09269,0.09305,33681477.0
1775678400000,0.09305,0.09324,0.09283,0.09309,23453684.0
1775682000000,0.09309,0.09374,0.09295,0.09353,50432981.0
1775685600000,0.09353,0.09357,0.09269,0.09276,56817216.0
1775689200000,0.09276,0.09276,0.09207,0.09235,108755755.0
1775692800000,0.09235,0.0924,0.09166,0.09203,73808768.0
1775696400000,0.09203,0.09211,0.09087,0.09156,244658576.0
1775700000000,0.09156,0.09185,0.09143,0.0916,27078475.0
1775703600000,0.0916,0.09173,0.09139,0.09147,23286765.0
1775707200000,0.09147,0.09147,0.09113,0.09116,35633181.0
1775710800000,0.09116,0.09176,0.09081,0.09137,192400631.0
1775714400000,0.09137,0.09154,0.09116,0.09146,25118220.0
1775718000000,0.09146,0.09158,0.09131,0.09133,17107732.0
1775721600000,0.09133,0.09158,0.09115,0.09142,55984325.0
1775725200000,0.09142,0.09199,0.09123,0.09189,43278206.0
1775728800000,0.09189,0.09192,0.0916,0.09166,41467637.0
1775732400000,0.09166,0.09179,0.09147,0.09162,35819823.0
1775736000000,0.09162,0.09176,0.09139,0.09155,32168419.0
1775739600000,0.09155,0.09164,0.091,0.09123,94671879.0
1775743200000,0.09123,0.09152,0.0909,0.09138,42295849.0
1775746800000,0.09138,0.09321,0.09125,0.09285,183210294.0
1775750400000,0.09285,0.09339,0.09205,0.09246,170504183.0
1775754000000,0.09246,0.0935,0.09244,0.09341,97731290.0
1775757600000,0.09341,0.09355,0.09287,0.09326,59518256.0
1775761200000,0.09326,0.09386,0.09305,0.09378,88216074.0
1775764800000,0.09378,0.09434,0.09375,0.09396,79261755.0
1775768400000,0.09396,0.09434,0.09365,0.09382,45025712.0
1775772000000,0.09382,0.09501,0.09323,0.0934,118013879.0
1775775600000,0.0934,0.09346,0.09232,0.09256,84900609.0
1775779200000,0.09256,0.09265,0.09204,0.09243,56370965.0
1775782800000,0.09243,0.09279,0.0919,0.09231,64069469.0
1775786400000,0.09231,0.09279,0.09222,0.09249,28290576.0
1775790000000,0.09249,0.0927,0.09207,0.09216,30310380.0
1775793600000,0.09216,0.0929,0.09215,0.09274,29082642.0
1775797200000,0.09274,0.09315,0.09254,0.09274,38092570.0
1775800800000,0.09274,0.09303,0.09238,0.09263,37874116.0
1775804400000,0.09263,0.0928,0.09207,0.09225,62987613.0
1775808000000,0.09225,0.09247,0.09193,0.09208,79024279.0
1775811600000,0.09208,0.0925,0.09204,0.09232,34965958.0
1775815200000,0.09232,0.09235,0.09205,0.09218,39245254.0
1775818800000,0.09218,0.09263,0.09212,0.09243,47935298.0
1775822400000,0.09243,0.09308,0.0923,0.09281,124372821.0
1775826000000,0.09281,0.09308,0.09225,0.09286,68693544.0
1775829600000,0.09286,0.09419,0.09273,0.09396,193016473.0
1775833200000,0.09396,0.09456,0.09305,0.09331,129295549.0
1775836800000,0.09331,0.09405,0.09331,0.0939,47615113.0
1775840400000,0.0939,0.09392,0.09339,0.09366,19805496.0
1775844000000,0.09366,0.0942,0.09357,0.09412,34849989.0
1775847600000,0.09412,0.09527,0.09409,0.09502,172169139.0
1775851200000,0.09502,0.09519,0.09417,0.09456,89061200.0
1775854800000,0.09456,0.09464,0.09398,0.0943,39253488.0
1775858400000,0.0943,0.09435,0.09367,0.0939,43943720.0
1775862000000,0.0939,0.09391,0.09354,0.09367,31391071.0
1775865600000,0.09367,0.0938,0.09336,0.09357,45594943.0
1775869200000,0.09357,0.09373,0.09324,0.09358,61211091.0
1775872800000,0.09358,0.09398,0.09345,0.09363,41614021.0
1775876400000,0.09363,0.09407,0.09355,0.09363,46557014.0
1775880000000,0.09363,0.09384,0.09335,0.09355,30431615.0
1775883600000,0.09355,0.09355,0.09271,0.09288,147063775.0
1775887200000,0.09288,0.09289,0.09262,0.09272,34778087.0
1775890800000,0.09272,0.09291,0.09266,0.09281,20961922.0
1775894400000,0.09281,0.09296,0.09269,0.09277,32419071.0
1775898000000,0.09277,0.09299,0.09252,0.09289,85293476.0
1775901600000,0.09289,0.09292,0.09265,0.0928,18447151.0
1775905200000,0.0928,0.09291,0.09272,0.09286,25703480.0
1775908800000,0.09286,0.09306,0.09274,0.09291,35528525.0
1775912400000,0.09291,0.09291,0.09219,0.09255,142292148.0
1775916000000,0.09255,0.09271,0.09243,0.09259,29301307.0
1775919600000,0.09259,0.09302,0.09257,0.09271,29902060.0
1775923200000,0.09271,0.0937,0.09267,0.09335,75217620.0
1775926800000,0.09335,0.09338,0.09297,0.09299,40160880.0
1775930400000,0.09299,0.09415,0.0927,0.09393,116186967.0
1775934000000,0.09393,0.09477,0.09393,0.09469,118667225.0
1775937600000,0.09469,0.09488,0.09356,0.09387,133657828.0
1775941200000,0.09387,0.09422,0.09357,0.0939,49002406.0
1775944800000,0.0939,0.09431,0.09341,0.09365,42729805.0
1775948400000,0.09365,0.09365,0.09271,0.09303,120450042.0
1775952000000,0.09303,0.09307,0.09259,0.09299,66374619.0
1775955600000,0.09299,0.09318,0.09042,0.09102,416297200.0
1775959200000,0.09102,0.09157,0.09074,0.09146,117610222.0
1775962800000,0.09146,0.0916,0.09108,0.0911,46848509.0
1775966400000,0.0911,0.09122,0.09095,0.09114,41816809.0
1775970000000,0.09114,0.09143,0.09101,0.09135,28447860.0
1775973600000,0.09135,0.09156,0.09124,0.09135,51192808.0
1775977200000,0.09135,0.09144,0.09118,0.09132,72900212.0
1775980800000,0.09132,0.09136,0.09116,0.09123,35050107.0
1775984400000,0.09123,0.09123,0.09108,0.09114,33215348.0
1775988000000,0.09114,0.09119,0.09084,0.09102,26780911.0
1775991600000,0.09102,0.0913,0.09096,0.09126,26579903.0
1775995200000,0.09126,0.09137,0.09089,0.09098,47259748.0
1775998800000,0.09098,0.09114,0.09058,0.09065,67144282.0
1776002400000,0.09065,0.09087,0.09026,0.09044,96503346.0
1776006000000,0.09044,0.09066,0.09021,0.09058,35183757.0
1776009600000,0.09058,0.09075,0.09047,0.09066,33514080.0
1776013200000,0.09066,0.09115,0.09058,0.09104,29797195.0
1776016800000,0.09104,0.09125,0.09096,0.09104,26345262.0
1776020400000,0.09104,0.09126,0.09082,0.09086,25781695.0
1776024000000,0.09086,0.09165,0.0908,0.09148,51738908.0
1776027600000,0.09148,0.09169,0.09111,0.0913,28660126.0
1776031200000,0.0913,0.0913,0.09053,0.09097,68496532.0
1776034800000,0.09097,0.09097,0.09044,0.09078,41407769.0
1776038400000,0.09078,0.09145,0.0907,0.09128,29220241.0
1776042000000,0.09128,0.09146,0.09098,0.09136,59198764.0
1776045600000,0.09136,0.09149,0.09098,0.09105,15173493.0
1776049200000,0.09105,0.09127,0.09097,0.09116,17201094.0
1776052800000,0.09116,0.09122,0.09085,0.09092,11616882.0
1776056400000,0.09092,0.09124,0.09077,0.09121,29211290.0
1776060000000,0.09121,0.09148,0.0912,0.09141,27499528.0
1776063600000,0.09141,0.09146,0.0908,0.09085,63531702.0
1776067200000,0.09085,0.09097,0.09068,0.09087,26553152.0
1776070800000,0.09087,0.09131,0.09085,0.09095,33538104.0
1776074400000,0.09095,0.091,0.09077,0.09083,9538125.0
1776078000000,0.09083,0.09096,0.09079,0.09088,14546002.0
1776081600000,0.09088,0.09188,0.09079,0.09158,87427051.0
1776085200000,0.09158,0.09179,0.09072,0.09177,183501296.0
1776088800000,0.09177,0.09262,0.09144,0.09247,126662737.0
1776092400000,0.09247,0.09251,0.09149,0.09166,72155916.0
1776096000000,0.09166,0.09209,0.0913,0.09191,54774828.0
1776099600000,0.09191,0.09224,0.09136,0.09151,66168423.0
1776103200000,0.09151,0.09175,0.09131,0.09175,26112011.0
1776106800000,0.09175,0.09322,0.09167,0.09304,127797678.0
1776110400000,0.09304,0.09317,0.0924,0.09247,73378063.0
1776114000000,0.09247,0.09277,0.09242,0.09265,27341673.0
1776117600000,0.09265,0.09432,0.09265,0.09402,240536259.0
1776121200000,0.09402,0.0943,0.09368,0.09409,114169757.0
1776124800000,0.09409,0.09426,0.09339,0.09353,107609791.0
1776128400000,0.09353,0.09364,0.09301,0.09354,85009645.0
1776132000000,0.09354,0.0939,0.09333,0.09347,76059250.0
1776135600000,0.09347,0.09379,0.09335,0.09353,38416241.0
1776139200000,0.09353,0.09372,0.09324,0.09335,22875669.0
1776142800000,0.09335,0.09336,0.09267,0.09276,58947291.0
1776146400000,0.09276,0.09336,0.09276,0.09321,57103418.0
1776150000000,0.09321,0.09367,0.09317,0.09359,44328417.0
1776153600000,0.09359,0.09466,0.09338,0.09438,186090754.0
1776157200000,0.09438,0.09484,0.09423,0.0945,120039550.0
1776160800000,0.0945,0.09465,0.09379,0.09444,142463159.0
1776164400000,0.09444,0.0958,0.09386,0.09432,425634441.0
1776168000000,0.09432,0.0944,0.09366,0.09412,122263329.0
1776171600000,0.09412,0.09722,0.09405,0.09705,294701938.0
1776175200000,0.09705,0.09805,0.09578,0.09606,493307665.0
1776178800000,0.09606,0.09636,0.09521,0.09535,198216365.0
1776182400000,0.09535,0.09597,0.09469,0.0951,88399325.0
1776186000000,0.0951,0.09529,0.09414,0.09461,96645551.0
1776189600000,0.09461,0.09487,0.09279,0.09304,220105033.0
1776193200000,0.09304,0.09333,0.0923,0.09276,200879514.0
1776196800000,0.09276,0.09289,0.09233,0.09259,76980296.0
1776200400000,0.09259,0.09326,0.09258,0.09319,69959686.0
1776204000000,0.09319,0.0933,0.09255,0.09284,129008977.0
1776207600000,0.09284,0.09315,0.09269,0.09291,61444809.0
1776211200000,0.09291,0.0935,0.09289,0.09324,131821098.0
1776214800000,0.09324,0.09356,0.09311,0.09341,71081460.0
1776218400000,0.09341,0.09356,0.09293,0.09312,40266851.0
1776222000000,0.09312,0.09332,0.09305,0.09311,21249941.0
1776225600000,0.09311,0.09366,0.09306,0.09359,42162305.0
1776229200000,0.09359,0.09386,0.09304,0.09344,63740877.0
1776232800000,0.09344,0.09347,0.09261,0.09266,82433477.0
1776236400000,0.09266,0.09324,0.09259,0.09277,81441849.0
1776240000000,0.09277,0.09321,0.09269,0.09306,39699067.0
1776243600000,0.09306,0.09315,0.0928,0.09288,23229496.0
1776247200000,0.09288,0.09325,0.09255,0.0929,35672186.0
1776250800000,0.0929,0.09374,0.09287,0.09351,56692364.0
1776254400000,0.09351,0.09372,0.09332,0.09348,35973083.0
1776258000000,0.09348,0.0936,0.09307,0.09338,46774028.0
1776261600000,0.09338,0.09413,0.09313,0.09392,188468938.0
1776265200000,0.09392,0.09399,0.09309,0.09355,94462407.0
1776268800000,0.09355,0.09449,0.09346,0.09442,87719481.0
1776272400000,0.09442,0.09507,0.09434,0.09477,110955369.0
1776276000000,0.09477,0.09532,0.0947,0.09519,45959657.0
1776279600000,0.09519,0.09678,0.0951,0.09606,167626932.0
1776283200000,0.09606,0.09616,0.09495,0.09514,104816152.0
1776286800000,0.09514,0.0953,0.09446,0.09523,44059444.0
1776290400000,0.09523,0.09591,0.09505,0.09506,41852259.0
1776294000000,0.09506,0.09507,0.09434,0.09486,71604138.0
1776297600000,0.09486,0.09495,0.09447,0.09491,31650355.0
1776301200000,0.09491,0.09498,0.09449,0.09481,29549374.0
1776304800000,0.09481,0.09653,0.09477,0.09591,159267086.0
1776308400000,0.09591,0.09741,0.09584,0.09701,145707108.0
1776312000000,0.09701,0.09795,0.09659,0.09689,211205589.0
1776315600000,0.09689,0.09705,0.09607,0.09657,86114100.0
1776319200000,0.09657,0.09675,0.09608,0.0966,62124525.0
1776322800000,0.0966,0.09689,0.09619,0.09645,52761430.0
1776326400000,0.09645,0.09648,0.09591,0.09592,42693971.0
1776330000000,0.09592,0.09656,0.0958,0.09598,58997563.0
1776333600000,0.09598,0.096,0.09528,0.09575,161350172.0
1776337200000,0.09575,0.09643,0.09561,0.09632,79947180.0
1776340800000,0.09632,0.09722,0.09628,0.0967,126017203.0
1776344400000,0.0967,0.0977,0.09479,0.09576,273758567.0
1776348000000,0.09576,0.09604,0.09435,0.09538,208731934.0
1776351600000,0.09538,0.09729,0.09525,0.09725,221835822.0
1776355200000,0.09725,0.09856,0.09636,0.09678,341321190.0
1776358800000,0.09678,0.09782,0.09643,0.09773,143288288.0
1776362400000,0.09773,0.09982,0.09743,0.09914,241541660.0
1776366000000,0.09914,0.09972,0.09902,0.09939,96187677.0
1776369600000,0.09939,0.09973,0.09792,0.09848,127153780.0
1776373200000,0.09848,0.09915,0.09819,0.09854,119827256.0
1776376800000,0.09854,0.09914,0.09854,0.09885,94141769.0
1776380400000,0.09885,0.09975,0.09869,0.09917,97580121.0
1776384000000,0.09917,0.09935,0.09838,0.09886,214827291.0
1776387600000,0.09886,0.09958,0.09786,0.09826,124604745.0
1776391200000,0.09826,0.09841,0.09727,0.09782,67287809.0
1776394800000,0.09782,0.09806,0.09749,0.09768,43913229.0
1776398400000,0.09768,0.09787,0.09732,0.09742,48761192.0
1776402000000,0.09742,0.09746,0.09665,0.09672,71161475.0
1776405600000,0.09672,0.09766,0.09664,0.09757,44286667.0
1776409200000,0.09757,0.09849,0.09756,0.09802,99394846.0
1776412800000,0.09802,0.09872,0.09768,0.09848,136334852.0
1776416400000,0.09848,0.09948,0.09807,0.09887,111734674.0
1776420000000,0.09887,0.09894,0.09761,0.09793,89197253.0
1776423600000,0.09793,0.09898,0.09793,0.09869,69964954.0
1776427200000,0.09869,0.10018,0.09839,0.10005,128951297.0
1776430800000,0.10005,0.1015,0.09983,0.10096,496189742.0
1776434400000,0.10096,0.10151,0.10047,0.10097,228185362.0
1776438000000,0.10097,0.10138,0.09982,0.10052,209103617.0
1776441600000,0.10052,0.10216,0.10048,0.10192,145468381.0
1776445200000,0.10192,0.10203,0.10011,0.101,142037669.0
1776448800000,0.101,0.10114,0.09976,0.1001,57673186.0
1776452400000,0.1001,0.10054,0.09975,0.09991,29764148.0
1776456000000,0.09991,0.10017,0.09933,0.10013,56688608.0
1776459600000,0.10013,0.10059,0.09974,0.10008,41787826.0
1776463200000,0.10008,0.10055,0.09994,0.10019,37557389.0
1776466800000,0.10019,0.10019,0.09856,0.09938,147420480.0
1776470400000,0.09938,0.09971,0.09903,0.09923,40376391.0
1776474000000,0.09923,0.0997,0.09886,0.0991,38246628.0
1776477600000,0.0991,0.09951,0.09873,0.09903,31223642.0
1776481200000,0.09903,0.09907,0.09786,0.09848,171550418.0
1776484800000,0.09848,0.09863,0.09801,0.09829,44705974.0
1776488400000,0.09829,0.09887,0.09827,0.09879,63283661.0
1776492000000,0.09879,0.09889,0.09845,0.09872,16757675.0
1776495600000,0.09872,0.09902,0.09864,0.09881,28657425.0
1776499200000,0.09881,0.09882,0.0967,0.09703,288196768.0
1776502800000,0.09703,0.09729,0.0965,0.09699,161293206.0
1776506400000,0.09699,0.097,0.0963,0.09646,116959861.0
1776510000000,0.09646,0.09647,0.0955,0.09597,112708471.0
1776513600000,0.09597,0.0962,0.09563,0.09606,49688439.0
1776517200000,0.09606,0.09613,0.0954,0.09574,51806910.0
1776520800000,0.09574,0.09615,0.09549,0.09614,33158264.0
1776524400000,0.09614,0.09636,0.09577,0.09595,58719286.0
1776528000000,0.09595,0.09613,0.09543,0.09559,41283751.0
1776531600000,0.09559,0.09565,0.09516,0.09538,30300896.0
1776535200000,0.09538,0.09549,0.09416,0.09446,129318217.0
1776538800000,0.09446,0.09502,0.09442,0.09474,26462961.0
1776542400000,0.09474,0.09514,0.09455,0.09496,39393279.0
1776546000000,0.09496,0.09529,0.09476,0.09516,30244447.0
1776549600000,0.09516,0.09522,0.0948,0.09509,9979713.0
1776553200000,0.09509,0.09521,0.09466,0.09472,17035769.0
1776556800000,0.09472,0.09496,0.09457,0.09479,34018477.0
1776560400000,0.09479,0.09505,0.09461,0.09494,18297832.0
1776564000000,0.09494,0.09498,0.09429,0.09469,58457280.0
1776567600000,0.09469,0.09503,0.0944,0.09471,25458715.0
1776571200000,0.09471,0.09478,0.09405,0.09457,46573252.0
1776574800000,0.09457,0.09516,0.0945,0.09478,43198002.0
1776578400000,0.09478,0.09501,0.09443,0.09483,43087824.0
1776582000000,0.09483,0.09484,0.09334,0.09409,125329627.0
1776585600000,0.09409,0.09422,0.09387,0.09405,31703780.0
1776589200000,0.09405,0.09409,0.09349,0.09369,66441654.0
1776592800000,0.09369,0.09387,0.0934,0.09384,25469717.0
1776596400000,0.09384,0.09491,0.09378,0.09448,139162330.0
1776600000000,0.09448,0.09522,0.09442,0.09448,59912080.0
1776603600000,0.09448,0.09645,0.09444,0.0953,388380524.0
1776607200000,0.0953,0.09621,0.09479,0.09533,167681169.0
1776610800000,0.09533,0.09558,0.09424,0.09555,167159172.0
1776614400000,0.09555,0.09565,0.09425,0.09455,76910625.0
1776618000000,0.09455,0.09464,0.09373,0.09403,99617064.0
1776621600000,0.09403,0.09435,0.09385,0.0941,24822996.0
1776625200000,0.0941,0.09454,0.09407,0.09444,14946918.0
1776628800000,0.09444,0.09445,0.09364,0.09401,27217923.0
1776632400000,0.09401,0.0943,0.09373,0.09378,30524050.0
1776636000000,0.09378,0.09378,0.09251,0.09305,147359331.0
1776639600000,0.09305,0.09312,0.09244,0.09299,103754009.0
1776643200000,0.09299,0.09401,0.09286,0.09388,61211155.0
1776646800000,0.09388,0.09425,0.09365,0.09404,21897269.0
1776650400000,0.09404,0.09413,0.09365,0.09404,16366098.0
1776654000000,0.09404,0.09431,0.0937,0.0942,28412813.0
1776657600000,0.0942,0.09459,0.09397,0.09457,23772190.0
1776661200000,0.09457,0.09463,0.09355,0.0939,73308609.0
1776664800000,0.0939,0.09445,0.09372,0.09418,72351226.0
1776668400000,0.09418,0.09542,0.09409,0.0945,120960456.0
1776672000000,0.0945,0.09459,0.0941,0.09419,41099589.0
1776675600000,0.09419,0.09465,0.09398,0.09447,51353007.0
1776679200000,0.09447,0.09497,0.09443,0.09444,38846596.0
1776682800000,0.09444,0.09471,0.09416,0.09445,37831912.0
1776686400000,0.09445,0.09498,0.09434,0.0948,74702914.0
1776690000000,0.0948,0.09495,0.09442,0.09484,39357807.0
1776693600000,0.09484,0.09531,0.09412,0.09434,70996406.0
1776697200000,0.09434,0.09538,0.09402,0.09492,94620901.0
1776700800000,0.09492,0.09495,0.09432,0.0945,46067809.0
1776704400000,0.0945,0.0952,0.09447,0.09504,25535631.0
1776708000000,0.09504,0.09574,0.09504,0.09559,62435561.0
1776711600000,0.09559,0.09569,0.09521,0.09547,19689048.0
1776715200000,0.09547,0.09582,0.09524,0.09577,42305791.0
1776718800000,0.09577,0.09604,0.09533,0.09564,44168500.0
1776722400000,0.09564,0.09588,0.0955,0.09551,21106875.0
1776726000000,0.09551,0.09551,0.09493,0.09515,35634852.0
1776729600000,0.09515,0.09558,0.09508,0.09544,21904890.0
1776733200000,0.09544,0.09581,0.0953,0.09536,21910877.0
1776736800000,0.09536,0.09541,0.09502,0.09503,22421407.0
1776740400000,0.09503,0.09515,0.09456,0.09484,66503077.0
1776744000000,0.09484,0.09538,0.09482,0.09515,61457517.0
1776747600000,0.09515,0.09554,0.095,0.09539,63078816.0
1776751200000,0.09539,0.09577,0.09509,0.09533,41182792.0
1776754800000,0.09533,0.09564,0.09512,0.09524,31892066.0
1776758400000,0.09524,0.09582,0.09515,0.09533,28024181.0
1776762000000,0.09533,0.09571,0.09517,0.09563,28362433.0
1776765600000,0.09563,0.0959,0.09546,0.09574,26760176.0
1776769200000,0.09574,0.09577,0.09523,0.09539,48693080.0
1776772800000,0.09539,0.09545,0.09459,0.09495,65586749.0
1776776400000,0.09495,0.09528,0.09478,0.09514,43025723.0
1776780000000,0.09514,0.09567,0.09478,0.09489,86456328.0
1776783600000,0.09489,0.09522,0.09438,0.09473,61905693.0
1776787200000,0.09473,0.09512,0.09453,0.0946,28817881.0
1776790800000,0.0946,0.09483,0.0936,0.09438,121523754.0
1776794400000,0.09438,0.0945,0.094,0.09446,33582067.0
1776798000000,0.09446,0.09481,0.0935,0.09379,73082895.0
1776801600000,0.09379,0.09489,0.09372,0.09459,57359451.0
1776805200000,0.09459,0.0947,0.0944,0.09461,13810272.0
1776808800000,0.09461,0.09467,0.0941,0.09439,14531479.0
1776812400000,0.09439,0.09521,0.09435,0.09513,34200225.0
1776816000000,0.09513,0.09532,0.09503,0.09511,26634644.0
1776819600000,0.09511,0.09521,0.09482,0.09493,19704915.0
1776823200000,0.09493,0.09655,0.09481,0.0965,168596778.0
1776826800000,0.0965,0.09689,0.0961,0.09623,61843518.0
1776830400000,0.09623,0.09649,0.09594,0.09622,33724358.0
1776834000000,0.09622,0.0976,0.09613,0.09706,144855637.0
1776837600000,0.09706,0.09761,0.0969,0.09758,47044718.0
1776841200000,0.09758,0.09825,0.09689,0.09747,210499993.0
1776844800000,0.09747,0.09816,0.09742,0.09782,101316410.0
1776848400000,0.09782,0.09811,0.09747,0.0975,47021961.0
1776852000000,0.0975,0.09841,0.09722,0.09817,94026751.0
1776855600000,0.09817,0.09857,0.09767,0.09798,85498746.0
1776859200000,0.09798,0.09817,0.09732,0.09756,81902004.0
1776862800000,0.09756,0.09819,0.0973,0.09792,75305174.0
1776866400000,0.09792,0.09823,0.09759,0.09796,89110152.0
1776870000000,0.09796,0.0982,0.0974,0.0978,185625353.0
1776873600000,0.0978,0.09814,0.09677,0.09693,84990699.0
1776877200000,0.09693,0.09744,0.0969,0.09719,49307806.0
1776880800000,0.09719,0.09753,0.09702,0.09704,25222596.0
1776884400000,0.09704,0.09706,0.09622,0.09662,82023556.0
1776888000000,0.09662,0.09664,0.09618,0.09627,34716653.0
1776891600000,0.09627,0.09684,0.09625,0.09669,37900470.0
1776895200000,0.09669,0.09679,0.09621,0.09638,16031341.0
1776898800000,0.09638,0.0964,0.09549,0.09557,99471954.0
1776902400000,0.09557,0.09641,0.09556,0.09618,238743998.0
1776906000000,0.09618,0.0965,0.09568,0.09626,56802639.0
1776909600000,0.09626,0.09628,0.09557,0.09581,68449479.0
1776913200000,0.09581,0.09593,0.09518,0.09552,62768392.0
1776916800000,0.09552,0.09596,0.09545,0.09584,45271425.0
1776920400000,0.09584,0.09612,0.09556,0.09592,36289249.0
1776924000000,0.09592,0.0964,0.09591,0.09602,50431896.0
1776927600000,0.09602,0.09608,0.09545,0.09584,84383612.0
1776931200000,0.09584,0.0962,0.09567,0.09591,72840910.0
1776934800000,0.09591,0.09591,0.09526,0.09557,62857904.0
1776938400000,0.09557,0.0957,0.09522,0.09564,68300516.0
1776942000000,0.09564,0.09625,0.09564,0.09609,37478976.0
1776945600000,0.09609,0.09695,0.09609,0.09646,181530254.0
1776949200000,0.09646,0.09661,0.09579,0.09616,95058280.0
1776952800000,0.09616,0.0971,0.09599,0.09703,49619292.0
1776956400000,0.09703,0.09797,0.09696,0.09731,148661697.0
1776960000000,0.09731,0.0974,0.09678,0.09685,53848850.0
1776963600000,0.09685,0.09699,0.09506,0.09605,273074065.0
1776967200000,0.09605,0.09634,0.09584,0.09585,53791064.0
1776970800000,0.09585,0.09635,0.09574,0.09616,41117819.0
1776974400000,0.09616,0.09685,0.0961,0.09661,35215400.0
1776978000000,0.09661,0.09744,0.09653,0.09705,40626137.0
1776981600000,0.09705,0.09765,0.09705,0.0972,27881860.0
1776985200000,0.0972,0.09731,0.09695,0.09709,21666012.0
1776988800000,0.09709,0.09768,0.09698,0.09759,33032922.0
1776992400000,0.09759,0.098,0.097,0.09789,39188686.0
1776996000000,0.09789,0.09799,0.09758,0.09769,37079053.0
1776999600000,0.09769,0.09777,0.09685,0.09718,51459693.0
1777003200000,0.09718,0.09735,0.0969,0.09727,28202672.0
1777006800000,0.09727,0.09742,0.09694,0.09717,46695834.0
1777010400000,0.09717,0.09766,0.09693,0.09739,63240119.0
1777014000000,0.09739,0.09812,0.09737,0.09776,124199374.0
1777017600000,0.09776,0.098,0.09741,0.09781,34530992.0
1777021200000,0.09781,0.09785,0.09674,0.09711,70408317.0
1777024800000,0.09711,0.09804,0.097,0.09779,111939449.0
1777028400000,0.09779,0.09851,0.09779,0.09815,81098311.0
1777032000000,0.09815,0.09849,0.09767,0.09792,60989352.0
1777035600000,0.09792,0.09851,0.09763,0.09784,77742314.0
1777039200000,0.09784,0.09795,0.09723,0.09764,53877882.0
1777042800000,0.09764,0.09826,0.09717,0.09803,127161673.0
1777046400000,0.09803,0.09828,0.09761,0.09793,54737800.0
1777050000000,0.09793,0.09814,0.09757,0.09809,35138736.0
1777053600000,0.09809,0.09825,0.0976,0.0982,19656132.0
1777057200000,0.0982,0.09842,0.09799,0.09835,34825966.0
1777060800000,0.09835,0.09899,0.09798,0.09879,221945476.0
1777064400000,0.09879,0.0995,0.09855,0.09862,105169828.0
1777068000000,0.09862,0.09867,0.09781,0.09796,42620306.0
1777071600000,0.09796,0.09842,0.09795,0.09836,22153902.0
1777075200000,0.09836,0.09838,0.09798,0.09832,21497032.0
1777078800000,0.09832,0.09906,0.09831,0.09838,89579268.0
1777082400000,0.09838,0.09862,0.09814,0.09845,67077448.0
1777086000000,0.09845,0.09884,0.09824,0.09875,30281155.0
1777089600000,0.09875,0.09886,0.09847,0.09853,14995423.0
1777093200000,0.09853,0.09853,0.09825,0.09836,16125559.0
1777096800000,0.09836,0.09857,0.09801,0.09829,51537692.0
1777100400000,0.09829,0.09903,0.09819,0.09836,72005276.0
1777104000000,0.09836,0.09858,0.09814,0.09854,51953206.0
1777107600000,0.09854,0.09861,0.09828,0.0985,9627659.0
1777111200000,0.0985,0.09859,0.09839,0.09847,12267181.0
1777114800000,0.09847,0.09847,0.09777,0.0979,36566013.0
1777118400000,0.0979,0.09803,0.09767,0.09792,35815272.0
1777122000000,0.09792,0.09835,0.09785,0.09823,28257073.0
1777125600000,0.09823,0.09852,0.09803,0.09824,18656253.0
1777129200000,0.09824,0.09873,0.09804,0.09815,54269748.0
1777132800000,0.09815,0.09829,0.09748,0.0978,49466104.0
1777136400000,0.0978,0.09796,0.09754,0.09772,54483596.0
1777140000000,0.09772,0.09786,0.09732,0.09764,61531956.0
1777143600000,0.09764,0.09774,0.09743,0.09765,17889611.0
1777147200000,0.09765,0.09789,0.09753,0.09788,14626584.0
1777150800000,0.09788,0.09799,0.09777,0.09792,12567372.0
1777154400000,0.09792,0.09819,0.0978,0.09798,13101934.0
1777158000000,0.09798,0.09817,0.09783,0.09795,14504568.0
1777161600000,0.09795,0.09797,0.09763,0.0978,26613876.0
1777165200000,0.0978,0.09801,0.09772,0.09779,10918943.0
1777168800000,0.09779,0.09809,0.09748,0.09786,52142143.0
1777172400000,0.09786,0.09839,0.09759,0.09771,77978816.0
1777176000000,0.09771,0.09821,0.09742,0.09799,65678917.0
1777179600000,0.09799,0.09866,0.09797,0.09826,38726738.0
1777183200000,0.09826,0.09854,0.09825,0.09841,11357357.0
1777186800000,0.09841,0.09856,0.09833,0.09852,14644918.0
1777190400000,0.09852,0.09858,0.09826,0.0983,19394944.0
1777194000000,0.0983,0.0985,0.09822,0.09842,12258270.0
1777197600000,0.09842,0.09869,0.09825,0.09862,32201567.0
1777201200000,0.09862,0.09913,0.09856,0.09897,50707437.0
1777204800000,0.09897,0.0991,0.09856,0.09861,56255059.0
1777208400000,0.09861,0.09869,0.09805,0.09853,71086648.0
1777212000000,0.09853,0.09891,0.09836,0.09875,36910026.0
1777215600000,0.09875,0.09906,0.09866,0.09896,24750495.0
1777219200000,0.09896,0.09899,0.09857,0.0986,20113555.0
1777222800000,0.0986,0.09886,0.09842,0.09879,16222847.0
1777226400000,0.09879,0.09963,0.09864,0.09904,60104831.0
1777230000000,0.09904,0.09961,0.09904,0.09912,26477967.0
1777233600000,0.09912,0.09987,0.099,0.09901,48390435.0
1777237200000,0.09901,0.09942,0.09863,0.09932,85458352.0
1777240800000,0.09932,0.09969,0.09892,0.09909,34726346.0
1777244400000,0.09909,0.09951,0.09873,0.09916,22830542.0
1777248000000,0.09916,0.0999,0.09882,0.09988,42820854.0
1777251600000,0.09988,0.10037,0.09933,0.10024,74408154.0
1777255200000,0.10024,0.1007,0.09982,0.10035,88820412.0
1777258800000,0.10035,0.1008,0.10015,0.10015,35337848.0
1777262400000,0.10015,0.10049,0.09978,0.09995,40798739.0
1777266000000,0.09995,0.09997,0.09813,0.09833,135001882.0
1777269600000,0.09833,0.09835,0.09751,0.09791,121438786.0
1777273200000,0.09791,0.09803,0.09758,0.09773,40943975.0
1777276800000,0.09773,0.09822,0.0976,0.09821,37776710.0
1777280400000,0.09821,0.09837,0.09787,0.09819,116609585.0
1777284000000,0.09819,0.09833,0.09798,0.09803,33578097.0
1777287600000,0.09803,0.09845,0.0977,0.09842,46700811.0
1777291200000,0.09842,0.09843,0.09803,0.09809,22783745.0
1777294800000,0.09809,0.09845,0.09782,0.09812,45365034.0
1777298400000,0.09812,0.0992,0.09806,0.09872,85956173.0
1777302000000,0.09872,0.09875,0.0967,0.09715,175209421.0
1777305600000,0.09715,0.09779,0.09701,0.09742,54929889.0
1777309200000,0.09742,0.09793,0.09742,0.09769,27914797.0
1777312800000,0.09769,0.09813,0.09762,0.09777,73973416.0
1777316400000,0.09777,0.09805,0.09736,0.09781,17426134.0
1777320000000,0.09781,0.0981,0.09781,0.09802,13972006.0
1777323600000,0.09802,0.09821,0.09787,0.09794,17995200.0
1777327200000,0.09794,0.09871,0.09789,0.09871,29479254.0
1777330800000,0.09871,0.0992,0.09858,0.0989,74642647.0
1777334400000,0.0989,0.09921,0.09856,0.09893,33421258.0
1777338000000,0.09893,0.09943,0.09887,0.09919,46226635.0
1777341600000,0.09919,0.09953,0.09875,0.09913,88230673.0
1777345200000,0.09913,0.0994,0.09894,0.09929,36464527.0
1777348800000,0.09929,0.10094,0.09926,0.09957,185249422.0
1777352400000,0.09957,0.10045,0.09953,0.1002,164316534.0
1777356000000,0.1002,0.10038,0.09903,0.09946,135831333.0
1777359600000,0.09946,0.09969,0.09888,0.09958,52213780.0
1777363200000,0.09958,0.09993,0.09922,0.0997,50289838.0
1777366800000,0.0997,0.09985,0.09894,0.09919,46713437.0
1777370400000,0.09919,0.09935,0.09903,0.09916,23208695.0
1777374000000,0.09916,0.09922,0.09847,0.09858,68461604.0
1777377600000,0.09858,0.099,0.09822,0.09897,65226716.0
1777381200000,0.09897,0.09914,0.09835,0.09865,88095345.0
1777384800000,0.09865,0.09885,0.098,0.09884,83586795.0
1777388400000,0.09884,0.09952,0.09869,0.0995,46681446.0
1777392000000,0.0995,0.09978,0.09915,0.09967,61018456.0
1777395600000,0.09967,0.0997,0.09913,0.09929,34886768.0
1777399200000,0.09929,0.09963,0.09915,0.09948,27176638.0
1777402800000,0.09948,0.09983,0.09924,0.09969,42743769.0
1777406400000,0.09969,0.09985,0.09956,0.09969,11378796.0
1777410000000,0.09969,0.09991,0.09908,0.09943,71924154.0
1777413600000,0.09943,0.10015,0.09932,0.09944,87073176.0
1777417200000,0.09944,0.09944,0.09876,0.09928,93489268.0
1777420800000,0.09928,0.10011,0.09917,0.09983,156229779.0
1777424400000,0.09983,0.10019,0.09931,0.10008,102867294.0
1777428000000,0.10008,0.1003,0.09972,0.09991,28220453.0
1777431600000,0.09991,0.10141,0.09988,0.1013,167550664.0
1777435200000,0.1013,0.10247,0.10109,0.10174,157411628.0
1777438800000,0.10174,0.10247,0.10155,0.10223,75525085.0
1777442400000,0.10223,0.1024,0.10174,0.1021,86800457.0
1777446000000,0.1021,0.10547,0.10201,0.10487,638877213.0
1777449600000,0.10487,0.10596,0.10459,0.10539,279244999.0
1777453200000,0.10539,0.11209,0.10514,0.10937,995387883.0
1777456800000,0.10937,0.11057,0.10915,0.11005,338556164.0
1777460400000,0.11005,0.11056,0.10938,0.10962,162045010.0
1777464000000,0.10962,0.10967,0.1064,0.10715,535486471.0
1777467600000,0.10715,0.10765,0.10517,0.10632,314440574.0
1777471200000,0.10632,0.10651,0.10398,0.10509,350337862.0
1777474800000,0.10509,0.10536,0.10287,0.10335,491012756.0
1777478400000,0.10335,0.10386,0.10174,0.10223,282068078.0
1777482000000,0.10223,0.10429,0.10205,0.1039,310256843.0
1777485600000,0.1039,0.10397,0.10053,0.10211,467780026.0
1777489200000,0.10211,0.10218,0.10098,0.10137,90582600.0
1777492800000,0.10137,0.10242,0.10137,0.10207,84776209.0
1777496400000,0.10207,0.10355,0.10189,0.10318,91846706.0
1777500000000,0.10318,0.10375,0.10288,0.10345,61121426.0
1777503600000,0.10345,0.10414,0.10333,0.10401,61894365.0
1777507200000,0.10401,0.10824,0.10388,0.10789,309427721.0
1777510800000,0.10789,0.10834,0.10631,0.10686,211721361.0
1777514400000,0.10686,0.10731,0.1044,0.10533,270588550.0
1777518000000,0.10533,0.1074,0.1051,0.10673,152215988.0
1777521600000,0.10673,0.10678,0.1047,0.10492,166813136.0
1777525200000,0.10492,0.10586,0.10426,0.10535,159230559.0
1777528800000,0.10535,0.10631,0.10519,0.10619,90291732.0
1777532400000,0.10619,0.10704,0.10591,0.10695,200894800.0
1777536000000,0.10695,0.10745,0.10636,0.10688,137662039.0
1777539600000,0.10688,0.1081,0.1067,0.10741,110203000.0
1777543200000,0.10741,0.10779,0.10616,0.10664,106644289.0
1777546800000,0.10664,0.10682,0.10559,0.10631,92621931.0
1777550400000,0.10631,0.10677,0.1061,0.10629,62954531.0
1777554000000,0.10629,0.10742,0.10587,0.1067,124894681.0
1777557600000,0.1067,0.10725,0.10581,0.10637,100449088.0
1777561200000,0.10637,0.1075,0.10595,0.10703,87843122.0
1777564800000,0.10703,0.1071,0.10604,0.10622,65728616.0
1777568400000,0.10622,0.10644,0.10537,0.10568,78705656.0
1777572000000,0.10568,0.10615,0.10535,0.10552,85761632.0
1777575600000,0.10552,0.10625,0.10539,0.10612,29868274.0
1777579200000,0.10612,0.10669,0.10577,0.1065,39463337.0
1777582800000,0.1065,0.10684,0.10623,0.10627,29245327.0
1777586400000,0.10627,0.10662,0.10597,0.10622,30712992.0
1777590000000,0.10622,0.10659,0.10605,0.10646,43288931.0
1777593600000,0.10646,0.10787,0.10637,0.10752,142596154.0
1777597200000,0.10752,0.10926,0.10746,0.10896,221155829.0
1777600800000,0.10896,0.10933,0.10827,0.10835,108497681.0
1777604400000,0.10835,0.10978,0.10792,0.10904,203829098.0
1777608000000,0.10904,0.10936,0.10815,0.10876,127174237.0
1777611600000,0.10876,0.10943,0.10876,0.10905,106601374.0
1777615200000,0.10905,0.10915,0.10826,0.10834,61164162.0
1777618800000,0.10834,0.10846,0.10788,0.10819,81375589.0
1777622400000,0.10819,0.10888,0.10791,0.10845,69739137.0
1777626000000,0.10845,0.10866,0.10728,0.10767,101935746.0
1777629600000,0.10767,0.10833,0.10708,0.10826,64493391.0
1777633200000,0.10826,0.10913,0.10823,0.10878,107343363.0
1777636800000,0.10878,0.10928,0.10858,0.10888,116493477.0
1777640400000,0.10888,0.11053,0.10888,0.10969,197593922.0
1777644000000,0.10969,0.10984,0.10893,0.10955,136266280.0
1777647600000,0.10955,0.10989,0.10877,0.10936,156975403.0
1777651200000,0.10936,0.10967,0.10816,0.10889,149597830.0
1777654800000,0.10889,0.10906,0.10843,0.10893,49810051.0
1777658400000,0.10893,0.10898,0.10853,0.10892,32971558.0
1777662000000,0.10892,0.10916,0.10869,0.10902,24684644.0
1777665600000,0.10902,0.10915,0.10819,0.10842,48364365.0
1777669200000,0.10842,0.10961,0.10834,0.10934,36544759.0
1777672800000,0.10934,0.10953,0.10828,0.10838,44980857.0
1777676400000,0.10838,0.10845,0.10746,0.10845,113729924.0
1777680000000,0.10845,0.10927,0.10841,0.10866,81503512.0
1777683600000,0.10866,0.1089,0.10839,0.10857,29106125.0
1777687200000,0.10857,0.10868,0.10812,0.10841,31441313.0
1777690800000,0.10841,0.10856,0.10798,0.10812,27365691.0
1777694400000,0.10812,0.10832,0.10775,0.10801,38182238.0
1777698000000,0.10801,0.10812,0.10721,0.10747,63330628.0
1777701600000,0.10747,0.10805,0.10745,0.10801,29484940.0
1777705200000,0.10801,0.10805,0.10781,0.10784,25427319.0
1777708800000,0.10784,0.10794,0.10757,0.10761,17409481.0
1777712400000,0.10761,0.10793,0.10747,0.10771,56645068.0
1777716000000,0.10771,0.10802,0.10768,0.1077,17237378.0
1777719600000,0.1077,0.10782,0.10737,0.10769,42759143.0
1777723200000,0.10769,0.10783,0.10704,0.10755,71980548.0
1777726800000,0.10755,0.10872,0.10754,0.10852,59413608.0
1777730400000,0.10852,0.10908,0.1083,0.10865,63417438.0
1777734000000,0.10865,0.10916,0.1086,0.10893,49470444.0
1777737600000,0.10893,0.1093,0.10857,0.10892,51397914.0
1777741200000,0.10892,0.10905,0.10849,0.1087,30865536.0
1777744800000,0.1087,0.1087,0.10817,0.10828,50422507.0
1777748400000,0.10828,0.10847,0.10818,0.10833,37360975.0
1777752000000,0.10833,0.10878,0.10825,0.10873,21589218.0
1777755600000,0.10873,0.10902,0.10794,0.10871,93118344.0
1777759200000,0.10871,0.10913,0.10836,0.10873,58175708.0
1777762800000,0.10873,0.10878,0.10816,0.10844,54290090.0
1777766400000,0.10844,0.10851,0.10775,0.10815,37987263.0
1777770000000,0.10815,0.10816,0.10732,0.10759,47757360.0
1777773600000,0.10759,0.10772,0.10703,0.10743,44589864.0
1777777200000,0.10743,0.10789,0.10729,0.10778,29857804.0
1777780800000,0.10778,0.10815,0.10767,0.10784,29951020.0
1777784400000,0.10784,0.10806,0.10769,0.10787,15455618.0
1777788000000,0.10787,0.10792,0.10742,0.10777,36653088.0
1777791600000,0.10777,0.1082,0.10776,0.10786,24699690.0
1777795200000,0.10786,0.10814,0.10784,0.10795,10277782.0
1777798800000,0.10795,0.1083,0.10784,0.10812,20730581.0
1777802400000,0.10812,0.1082,0.1075,0.1076,39396746.0
1777806000000,0.1076,0.10872,0.10733,0.1086,120423600.0
1777809600000,0.1086,0.10928,0.1086,0.10872,50272713.0
1777813200000,0.10872,0.10897,0.10841,0.10855,48692510.0
1777816800000,0.10855,0.10882,0.10839,0.10859,24617591.0
1777820400000,0.10859,0.1089,0.10819,0.10841,18015255.0
1777824000000,0.10841,0.10854,0.10801,0.10824,32173233.0
1777827600000,0.10824,0.10869,0.10789,0.10841,41428943.0
1777831200000,0.10841,0.10854,0.10823,0.10835,11609414.0
1777834800000,0.10835,0.10871,0.10828,0.10853,12942064.0
1777838400000,0.10853,0.10923,0.1085,0.10872,41685738.0
1777842000000,0.10872,0.1091,0.10753,0.10806,87872149.0
1777845600000,0.10806,0.10969,0.10806,0.10923,105879655.0
1777849200000,0.10923,0.10941,0.10813,0.10823,60263559.0
1777852800000,0.10823,0.10902,0.10754,0.10895,88769054.0
1777856400000,0.10895,0.11315,0.10893,0.11248,464958965.0
1777860000000,0.11248,0.11339,0.11146,0.11295,251409917.0
1777863600000,0.11295,0.11373,0.1121,0.11289,105272978.0
1777867200000,0.11289,0.1135,0.1127,0.11301,66014568.0
1777870800000,0.11301,0.11312,0.1123,0.11245,51008459.0
1777874400000,0.11245,0.11256,0.11086,0.11199,133864128.0
1777878000000,0.11199,0.11264,0.11182,0.11226,48332049.0
1777881600000,0.11226,0.11237,0.11181,0.11188,34550397.0
1777885200000,0.11188,0.11233,0.11142,0.11183,58762406.0
1777888800000,0.11183,0.11188,0.10835,0.11018,626251886.0
1777892400000,0.11018,0.11062,0.10991,0.11039,91864247.0
1777896000000,0.11039,0.11087,0.11016,0.11029,69230050.0
1777899600000,0.11029,0.11125,0.1097,0.11063,130982516.0
1777903200000,0.11063,0.11265,0.11012,0.11196,217620850.0
1777906800000,0.11196,0.11207,0.10956,0.1102,323949595.0
1777910400000,0.1102,0.11087,0.10977,0.11046,153250858.0
1777914000000,0.11046,0.11154,0.11039,0.11111,110354787.0
1777917600000,0.11111,0.1113,0.11061,0.11099,66051637.0
1777921200000,0.11099,0.11103,0.11016,0.11035,48739364.0
1777924800000,0.11035,0.11038,0.10991,0.11018,31282544.0
1777928400000,0.11018,0.1109,0.11008,0.1105,39090919.0
1777932000000,0.1105,0.11088,0.11008,0.11027,39226956.0
1777935600000,0.11027,0.11029,0.10995,0.11004,35411902.0
1777939200000,0.11004,0.11099,0.10985,0.11071,51934310.0
1777942800000,0.11071,0.11125,0.11045,0.11091,36885706.0
1777946400000,0.11091,0.11168,0.11089,0.11125,54085867.0
1777950000000,0.11125,0.11176,0.11117,0.11134,50781711.0
1777953600000,0.11134,0.11176,0.11118,0.11136,98556714.0
1777957200000,0.11136,0.11195,0.11125,0.11161,78302876.0
1777960800000,0.11161,0.11173,0.1112,0.11167,37346741.0
1777964400000,0.11167,0.11185,0.11127,0.1114,41743831.0
1777968000000,0.1114,0.11164,0.11125,0.1116,38526055.0
1777971600000,0.1116,0.11162,0.11068,0.11106,53835587.0
1777975200000,0.11106,0.11176,0.11095,0.11174,37688556.0
1777978800000,0.11174,0.11213,0.11129,0.11189,53187336.0
1777982400000,0.11189,0.11216,0.11173,0.11197,31163120.0
1777986000000,0.11197,0.1128,0.11187,0.11234,116286438.0
1777989600000,0.11234,0.11278,0.11145,0.11227,135928995.0
1777993200000,0.11227,0.11288,0.11217,0.11232,55953218.0
1777996800000,0.11232,0.1126,0.11157,0.11252,102409130.0
1778000400000,0.11252,0.11448,0.11241,0.11364,261093164.0
1778004000000,0.11364,0.11412,0.11321,0.1133,79941656.0
1778007600000,0.1133,0.11404,0.11324,0.11347,43260244.0
1778011200000,0.11347,0.11422,0.11304,0.11395,61835961.0
1778014800000,0.11395,0.11568,0.11347,0.11535,123433995.0
1778018400000,0.11535,0.11649,0.11475,0.11527,199741709.0
1778022000000,0.11527,0.11587,0.1143,0.11477,96036182.0
1778025600000,0.11477,0.11499,0.11371,0.11428,116810105.0
1778029200000,0.11428,0.11532,0.11411,0.11493,118002252.0
1778032800000,0.11493,0.11559,0.11439,0.11556,103388987.0
1778036400000,0.11556,0.11605,0.11486,0.11588,91664128.0
1778040000000,0.11588,0.11594,0.11486,0.11494,59017766.0
1778043600000,0.11494,0.11609,0.11471,0.11582,116145015.0
1778047200000,0.11582,0.11599,0.11504,0.11531,85311608.0
1778050800000,0.11531,0.11648,0.11473,0.11567,198170913.0
1778054400000,0.11567,0.11687,0.11554,0.11677,90655722.0
1778058000000,0.11677,0.11681,0.11573,0.11631,202199258.0
1778061600000,0.11631,0.1166,0.11587,0.1164,60339477.0
1778065200000,0.1164,0.11701,0.11615,0.11651,93579015.0
1778068800000,0.11651,0.11671,0.1159,0.11601,80857058.0
1778072400000,0.11601,0.11602,0.11129,0.11272,627811598.0
1778076000000,0.11272,0.11369,0.11182,0.11283,170036069.0
1778079600000,0.11283,0.11362,0.11264,0.11303,89336758.0
1778083200000,0.11303,0.11358,0.11241,0.11315,75497521.0
1778086800000,0.11315,0.11352,0.11287,0.11308,28377925.0
1778090400000,0.11308,0.1133,0.11268,0.1127,47051959.0
1778094000000,0.1127,0.11297,0.11249,0.11292,24320567.0
1778097600000,0.11292,0.11322,0.11224,0.11269,34153660.0
1778101200000,0.11269,0.11308,0.11252,0.11294,32459302.0
1778104800000,0.11294,0.11296,0.11211,0.11235,28969313.0
1778108400000,0.11235,0.11244,0.11184,0.11239,42513821.0
1778112000000,0.11239,0.11244,0.11116,0.11138,161166934.0
1778115600000,0.11138,0.1115,0.11028,0.11107,114441314.0
1778119200000,0.11107,0.11115,0.1101,0.11055,70360171.0
1778122800000,0.11055,0.11079,0.11013,0.11024,48294799.0
1778126400000,0.11024,0.1107,0.11002,0.1106,66148239.0
1778130000000,0.1106,0.11133,0.11038,0.11069,114860597.0
1778133600000,0.11069,0.11141,0.11035,0.1114,81156900.0
1778137200000,0.1114,0.11169,0.11119,0.11163,59333061.0
1778140800000,0.11163,0.11174,0.11124,0.11138,81676663.0
1778144400000,0.11138,0.11173,0.11118,0.11129,95381660.0
1778148000000,0.11129,0.11173,0.11073,0.11099,95064476.0
1778151600000,0.11099,0.11137,0.11077,0.11107,44402449.0
1778155200000,0.11107,0.11157,0.11104,0.11148,22948353.0
1778158800000,0.11148,0.11148,0.10786,0.10936,296497653.0
1778162400000,0.10936,0.10968,0.10823,0.10893,179349315.0
1778166000000,0.10893,0.10947,0.10666,0.10793,319730264.0
1778169600000,0.10793,0.10826,0.10736,0.10762,75073663.0
1778173200000,0.10762,0.10801,0.10704,0.10795,93946291.0
1778176800000,0.10795,0.10854,0.10775,0.10801,59637416.0
1778180400000,0.10801,0.10827,0.10771,0.10789,32408349.0
1778184000000,0.10789,0.10842,0.10773,0.10773,24449459.0
1778187600000,0.10773,0.1081,0.10732,0.1077,72222170.0
1778191200000,0.1077,0.10784,0.10732,0.10767,43294654.0
1778194800000,0.10767,0.1079,0.10748,0.10779,24897392.0
1778198400000,0.10779,0.10801,0.10677,0.10693,96587903.0
1778202000000,0.10693,0.10707,0.10613,0.10665,89777566.0
1778205600000,0.10665,0.10665,0.10564,0.1063,130810923.0
1778209200000,0.1063,0.10661,0.10581,0.10638,42986130.0
1778212800000,0.10638,0.1066,0.1062,0.10646,21787073.0
1778216400000,0.10646,0.10653,0.10587,0.10591,25856867.0
1778220000000,0.10591,0.10639,0.10558,0.10626,70552648.0
1778223600000,0.10626,0.10646,0.10586,0.10629,80950685.0
1778227200000,0.10629,0.1072,0.10613,0.10699,124851494.0
1778230800000,0.10699,0.10772,0.10678,0.10711,70178086.0
1778234400000,0.10711,0.10763,0.10676,0.10737,53686147.0
1778238000000,0.10737,0.10763,0.10722,0.10736,33918952.0
1778241600000,0.10736,0.10764,0.10652,0.10662,72721582.0
1778245200000,0.10662,0.10688,0.10626,0.10671,68040129.0
1778248800000,0.10671,0.10784,0.10666,0.10772,83298181.0
1778252400000,0.10772,0.10818,0.10684,0.10803,79748802.0
1778256000000,0.10803,0.1081,0.10722,0.10734,38103514.0
1778259600000,0.10734,0.10839,0.10731,0.10799,73697851.0
1778263200000,0.10799,0.10898,0.10799,0.10845,82778601.0
1778266800000,0.10845,0.10906,0.10821,0.10889,61696436.0
1778270400000,0.10889,0.10943,0.10839,0.10862,63670164.0
1778274000000,0.10862,0.10928,0.10852,0.10926,32597415.0
1778277600000,0.10926,0.1096,0.10912,0.10951,32354340.0
1778281200000,0.10951,0.10952,0.10908,0.10945,23486587.0
1778284800000,0.10945,0.10981,0.10931,0.10943,35457464.0
1778288400000,0.10943,0.11081,0.10938,0.11041,77676120.0
1778292000000,0.11041,0.11109,0.11037,0.11045,62288077.0
1778295600000,0.11045,0.1109,0.11013,0.11029,44043864.0
1778299200000,0.11029,0.11126,0.11029,0.1106,61282069.0
1778302800000,0.1106,0.11074,0.10982,0.11062,61098935.0
1778306400000,0.11062,0.11131,0.11029,0.1106,91306938.0
1778310000000,0.1106,0.11062,0.10984,0.11014,68271642.0
1778313600000,0.11014,0.11061,0.11014,0.1103,21669734.0
1778317200000,0.1103,0.11031,0.1096,0.10988,56727533.0
1778320800000,0.10988,0.10988,0.10936,0.10963,29832497.0
1778324400000,0.10963,0.10984,0.1095,0.10953,29618631.0
1778328000000,0.10953,0.10971,0.10914,0.10939,33971557.0
1778331600000,0.10939,0.10942,0.10865,0.10917,73470540.0
1778335200000,0.10917,0.10919,0.10823,0.10842,62239723.0
1778338800000,0.10842,0.10875,0.10802,0.10858,48597173.0
1778342400000,0.10858,0.10913,0.10842,0.10883,30243078.0
1778346000000,0.10883,0.10959,0.10883,0.10937,38667498.0
1778349600000,0.10937,0.10992,0.10937,0.10957,21909291.0
1778353200000,0.10957,0.10971,0.10943,0.10966,20504196.0
1778356800000,0.10966,0.10968,0.10922,0.10928,19236219.0
1778360400000,0.10928,0.10948,0.10904,0.10926,19825494.0
1778364000000,0.10926,0.10934,0.10898,0.10901,14483276.0
1778367600000,0.10901,0.10919,0.10851,0.10867,31249417.0
1778371200000,0.10867,0.1089,0.10823,0.10836,37221828.0
1778374800000,0.10836,0.10837,0.10773,0.10805,75087556.0
1778378400000,0.10805,0.1089,0.10787,0.10852,57160553.0
1778382000000,0.10852,0.10879,0.10838,0.10842,22816589.0
1778385600000,0.10842,0.10863,0.10828,0.10842,11227229.0
1778389200000,0.10842,0.10862,0.10827,0.10833,14268791.0
1778392800000,0.10833,0.10843,0.10812,0.10835,23683688.0
1778396400000,0.10835,0.10869,0.10824,0.10846,10625770.0
1778400000000,0.10846,0.10892,0.10843,0.10869,23264682.0
1778403600000,0.10869,0.10909,0.10845,0.10851,56387899.0
1778407200000,0.10851,0.10872,0.10775,0.10866,98896737.0
1778410800000,0.10866,0.10879,0.10785,0.10815,51254961.0
1778414400000,0.10815,0.10827,0.10785,0.10807,30398315.0
1778418000000,0.10807,0.10842,0.10797,0.10825,33497918.0
1778421600000,0.10825,0.10843,0.10783,0.10826,40610169.0
1778425200000,0.10826,0.1091,0.1082,0.10906,48455478.0
1778428800000,0.10906,0.10974,0.10883,0.10962,75614822.0
1778432400000,0.10962,0.1111,0.10941,0.11086,119369359.0
1778436000000,0.11086,0.11168,0.11062,0.11099,100472402.0
1778439600000,0.11099,0.11152,0.11027,0.11105,51159156.0
1778443200000,0.11105,0.11153,0.10633,0.10788,363818709.0
1778446800000,0.10788,0.10888,0.10759,0.10821,139749966.0
1778450400000,0.10821,0.11232,0.10798,0.11186,409041028.0
1778454000000,0.11186,0.1128,0.11137,0.1124,226972168.0
1778457600000,0.1124,0.11271,0.10975,0.11042,251178655.0
1778461200000,0.11042,0.11174,0.10993,0.11059,88580619.0
1778464800000,0.11059,0.11085,0.10937,0.10975,67668425.0
1778468400000,0.10975,0.10979,0.1083,0.10904,155283256.0
1778472000000,0.10904,0.10994,0.10867,0.10944,76573539.0
1778475600000,0.10944,0.10995,0.10931,0.10977,28086713.0
1778479200000,0.10977,0.11007,0.10918,0.10944,35187811.0
1778482800000,0.10944,0.10948,0.1085,0.1092,80693743.0
1778486400000,0.1092,0.1097,0.10867,0.10941,55372365.0
1778490000000,0.10941,0.10996,0.1094,0.1097,22923608.0
1778493600000,0.1097,0.11034,0.1096,0.10992,29282676.0
1778497200000,0.10992,0.11034,0.1095,0.11025,19663850.0
1778500800000,0.11025,0.11046,0.10935,0.1095,52350797.0
1778504400000,0.1095,0.11,0.10897,0.10986,63155023.0
1778508000000,0.10986,0.11069,0.1088,0.10964,114234038.0
1778511600000,0.10964,0.11095,0.10933,0.11086,101571046.0
1778515200000,0.11086,0.11155,0.11061,0.11111,86017623.0
1778518800000,0.11111,0.11173,0.11065,0.11132,86620115.0
1778522400000,0.11132,0.11143,0.11048,0.11051,43998127.0
1778526000000,0.11051,0.11175,0.1103,0.1115,33730094.0
1778529600000,0.1115,0.11172,0.11116,0.1114,28122660.0
1778533200000,0.1114,0.11157,0.11093,0.11105,25748558.0
1778536800000,0.11105,0.11156,0.11093,0.11138,22952464.0
1778540400000,0.11138,0.11143,0.11089,0.11124,20327599.0
1778544000000,0.11124,0.11154,0.11102,0.11125,16207375.0
1778547600000,0.11125,0.11145,0.10963,0.11075,104016246.0
1778551200000,0.11075,0.11143,0.11042,0.11071,79424728.0
1778554800000,0.11071,0.1109,0.10989,0.11001,35561736.0
1778558400000,0.11001,0.11036,0.1097,0.10979,57031920.0
1778562000000,0.10979,0.11048,0.10975,0.11032,62545382.0
1778565600000,0.11032,0.11122,0.11021,0.1105,93722546.0
1778569200000,0.1105,0.1105,0.10969,0.10985,59858754.0
1778572800000,0.10985,0.11026,0.10916,0.10976,115239132.0
1778576400000,0.10976,0.10979,0.10917,0.10973,42012863.0
1778580000000,0.10973,0.10973,0.10883,0.10909,68667668.0
1778583600000,0.10909,0.10943,0.10851,0.10939,81473591.0
1778587200000,0.10939,0.10959,0.10867,0.10915,88446818.0
1778590800000,0.10915,0.10932,0.10802,0.10839,90013292.0
1778594400000,0.10839,0.10919,0.10778,0.10877,96123066.0
1778598000000,0.10877,0.10906,0.1081,0.10859,185549374.0
1778601600000,0.10859,0.109,0.10741,0.10785,105751306.0
1778605200000,0.10785,0.1092,0.1078,0.10898,87313014.0
1778608800000,0.10898,0.10945,0.10882,0.1092,29302157.0
1778612400000,0.1092,0.11025,0.10912,0.1098,86436372.0
1778616000000,0.1098,0.11023,0.10974,0.11013,30410138.0
1778619600000,0.11013,0.11069,0.10986,0.10997,87625401.0
1778623200000,0.10997,0.11037,0.10995,0.11021,20450419.0
1778626800000,0.11021,0.11044,0.10981,0.11009,30775118.0
1778630400000,0.11009,0.1107,0.10987,0.11061,19714218.0
1778634000000,0.11061,0.11171,0.11059,0.11108,108906598.0
1778637600000,0.11108,0.11145,0.1108,0.11106,26529610.0
1778641200000,0.11106,0.11168,0.11102,0.11167,36338819.0
1778644800000,0.11167,0.11279,0.11125,0.11215,89758996.0
1778648400000,0.11215,0.11269,0.11153,0.112,67187914.0
1778652000000,0.112,0.11241,0.1117,0.11176,40535479.0
1778655600000,0.11176,0.11238,0.11132,0.11225,98586515.0
1778659200000,0.11225,0.11243,0.11191,0.1123,53169688.0
1778662800000,0.1123,0.11459,0.11227,0.11422,253085904.0
1778666400000,0.11422,0.11446,0.11351,0.11375,83309111.0
1778670000000,0.11375,0.11404,0.11231,0.11261,165929209.0
1778673600000,0.11261,0.11306,0.1108,0.11174,229100459.0
1778677200000,0.11174,0.1123,0.11037,0.11047,129962040.0
1778680800000,0.11047,0.11183,0.10984,0.11177,130666261.0
1778684400000,0.11177,0.11217,0.10954,0.10986,152423034.0
1778688000000,0.10986,0.11206,0.1098,0.11192,124945274.0
1778691600000,0.11192,0.1133,0.1119,0.11307,138938748.0
1778695200000,0.11307,0.11471,0.11307,0.11333,163099176.0
1778698800000,0.11333,0.11347,0.11233,0.1129,73554887.0
1778702400000,0.1129,0.11348,0.11269,0.11336,41257146.0
1778706000000,0.11336,0.11345,0.11227,0.11285,44408932.0
1778709600000,0.11285,0.11366,0.11228,0.11352,74515235.0
1778713200000,0.11352,0.11395,0.1126,0.11262,72602467.0
1778716800000,0.11262,0.1154,0.11231,0.11433,313499683.0
1778720400000,0.11433,0.11492,0.11375,0.11449,165364985.0
1778724000000,0.11449,0.11485,0.1132,0.1134,88433763.0
1778727600000,0.1134,0.11377,0.11203,0.11235,135392782.0
1778731200000,0.11235,0.11305,0.11185,0.11295,99115113.0
1778734800000,0.11295,0.11518,0.11286,0.11504,177466118.0
1778738400000,0.11504,0.11536,0.11367,0.1145,145345616.0
1778742000000,0.1145,0.115,0.11374,0.11384,162822296.0
1778745600000,0.11384,0.11396,0.11303,0.1133,95624993.0
1778749200000,0.1133,0.11355,0.11268,0.11326,85708725.0
1778752800000,0.11326,0.11373,0.11293,0.11363,73361926.0
1778756400000,0.11363,0.11375,0.11302,0.11307,46440507.0
1778760000000,0.11307,0.11574,0.11296,0.11524,202398499.0
1778763600000,0.11524,0.11665,0.11409,0.1143,377657056.0
1778767200000,0.1143,0.11538,0.11397,0.11493,252728567.0
1778770800000,0.11493,0.11525,0.11353,0.11389,292121640.0
1778774400000,0.11389,0.11619,0.11331,0.11604,460036046.0
1778778000000,0.11604,0.11634,0.11501,0.11588,115474192.0
1778781600000,0.11588,0.11859,0.11566,0.1173,420802637.0
1778785200000,0.1173,0.11779,0.11571,0.11609,86298290.0
1778788800000,0.11609,0.11624,0.11471,0.11595,193345725.0
1778792400000,0.11595,0.11672,0.11536,0.11666,84705911.0
1778796000000,0.11666,0.11678,0.11623,0.11634,28230043.0
1778799600000,0.11634,0.11634,0.11501,0.11537,66856702.0
1778803200000,0.11537,0.11693,0.11537,0.11664,99740363.0
1778806800000,0.11664,0.11741,0.11592,0.11599,121331206.0
1778810400000,0.11599,0.11669,0.1151,0.11641,118968488.0
1778814000000,0.11641,0.11668,0.11549,0.11605,85471292.0
1778817600000,0.11605,0.11607,0.1142,0.11427,87965472.0
1778821200000,0.11427,0.11462,0.1126,0.1134,243997867.0
1778824800000,0.1134,0.11473,0.11328,0.11453,90896637.0
1778828400000,0.11453,0.11511,0.11411,0.11481,116079834.0
1778832000000,0.11481,0.11539,0.1138,0.11521,125691755.0
1778835600000,0.11521,0.11559,0.11413,0.11431,138173649.0
1778839200000,0.11431,0.11541,0.11414,0.11524,52201777.0
1778842800000,0.11524,0.11526,0.11432,0.11438,41004589.0
1778846400000,0.11438,0.11443,0.11358,0.11413,84822261.0
1778850000000,0.11413,0.11413,0.11087,0.11133,263726403.0
1778853600000,0.11133,0.11259,0.11093,0.11178,203050781.0
1778857200000,0.11178,0.11199,0.11066,0.11152,110177152.0
1778860800000,0.11152,0.11297,0.11142,0.1126,141033257.0
1778864400000,0.1126,0.11299,0.11206,0.11256,50570176.0
1778868000000,0.11256,0.11341,0.11256,0.11306,61264002.0
1778871600000,0.11306,0.11334,0.11258,0.11291,34738128.0
1778875200000,0.11291,0.11328,0.1125,0.11312,34612228.0
1778878800000,0.11312,0.11337,0.11271,0.11286,25055672.0
1778882400000,0.11286,0.11376,0.11274,0.11358,28508672.0
1778886000000,0.11358,0.11375,0.11318,0.1133,37264604.0
1778889600000,0.1133,0.11342,0.11272,0.11285,58829586.0
1778893200000,0.11285,0.11291,0.11215,0.11261,60522343.0
1778896800000,0.11261,0.11284,0.11226,0.11246,13317411.0
1778900400000,0.11246,0.11276,0.11229,0.11254,30718958.0
1778904000000,0.11254,0.11259,0.11088,0.11165,117361627.0
1778907600000,0.11165,0.11203,0.11126,0.11157,95108196.0
1778911200000,0.11157,0.11168,0.11021,0.11055,95098361.0
1778914800000,0.11055,0.11056,0.10898,0.11007,197764921.0
1778918400000,0.11007,0.11038,0.10992,0.10998,34622237.0
1778922000000,0.10998,0.1102,0.10867,0.10921,132078144.0
1778925600000,0.10921,0.10935,0.10815,0.10871,133362805.0
1778929200000,0.10871,0.1094,0.10871,0.10891,37681380.0
1778932800000,0.10891,0.10908,0.10846,0.10862,46966558.0
1778936400000,0.10862,0.10866,0.10768,0.10854,119944506.0
1778940000000,0.10854,0.10972,0.10828,0.10892,66044466.0
1778943600000,0.10892,0.10989,0.10887,0.10962,72396666.0
1778947200000,0.10962,0.11004,0.10941,0.10974,37336455.0
1778950800000,0.10974,0.10998,0.10946,0.10951,14416210.0
1778954400000,0.10951,0.10968,0.10922,0.10939,35539182.0
1778958000000,0.10939,0.10973,0.10932,0.10956,12881949.0
1778961600000,0.10956,0.10982,0.10939,0.10956,9772673.0
1778965200000,0.10956,0.11017,0.10944,0.10976,23043236.0
1778968800000,0.10976,0.10978,0.10936,0.10942,12901277.0
1778972400000,0.10942,0.10948,0.10919,0.10931,13696916.0
1778976000000,0.10931,0.10959,0.10882,0.10909,19374763.0
1778979600000,0.10909,0.10916,0.10804,0.10805,55604446.0
1778983200000,0.10805,0.10874,0.10801,0.10858,30687086.0
1778986800000,0.10858,0.10943,0.10857,0.10913,21443140.0
1778990400000,0.10913,0.10981,0.10906,0.10964,24261872.0
1778994000000,0.10964,0.11035,0.10961,0.10991,35509227.0
1778997600000,0.10991,0.11013,0.10939,0.10961,27890121.0
1779001200000,0.10961,0.11024,0.1095,0.11013,23540212.0
1779004800000,0.11013,0.11033,0.10972,0.11019,24958611.0
1779008400000,0.11019,0.11108,0.11008,0.111,51929847.0
1779012000000,0.111,0.11188,0.11097,0.11166,78311652.0
1779015600000,0.11166,0.11172,0.11115,0.11144,25691936.0
1779019200000,0.11144,0.11274,0.11144,0.112,79020042.0
1779022800000,0.112,0.11202,0.11092,0.1116,84958559.0
1779026400000,0.1116,0.11166,0.11045,0.1107,87454770.0
1779030000000,0.1107,0.11102,0.11016,0.11037,43382753.0
1779033600000,0.11037,0.11061,0.10977,0.10999,60843921.0
1779037200000,0.10999,0.11019,0.1095,0.10988,55987547.0
1779040800000,0.10988,0.11038,0.10957,0.1103,36107440.0
1779044400000,0.1103,0.11095,0.11029,0.11068,30711327.0
1779048000000,0.11068,0.11084,0.11038,0.11051,21998215.0
1779051600000,0.11051,0.11139,0.11026,0.11117,58848821.0
1779055200000,0.11117,0.11125,0.10927,0.10947,60482201.0
1779058800000,0.10947,0.10954,0.10537,0.10892,687373507.0
1779062400000,0.10892,0.10898,0.10645,0.10686,212444106.0
1779066000000,0.10686,0.10701,0.10579,0.10666,86639005.0
1779069600000,0.10666,0.10713,0.10631,0.10657,32884133.0
1779073200000,0.10657,0.10709,0.10612,0.1065,33627773.0
1779076800000,0.1065,0.10689,0.1059,0.1068,34382783.0
1779080400000,0.1068,0.10698,0.10587,0.10604,53191305.0
1779084000000,0.10604,0.10617,0.10351,0.10463,349536727.0
1779087600000,0.10463,0.10493,0.10357,0.10423,145073034.0
1779091200000,0.10423,0.10462,0.10393,0.10433,57012119.0
1779094800000,0.10433,0.1044,0.10388,0.10397,30451913.0
1779098400000,0.10397,0.10444,0.10369,0.10397,53347461.0
1779102000000,0.10397,0.10617,0.10374,0.10501,171894820.0
1779105600000,0.10501,0.10635,0.105,0.10628,174262992.0
1779109200000,0.10628,0.10636,0.10418,0.10501,179724221.0
1779112800000,0.10501,0.10501,0.10382,0.10416,153033766.0
1779116400000,0.10416,0.10435,0.10301,0.10386,177999731.0
1779120000000,0.10386,0.10431,0.10318,0.1036,83359885.0
1779123600000,0.1036,0.10422,0.10343,0.10396,31966959.0
1779127200000,0.10396,0.10402,0.10244,0.1026,124938684.0
1779130800000,0.1026,0.1049,0.10254,0.10472,181130157.0
1779134400000,0.10472,0.1052,0.10398,0.10414,64205170.0
1779138000000,0.10414,0.1051,0.10386,0.10502,65887295.0
1779141600000,0.10502,0.10555,0.10461,0.10494,61098973.0
1779145200000,0.10494,0.10517,0.10456,0.1047,27521395.0
1779148800000,0.1047,0.10547,0.10459,0.10516,34101312.0
1779152400000,0.10516,0.10516,0.10412,0.10422,67868377.0
1779156000000,0.10422,0.10473,0.10378,0.10407,25667015.0
1779159600000,0.10407,0.1046,0.10394,0.10427,24624705.0
1779163200000,0.10427,0.10529,0.10413,0.10524,66656441.0
1779166800000,0.10524,0.10533,0.10413,0.10448,50305557.0
1779170400000,0.10448,0.10463,0.10405,0.10441,51809109.0
1779174000000,0.10441,0.10514,0.10414,0.10514,71844560.0
1779177600000,0.10514,0.10517,0.10442,0.10442,51028639.0
1779181200000,0.10442,0.10466,0.10367,0.10412,48214181.0
1779184800000,0.10412,0.10442,0.10351,0.10415,64523842.0
1779188400000,0.10415,0.10432,0.1036,0.10366,25839705.0
1779192000000,0.10366,0.10423,0.10341,0.10407,63144719.0
1779195600000,0.10407,0.10458,0.10347,0.10426,92889405.0
1779199200000,0.10426,0.10445,0.1028,0.10334,101469055.0
1779202800000,0.10334,0.10386,0.10319,0.10355,25909064.0
1779206400000,0.10355,0.10419,0.10331,0.10407,30457926.0
1779210000000,0.10407,0.10419,0.10344,0.10365,24013436.0
1779213600000,0.10365,0.10379,0.10328,0.10341,19498078.0
1779217200000,0.10341,0.10385,0.10307,0.10322,20128349.0
1779220800000,0.10322,0.10364,0.10322,0.10357,20684964.0
1779224400000,0.10357,0.10378,0.10343,0.10348,13541255.0
1779228000000,0.10348,0.10348,0.1026,0.10273,44010916.0
1779231600000,0.10273,0.10328,0.10259,0.10295,17689825.0
1779235200000,0.10295,0.10306,0.10179,0.1027,99288233.0
1779238800000,0.1027,0.10297,0.10221,0.10271,42175880.0
1779242400000,0.10271,0.10301,0.10239,0.10251,18575563.0
1779246000000,0.10251,0.10306,0.10233,0.10283,25086276.0
1779249600000,0.10283,0.10293,0.10212,0.1024,82738015.0
1779253200000,0.1024,0.1037,0.1024,0.10349,86591228.0
1779256800000,0.10349,0.10409,0.10342,0.10398,36718318.0
1779260400000,0.10398,0.10406,0.10341,0.10354,29800034.0
1779264000000,0.10354,0.10406,0.1034,0.10375,33412512.0
1779267600000,0.10375,0.10389,0.10346,0.10361,23790631.0
1779271200000,0.10361,0.10408,0.10361,0.10384,19215055.0
1779274800000,0.10384,0.10396,0.10345,0.10365,23543317.0
1779278400000,0.10365,0.10444,0.10344,0.10412,29928798.0
1779282000000,0.10412,0.10424,0.10295,0.10358,69814838.0
1779285600000,0.10358,0.10453,0.10316,0.10431,85791524.0
1779289200000,0.10431,0.10493,0.10383,0.10414,116170088.0
1779292800000,0.10414,0.10453,0.10356,0.10432,56254547.0
1779296400000,0.10432,0.10479,0.10409,0.10442,50827163.0
1779300000000,0.10442,0.10457,0.10389,0.10402,27005885.0
1779303600000,0.10402,0.10444,0.10396,0.10418,24935328.0
1779307200000,0.10418,0.10436,0.10367,0.10409,38095521.0
1779310800000,0.10409,0.10419,0.10371,0.10372,20657124.0
1779314400000,0.10372,0.10372,0.10288,0.10352,48094814.0
1779318000000,0.10352,0.10368,0.10319,0.10366,14429559.0
1779321600000,0.10366,0.10458,0.1036,0.1045,33746649.0
1779325200000,0.1045,0.10488,0.10433,0.10459,36594138.0
1779328800000,0.10459,0.10525,0.1045,0.10504,44098442.0
1779332400000,0.10504,0.1058,0.10488,0.10561,91090235.0
1779336000000,0.10561,0.1061,0.10503,0.10553,92565293.0
1779339600000,0.10553,0.10589,0.10528,0.10585,49487604.0
1779343200000,0.10585,0.10602,0.10478,0.10503,86911030.0
1779346800000,0.10503,0.10572,0.1048,0.10558,45548844.0
1779350400000,0.10558,0.10635,0.10553,0.10578,78972856.0
1779354000000,0.10578,0.10581,0.10499,0.10517,62616428.0
1779357600000,0.10517,0.10528,0.10375,0.10401,119798086.0
1779361200000,0.10401,0.10457,0.10384,0.10423,34040843.0
1779364800000,0.10423,0.10474,0.10402,0.10452,41762262.0
1779368400000,0.10452,0.1048,0.10377,0.10471,82426017.0
1779372000000,0.10471,0.10486,0.1038,0.10417,71144217.0
1779375600000,0.10417,0.10492,0.10389,0.10466,58209597.0
1779379200000,0.10466,0.10487,0.10419,0.10447,35817945.0
1779382800000,0.10447,0.1065,0.10432,0.10616,158835719.0
1779386400000,0.10616,0.10631,0.1049,0.10545,73065114.0
1779390000000,0.10545,0.10593,0.10535,0.10573,49083688.0
1779393600000,0.10573,0.10608,0.10554,0.10561,18555255.0
1779397200000,0.10561,0.10573,0.10531,0.10546,21946953.0
1779400800000,0.10546,0.10554,0.10516,0.10537,15175126.0
1779404400000,0.10537,0.10568,0.10511,0.10561,19708644.0
1779408000000,0.10561,0.10565,0.10509,0.10509,15758239.0
1779411600000,0.10509,0.10599,0.10494,0.10596,44004484.0
1779415200000,0.10596,0.10623,0.10572,0.10593,40520489.0
1779418800000,0.10593,0.10618,0.10569,0.10585,19455724.0
1779422400000,0.10585,0.10614,0.10563,0.10571,11571132.0
1779426000000,0.10571,0.10609,0.10547,0.10557,21876385.0
1779429600000,0.10557,0.10568,0.10513,0.10522,24471988.0
1779433200000,0.10522,0.10579,0.10485,0.10553,37220968.0
1779436800000,0.10553,0.10594,0.10539,0.10575,47759144.0
1779440400000,0.10575,0.10601,0.10549,0.1057,24448787.0
1779444000000,0.1057,0.10585,0.10546,0.10578,12144636.0
1779447600000,0.10578,0.10644,0.10554,0.10638,44043920.0
1779451200000,0.10638,0.10675,0.1061,0.10658,59615245.0
1779454800000,0.10658,0.10668,0.10595,0.10647,53844133.0
1779458400000,0.10647,0.10647,0.10516,0.1054,72521022.0
1779462000000,0.1054,0.10633,0.10513,0.10602,55238449.0
1779465600000,0.10602,0.10633,0.10561,0.10598,28576562.0
1779469200000,0.10598,0.10622,0.10537,0.1054,50341780.0
1779472800000,0.1054,0.10548,0.10312,0.1042,240994259.0
1779476400000,0.1042,0.10443,0.10262,0.1034,189014038.0
1779480000000,0.1034,0.10406,0.10338,0.10393,83319764.0
1779483600000,0.10393,0.10432,0.10385,0.10424,40918794.0
1779487200000,0.10424,0.10429,0.10315,0.10344,35216271.0
1779490800000,0.10344,0.10374,0.10149,0.10228,151420653.0
1779494400000,0.10228,0.10232,0.10064,0.10128,178486727.0
1779498000000,0.10128,0.1018,0.10128,0.10173,41108606.0
1779501600000,0.10173,0.10179,0.10145,0.10169,22110339.0
1779505200000,0.10169,0.10186,0.10158,0.10163,11134973.0
1779508800000,0.10163,0.1017,0.1013,0.10145,18072029.0
1779512400000,0.10145,0.10162,0.1011,0.10119,89132210.0
1779516000000,0.10119,0.10127,0.10032,0.10083,82367790.0
1779519600000,0.10083,0.10096,0.09692,0.09883,507754909.0
1779523200000,0.09883,0.09974,0.09871,0.09963,138343340.0
1779526800000,0.09963,0.0998,0.09909,0.09934,129028521.0
1779530400000,0.09934,0.09965,0.09929,0.09944,23227673.0
1779534000000,0.09944,0.09963,0.09919,0.0992,18522084.0
1779537600000,0.0992,0.09921,0.09886,0.09909,29259637.0
1779541200000,0.09909,0.10058,0.09909,0.10048,84624587.0
1779544800000,0.10048,0.1011,0.10013,0.10098,75068285.0
1779548400000,0.10098,0.10196,0.10083,0.10105,126616757.0
1779552000000,0.10105,0.10141,0.10071,0.10111,82192346.0
1779555600000,0.10111,0.10135,0.10094,0.10127,15328010.0
1779559200000,0.10127,0.10273,0.10123,0.10228,129740705.0
1779562800000,0.10228,0.10263,0.10207,0.10252,34867140.0
1779566400000,0.10252,0.10481,0.10221,0.10479,154821334.0
1779570000000,0.10479,0.10502,0.10315,0.10359,93485968.0
1779573600000,0.10359,0.10392,0.10244,0.10294,74402437.0
1779577200000,0.10294,0.10328,0.10281,0.10304,55672991.0
1779580800000,0.10304,0.10332,0.10272,0.10311,37277788.0
1779584400000,0.10311,0.10335,0.10304,0.10323,21252475.0
1779588000000,0.10323,0.10333,0.10278,0.10312,22044798.0
1779591600000,0.10312,0.10327,0.10269,0.10294,19321241.0
1779595200000,0.10294,0.10324,0.10288,0.10306,14452988.0
1779598800000,0.10306,0.10306,0.10227,0.10284,74683311.0
1779602400000,0.10284,0.10316,0.10265,0.10308,17791752.0
1779606000000,0.10308,0.10319,0.10278,0.10282,21504392.0
1779609600000,0.10282,0.1029,0.1026,0.10282,19408787.0
1779613200000,0.10282,0.10325,0.10271,0.10322,41170494.0
1779616800000,0.10322,0.10385,0.10284,0.10301,69021633.0
1779620400000,0.10301,0.10361,0.10293,0.10326,116935999.0
1779624000000,0.10326,0.10329,0.10273,0.1029,24706443.0
1779627600000,0.1029,0.10326,0.10256,0.10286,32723176.0
1779631200000,0.10286,0.10292,0.10103,0.10207,197757148.0
1779634800000,0.10207,0.10218,0.10179,0.10189,15972173.0
1779638400000,0.10189,0.10249,0.10183,0.10222,64805879.0
1779642000000,0.10222,0.10245,0.10204,0.1023,7685211.0
1779645600000,0.1023,0.1024,0.10185,0.10193,32829165.0
1779649200000,0.10193,0.10211,0.10174,0.10204,9171665.0
1779652800000,0.10204,0.10211,0.10162,0.10173,25886002.0
1779656400000,0.10173,0.10196,0.10047,0.10061,86752236.0
1779660000000,0.10061,0.10205,0.1006,0.10164,83619963.0
1779663600000,0.10164,0.10246,0.10164,0.10221,22632716.0
1779667200000,0.10221,0.10278,0.1022,0.10249,33657684.0
1779670800000,0.10249,0.10261,0.10167,0.10175,25032247.0
1779674400000,0.10175,0.10259,0.10175,0.10212,26809378.0
1779678000000,0.10212,0.10226,0.10166,0.10194,22725320.0
1779681600000,0.10194,0.1027,0.10173,0.10252,41545187.0
1779685200000,0.10252,0.10305,0.10246,0.10293,41010651.0
1779688800000,0.10293,0.10313,0.10239,0.10291,18668248.0
1779692400000,0.10291,0.10326,0.10243,0.10277,31012485.0
1779696000000,0.10277,0.10281,0.10253,0.10271,14095557.0
1779699600000,0.10271,0.10285,0.10229,0.10263,72125242.0
1779703200000,0.10263,0.10296,0.10257,0.10288,15784958.0
1779706800000,0.10288,0.10301,0.10261,0.10282,26762361.0
1779710400000,0.10282,0.10308,0.10262,0.10276,21470549.0
1779714000000,0.10276,0.10288,0.10265,0.10286,11287638.0
1779717600000,0.10286,0.10326,0.10286,0.10318,38859721.0
1779721200000,0.10318,0.10357,0.10277,0.10295,52876594.0
1779724800000,0.10295,0.10376,0.10277,0.10343,29463310.0
1779728400000,0.10343,0.10357,0.10311,0.10321,20088843.0
1779732000000,0.10321,0.10347,0.10298,0.10305,12363142.0
1779735600000,0.10305,0.10307,0.10262,0.10273,18276607.0
1779739200000,0.10273,0.10286,0.10229,0.10234,34160123.0
1779742800000,0.10234,0.1026,0.10211,0.10229,14999206.0
1779746400000,0.10229,0.10243,0.10164,0.10168,55360107.0
1779750000000,0.10168,0.10224,0.1016,0.10209,26019090.0
1779753600000,0.10209,0.10214,0.10065,0.10125,79899576.0
1779757200000,0.10125,0.10131,0.10035,0.10062,43518470.0
1779760800000,0.10062,0.10092,0.10045,0.10085,26879117.0
1779764400000,0.10085,0.10105,0.10047,0.10104,15704738.0
1779768000000,0.10104,0.10143,0.10091,0.1013,15686846.0
1779771600000,0.1013,0.10208,0.10118,0.10173,25313928.0
1779775200000,0.10173,0.10174,0.10126,0.10153,20748312.0
1779778800000,0.10153,0.10157,0.10084,0.10111,30173762.0
1779782400000,0.10111,0.10133,0.10094,0.1012,13100123.0
1779786000000,0.1012,0.10142,0.10101,0.10112,20741997.0
1779789600000,0.10112,0.10252,0.10095,0.10229,76744907.0
1779793200000,0.10229,0.10252,0.10208,0.10237,40257171.0
1779796800000,0.10237,0.10272,0.10211,0.10266,66839678.0
1779800400000,0.10266,0.10299,0.1018,0.10272,77549112.0
1779804000000,0.10272,0.10381,0.10231,0.10281,107824095.0
1779807600000,0.10281,0.10297,0.1013,0.10197,97845504.0
1779811200000,0.10197,0.10206,0.10108,0.10142,63645300.0
1779814800000,0.10142,0.10167,0.10007,0.10097,96601685.0
1779818400000,0.10097,0.10142,0.10062,0.10078,20103633.0
1779822000000,0.10078,0.10127,0.1004,0.10105,22602960.0
1779825600000,0.10105,0.10134,0.10094,0.10114,14046482.0
1779829200000,0.10114,0.10119,0.10052,0.10071,15512985.0
1779832800000,0.10071,0.10117,0.10058,0.10088,16319119.0
1779836400000,0.10088,0.10125,0.10087,0.10098,9575880.0
1779840000000,0.10098,0.10181,0.10095,0.10179,25041910.0
1779843600000,0.10179,0.10183,0.10131,0.1015,13467501.0
1779847200000,0.1015,0.10153,0.10107,0.10152,13797698.0
1779850800000,0.10152,0.10169,0.10095,0.10116,18488591.0
1779854400000,0.10116,0.10163,0.10017,0.10152,100327622.0
1779858000000,0.10152,0.10172,0.1013,0.10165,17579708.0
1779861600000,0.10165,0.10225,0.10137,0.10217,25615094.0
1779865200000,0.10217,0.1023,0.10187,0.10213,17720127.0
1779868800000,0.10213,0.1025,0.10192,0.10209,32031634.0
1779872400000,0.10209,0.10217,0.10157,0.10188,31453457.0
1779876000000,0.10188,0.10215,0.10155,0.10166,15753170.0
1779879600000,0.10166,0.10193,0.10159,0.10166,20949331.0
1779883200000,0.10166,0.10239,0.10114,0.10201,76550933.0
1779886800000,0.10201,0.10211,0.10066,0.10134,83462448.0
1779890400000,0.10134,0.10189,0.1008,0.10154,95800857.0
1779894000000,0.10154,0.10329,0.10147,0.10251,132854068.0
1779897600000,0.10251,0.1028,0.10152,0.10196,81863059.0
1779901200000,0.10196,0.102,0.10093,0.10117,58828775.0
1779904800000,0.10117,0.1018,0.1009,0.10174,43453027.0
1779908400000,0.10174,0.10224,0.10168,0.10212,33820145.0
1779912000000,0.10212,0.10235,0.10182,0.10208,23788348.0
1779915600000,0.10208,0.10208,0.09916,0.10033,153911910.0
1779919200000,0.10033,0.10091,0.10005,0.10035,74239464.0
1779922800000,0.10035,0.10068,0.09992,0.10043,36278212.0
1779926400000,0.10043,0.10077,0.10029,0.10048,20903139.0
1779930000000,0.10048,0.10058,0.0998,0.10046,49310882.0
1779933600000,0.10046,0.10059,0.10008,0.10017,17993984.0
1779937200000,0.10017,0.10019,0.09794,0.09818,272008003.0
1779940800000,0.09818,0.09828,0.09705,0.09816,153382303.0
1779944400000,0.09816,0.09825,0.09707,0.09747,52415084.0
1779948000000,0.09747,0.09809,0.09735,0.09793,40173304.0
1779951600000,0.09793,0.09875,0.09774,0.09866,58364928.0
1779955200000,0.09866,0.09868,0.09803,0.09822,32347080.0
1779958800000,0.09822,0.09873,0.09822,0.09865,22490110.0
1779962400000,0.09865,0.0988,0.09804,0.09805,25881244.0
1779966000000,0.09805,0.09816,0.09772,0.09802,39290858.0
1779969600000,0.09802,0.09808,0.09736,0.09803,43078725.0
1779973200000,0.09803,0.09834,0.09731,0.09771,79683650.0
1779976800000,0.09771,0.09867,0.09638,0.09824,261127742.0
1779980400000,0.09824,0.09865,0.09751,0.09841,65415171.0
1779984000000,0.09841,0.0994,0.09791,0.0994,73594125.0
1779987600000,0.0994,0.10038,0.09914,0.0999,92820170.0
1779991200000,0.0999,0.10047,0.09987,0.10017,40097657.0
1779994800000,0.10017,0.10019,0.09944,0.09948,30548547.0
1779998400000,0.09948,0.10005,0.09907,0.09973,57536036.0
1780002000000,0.09973,0.10051,0.09966,0.09998,87601245.0
1780005600000,0.09998,0.1002,0.09927,0.09947,47024810.0
1780009200000,0.09947,0.09982,0.09939,0.09954,21969976.0
1780012800000,0.09954,0.10008,0.09953,0.0999,25501652.0
1780016400000,0.0999,0.10007,0.09933,0.09953,30673073.0
1780020000000,0.09953,0.09969,0.09881,0.09894,34405519.0
1780023600000,0.09894,0.09955,0.09894,0.09905,24351278.0
1780027200000,0.09905,0.09923,0.0986,0.09922,23869634.0
1780030800000,0.09922,0.09962,0.09915,0.09955,28344453.0
1780034400000,0.09955,0.09987,0.0993,0.09957,19296541.0
1780038000000,0.09957,0.09975,0.09905,0.09961,21412544.0
1780041600000,0.09961,0.0999,0.09942,0.09948,21996441.0
1780045200000,0.09948,0.09987,0.0994,0.09973,18493280.0
1780048800000,0.09973,0.09974,0.09937,0.0997,12421111.0
1780052400000,0.0997,0.0997,0.09866,0.09909,42942657.0
1780056000000,0.09909,0.09912,0.09838,0.09861,52924300.0
1780059600000,0.09861,0.09876,0.09796,0.09835,105447483.0
1780063200000,0.09835,0.09907,0.09733,0.09884,102019697.0
1780066800000,0.09884,0.10113,0.09872,0.10032,213174202.0
1780070400000,0.10032,0.10087,0.09982,0.10053,121565120.0
1780074000000,0.10053,0.10082,0.10016,0.10033,36799274.0
1780077600000,0.10033,0.10055,0.09924,0.09964,59546702.0
1780081200000,0.09964,0.10017,0.09913,0.10003,28832696.0
1780084800000,0.10003,0.10028,0.09987,0.10005,17023095.0
1780088400000,0.10005,0.10047,0.0995,0.09953,29370697.0
1780092000000,0.09953,0.09989,0.09934,0.09976,18695634.0
1780095600000,0.09976,0.09997,0.09941,0.09965,14762868.0
1780099200000,0.09965,0.10016,0.09943,0.10008,33764333.0
1780102800000,0.10008,0.10092,0.09995,0.10091,74433941.0
1780106400000,0.10091,0.10156,0.1009,0.10154,55731181.0
1780110000000,0.10154,0.10176,0.10098,0.10108,59485466.0
1780113600000,0.10108,0.10131,0.10014,0.10074,75832480.0
1780117200000,0.10074,0.10143,0.10066,0.1014,32609412.0
1780120800000,0.1014,0.1017,0.10118,0.10133,21143415.0
1780124400000,0.10133,0.10139,0.10098,0.10126,15157206.0
1780128000000,0.10126,0.10127,0.10078,0.10079,20868588.0
1780131600000,0.10079,0.101,0.10063,0.1009,26482662.0
1780135200000,0.1009,0.101,0.1007,0.10077,26401266.0
1780138800000,0.10077,0.10089,0.1005,0.10079,9822157.0
1780142400000,0.10079,0.10092,0.10066,0.10088,11572731.0
1780146000000,0.10088,0.10109,0.10066,0.10092,15622578.0
1780149600000,0.10092,0.10144,0.10092,0.10114,17627033.0
1780153200000,0.10114,0.10148,0.10104,0.10129,17225800.0
1780156800000,0.10129,0.10163,0.10126,0.10149,14699959.0
1780160400000,0.10149,0.10155,0.10112,0.10153,14596509.0
1780164000000,0.10153,0.10166,0.10121,0.10147,12871540.0
1780167600000,0.10147,0.10147,0.10118,0.10135,9693377.0
1780171200000,0.10135,0.1015,0.10116,0.10123,21221212.0
1780174800000,0.10123,0.10149,0.10119,0.10125,13367749.0
1780178400000,0.10125,0.10125,0.10039,0.10063,28753228.0
1780182000000,0.10063,0.10077,0.10033,0.10054,29756928.0
1780185600000,0.10054,0.10088,0.10039,0.10083,24901178.0
1780189200000,0.10083,0.10116,0.10076,0.10082,20381535.0
1780192800000,0.10082,0.10138,0.10076,0.10111,14883827.0
1780196400000,0.10111,0.10136,0.10107,0.10128,11478742.0
1780200000000,0.10128,0.10132,0.10105,0.10122,11702513.0
1780203600000,0.10122,0.10125,0.10078,0.10091,9212834.0
1780207200000,0.10091,0.10091,0.1007,0.10087,8168835.0
1780210800000,0.10087,0.10087,0.10014,0.10054,26036396.0
1780214400000,0.10054,0.10073,0.1004,0.10059,18057902.0
1780218000000,0.10059,0.1008,0.10037,0.10051,11741646.0
1780221600000,0.10051,0.10059,0.1002,0.10059,17480925.0
1780225200000,0.10059,0.10098,0.10058,0.10073,17190255.0
1780228800000,0.10073,0.10093,0.10057,0.10084,16463966.0
1780232400000,0.10084,0.10117,0.10076,0.10084,18022318.0
1780236000000,0.10084,0.10086,0.09948,0.09997,120967828.0
1780239600000,0.09997,0.10034,0.09978,0.0998,22141066.0
1780243200000,0.0998,0.09993,0.09892,0.0993,69369168.0
1780246800000,0.0993,0.0995,0.09906,0.09939,25063269.0
1780250400000,0.09939,0.09953,0.09921,0.09944,9216342.0
1780254000000,0.09944,0.09956,0.09908,0.09949,9219470.0
1780257600000,0.09949,0.09989,0.09948,0.09983,20331247.0
1780261200000,0.09983,0.10039,0.09957,0.10025,39922321.0
1780264800000,0.10025,0.10061,0.09999,0.10041,30804061.0
1780268400000,0.10041,0.10096,0.09985,0.10037,43916979.0
1780272000000,0.10037,0.1011,0.10024,0.10089,31676728.0
1780275600000,0.10089,0.10093,0.09979,0.09979,38273013.0
1780279200000,0.09979,0.10116,0.09964,0.10098,45205971.0
1780282800000,0.10098,0.10151,0.10095,0.10105,40884099.0
1780286400000,0.10105,0.10126,0.10005,0.10065,37141370.0
1780290000000,0.10065,0.10071,0.09996,0.10027,38476173.0
1780293600000,0.10027,0.10032,0.09967,0.1001,50109293.0
1780297200000,0.1001,0.10018,0.09905,0.09915,57037889.0
1780300800000,0.09915,0.09982,0.09902,0.09977,80958099.0
1780304400000,0.09977,0.10024,0.09977,0.10001,55019785.0
1780308000000,0.10001,0.10029,0.09972,0.10015,27441265.0
1780311600000,0.10015,0.10027,0.09965,0.09988,32236118.0
1780315200000,0.09988,0.10007,0.09916,0.09991,57513275.0
1780318800000,0.09991,0.10003,0.09833,0.09911,212301374.0
1780322400000,0.09911,0.09938,0.0985,0.09867,118511758.0
1780326000000,0.09867,0.09891,0.09788,0.09827,125348598.0
1780329600000,0.09827,0.09954,0.09772,0.09952,90105048.0
1780333200000,0.09952,0.10041,0.09941,0.10009,133091764.0
1780336800000,0.10009,0.10035,0.09971,0.09988,34343647.0
1780340400000,0.09988,0.10058,0.09971,0.10056,38084126.0
1780344000000,0.10056,0.10077,0.10027,0.10058,22508277.0
1780347600000,0.10058,0.10058,0.09972,0.09985,37412407.0
1780351200000,0.09985,0.1009,0.09948,0.10079,51536540.0
1780354800000,0.10079,0.10106,0.10042,0.10104,45261992.0
1780358400000,0.10104,0.10118,0.10055,0.10084,38324784.0
1780362000000,0.10084,0.10098,0.09989,0.10008,69731560.0
1780365600000,0.10008,0.10081,0.09937,0.10078,54088075.0
1780369200000,0.10078,0.10097,0.10054,0.10088,33058641.0
1780372800000,0.10088,0.101,0.10017,0.10021,52539973.0
1780376400000,0.10021,0.10028,0.09942,0.09949,73280499.0
1780380000000,0.09949,0.09966,0.09883,0.09921,76610452.0
1780383600000,0.09921,0.09952,0.09857,0.09917,63871795.0
1780387200000,0.09917,0.09945,0.09898,0.09919,43377500.0
1780390800000,0.09919,0.09923,0.09844,0.09875,53935894.0
1780394400000,0.09875,0.09934,0.09859,0.0993,77973007.0
1780398000000,0.0993,0.0993,0.09864,0.09875,40892899.0
1780401600000,0.09875,0.09892,0.09838,0.0987,35061747.0
1780405200000,0.0987,0.09895,0.09831,0.09844,49513811.0
1780408800000,0.09844,0.09847,0.09529,0.09626,351912217.0
1780412400000,0.09626,0.09642,0.09346,0.0948,396098141.0
1780416000000,0.0948,0.09632,0.09454,0.09523,147733011.0
1780419600000,0.09523,0.09604,0.09519,0.09556,54487031.0
1780423200000,0.09556,0.09585,0.09396,0.09444,86844312.0
1780426800000,0.09444,0.09463,0.09241,0.09402,203468558.0
1780430400000,0.09402,0.09446,0.09328,0.09415,45657523.0
1780434000000,0.09415,0.09496,0.09387,0.09421,79517371.0
1780437600000,0.09421,0.09422,0.09168,0.09218,221885112.0
1780441200000,0.09218,0.09284,0.09112,0.09268,218313279.0
1780444800000,0.09268,0.09349,0.09249,0.09317,81334305.0
1780448400000,0.09317,0.09332,0.09231,0.0931,59069095.0
1780452000000,0.0931,0.09313,0.09246,0.09268,25583047.0
1780455600000,0.09268,0.09281,0.09077,0.0915,106621819.0
1780459200000,0.0915,0.09284,0.0915,0.09284,68878198.0
1780462800000,0.09284,0.09419,0.09284,0.09393,105314934.0
1780466400000,0.09393,0.09451,0.09374,0.09387,65135903.0
1780470000000,0.09387,0.0945,0.09366,0.09413,28574412.0
1780473600000,0.09413,0.09418,0.09367,0.09392,28791697.0
1780477200000,0.09392,0.0942,0.0934,0.09377,41160963.0
1780480800000,0.09377,0.09444,0.0937,0.09424,37205476.0
1780484400000,0.09424,0.09448,0.09366,0.09392,47294565.0
1780488000000,0.09392,0.09428,0.09364,0.09406,41381603.0
1780491600000,0.09406,0.09434,0.09372,0.09414,28882140.0
1780495200000,0.09414,0.09419,0.09309,0.09366,57658502.0
1780498800000,0.09366,0.09382,0.09269,0.09275,85126834.0
1780502400000,0.09275,0.09301,0.09153,0.09236,118127475.0
1780506000000,0.09236,0.09305,0.09155,0.09254,80676787.0
1780509600000,0.09254,0.09296,0.09197,0.09282,27575928.0
1780513200000,0.09282,0.09292,0.09151,0.09173,97070671.0
1780516800000,0.09173,0.09234,0.0905,0.09108,152542454.0
1780520400000,0.09108,0.09306,0.09081,0.09291,85600037.0
1780524000000,0.09291,0.09325,0.09174,0.09205,61478604.0
1780527600000,0.09205,0.09207,0.09107,0.09135,49399796.0
1780531200000,0.09135,0.09182,0.08974,0.09063,153769137.0
1780534800000,0.09063,0.09105,0.08816,0.08846,236442030.0
1780538400000,0.08846,0.0899,0.08565,0.08932,522837622.0
1780542000000,0.08932,0.09147,0.08932,0.09127,95768175.0
1780545600000,0.09127,0.09153,0.09061,0.09072,64773250.0
1780549200000,0.09072,0.09072,0.08946,0.09002,111021063.0
1780552800000,0.09002,0.09091,0.08961,0.08974,53779437.0
1780556400000,0.08974,0.08983,0.08868,0.0887,91648165.0
1780560000000,0.0887,0.08913,0.08789,0.08873,69767844.0
1780563600000,0.08873,0.08874,0.08689,0.08796,122078433.0
1780567200000,0.08796,0.08797,0.08661,0.08699,187046760.0
1780570800000,0.08699,0.08804,0.08676,0.08789,118026489.0
1780574400000,0.08789,0.08964,0.08759,0.08949,127276560.0
1780578000000,0.08949,0.08956,0.08799,0.08938,132891500.0
1780581600000,0.08938,0.08967,0.08891,0.08929,60290340.0
1780585200000,0.08929,0.09014,0.08909,0.08949,63186473.0
1780588800000,0.08949,0.08954,0.08871,0.08917,38402841.0
1780592400000,0.08917,0.08957,0.0884,0.08932,76120330.0
1780596000000,0.08932,0.09001,0.0885,0.08945,55234378.0
1780599600000,0.08945,0.0898,0.08877,0.08903,37251100.0
1780603200000,0.08903,0.08908,0.08831,0.0887,30739524.0
1780606800000,0.0887,0.089,0.08696,0.08721,64223896.0
1780610400000,0.08721,0.08816,0.08691,0.08805,87821304.0
1780614000000,0.08805,0.0886,0.08745,0.0885,40264096.0
1780617600000,0.0885,0.08873,0.08767,0.08776,46743375.0
1780621200000,0.08776,0.08826,0.08694,0.08789,66427809.0
1780624800000,0.08789,0.08794,0.08605,0.08615,138445702.0
1780628400000,0.08615,0.08688,0.08582,0.08587,101029090.0
1780632000000,0.08587,0.08713,0.08564,0.08681,154757180.0
1780635600000,0.08681,0.08704,0.0848,0.08502,163653146.0
1780639200000,0.08502,0.08523,0.08193,0.0837,490434346.0
1780642800000,0.0837,0.08505,0.08224,0.08495,225575234.0
1780646400000,0.08495,0.08496,0.08327,0.08355,86532962.0
1780650000000,0.08355,0.08497,0.08354,0.08493,151891615.0
1780653600000,0.08493,0.0854,0.08441,0.08468,57363982.0
1780657200000,0.08468,0.08494,0.08397,0.08397,89669181.0
1780660800000,0.08397,0.08422,0.08281,0.08355,182304131.0
1780664400000,0.08355,0.08488,0.0819,0.08195,286892261.0
1780668000000,0.08195,0.08355,0.08128,0.08269,356010356.0
1780671600000,0.08269,0.08281,0.08089,0.08149,319671217.0
1780675200000,0.08149,0.08339,0.08017,0.08317,391302359.0
1780678800000,0.08317,0.08342,0.08212,0.08257,76876339.0
1780682400000,0.08257,0.08294,0.07962,0.07996,238820642.0
1780686000000,0.07996,0.0818,0.07889,0.08098,275798693.0
1780689600000,0.08098,0.08279,0.08004,0.08248,177592237.0
1780693200000,0.08248,0.0836,0.08236,0.08311,105482153.0
1780696800000,0.08311,0.08312,0.082,0.08276,185756319.0
1780700400000,0.08276,0.08312,0.08046,0.08143,132441208.0
1780704000000,0.08143,0.08298,0.0814,0.08273,70077641.0
1780707600000,0.08273,0.08294,0.08178,0.08186,47369937.0
1780711200000,0.08186,0.08193,0.08103,0.08142,40330284.0
1780714800000,0.08142,0.08142,0.08047,0.08102,59142285.0
1780718400000,0.08102,0.08142,0.07778,0.07854,349788211.0
1780722000000,0.07854,0.08079,0.07757,0.08047,287466018.0
1780725600000,0.08047,0.08146,0.08023,0.08032,133741041.0
1780729200000,0.08032,0.08176,0.08019,0.08146,118346656.0
1780732800000,0.08146,0.08243,0.08111,0.08221,83557960.0
1780736400000,0.08221,0.08253,0.08107,0.08132,81662102.0
1780740000000,0.08132,0.08132,0.07981,0.08052,185499640.0
1780743600000,0.08052,0.08154,0.08045,0.0812,79221689.0
1780747200000,0.0812,0.0824,0.08089,0.082,130053459.0
1780750800000,0.082,0.08238,0.08145,0.08181,42086221.0
1780754400000,0.08181,0.08256,0.08172,0.08191,91156373.0
1780758000000,0.08191,0.08207,0.08082,0.08162,141384927.0
1780761600000,0.08162,0.08202,0.08063,0.08119,83747029.0
1780765200000,0.08119,0.08132,0.0804,0.08058,68161055.0
1780768800000,0.08058,0.08128,0.08049,0.0809,40620230.0
1780772400000,0.0809,0.08134,0.08064,0.08065,45296563.0
1780776000000,0.08065,0.08094,0.08042,0.08084,40492115.0
1780779600000,0.08084,0.08168,0.08083,0.08114,41222970.0
1780783200000,0.08114,0.08159,0.08097,0.08129,50601120.0
1780786800000,0.08129,0.08189,0.08122,0.08187,27648102.0
1780790400000,0.08187,0.0821,0.0816,0.0817,34104928.0
1780794000000,0.0817,0.08381,0.08162,0.08346,118377384.0
1780797600000,0.08346,0.08364,0.08279,0.0834,45463512.0
1780801200000,0.0834,0.08369,0.08317,0.08348,27676124.0
1780804800000,0.08348,0.08391,0.0829,0.08383,52655884.0
1780808400000,0.08383,0.08419,0.08357,0.08384,60329056.0
1780812000000,0.08384,0.08481,0.08358,0.08453,75377720.0
1780815600000,0.08453,0.08496,0.08437,0.08489,63770447.0
1780819200000,0.08489,0.08564,0.08447,0.08552,90280604.0
1780822800000,0.08552,0.08608,0.08469,0.08475,94529090.0
1780826400000,0.08475,0.08484,0.0841,0.08433,41469786.0
1780830000000,0.08433,0.08478,0.08413,0.08454,34462827.0
1780833600000,0.08454,0.08461,0.08315,0.08373,122335463.0
1780837200000,0.08373,0.08399,0.08359,0.08381,23256107.0
1780840800000,0.08381,0.08494,0.08379,0.08452,70653420.0
1780844400000,0.08452,0.0849,0.08424,0.08462,33347783.0
1780848000000,0.08462,0.08493,0.08445,0.08478,21084468.0
1780851600000,0.08478,0.08527,0.08459,0.08479,32881562.0
1780855200000,0.08479,0.08492,0.08428,0.08431,23119794.0
1780858800000,0.08431,0.08434,0.08294,0.0833,91934913.0
1780862400000,0.0833,0.08428,0.08308,0.08412,40467353.0
1780866000000,0.08412,0.08418,0.0835,0.08398,32591614.0
1780869600000,0.08398,0.08754,0.08379,0.08548,492672534.0
1780873200000,0.08548,0.08641,0.08541,0.08624,77508926.0
1780876800000,0.08624,0.08678,0.08571,0.08634,76458461.0
1780880400000,0.08634,0.08649,0.08478,0.08565,102588923.0
1780884000000,0.08565,0.0859,0.08534,0.08583,69506147.0
1780887600000,0.08583,0.08625,0.0855,0.08586,43394578.0
1780891200000,0.08586,0.08595,0.08479,0.08489,64245070.0
1780894800000,0.08489,0.0851,0.0843,0.08475,51544650.0
1780898400000,0.08475,0.08536,0.08472,0.08524,35267157.0
1780902000000,0.08524,0.08575,0.08491,0.08561,44482565.0
1780905600000,0.08561,0.08562,0.08487,0.0851,40317783.0
1780909200000,0.0851,0.08588,0.08507,0.08588,62848898.0
1780912800000,0.08588,0.08599,0.08526,0.08562,68124136.0
1780916400000,0.08562,0.08679,0.08545,0.08635,59013526.0
1780920000000,0.08635,0.08697,0.08576,0.08679,92201996.0
1780923600000,0.08679,0.0869,0.08598,0.0863,82620113.0
1780927200000,0.0863,0.08678,0.0861,0.08663,43474254.0
1780930800000,0.08663,0.0874,0.08663,0.08692,73573259.0
1780934400000,0.08692,0.08749,0.08634,0.08641,64779276.0
1780938000000,0.08641,0.08679,0.0861,0.08679,33955096.0
1780941600000,0.08679,0.08722,0.08656,0.08678,24988860.0
1780945200000,0.08678,0.08708,0.08662,0.08676,24037923.0
1780948800000,0.08676,0.0868,0.08627,0.08672,25220036.0
1780952400000,0.08672,0.08746,0.08672,0.08701,42912012.0
1780956000000,0.08701,0.08706,0.08657,0.08696,59454502.0
1780959600000,0.08696,0.08717,0.08607,0.08629,37761467.0
1780963200000,0.08629,0.08642,0.08456,0.08478,176152336.0
1780966800000,0.08478,0.08532,0.0847,0.08508,37233822.0
1780970400000,0.08508,0.08529,0.08447,0.08528,36237505.0
1780974000000,0.08528,0.08544,0.08488,0.08526,14955506.0
1780977600000,0.08526,0.0864,0.085,0.08611,63611810.0
1780981200000,0.08611,0.08671,0.0859,0.08643,17681068.0
1780984800000,0.08643,0.08668,0.08621,0.08629,25423299.0
1780988400000,0.08629,0.08661,0.08591,0.08634,46163241.0
1780992000000,0.08634,0.08639,0.0857,0.0858,48163259.0
1780995600000,0.0858,0.08599,0.08521,0.08537,35828408.0
1780999200000,0.08537,0.08555,0.08514,0.08545,36541403.0
1781002800000,0.08545,0.08554,0.08512,0.08547,26955927.0
1781006400000,0.08547,0.08589,0.08543,0.08581,29222840.0
1781010000000,0.08581,0.0861,0.08517,0.08565,56009386.0
1781013600000,0.08565,0.08586,0.08426,0.08497,125001386.0
1781017200000,0.08497,0.08527,0.08402,0.08406,104042203.0
1781020800000,0.08406,0.0844,0.0831,0.08428,139353513.0
1781024400000,0.08428,0.08543,0.08426,0.08474,68953299.0
1781028000000,0.08474,0.08523,0.08455,0.08485,33093372.0
1781031600000,0.08485,0.08533,0.08468,0.08515,30358085.0
1781035200000,0.08515,0.08558,0.08507,0.08551,39036877.0
1781038800000,0.08551,0.08566,0.0845,0.08479,40308278.0
1781042400000,0.08479,0.08509,0.08447,0.08448,24540069.0
1781046000000,0.08448,0.08489,0.0844,0.08474,28354114.0
1781049600000,0.08474,0.0851,0.08414,0.08502,43164134.0
1781053200000,0.08502,0.0851,0.08443,0.08463,24059652.0
1781056800000,0.08463,0.08477,0.0836,0.08375,48601311.0
1781060400000,0.08375,0.08421,0.08374,0.0839,13467256.0
1781064000000,0.0839,0.08408,0.08342,0.08356,23346588.0
1781067600000,0.08356,0.08369,0.08318,0.08351,15811148.0
1781071200000,0.08351,0.0838,0.08322,0.08359,23905099.0
1781074800000,0.08359,0.08432,0.08354,0.08418,30376451.0
1781078400000,0.08418,0.08419,0.08316,0.08337,59090503.0
1781082000000,0.08337,0.08361,0.08283,0.08349,66818721.0
1781085600000,0.08349,0.08385,0.08321,0.08365,22752349.0
1781089200000,0.08365,0.0837,0.08277,0.08325,92442525.0
1781092800000,0.08325,0.08456,0.08299,0.08386,153431989.0
1781096400000,0.08386,0.08515,0.08373,0.08455,112774182.0
1781100000000,0.08455,0.0847,0.08393,0.08448,96192228.0
1781103600000,0.08448,0.08541,0.08389,0.08508,181475579.0
1781107200000,0.08508,0.08517,0.08356,0.0841,211185102.0
1781110800000,0.0841,0.0845,0.0833,0.08384,158978375.0
1781114400000,0.08384,0.084,0.08323,0.08385,62656214.0
1781118000000,0.08385,0.08387,0.08294,0.0831,50900625.0
1781121600000,0.0831,0.08324,0.08257,0.08278,61763135.0
1781125200000,0.08278,0.08278,0.08175,0.0821,96617212.0
1781128800000,0.0821,0.08263,0.08181,0.08228,79638408.0
1781132400000,0.08228,0.08307,0.08208,0.0829,96362618.0
1781136000000,0.0829,0.0836,0.08289,0.08337,36321285.0
1781139600000,0.08337,0.08443,0.08336,0.08421,66972163.0
1781143200000,0.08421,0.0843,0.08357,0.08408,33095047.0
1781146800000,0.08408,0.08525,0.08386,0.08499,123977012.0
1781150400000,0.08499,0.08536,0.08475,0.08514,52866690.0
1781154000000,0.08514,0.08514,0.08472,0.08477,26584068.0
1781157600000,0.08477,0.08512,0.08455,0.08472,29880649.0
1781161200000,0.08472,0.085,0.08462,0.08482,33651443.0
1781164800000,0.08482,0.08546,0.08482,0.08521,29368020.0
1781168400000,0.08521,0.08522,0.08474,0.08506,37666624.0
1781172000000,0.08506,0.08518,0.08493,0.08513,23370370.0
1781175600000,0.08513,0.08554,0.0849,0.08526,37247738.0
1781179200000,0.08526,0.0853,0.08419,0.08473,128732345.0
1781182800000,0.08473,0.08519,0.08447,0.08494,92143634.0
1781186400000,0.08494,0.08542,0.0846,0.08496,72043703.0
1781190000000,0.08496,0.08518,0.08453,0.0849,61363549.0
1781193600000,0.0849,0.08511,0.08457,0.0847,29963707.0
1781197200000,0.0847,0.08681,0.08433,0.0867,235785430.0
1781200800000,0.0867,0.08697,0.08622,0.08646,98194840.0
1781204400000,0.08646,0.08705,0.08617,0.08646,97424807.0
1781208000000,0.08646,0.08659,0.08597,0.08628,43584899.0
1781211600000,0.08628,0.0867,0.08626,0.08639,29142933.0
1781215200000,0.08639,0.08666,0.08623,0.08636,25406298.0
1781218800000,0.08636,0.08645,0.08594,0.08603,27046286.0
1781222400000,0.08603,0.08617,0.08578,0.08583,24915206.0
1781226000000,0.08583,0.08611,0.08552,0.08585,122053049.0
1781229600000,0.08585,0.08658,0.08585,0.08636,91343264.0
1781233200000,0.08636,0.08656,0.08614,0.08656,24541840.0
1781236800000,0.08656,0.08716,0.08641,0.08697,62965973.0
1781240400000,0.08697,0.08739,0.08664,0.08673,131903482.0
1781244000000,0.08673,0.08704,0.08498,0.08536,223812390.0
1781247600000,0.08536,0.08595,0.08535,0.0859,40165420.0
1781251200000,0.0859,0.0867,0.08589,0.08663,45497390.0
1781254800000,0.08663,0.08724,0.08649,0.08696,60442822.0
1781258400000,0.08696,0.08703,0.08623,0.08656,63035394.0
1781262000000,0.08656,0.08693,0.08643,0.08691,31389968.0
1781265600000,0.08691,0.08725,0.08673,0.08696,41508730.0
1781269200000,0.08696,0.08737,0.08661,0.08696,139567751.0
1781272800000,0.08696,0.09243,0.0869,0.09055,954571349.0
1781276400000,0.09055,0.09079,0.08705,0.08739,598658003.0
1781280000000,0.08739,0.08873,0.08714,0.08873,243548083.0
1781283600000,0.08873,0.08897,0.08768,0.08782,90563125.0
1781287200000,0.08782,0.08804,0.0874,0.08751,48994234.0
1781290800000,0.08751,0.08808,0.08728,0.08738,46024911.0
1781294400000,0.08738,0.0878,0.08729,0.08743,39342906.0
1781298000000,0.08743,0.08769,0.08629,0.08665,139154395.0
1781301600000,0.08665,0.08679,0.08611,0.08631,68550996.0
1781305200000,0.08631,0.08631,0.08552,0.08593,96442533.0
1781308800000,0.08593,0.08614,0.08576,0.08604,37183088.0
1781312400000,0.08604,0.08673,0.08601,0.0867,87597122.0
1781316000000,0.0867,0.08686,0.08618,0.08638,78260045.0
1781319600000,0.08638,0.08651,0.08601,0.08622,23511545.0
1781323200000,0.08622,0.08641,0.08596,0.08601,24461212.0
1781326800000,0.08601,0.08623,0.08574,0.08611,53809647.0
1781330400000,0.08611,0.0867,0.08601,0.08658,84931368.0
1781334000000,0.08658,0.08719,0.08639,0.087,111958391.0
1781337600000,0.087,0.08735,0.08685,0.08707,60127008.0
1781341200000,0.08707,0.08741,0.08697,0.0871,32112986.0
1781344800000,0.0871,0.08747,0.08708,0.08728,24401822.0
1781348400000,0.08728,0.08791,0.0872,0.0879,56474602.0
1781352000000,0.0879,0.08869,0.08761,0.08852,105477579.0
1781355600000,0.08852,0.08853,0.08795,0.08808,73507865.0
1781359200000,0.08808,0.0884,0.08801,0.08832,39388454.0
1781362800000,0.08832,0.08876,0.08822,0.08829,63397659.0
1781366400000,0.08829,0.08833,0.08749,0.08788,107470407.0
1781370000000,0.08788,0.0879,0.08733,0.08757,47906107.0
1781373600000,0.08757,0.08782,0.08751,0.08763,18486339.0
1781377200000,0.08763,0.08784,0.08746,0.08758,16859006.0
1781380800000,0.08758,0.08772,0.08746,0.08761,13557684.0
1781384400000,0.08761,0.08878,0.08757,0.08814,100567576.0
1781388000000,0.08814,0.08816,0.08777,0.08781,26848187.0
1781391600000,0.08781,0.08803,0.0877,0.08784,20490107.0
1781395200000,0.08784,0.0879,0.08743,0.08765,39502178.0
1781398800000,0.08765,0.08796,0.08755,0.08776,21376221.0
1781402400000,0.08776,0.08807,0.08772,0.08789,28482787.0
1781406000000,0.08789,0.08814,0.08777,0.08806,33112396.0
1781409600000,0.08806,0.0881,0.08738,0.08756,26824417.0
1781413200000,0.08756,0.08776,0.08723,0.08761,32536208.0
1781416800000,0.08761,0.08784,0.08738,0.08747,15154480.0
1781420400000,0.08747,0.08749,0.08697,0.08716,29196605.0
1781424000000,0.08716,0.08745,0.087,0.08718,39284940.0
1781427600000,0.08718,0.08743,0.08667,0.0874,45955749.0
1781431200000,0.0874,0.08748,0.08705,0.0871,17430856.0
1781434800000,0.0871,0.08724,0.08697,0.087,13748490.0
1781438400000,0.087,0.08706,0.08623,0.08653,108569940.0
1781442000000,0.08653,0.08666,0.08619,0.08648,38213942.0
1781445600000,0.08648,0.08651,0.08561,0.08598,61569914.0
1781449200000,0.08598,0.08629,0.08587,0.08623,40073005.0
1781452800000,0.08623,0.08662,0.08623,0.0864,29362423.0
1781456400000,0.0864,0.0866,0.08618,0.0863,32717882.0
1781460000000,0.0863,0.08641,0.08609,0.0863,14381456.0
1781463600000,0.0863,0.08658,0.08618,0.08634,7913830.0
1781467200000,0.08634,0.0869,0.08624,0.08658,26858624.0
1781470800000,0.08658,0.08905,0.08655,0.08851,153605670.0
1781474400000,0.08851,0.08875,0.08794,0.08833,136881783.0
1781478000000,0.08833,0.08895,0.08806,0.08885,72576251.0
1781481600000,0.08885,0.08913,0.08847,0.08878,56131481.0
1781485200000,0.08878,0.08886,0.08821,0.08839,63723532.0
1781488800000,0.08839,0.08917,0.08829,0.08872,30378354.0
1781492400000,0.08872,0.0891,0.08863,0.08894,22371097.0
1781496000000,0.08894,0.089,0.08853,0.08854,26617990.0
1781499600000,0.08854,0.08893,0.08844,0.08869,23786117.0
1781503200000,0.08869,0.08896,0.08859,0.08867,18592524.0
1781506800000,0.08867,0.08874,0.08832,0.08848,33193021.0
1781510400000,0.08848,0.08889,0.0884,0.0885,28948465.0
1781514000000,0.0885,0.0887,0.08807,0.08856,49753714.0
1781517600000,0.08856,0.08943,0.08841,0.08917,89595252.0
1781521200000,0.08917,0.09009,0.08897,0.08967,147596865.0
1781524800000,0.08967,0.09018,0.08948,0.09003,82369171.0
1781528400000,0.09003,0.09087,0.08992,0.09027,164661233.0
1781532000000,0.09027,0.09029,0.08893,0.08946,267689378.0
1781535600000,0.08946,0.09069,0.08915,0.09062,195913355.0
1781539200000,0.09062,0.09064,0.08998,0.09001,85025999.0
1781542800000,0.09001,0.09003,0.08917,0.0896,113828628.0
1781546400000,0.0896,0.08966,0.08918,0.08927,54104059.0
1781550000000,0.08927,0.08967,0.08847,0.08892,103428285.0
1781553600000,0.08892,0.08919,0.08863,0.08893,43374304.0
1781557200000,0.08893,0.0891,0.08856,0.08876,32973986.0
1781560800000,0.08876,0.08891,0.08775,0.08797,141101314.0
1781564400000,0.08797,0.08821,0.08771,0.08807,41825993.0
1781568000000,0.08807,0.08826,0.08763,0.08771,41756587.0
1781571600000,0.08771,0.08807,0.08769,0.08782,35195473.0
1781575200000,0.08782,0.08793,0.08664,0.08694,135613692.0
1781578800000,0.08694,0.08749,0.08683,0.08742,27983247.0
1781582400000,0.08742,0.08753,0.08666,0.08687,29615753.0
1781586000000,0.08687,0.0873,0.08687,0.08722,38055490.0
1781589600000,0.08722,0.08765,0.08722,0.08756,24595347.0
1781593200000,0.08756,0.08779,0.08739,0.08779,21331026.0
1781596800000,0.08779,0.08902,0.08755,0.08877,110544828.0
1781600400000,0.08877,0.08889,0.08834,0.08849,62147638.0
1781604000000,0.08849,0.08862,0.0882,0.08822,43481197.0
1781607600000,0.08822,0.08839,0.08778,0.08814,38770747.0
1781611200000,0.08814,0.08887,0.08787,0.08837,67507522.0
1781614800000,0.08837,0.08843,0.08718,0.08739,115379319.0
1781618400000,0.08739,0.08773,0.08614,0.08663,172611726.0
1781622000000,0.08663,0.0874,0.08651,0.08715,145868967.0
1781625600000,0.08715,0.08727,0.08635,0.08649,57998543.0
1781629200000,0.08649,0.08731,0.08647,0.08722,34199622.0
1781632800000,0.08722,0.08783,0.08717,0.08753,43274769.0
1781636400000,0.08753,0.08766,0.08693,0.08723,64141896.0
1781640000000,0.08723,0.08776,0.08706,0.08764,69445370.0
1781643600000,0.08764,0.08778,0.08707,0.08743,98432404.0
1781647200000,0.08743,0.08765,0.08712,0.08731,33031195.0
1781650800000,0.08731,0.08741,0.08693,0.08712,61128263.0
1781654400000,0.08712,0.08745,0.08708,0.08736,28206219.0
1781658000000,0.08736,0.08781,0.08694,0.08773,29025211.0
1781661600000,0.08773,0.08807,0.08746,0.08774,36866483.0
1781665200000,0.08774,0.08774,0.08723,0.08742,32275951.0
1781668800000,0.08742,0.08781,0.0873,0.08747,10800735.0
1781672400000,0.08747,0.08764,0.08713,0.08734,18431563.0
1781676000000,0.08734,0.08747,0.08668,0.08696,55965573.0
1781679600000,0.08696,0.08719,0.08656,0.08684,38625147.0
1781683200000,0.08684,0.08688,0.08568,0.08591,85045044.0
1781686800000,0.08591,0.0862,0.08586,0.08601,28245919.0
1781690400000,0.08601,0.08614,0.08584,0.08594,15578798.0
1781694000000,0.08594,0.08606,0.08536,0.08577,81427778.0
1781697600000,0.08577,0.08625,0.08543,0.08622,78638405.0
1781701200000,0.08622,0.08655,0.08589,0.08624,53608700.0
1781704800000,0.08624,0.08652,0.0856,0.08603,69305948.0
1781708400000,0.08603,0.08726,0.08596,0.08724,69389953.0
1781712000000,0.08724,0.08774,0.08699,0.08702,62160033.0
1781715600000,0.08702,0.08755,0.0869,0.08755,36656443.0
1781719200000,0.08755,0.08786,0.08581,0.08701,236427850.0
1781722800000,0.08701,0.0872,0.08493,0.08536,203369621.0
1781726400000,0.08536,0.08621,0.08523,0.08617,51350752.0
1781730000000,0.08617,0.08622,0.08539,0.08556,49381606.0
1781733600000,0.08556,0.08593,0.08461,0.08579,77021288.0
1781737200000,0.08579,0.08613,0.08573,0.08588,18956218.0
1781740800000,0.08588,0.0863,0.08585,0.08617,12790544.0
1781744400000,0.08617,0.08653,0.08603,0.0862,14021211.0
1781748000000,0.0862,0.08633,0.08599,0.08615,7009787.0
1781751600000,0.08615,0.08616,0.08498,0.08527,87550143.0
1781755200000,0.08527,0.08538,0.08432,0.08461,69616900.0
1781758800000,0.08461,0.08462,0.08388,0.08423,63387164.0
1781762400000,0.08423,0.08472,0.08408,0.08461,53807000.0
1781766000000,0.08461,0.08509,0.08438,0.0849,41666264.0
1781769600000,0.0849,0.08519,0.08472,0.08501,29634770.0
1781773200000,0.08501,0.08518,0.08483,0.08504,20452100.0
1781776800000,0.08504,0.08504,0.0845,0.08483,33884797.0
1781780400000,0.08483,0.08499,0.08426,0.08447,23398059.0
1781784000000,0.08447,0.08481,0.08439,0.08477,13376305.0
1781787600000,0.08477,0.08484,0.08351,0.08401,86035841.0
1781791200000,0.08401,0.08445,0.08358,0.08384,56461565.0
1781794800000,0.08384,0.08387,0.08178,0.08195,235115733.0
1781798400000,0.08195,0.0827,0.08187,0.08262,54305288.0
1781802000000,0.08262,0.08266,0.08195,0.08232,51289871.0
1781805600000,0.08232,0.08262,0.0822,0.08237,27104589.0
1781809200000,0.08237,0.08299,0.08231,0.08284,28416380.0
1781812800000,0.08284,0.08349,0.08284,0.08337,28530332.0
1781816400000,0.08337,0.08348,0.08304,0.08336,23275948.0
1781820000000,0.08336,0.08345,0.08294,0.0834,30183268.0
1781823600000,0.0834,0.08355,0.08308,0.08348,10507338.0
1781827200000,0.08348,0.08374,0.08335,0.0836,15654167.0
1781830800000,0.0836,0.08386,0.08341,0.0838,16960123.0
1781834400000,0.0838,0.08391,0.08346,0.08361,19523068.0
1781838000000,0.08361,0.08369,0.08255,0.08284,132681289.0
1781841600000,0.08284,0.083,0.08197,0.08219,42576569.0
1781845200000,0.08219,0.08268,0.08218,0.08258,24540405.0
1781848800000,0.08258,0.08275,0.08241,0.08268,18025120.0
1781852400000,0.08268,0.0827,0.0819,0.08229,34465676.0
1781856000000,0.08229,0.08263,0.08224,0.08249,13437120.0
1781859600000,0.08249,0.08257,0.08202,0.08219,20839605.0
1781863200000,0.08219,0.08239,0.08201,0.08228,18802382.0
1781866800000,0.08228,0.08245,0.08211,0.08235,13333054.0
1781870400000,0.08235,0.08273,0.08182,0.08263,87124527.0
1781874000000,0.08263,0.08346,0.08243,0.0832,64830037.0
1781877600000,0.0832,0.08336,0.08291,0.08309,34672475.0
1781881200000,0.08309,0.08337,0.08296,0.08317,15709854.0
1781884800000,0.08317,0.08337,0.08281,0.08285,30032016.0
1781888400000,0.08285,0.08341,0.08271,0.08331,21600562.0
1781892000000,0.08331,0.08335,0.08289,0.08311,9168021.0
1781895600000,0.08311,0.08312,0.08267,0.08288,13575710.0
1781899200000,0.08288,0.0832,0.08263,0.0832,13498116.0
1781902800000,0.0832,0.08327,0.08273,0.0828,15020184.0
1781906400000,0.0828,0.08323,0.08275,0.08319,11145830.0
1781910000000,0.08319,0.08367,0.08306,0.08351,25535303.0
1781913600000,0.08351,0.08387,0.08338,0.08342,20795844.0
1781917200000,0.08342,0.08354,0.08324,0.08344,43677613.0
1781920800000,0.08344,0.0835,0.08298,0.083,18341540.0
1781924400000,0.083,0.0833,0.08299,0.08321,4872894.0
1781928000000,0.08321,0.08348,0.08316,0.08347,12550853.0
1781931600000,0.08347,0.08417,0.08341,0.0839,49948800.0
1781935200000,0.0839,0.08422,0.08383,0.08414,17099234.0
1781938800000,0.08414,0.08427,0.08387,0.08404,27455424.0
1781942400000,0.08404,0.08407,0.08377,0.08391,17398673.0
1781946000000,0.08391,0.08425,0.08391,0.08413,12318739.0
1781949600000,0.08413,0.0842,0.08381,0.08389,18325624.0
1781953200000,0.08389,0.084,0.08372,0.08383,14561406.0
1781956800000,0.08383,0.08399,0.08367,0.0838,19246851.0
1781960400000,0.0838,0.08383,0.08317,0.08326,28382739.0
1781964000000,0.08326,0.0841,0.08258,0.08368,73794843.0
1781967600000,0.08368,0.08418,0.08349,0.08371,63236050.0
1781971200000,0.08371,0.08372,0.08327,0.08346,14350740.0
1781974800000,0.08346,0.08346,0.0828,0.08304,21946936.0
1781978400000,0.08304,0.08339,0.08303,0.08311,12450715.0
1781982000000,0.08311,0.08341,0.08309,0.08328,7461087.0
1781985600000,0.08328,0.0834,0.0832,0.08335,11801114.0
1781989200000,0.08335,0.08362,0.08332,0.08346,28561364.0
1781992800000,0.08346,0.08398,0.08336,0.0838,15838563.0
1781996400000,0.0838,0.08399,0.08361,0.08365,22078290.0
1782000000000,0.08365,0.08369,0.08351,0.08363,5789381.0
1782003600000,0.08363,0.08367,0.08347,0.08358,10807743.0
1782007200000,0.08358,0.08363,0.08351,0.08351,6244796.0
1782010800000,0.08351,0.0838,0.0834,0.08364,9931525.0
1782014400000,0.08364,0.08377,0.08323,0.08326,9763060.0
1782018000000,0.08326,0.08338,0.08308,0.08318,13092636.0
1782021600000,0.08318,0.08346,0.08317,0.08337,5081894.0
1782025200000,0.08337,0.08363,0.08326,0.08345,11511591.0
1782028800000,0.08345,0.08353,0.08285,0.08313,24683826.0
1782032400000,0.08313,0.08334,0.08296,0.08332,16641854.0
1782036000000,0.08332,0.08352,0.08322,0.08324,27035765.0
1782039600000,0.08324,0.08331,0.08271,0.08299,43614217.0
1782043200000,0.08299,0.08335,0.08289,0.0833,19551661.0
1782046800000,0.0833,0.08342,0.08312,0.08341,20696149.0
1782050400000,0.08341,0.0835,0.08322,0.08342,12506452.0
1782054000000,0.08342,0.08359,0.08337,0.08338,8464699.0
1782057600000,0.08338,0.08353,0.08309,0.08352,16024807.0
1782061200000,0.08352,0.08373,0.08317,0.08334,20209516.0
1782064800000,0.08334,0.08363,0.08311,0.08343,18261648.0
1782068400000,0.08343,0.08363,0.08341,0.08359,4357079.0
1782072000000,0.08359,0.08363,0.08302,0.08312,16916081.0
1782075600000,0.08312,0.08316,0.08223,0.08285,81631960.0
1782079200000,0.08285,0.08307,0.08259,0.08286,27564110.0
1782082800000,0.08286,0.08286,0.08207,0.08218,25169666.0
1782086400000,0.08218,0.08316,0.08218,0.08309,30602434.0
1782090000000,0.08309,0.08423,0.08297,0.08363,54385558.0
1782093600000,0.08363,0.08373,0.08325,0.08325,10656584.0
1782097200000,0.08325,0.08346,0.08277,0.08287,22712958.0
1782100800000,0.08287,0.0832,0.08272,0.0832,13622136.0
1782104400000,0.0832,0.08344,0.08314,0.0833,12571587.0
1782108000000,0.0833,0.0835,0.08308,0.08315,14543512.0
1782111600000,0.08315,0.0837,0.08311,0.08347,23179232.0
1782115200000,0.08347,0.08378,0.0833,0.08353,23735225.0
1782118800000,0.08353,0.08373,0.0835,0.08366,9119715.0
1782122400000,0.08366,0.08395,0.08345,0.08362,15270509.0
1782126000000,0.08362,0.08443,0.0836,0.08418,57024798.0
1782129600000,0.08418,0.08465,0.08413,0.08456,44776029.0
1782133200000,0.08456,0.085,0.08422,0.08497,65745784.0
1782136800000,0.08497,0.08506,0.08365,0.08391,70712912.0
1782140400000,0.08391,0.0841,0.08347,0.0836,32894230.0
1782144000000,0.0836,0.08363,0.08306,0.08332,42847245.0
1782147600000,0.08332,0.08339,0.08288,0.08327,31269536.0
1782151200000,0.08327,0.08343,0.08273,0.08283,43815907.0
1782154800000,0.08283,0.08293,0.08243,0.08271,56740701.0
1782158400000,0.08271,0.08298,0.0826,0.0828,22410562.0
1782162000000,0.0828,0.08283,0.08232,0.08269,24578166.0
1782165600000,0.08269,0.08283,0.08181,0.0822,149185620.0
1782169200000,0.0822,0.08249,0.08211,0.08242,34455751.0
1782172800000,0.08242,0.08255,0.08192,0.08254,39361549.0
1782176400000,0.08254,0.08267,0.08111,0.08184,166304389.0
1782180000000,0.08184,0.08232,0.08169,0.08223,43370781.0
1782183600000,0.08223,0.08224,0.0818,0.08216,42613805.0
1782187200000,0.08216,0.0822,0.08157,0.08163,29285629.0
1782190800000,0.08163,0.0818,0.08132,0.08167,56342011.0
1782194400000,0.08167,0.08169,0.07963,0.08021,313059548.0
1782198000000,0.08021,0.08039,0.07991,0.07996,31540351.0
1782201600000,0.07996,0.07999,0.07832,0.07906,286871947.0
1782205200000,0.07906,0.07923,0.07888,0.07896,31980850.0
1782208800000,0.07896,0.07935,0.07892,0.07906,63695691.0
1782212400000,0.07906,0.07956,0.07905,0.07953,38188232.0
1782216000000,0.07953,0.0796,0.07925,0.07938,37469958.0
1782219600000,0.07938,0.07978,0.07898,0.07957,130019058.0
1782223200000,0.07957,0.07979,0.07882,0.07894,51873988.0
1782226800000,0.07894,0.07899,0.0783,0.07877,98220667.0
1782230400000,0.07877,0.0793,0.07865,0.07885,54243452.0
1782234000000,0.07885,0.07905,0.07845,0.07853,28396592.0
1782237600000,0.07853,0.0788,0.07824,0.07853,42019993.0
1782241200000,0.07853,0.07873,0.07828,0.0784,48504680.0
1782244800000,0.0784,0.07877,0.07833,0.07846,37749811.0
1782248400000,0.07846,0.07873,0.07846,0.07871,24038494.0
1782252000000,0.07871,0.07908,0.07867,0.07892,16744349.0
1782255600000,0.07892,0.07907,0.07869,0.07883,10237168.0
1782259200000,0.07883,0.07921,0.07881,0.0791,19358311.0
1782262800000,0.0791,0.07974,0.07888,0.07952,36164057.0
1782266400000,0.07952,0.07959,0.07903,0.07904,37068343.0
1782270000000,0.07904,0.0793,0.07875,0.07905,15144908.0
1782273600000,0.07905,0.07918,0.07845,0.07913,18089553.0
1782277200000,0.07913,0.07943,0.07906,0.07916,17908808.0
1782280800000,0.07916,0.0792,0.07891,0.07897,9626653.0
1782284400000,0.07897,0.07901,0.07872,0.07882,24120401.0
1782288000000,0.07882,0.07916,0.07879,0.07912,18888997.0
1782291600000,0.07912,0.07913,0.07865,0.07891,12153177.0
1782295200000,0.07891,0.07891,0.07845,0.07854,19497879.0
1782298800000,0.07854,0.07955,0.07792,0.07898,98499462.0
1782302400000,0.07898,0.07902,0.07851,0.07856,20702260.0
1782306000000,0.07856,0.0786,0.07664,0.07676,261594016.0
1782309600000,0.07676,0.07711,0.07642,0.07671,122897689.0
1782313200000,0.07671,0.07695,0.07455,0.07471,342434482.0
1782316800000,0.07471,0.07559,0.07357,0.07415,323885378.0
1782320400000,0.07415,0.0745,0.07271,0.07301,329227350.0
1782324000000,0.07301,0.07438,0.07284,0.07385,103794182.0
1782327600000,0.07385,0.07415,0.07357,0.07409,54183166.0
1782331200000,0.07409,0.07579,0.07393,0.07554,132652245.0
1782334800000,0.07554,0.07611,0.07508,0.07602,43760868.0
1782338400000,0.07602,0.07643,0.07576,0.07583,52812825.0
1782342000000,0.07583,0.07615,0.07572,0.07608,17302490.0
1782345600000,0.07608,0.0764,0.07598,0.07611,40813938.0
1782349200000,0.07611,0.07637,0.07605,0.07626,9435627.0
1782352800000,0.07626,0.07638,0.07598,0.07616,20242400.0
1782356400000,0.07616,0.07626,0.07587,0.07598,55480080.0
1782360000000,0.07598,0.07677,0.07573,0.0767,77013462.0
1782363600000,0.0767,0.0775,0.07665,0.07723,107457544.0
1782367200000,0.07723,0.07747,0.07704,0.07726,30854219.0
1782370800000,0.07726,0.07733,0.07701,0.07732,31154199.0
1782374400000,0.07732,0.07735,0.07698,0.07703,19730209.0
1782378000000,0.07703,0.07713,0.07678,0.07694,16944077.0
1782381600000,0.07694,0.07695,0.07607,0.07615,85099338.0
1782385200000,0.07615,0.07628,0.0757,0.07589,41476821.0
1782388800000,0.07589,0.07633,0.07533,0.076,109451158.0
1782392400000,0.076,0.07641,0.0714,0.07171,541757969.0
1782396000000,0.07171,0.07453,0.0717,0.07312,574920093.0
1782399600000,0.07312,0.07354,0.07214,0.07339,165150348.0
1782403200000,0.07339,0.07418,0.07306,0.07337,114964384.0
1782406800000,0.07337,0.07524,0.07335,0.07491,99368107.0
1782410400000,0.07491,0.07496,0.07345,0.07357,81864353.0
1782414000000,0.07357,0.07362,0.07287,0.07334,57347839.0
1782417600000,0.07334,0.07403,0.07334,0.07356,55076617.0
1782421200000,0.07356,0.07488,0.07355,0.07487,66200255.0
1782424800000,0.07487,0.07497,0.07448,0.07466,34154923.0
1782428400000,0.07466,0.07529,0.07457,0.07486,27111551.0
1782432000000,0.07486,0.07508,0.07455,0.07464,27778560.0
1782435600000,0.07464,0.07474,0.07379,0.07398,29789242.0
1782439200000,0.07398,0.07402,0.07242,0.07267,143001507.0
1782442800000,0.07267,0.07476,0.07203,0.07463,236120635.0
1782446400000,0.07463,0.07479,0.0741,0.07423,58417589.0
1782450000000,0.07423,0.07449,0.07392,0.07439,21484002.0
1782453600000,0.07439,0.07522,0.07394,0.07472,107860706.0
1782457200000,0.07472,0.07527,0.07464,0.07507,48092918.0
1782460800000,0.07507,0.07514,0.07423,0.0744,51228292.0
1782464400000,0.0744,0.07453,0.07388,0.07397,25723776.0
1782468000000,0.07397,0.07412,0.07358,0.07368,30387831.0
1782471600000,0.07368,0.07397,0.07327,0.07343,27950855.0
1782475200000,0.07343,0.07423,0.07276,0.07331,134775406.0
1782478800000,0.07331,0.07469,0.07275,0.07467,112765855.0
1782482400000,0.07467,0.07486,0.0738,0.07391,61990671.0
1782486000000,0.07391,0.07542,0.0738,0.07496,137853500.0
1782489600000,0.07496,0.07559,0.07458,0.07527,122238900.0
1782493200000,0.07527,0.07571,0.07517,0.07555,47311402.0
1782496800000,0.07555,0.07577,0.07505,0.07515,26500760.0
1782500400000,0.07515,0.07608,0.07501,0.07552,51657711.0
1782504000000,0.07552,0.0761,0.07529,0.07545,48140423.0
1782507600000,0.07545,0.07584,0.07521,0.07543,22539822.0
1782511200000,0.07543,0.07569,0.07514,0.07566,20729929.0
1782514800000,0.07566,0.07588,0.07559,0.07574,13763180.0
1782518400000,0.07574,0.07597,0.07504,0.07539,162062308.0
1782522000000,0.07539,0.07542,0.07521,0.07537,10677103.0
1782525600000,0.07537,0.07602,0.07534,0.07586,29771624.0
1782529200000,0.07586,0.07591,0.07554,0.07561,15412087.0
1782532800000,0.07561,0.07594,0.07552,0.07557,13701437.0
1782536400000,0.07557,0.07574,0.07534,0.0757,17289756.0
1782540000000,0.0757,0.07582,0.0754,0.07566,19813849.0
1782543600000,0.07566,0.07584,0.07552,0.07577,11458082.0
1782547200000,0.07577,0.07578,0.07537,0.07552,17144960.0
1782550800000,0.07552,0.07561,0.07524,0.07537,15325969.0
1782554400000,0.07537,0.0754,0.07522,0.07533,6161498.0
1782558000000,0.07533,0.07534,0.07492,0.07528,19493888.0
1782561600000,0.07528,0.07558,0.07521,0.07552,13926756.0
1782565200000,0.07552,0.07589,0.07544,0.07576,22518480.0
1782568800000,0.07576,0.07602,0.07565,0.07593,26597211.0
1782572400000,0.07593,0.07643,0.07584,0.0762,85533903.0
1782576000000,0.0762,0.07632,0.0759,0.0762,72969610.0
1782579600000,0.0762,0.07627,0.07558,0.07562,64953970.0
1782583200000,0.07562,0.07566,0.07518,0.07533,105563691.0
1782586800000,0.07533,0.0754,0.07444,0.07472,64656021.0
1782590400000,0.07472,0.0749,0.07465,0.07472,11283950.0
1782594000000,0.07472,0.07494,0.07431,0.07455,32257289.0
1782597600000,0.07455,0.07481,0.07404,0.07479,20759943.0
1782601200000,0.07479,0.07484,0.07438,0.07446,14018781.0
1782604800000,0.07446,0.07465,0.07443,0.07455,13639558.0
1782608400000,0.07455,0.0746,0.07432,0.07443,13213470.0
1782612000000,0.07443,0.07457,0.07403,0.07412,39094594.0
1782615600000,0.07412,0.07444,0.07408,0.07424,7697942.0
1782619200000,0.07424,0.07424,0.07393,0.07398,9264733.0
1782622800000,0.07398,0.07401,0.07344,0.07383,35092340.0
1782626400000,0.07383,0.07386,0.07316,0.07343,57186844.0
1782630000000,0.07343,0.07374,0.07339,0.07373,13359714.0
1782633600000,0.07373,0.07423,0.07362,0.07402,19922305.0
1782637200000,0.07402,0.07422,0.07347,0.07352,22916566.0
1782640800000,0.07352,0.07369,0.07326,0.07345,26266991.0
1782644400000,0.07345,0.07385,0.07329,0.0738,15654854.0
1782648000000,0.0738,0.07405,0.0734,0.07374,28520148.0
1782651600000,0.07374,0.07374,0.07335,0.07347,21191115.0
1782655200000,0.07347,0.07395,0.07346,0.07361,20697059.0
1782658800000,0.07361,0.07384,0.07334,0.07354,21588973.0
1782662400000,0.07354,0.07358,0.0729,0.07311,55356280.0
1782666000000,0.07311,0.07339,0.07268,0.07314,45949924.0
1782669600000,0.07314,0.07326,0.07293,0.07322,16710011.0
1782673200000,0.07322,0.07331,0.07256,0.07289,27962049.0
1782676800000,0.07289,0.07341,0.07284,0.07316,21884631.0
1782680400000,0.07316,0.0732,0.07244,0.07273,41050870.0
1782684000000,0.07273,0.07368,0.07212,0.07242,101213027.0
1782687600000,0.07242,0.07337,0.07234,0.07315,38327233.0
1782691200000,0.07315,0.07331,0.07214,0.07328,46551651.0
1782694800000,0.07328,0.0733,0.07248,0.07277,27773897.0
1782698400000,0.07277,0.07316,0.07184,0.07308,48897335.0
1782702000000,0.07308,0.07361,0.07301,0.07326,28054991.0
1782705600000,0.07326,0.0733,0.07227,0.07251,26296518.0
1782709200000,0.07251,0.07307,0.07201,0.07307,32936863.0
1782712800000,0.07307,0.07345,0.07298,0.07314,25907546.0
1782716400000,0.07314,0.07327,0.07273,0.07274,15819904.0
1782720000000,0.07274,0.0729,0.07219,0.07248,41677409.0
1782723600000,0.07248,0.07294,0.07247,0.07276,23564591.0
1782727200000,0.07276,0.07319,0.07276,0.07289,20355239.0
1782730800000,0.07289,0.0731,0.07243,0.0728,36253313.0
1782734400000,0.0728,0.07385,0.0724,0.07293,104796601.0
1782738000000,0.07293,0.07347,0.0722,0.07269,84530989.0
1782741600000,0.07269,0.07289,0.07197,0.07258,100682206.0
1782745200000,0.07258,0.07296,0.07193,0.07278,52213194.0
1782748800000,0.07278,0.07295,0.07208,0.07277,44732750.0
1782752400000,0.07277,0.07424,0.07275,0.07388,81135767.0
1782756000000,0.07388,0.07406,0.07369,0.07382,27313468.0
1782759600000,0.07382,0.07408,0.07366,0.07386,23617471.0
1782763200000,0.07386,0.07391,0.07367,0.07368,16704536.0
1782766800000,0.07368,0.0741,0.07354,0.07392,25336854.0
1782770400000,0.07392,0.07397,0.0734,0.0734,16969729.0
1782774000000,0.0734,0.07345,0.07316,0.07339,11033094.0
1782777600000,0.07339,0.07353,0.07248,0.07249,37664728.0
1782781200000,0.07249,0.07273,0.07223,0.0725,31698852.0
1782784800000,0.0725,0.0727,0.07226,0.07259,19261136.0
1782788400000,0.07259,0.07277,0.07232,0.07239,54292737.0
1782792000000,0.07239,0.07256,0.07208,0.0724,60530989.0
1782795600000,0.0724,0.07242,0.07203,0.0724,41602818.0
1782799200000,0.0724,0.07254,0.07226,0.07243,13528465.0
1782802800000,0.07243,0.07257,0.07225,0.07236,13206794.0
1782806400000,0.07236,0.07241,0.07195,0.07231,61484259.0
1782810000000,0.07231,0.07253,0.07218,0.07251,21065616.0
1782813600000,0.07251,0.07259,0.07225,0.07245,49571219.0
1782817200000,0.07245,0.07252,0.0709,0.07139,166060023.0
1782820800000,0.07139,0.0714,0.06942,0.06961,357141693.0
1782824400000,0.06961,0.0708,0.06961,0.0707,128881432.0
1782828000000,0.0707,0.07129,0.07018,0.07032,111165670.0
1782831600000,0.07032,0.07106,0.07016,0.07068,81980792.0
1782835200000,0.07068,0.07154,0.07051,0.07136,69035278.0
1782838800000,0.07136,0.07164,0.07109,0.07129,29079842.0
1782842400000,0.07129,0.07284,0.07121,0.07235,137079544.0
1782846000000,0.07235,0.0725,0.07208,0.07225,26135993.0
1782849600000,0.07225,0.07233,0.07186,0.07199,21648453.0
1782853200000,0.07199,0.0722,0.07187,0.07211,20103102.0
1782856800000,0.07211,0.07231,0.07179,0.07192,17099926.0
1782860400000,0.07192,0.0721,0.0718,0.07204,8050275.0
1782864000000,0.07204,0.07214,0.07158,0.07177,50427219.0
1782867600000,0.07177,0.07205,0.07045,0.07183,123052055.0
1782871200000,0.07183,0.07226,0.07169,0.07195,33072312.0
1782874800000,0.07195,0.07246,0.07183,0.0723,46914088.0
1782878400000,0.0723,0.07266,0.07224,0.0725,25031028.0
1782882000000,0.0725,0.07255,0.07219,0.07228,11097520.0
1782885600000,0.07228,0.07232,0.07104,0.07138,68690585.0
1782889200000,0.07138,0.07157,0.07123,0.07145,23944206.0
1782892800000,0.07145,0.07151,0.07084,0.07145,31985351.0
1782896400000,0.07145,0.07159,0.07111,0.07124,37636617.0
1782900000000,0.07124,0.07133,0.07076,0.07092,30378429.0
1782903600000,0.07092,0.07122,0.07079,0.07111,12491439.0
1782907200000,0.07111,0.07141,0.07082,0.07141,33389253.0
1782910800000,0.07141,0.07255,0.07117,0.07236,142213965.0
1782914400000,0.07236,0.07297,0.07211,0.07264,98301125.0
1782918000000,0.07264,0.07355,0.07262,0.07333,85632248.0
1782921600000,0.07333,0.07352,0.07289,0.07303,32957789.0
1782925200000,0.07303,0.07359,0.07274,0.07344,52663261.0
1782928800000,0.07344,0.07356,0.07297,0.07309,21254972.0
1782932400000,0.07309,0.07334,0.07264,0.07279,24954443.0
1782936000000,0.07279,0.07288,0.07248,0.07278,32376036.0
1782939600000,0.07278,0.07354,0.07278,0.07342,146034371.0
1782943200000,0.07342,0.07391,0.07295,0.07301,95054977.0
1782946800000,0.07301,0.07301,0.07212,0.07218,51270798.0
1782950400000,0.07218,0.07226,0.07163,0.0719,37087306.0
1782954000000,0.0719,0.07282,0.07185,0.07252,31593274.0
1782957600000,0.07252,0.07279,0.07222,0.07271,21488341.0
1782961200000,0.07271,0.07345,0.07228,0.07335,88203391.0
1782964800000,0.07335,0.07338,0.07286,0.07324,32397479.0
1782968400000,0.07324,0.07324,0.07254,0.0727,24190830.0
1782972000000,0.0727,0.07283,0.07236,0.07245,30245029.0
1782975600000,0.07245,0.0726,0.07226,0.07251,21719687.0
1782979200000,0.07251,0.07313,0.07246,0.07303,85120346.0
1782982800000,0.07303,0.07377,0.07274,0.07345,106695302.0
1782986400000,0.07345,0.07408,0.07336,0.07394,51227223.0
1782990000000,0.07394,0.07432,0.07378,0.07415,46901959.0
1782993600000,0.07415,0.07479,0.07404,0.07433,86690721.0
1782997200000,0.07433,0.07554,0.07421,0.07503,133966706.0
1783000800000,0.07503,0.07544,0.07423,0.07445,157858810.0
1783004400000,0.07445,0.0747,0.07399,0.07448,33434320.0
1783008000000,0.07448,0.07474,0.07406,0.07427,31349703.0
1783011600000,0.07427,0.07452,0.07406,0.07419,15724088.0
1783015200000,0.07419,0.0745,0.07418,0.07433,13278103.0
1783018800000,0.07433,0.07446,0.07407,0.07418,17928302.0
1783022400000,0.07418,0.07423,0.07394,0.07407,20520695.0
1783026000000,0.07407,0.07413,0.07379,0.07403,25675662.0
1783029600000,0.07403,0.07409,0.0737,0.07394,21659786.0
1783033200000,0.07394,0.07433,0.07382,0.07413,17544451.0
1783036800000,0.07413,0.07428,0.07389,0.07395,14351689.0
1783040400000,0.07395,0.07492,0.07391,0.07475,76482104.0
1783044000000,0.07475,0.07487,0.07436,0.0747,17500250.0
1783047600000,0.0747,0.07483,0.0742,0.07474,30888707.0
1783051200000,0.07474,0.07478,0.07444,0.07447,10466485.0
1783054800000,0.07447,0.07548,0.07442,0.07503,84412073.0
1783058400000,0.07503,0.07532,0.075,0.07518,19851021.0
1783062000000,0.07518,0.07537,0.07504,0.07526,22096650.0
1783065600000,0.07526,0.07557,0.0748,0.07485,113239770.0
1783069200000,0.07485,0.0751,0.07471,0.07495,22034783.0
1783072800000,0.07495,0.07555,0.07492,0.07534,34321379.0
1783076400000,0.07534,0.0762,0.07522,0.0759,162648258.0
1783080000000,0.0759,0.07612,0.07563,0.07601,29282628.0
1783083600000,0.07601,0.0767,0.07592,0.0766,47059413.0
1783087200000,0.0766,0.07679,0.07589,0.07672,52085886.0
1783090800000,0.07672,0.07736,0.07616,0.07632,111108575.0
1783094400000,0.07632,0.07675,0.07612,0.07645,38212665.0
1783098000000,0.07645,0.07702,0.07638,0.07693,33048513.0
1783101600000,0.07693,0.07697,0.07667,0.07688,13660755.0
1783105200000,0.07688,0.07764,0.07672,0.07714,44072250.0
1783108800000,0.07714,0.0782,0.07711,0.07797,128994400.0
1783112400000,0.07797,0.07844,0.07745,0.07813,68080231.0
1783116000000,0.07813,0.07819,0.07751,0.07778,29504059.0
1783119600000,0.07778,0.07778,0.07718,0.0775,40345387.0
1783123200000,0.0775,0.0777,0.07723,0.07732,26334127.0
1783126800000,0.07732,0.07732,0.07667,0.07681,57828203.0
1783130400000,0.07681,0.077,0.07658,0.07695,54971897.0
1783134000000,0.07695,0.07742,0.07674,0.07728,19127670.0
1783137600000,0.07728,0.07812,0.07712,0.07776,83471630.0
1783141200000,0.07776,0.07778,0.077,0.07713,61710141.0
1783144800000,0.07713,0.07744,0.07656,0.07703,84761004.0
1783148400000,0.07703,0.07706,0.07669,0.07688,39865951.0
1783152000000,0.07688,0.07701,0.07674,0.07697,22132112.0
1783155600000,0.07697,0.07719,0.07658,0.07682,70513902.0
1783159200000,0.07682,0.07713,0.0767,0.07708,45064721.0
1783162800000,0.07708,0.07714,0.07684,0.07687,47291405.0
1783166400000,0.07687,0.07713,0.07681,0.0771,17783927.0
1783170000000,0.0771,0.07744,0.07692,0.07712,20509666.0
1783173600000,0.07712,0.07777,0.07709,0.07769,36766576.0
1783177200000,0.07769,0.07873,0.07765,0.07854,93083524.0
1783180800000,0.07854,0.07891,0.07817,0.07847,53242536.0
1783184400000,0.07847,0.07922,0.07805,0.07905,58543384.0
1783188000000,0.07905,0.07926,0.07885,0.07915,29613288.0
1783191600000,0.07915,0.07934,0.07842,0.07851,32757296.0
1783195200000,0.07851,0.07867,0.07791,0.07801,33814160.0
1783198800000,0.07801,0.0785,0.07796,0.07822,23801780.0
1783202400000,0.07822,0.07823,0.07778,0.0779,11667470.0
1783206000000,0.0779,0.07792,0.07732,0.07761,48919512.0
1783209600000,0.07761,0.07764,0.07696,0.07715,39835682.0
1783213200000,0.07715,0.07733,0.07664,0.0768,121314992.0
1783216800000,0.0768,0.0768,0.07545,0.0758,163000542.0
1783220400000,0.0758,0.0762,0.07578,0.07592,68420806.0
1783224000000,0.07592,0.07633,0.0758,0.07605,37907759.0
1783227600000,0.07605,0.07605,0.07557,0.0758,63999474.0
1783231200000,0.0758,0.07594,0.07557,0.07584,17614059.0
1783234800000,0.07584,0.07623,0.0757,0.07613,28024695.0
1783238400000,0.07613,0.07622,0.07593,0.07597,19311665.0
1783242000000,0.07597,0.076,0.0753,0.07551,39291934.0
1783245600000,0.07551,0.07592,0.07524,0.07579,24490396.0
1783249200000,0.07579,0.07596,0.07569,0.07587,17733933.0
1783252800000,0.07587,0.07656,0.07566,0.07649,56931564.0
1783256400000,0.07649,0.07666,0.07632,0.07657,35768464.0
1783260000000,0.07657,0.07716,0.07645,0.07703,37168562.0
1783263600000,0.07703,0.07733,0.07674,0.07711,47625089.0
1783267200000,0.07711,0.07744,0.07685,0.07701,25442200.0
1783270800000,0.07701,0.07786,0.07698,0.07726,141688516.0
1783274400000,0.07726,0.07774,0.07718,0.07758,18468899.0
1783278000000,0.07758,0.07776,0.07716,0.07725,38787051.0
1783281600000,0.07725,0.07747,0.07696,0.07707,25473837.0
1783285200000,0.07707,0.07842,0.07686,0.07789,114842919.0
1783288800000,0.07789,0.07888,0.07772,0.07837,140269400.0
1783292400000,0.07837,0.07881,0.07769,0.07786,53939245.0
1783296000000,0.07786,0.0781,0.07696,0.07808,138225080.0
1783299600000,0.07808,0.07825,0.07763,0.07769,43766577.0
1783303200000,0.07769,0.07803,0.07739,0.07765,36917505.0
1783306800000,0.07765,0.07775,0.07717,0.07744,31686288.0
1783310400000,0.07744,0.07744,0.07702,0.07707,27317072.0
1783314000000,0.07707,0.07707,0.07638,0.07659,52116982.0
1783317600000,0.07659,0.07671,0.07645,0.07658,16292185.0
1783321200000,0.07658,0.07706,0.07647,0.07688,22276522.0
1783324800000,0.07688,0.07717,0.0768,0.07702,41077012.0
1783328400000,0.07702,0.07704,0.07653,0.07669,36808581.0
1783332000000,0.07669,0.07723,0.07666,0.07711,36062960.0
1783335600000,0.07711,0.0774,0.07667,0.07667,53955218.0
1783339200000,0.07667,0.07668,0.0749,0.0749,324802032.0
1783342800000,0.0749,0.0755,0.0743,0.07522,245977144.0
1783346400000,0.07522,0.07589,0.07502,0.07553,70088405.0
1783350000000,0.07553,0.07653,0.07553,0.07621,168398993.0
1783353600000,0.07621,0.07705,0.07596,0.07678,103135637.0
1783357200000,0.07678,0.07711,0.07638,0.0766,45110631.0
1783360800000,0.0766,0.077,0.07643,0.07679,28319087.0
1783364400000,0.07679,0.07716,0.07674,0.0769,25123392.0
1783368000000,0.0769,0.07703,0.07663,0.07683,24865107.0
1783371600000,0.07683,0.07834,0.07682,0.07752,147842558.0
1783375200000,0.07752,0.07758,0.07695,0.07703,37004306.0
1783378800000,0.07703,0.07713,0.07654,0.07661,47384864.0
1783382400000,0.07661,0.07698,0.07642,0.07674,51953691.0
1783386000000,0.07674,0.07676,0.07584,0.07602,64453156.0
1783389600000,0.07602,0.07617,0.07519,0.07529,77647056.0
1783393200000,0.07529,0.07538,0.07489,0.07509,59010399.0
1783396800000,0.07509,0.07514,0.07446,0.07467,55164021.0
1783400400000,0.07467,0.07495,0.0742,0.07481,57084358.0
1783404000000,0.07481,0.07546,0.0747,0.07543,51872724.0
1783407600000,0.07543,0.0756,0.0749,0.07493,37984897.0
1783411200000,0.07493,0.07498,0.07466,0.07478,33498966.0
1783414800000,0.07478,0.07503,0.07471,0.0749,58722732.0
1783418400000,0.0749,0.07516,0.07456,0.07461,51758040.0
1783422000000,0.07461,0.07485,0.07429,0.07477,55960810.0
1783425600000,0.07477,0.0754,0.0747,0.07484,46418552.0
1783429200000,0.07484,0.07486,0.07403,0.07425,164812709.0
1783432800000,0.07425,0.07493,0.07366,0.07478,100727061.0
1783436400000,0.07478,0.07535,0.07454,0.07514,107970622.0
1783440000000,0.07514,0.07569,0.07477,0.07532,45684100.0
1783443600000,0.07532,0.07554,0.07513,0.07542,38676236.0
1783447200000,0.07542,0.07542,0.07441,0.07447,48435019.0
1783450800000,0.07447,0.07488,0.07408,0.07468,43619385.0
1783454400000,0.07468,0.07482,0.0742,0.07433,18788037.0
1783458000000,0.07433,0.07455,0.0739,0.07399,42530116.0
1783461600000,0.07399,0.07447,0.07353,0.07442,52020000.0
1783465200000,0.07442,0.07468,0.07409,0.07413,28517644.0
1783468800000,0.07413,0.07443,0.07409,0.07431,27740142.0
1783472400000,0.07431,0.07437,0.07277,0.07303,168247291.0
1783476000000,0.07303,0.07306,0.07225,0.07288,159690876.0
1783479600000,0.07288,0.07308,0.0725,0.07257,24818578.0
1783483200000,0.07257,0.07269,0.07233,0.07256,38649104.0
1783486800000,0.07256,0.07274,0.07235,0.07251,21506475.0
1783490400000,0.07251,0.07253,0.07172,0.07207,112203376.0
1783494000000,0.07207,0.07263,0.07186,0.07242,44647559.0
1783497600000,0.07242,0.07252,0.07097,0.07127,198737703.0
1783501200000,0.07127,0.07162,0.07105,0.07127,43824492.0
1783504800000,0.07127,0.0717,0.07111,0.07159,26994434.0
1783508400000,0.07159,0.07213,0.0715,0.07201,54216352.0
1783512000000,0.07201,0.07219,0.07178,0.07179,49590494.0
1783515600000,0.07179,0.07228,0.07168,0.07195,80959197.0
1783519200000,0.07195,0.07217,0.07143,0.07183,86466825.0
1783522800000,0.07183,0.07189,0.07122,0.07183,31344208.0
1783526400000,0.07183,0.07255,0.07179,0.07252,55690915.0
1783530000000,0.07252,0.0729,0.07228,0.07248,33426223.0
1783533600000,0.07248,0.07276,0.07217,0.0724,25085806.0
1783537200000,0.0724,0.07266,0.07224,0.07261,29935823.0
1783540800000,0.07261,0.07267,0.0723,0.07235,15564547.0
1783544400000,0.07235,0.07254,0.07196,0.07249,30430477.0
1783548000000,0.07249,0.07274,0.07229,0.07239,19313007.0
1783551600000,0.07239,0.07244,0.07214,0.07238,21429708.0
1783555200000,0.07238,0.07241,0.07206,0.07224,20787853.0
1783558800000,0.07224,0.07298,0.07206,0.07209,47591444.0
1783562400000,0.07209,0.07259,0.07193,0.07212,31502966.0
1783566000000,0.07212,0.07238,0.07195,0.07225,19561300.0
1783569600000,0.07225,0.07261,0.07218,0.07261,17808825.0
1783573200000,0.07261,0.07285,0.07228,0.07274,41051795.0
1783576800000,0.07274,0.07302,0.07253,0.07297,42765074.0
1783580400000,0.07297,0.07316,0.07264,0.07275,39639290.0
1783584000000,0.07275,0.07304,0.07268,0.07284,18614904.0
1783587600000,0.07284,0.07284,0.07252,0.07274,20117612.0
1783591200000,0.07274,0.07279,0.07223,0.07236,24365449.0
1783594800000,0.07236,0.07248,0.0722,0.07246,21312650.0
1783598400000,0.07246,0.0725,0.07199,0.07223,111036265.0
1783602000000,0.07223,0.07271,0.072,0.07256,33212864.0
1783605600000,0.07256,0.07269,0.07214,0.07264,30608591.0
1783609200000,0.07264,0.07287,0.07249,0.07262,20528693.0
1783612800000,0.07262,0.07278,0.07232,0.07268,16096038.0
1783616400000,0.07268,0.07305,0.07262,0.07291,27241115.0
1783620000000,0.07291,0.07341,0.07286,0.07313,38165394.0
1783623600000,0.07313,0.07333,0.07287,0.07303,26555702.0
1783627200000,0.07303,0.07338,0.07295,0.07326,27705151.0
1783630800000,0.07326,0.07356,0.07319,0.07334,27741506.0
1783634400000,0.07334,0.0734,0.07304,0.07304,20996949.0
1783638000000,0.07304,0.07317,0.07275,0.07287,25719264.0
1783641600000,0.07287,0.07295,0.07262,0.07288,23768879.0
1783645200000,0.07288,0.0742,0.0727,0.0738,112549524.0
1783648800000,0.0738,0.07412,0.07375,0.07403,48902482.0
1783652400000,0.07403,0.07413,0.07379,0.07398,15987837.0
1783656000000,0.07398,0.07421,0.07384,0.07398,46126877.0
1783659600000,0.07398,0.0742,0.07381,0.07412,14523202.0
1783663200000,0.07412,0.07424,0.07383,0.0739,18995441.0
1783666800000,0.0739,0.07404,0.07368,0.07374,49478210.0
1783670400000,0.07374,0.07445,0.07373,0.07422,48767156.0
1783674000000,0.07422,0.07443,0.074,0.07435,24424542.0
1783677600000,0.07435,0.07466,0.07424,0.07441,37340688.0
1783681200000,0.07441,0.07461,0.07412,0.07432,21503530.0
1783684800000,0.07432,0.07447,0.07394,0.07396,42928759.0
1783688400000,0.07396,0.07448,0.07388,0.07431,35893013.0
1783692000000,0.07431,0.07437,0.07329,0.07383,116663061.0
1783695600000,0.07383,0.0741,0.07369,0.07401,23623250.0
1783699200000,0.07401,0.07431,0.07386,0.07421,24431995.0
1783702800000,0.07421,0.07435,0.07377,0.07383,35646769.0
1783706400000,0.07383,0.07412,0.07361,0.07373,38386195.0
1783710000000,0.07373,0.07433,0.07365,0.07413,27486007.0
1783713600000,0.07413,0.07424,0.07392,0.07415,15644215.0
1783717200000,0.07415,0.07422,0.07405,0.0741,19569624.0
1783720800000,0.0741,0.07426,0.07398,0.0741,7977953.0
1783724400000,0.0741,0.07416,0.07389,0.07408,12584875.0
1783728000000,0.07408,0.07422,0.07388,0.07419,11764751.0
1783731600000,0.07419,0.07435,0.07401,0.07402,12966844.0
1783735200000,0.07402,0.07426,0.07401,0.07419,10074014.0
1783738800000,0.07419,0.07437,0.07407,0.07424,15626383.0
1783742400000,0.07424,0.0744,0.07419,0.07428,12370663.0
1783746000000,0.07428,0.0745,0.07419,0.0744,10048513.0
1783749600000,0.0744,0.07462,0.0743,0.07432,29908843.0
1783753200000,0.07432,0.07439,0.07415,0.07424,13468655.0
1783756800000,0.07424,0.07427,0.07409,0.07418,11061468.0
1783760400000,0.07418,0.07441,0.07411,0.07412,12894981.0
1783764000000,0.07412,0.0747,0.07411,0.07445,23018476.0
1783767600000,0.07445,0.07455,0.07439,0.07443,12378450.0
1783771200000,0.07443,0.07461,0.07434,0.07455,17693720.0
1783774800000,0.07455,0.07496,0.07447,0.07463,34809207.0
1783778400000,0.07463,0.07544,0.07463,0.07514,52665829.0
1783782000000,0.07514,0.07554,0.07486,0.07529,75771106.0
1783785600000,0.07529,0.07533,0.0749,0.075,34670082.0
1783789200000,0.075,0.07529,0.07491,0.07506,28553956.0
1783792800000,0.07506,0.07524,0.07498,0.07515,14613844.0
1783796400000,0.07515,0.07551,0.07513,0.0753,25374379.0
1783800000000,0.0753,0.07539,0.07511,0.07511,7773774.0
1783803600000,0.07511,0.0753,0.07507,0.07515,16520619.0
1783807200000,0.07515,0.07515,0.07454,0.0746,36549626.0
1783810800000,0.0746,0.07466,0.07315,0.07317,185085980.0
1783814400000,0.07317,0.07329,0.07224,0.07263,108858148.0
1783818000000,0.07263,0.07333,0.07254,0.07333,51333221.0
1783821600000,0.07333,0.07333,0.07306,0.07318,15538035.0
1783825200000,0.07318,0.07345,0.073,0.07338,19193336.0
1783828800000,0.07338,0.07351,0.07298,0.07309,17960058.0
1783832400000,0.07309,0.07325,0.07299,0.0731,17896960.0
1783836000000,0.0731,0.0731,0.07254,0.07284,36466031.0
1783839600000,0.07284,0.07302,0.07275,0.07291,18357125.0
1783843200000,0.07291,0.0732,0.07287,0.073,23382639.0
1783846800000,0.073,0.07311,0.07269,0.07296,14484334.0
1783850400000,0.07296,0.07301,0.07286,0.07298,10256768.0
1783854000000,0.07298,0.07326,0.07284,0.0732,18329999.0
1783857600000,0.0732,0.07347,0.07312,0.07336,19830048.0
1783861200000,0.07336,0.07353,0.07322,0.07322,10286150.0
1783864800000,0.07322,0.07386,0.07316,0.0737,29486443.0
1783868400000,0.0737,0.07383,0.07357,0.07367,21673977.0
1783872000000,0.07367,0.07375,0.07343,0.07361,14144921.0
1783875600000,0.07361,0.07364,0.07325,0.07337,18809257.0
1783879200000,0.07337,0.07364,0.0733,0.07362,10687524.0
1783882800000,0.07362,0.0737,0.07342,0.07362,17055800.0
1783886400000,0.07362,0.07364,0.07339,0.07341,12624411.0
1783890000000,0.07341,0.07354,0.07286,0.07303,30610172.0
1783893600000,0.07303,0.07303,0.07229,0.0727,72200040.0
1783897200000,0.0727,0.07281,0.07252,0.07267,9662260.0
1783900800000,0.07267,0.07413,0.07257,0.0734,101112940.0
1783904400000,0.0734,0.07345,0.07242,0.07249,43731307.0
1783908000000,0.07249,0.07288,0.07232,0.07272,33024862.0
1783911600000,0.07272,0.07272,0.07156,0.07204,120877742.0
1783915200000,0.07204,0.07223,0.07187,0.072,21293304.0
1783918800000,0.072,0.0724,0.07181,0.07227,48073460.0
1783922400000,0.07227,0.07236,0.07205,0.07231,18280748.0
1783926000000,0.07231,0.0725,0.07219,0.07235,20781884.0
1783929600000,0.07235,0.07266,0.07226,0.07252,25616064.0
1783933200000,0.07252,0.07255,0.0723,0.07235,7131153.0
1783936800000,0.07235,0.07236,0.07204,0.07214,29119866.0
1783940400000,0.07214,0.07243,0.07214,0.07226,11274778.0
1783944000000,0.07226,0.07233,0.07192,0.07207,36924306.0
1783947600000,0.07207,0.07233,0.07182,0.07206,47657716.0
1783951200000,0.07206,0.07255,0.07182,0.07251,63264288.0
1783954800000,0.07251,0.07256,0.07201,0.07206,19877347.0
1783958400000,0.07206,0.07214,0.07147,0.0716,68937371.0
1783962000000,0.0716,0.07176,0.07088,0.07092,71961597.0
1783965600000,0.07092,0.07145,0.0709,0.07132,30382153.0
1783969200000,0.07132,0.07184,0.07132,0.07179,28034587.0
1783972800000,0.07179,0.07193,0.0715,0.07173,25587822.0
1783976400000,0.07173,0.07176,0.07101,0.07146,45777977.0
1783980000000,0.07146,0.07179,0.07128,0.07131,26621211.0
1783983600000,0.07131,0.07196,0.07117,0.07193,24656074.0
1783987200000,0.07193,0.07239,0.0718,0.07231,48005589.0
1783990800000,0.07231,0.07233,0.07185,0.07186,32023951.0
1783994400000,0.07186,0.07201,0.07173,0.07178,22053423.0
1783998000000,0.07178,0.07203,0.07138,0.07201,58666862.0
1784001600000,0.07201,0.07214,0.07189,0.07202,15918997.0
1784005200000,0.07202,0.07239,0.07202,0.07232,17997494.0
1784008800000,0.07232,0.0724,0.07222,0.07226,12532369.0
1784012400000,0.07226,0.07232,0.07207,0.07213,23232524.0
1784016000000,0.07213,0.07227,0.07203,0.07208,12814957.0
1784019600000,0.07208,0.07224,0.07202,0.07205,9730572.0
1784023200000,0.07205,0.07233,0.07194,0.07222,15332417.0
1784026800000,0.07222,0.07231,0.07215,0.07222,8457100.0
1784030400000,0.07222,0.07344,0.07209,0.07332,183244489.0
1784034000000,0.07332,0.07408,0.07307,0.07386,109855348.0
1784037600000,0.07386,0.07469,0.07363,0.0745,99130722.0
1784041200000,0.0745,0.07514,0.0743,0.07487,101159638.0
1784044800000,0.07487,0.07536,0.07451,0.07456,119468877.0
1784048400000,0.07456,0.07461,0.07404,0.07454,53425047.0
1784052000000,0.07454,0.07459,0.07417,0.07443,58888643.0
1784055600000,0.07443,0.07457,0.07412,0.07421,34008115.0
1784059200000,0.07421,0.07426,0.07398,0.07407,22486942.0
1784062800000,0.07407,0.0747,0.07405,0.07429,30811774.0
1784066400000,0.07429,0.07459,0.07398,0.07434,37917654.0
1784070000000,0.07434,0.07462,0.07419,0.07442,30110718.0
1784073600000,0.07442,0.07449,0.07392,0.07409,26384260.0
1784077200000,0.07409,0.07417,0.07383,0.074,28764613.0
1784080800000,0.074,0.07407,0.07362,0.0737,26990075.0
1784084400000,0.0737,0.07415,0.07366,0.074,25176943.0
1784088000000,0.074,0.07419,0.07378,0.07406,11245179.0
1784091600000,0.07406,0.07447,0.07381,0.07439,23404592.0
1784095200000,0.07439,0.07487,0.07432,0.07438,40676768.0
1784098800000,0.07438,0.07439,0.07377,0.07395,52792403.0
1784102400000,0.07395,0.07425,0.07388,0.07416,41404989.0
1784106000000,0.07416,0.07447,0.07343,0.07367,106907885.0
1784109600000,0.07367,0.07385,0.0736,0.07376,23551699.0
1784113200000,0.07376,0.07384,0.07352,0.07382,19846195.0
1784116800000,0.07382,0.07475,0.07364,0.07468,75455701.0
1784120400000,0.07468,0.07523,0.07423,0.07452,110397423.0
1784124000000,0.07452,0.07511,0.07444,0.07486,82072856.0
1784127600000,0.07486,0.07495,0.07426,0.07459,50566414.0
1784131200000,0.07459,0.07464,0.07327,0.0739,105534440.0
1784134800000,0.0739,0.07435,0.07377,0.0742,60622902.0
1784138400000,0.0742,0.07473,0.07393,0.07401,43614479.0
1784142000000,0.07401,0.07413,0.07361,0.07377,38091507.0
1784145600000,0.07377,0.07411,0.07369,0.07398,22267980.0
1784149200000,0.07398,0.07414,0.07389,0.074,17908548.0
1784152800000,0.074,0.07421,0.07388,0.07401,36715467.0
1784156400000,0.07401,0.07414,0.07391,0.07404,12903463.0
1784160000000,0.07404,0.07423,0.0737,0.07386,25078896.0
1784163600000,0.07386,0.07415,0.07357,0.0741,25789479.0
1784167200000,0.0741,0.07434,0.07399,0.07433,18578125.0
1784170800000,0.07433,0.07446,0.07391,0.07395,27537516.0
1784174400000,0.07395,0.07405,0.07374,0.07377,13988386.0
1784178000000,0.07377,0.07425,0.07375,0.07418,26882228.0
1784181600000,0.07418,0.07432,0.07385,0.07408,21485371.0
1784185200000,0.07408,0.07411,0.07326,0.07352,66227340.0
1784188800000,0.07352,0.07353,0.0726,0.07311,149391405.0
1784192400000,0.07311,0.07323,0.073,0.07306,23445108.0
1784196000000,0.07306,0.07339,0.07305,0.07327,8059722.0
1784199600000,0.07327,0.07328,0.07299,0.07324,17668843.0
1784203200000,0.07324,0.07326,0.07271,0.07285,66902543.0
1784206800000,0.07285,0.0737,0.0728,0.07356,47080164.0
1784210400000,0.07356,0.07393,0.07329,0.07359,45755830.0
1784214000000,0.07359,0.07391,0.07312,0.07359,21626479.0
1784217600000,0.07359,0.0737,0.07331,0.07339,24145268.0
1784221200000,0.07339,0.07344,0.0729,0.07319,51421503.0
1784224800000,0.07319,0.07363,0.07316,0.07339,25461526.0
1784228400000,0.07339,0.07347,0.07305,0.07314,19939974.0
1784232000000,0.07314,0.07319,0.07301,0.07303,13744176.0
1784235600000,0.07303,0.07325,0.07288,0.07308,15690040.0
1784239200000,0.07308,0.07331,0.07258,0.0727,36834514.0
1784242800000,0.0727,0.07274,0.07207,0.07231,90881828.0
1784246400000,0.07231,0.07273,0.07203,0.0727,45553649.0
1784250000000,0.0727,0.07283,0.07201,0.07212,34874590.0
1784253600000,0.07212,0.07224,0.07182,0.07205,42706716.0
1784257200000,0.07205,0.0726,0.07203,0.07238,13092295.0
1784260800000,0.07238,0.07243,0.07196,0.07225,17938297.0
1784264400000,0.07225,0.07225,0.07137,0.07148,70347247.0
1784268000000,0.07148,0.07195,0.07135,0.07177,36511908.0
1784271600000,0.07177,0.07185,0.07154,0.07165,21101999.0
1784275200000,0.07165,0.07173,0.07112,0.07143,58201493.0
1784278800000,0.07143,0.0717,0.07141,0.07169,22691529.0
1784282400000,0.07169,0.07203,0.07166,0.07195,22722615.0
1784286000000,0.07195,0.07207,0.07182,0.07199,11541724.0
1784289600000,0.07199,0.072,0.0716,0.07165,23637701.0
1784293200000,0.07165,0.07192,0.07094,0.07186,109301593.0
1784296800000,0.07186,0.07226,0.07171,0.0719,45651455.0
1784300400000,0.0719,0.07212,0.0715,0.07212,45644873.0
1784304000000,0.07212,0.07252,0.07194,0.07231,34216924.0
1784307600000,0.07231,0.07293,0.07231,0.07254,37389743.0
1784311200000,0.07254,0.07284,0.07234,0.07276,21433216.0
1784314800000,0.07276,0.07276,0.07236,0.0726,19739380.0
1784318400000,0.0726,0.07268,0.07227,0.07265,28545293.0
1784322000000,0.07265,0.0729,0.07259,0.07263,35791381.0
1784325600000,0.07263,0.07268,0.07237,0.07251,30669431.0
1784329200000,0.07251,0.07258,0.0723,0.07251,8851504.0
1784332800000,0.07251,0.07267,0.07245,0.07247,10247451.0
1784336400000,0.07247,0.07259,0.07237,0.07253,15641755.0
1784340000000,0.07253,0.07275,0.07248,0.07253,12612722.0
1784343600000,0.07253,0.07276,0.07252,0.07263,9594578.0
1784347200000,0.07263,0.07266,0.07245,0.07247,5898708.0
1784350800000,0.07247,0.07248,0.07206,0.0722,37642846.0
1784354400000,0.0722,0.0724,0.07212,0.07233,12006233.0
1784358000000,0.07233,0.07238,0.07224,0.07227,4125210.0
1784361600000,0.07227,0.07242,0.07219,0.07222,8609557.0
1784365200000,0.07222,0.07225,0.07187,0.07212,30162553.0
1784368800000,0.07212,0.07227,0.07208,0.07216,10076370.0
1784372400000,0.07216,0.07225,0.07213,0.07221,5319032.0
1784376000000,0.07221,0.07247,0.07201,0.0723,27786746.0
1784379600000,0.0723,0.0723,0.0719,0.07207,21233293.0
1784383200000,0.07207,0.07229,0.07203,0.07222,11419093.0
1784386800000,0.07222,0.07229,0.07207,0.07214,8491687.0
1784390400000,0.07214,0.07231,0.07202,0.07226,19752062.0
1784394000000,0.07226,0.07242,0.07211,0.07234,15853519.0
1784397600000,0.07234,0.07259,0.07223,0.07229,20371878.0
1784401200000,0.07229,0.0724,0.07225,0.07234,10629905.0
1784404800000,0.07234,0.07251,0.07225,0.07237,10277312.0
1784408400000,0.07237,0.07252,0.07223,0.07232,12793777.0
1784412000000,0.07232,0.07249,0.07228,0.07244,12242490.0
1784415600000,0.07244,0.07251,0.07236,0.07248,17036396.0
1784419200000,0.07248,0.07254,0.07236,0.07249,9002365.0
1784422800000,0.07249,0.07252,0.07237,0.07238,7253751.0
1784426400000,0.07238,0.0728,0.07236,0.0726,21990198.0
1784430000000,0.0726,0.07264,0.07231,0.07239,11883666.0
1784433600000,0.07239,0.07246,0.07223,0.07233,7549335.0
1784437200000,0.07233,0.07247,0.07228,0.07232,6594592.0
1784440800000,0.07232,0.07249,0.07229,0.07246,6624799.0
1784444400000,0.07246,0.07261,0.07238,0.07242,8133701.0
1784448000000,0.07242,0.07269,0.07238,0.07264,9604943.0
1784451600000,0.07264,0.07275,0.07235,0.07246,23963888.0
1784455200000,0.07246,0.07276,0.07233,0.0726,15930766.0
1784458800000,0.0726,0.07272,0.07245,0.0725,7344130.0
1784462400000,0.0725,0.07259,0.07225,0.07241,15731317.0
1784466000000,0.07241,0.0725,0.07217,0.07239,24146920.0
1784469600000,0.07239,0.07276,0.0723,0.07259,16985868.0
1784473200000,0.07259,0.07261,0.07235,0.07244,8128371.0
1784476800000,0.07244,0.07251,0.07226,0.07226,15086879.0
1784480400000,0.07226,0.07242,0.07185,0.07221,54331759.0
1784484000000,0.07221,0.07221,0.07162,0.07203,42722763.0
1784487600000,0.07203,0.07225,0.07192,0.07225,14127469.0
1784491200000,0.07225,0.07239,0.07222,0.07239,9179948.0
1784494800000,0.07239,0.07241,0.07186,0.07196,19075846.0
1784498400000,0.07196,0.07257,0.07189,0.07227,27442578.0
1784502000000,0.07227,0.07242,0.07197,0.07237,24928295.0
1784505600000,0.07237,0.07305,0.07218,0.07242,63516233.0
1784509200000,0.07242,0.07314,0.07217,0.07227,68206395.0
1784512800000,0.07227,0.07281,0.07223,0.07266,34120732.0
1784516400000,0.07266,0.07291,0.07249,0.07269,19620429.0
1784520000000,0.07269,0.07271,0.07227,0.07228,19308546.0
1784523600000,0.07228,0.0723,0.07133,0.07167,58806670.0
1784527200000,0.07167,0.07176,0.07104,0.07131,68160750.0
1784530800000,0.07131,0.07183,0.07129,0.07182,33659474.0
1784534400000,0.07182,0.07195,0.07149,0.07177,40437716.0
1784538000000,0.07177,0.07212,0.0717,0.07201,16118772.0
1784541600000,0.07201,0.07228,0.07195,0.07215,17901364.0
1784545200000,0.07215,0.07293,0.07211,0.07285,67252098.0
1784548800000,0.07285,0.07287,0.07247,0.07252,36079337.0
1784552400000,0.07252,0.07272,0.07191,0.07203,59731033.0
1784556000000,0.07203,0.07253,0.07175,0.07234,55155190.0
1784559600000,0.07234,0.07347,0.0723,0.07335,124122676.0
1784563200000,0.07335,0.07357,0.07294,0.07322,116691436.0
1784566800000,0.07322,0.07327,0.07281,0.07307,79100071.0
1784570400000,0.07307,0.07326,0.07233,0.0724,128075612.0
1784574000000,0.0724,0.07243,0.07144,0.07211,137494314.0
1784577600000,0.07211,0.07235,0.07191,0.07217,30876323.0
1784581200000,0.07217,0.07233,0.07205,0.07206,37190084.0
1784584800000,0.07206,0.07206,0.07164,0.07176,30032689.0
1784588400000,0.07176,0.0722,0.0717,0.07214,25717323.0
1784592000000,0.07214,0.07239,0.07186,0.07227,27508680.0
1784595600000,0.07227,0.07241,0.07214,0.0722,27184583.0
1784599200000,0.0722,0.07259,0.07208,0.07246,20523392.0
1784602800000,0.07246,0.07282,0.07246,0.07275,26824915.0
1784606400000,0.07275,0.07284,0.07249,0.07268,22114509.0
1784610000000,0.07268,0.0731,0.07266,0.07294,33687208.0
1784613600000,0.07294,0.07321,0.07279,0.0731,61129608.0
1784617200000,0.0731,0.07333,0.07296,0.07331,33304965.0
1784620800000,0.07331,0.0738,0.07327,0.07353,76542730.0
1784624400000,0.07353,0.07358,0.07332,0.07344,32361810.0
1784628000000,0.07344,0.07374,0.07324,0.07343,62913377.0
1784631600000,0.07343,0.07372,0.07337,0.07363,45677283.0
1784635200000,0.07363,0.0737,0.07336,0.07352,51572427.0
1784638800000,0.07352,0.07358,0.07309,0.07348,65942402.0
1784642400000,0.07348,0.07359,0.07308,0.07327,53346570.0
1784646000000,0.07327,0.07345,0.07306,0.07344,28136919.0
1784649600000,0.07344,0.07349,0.07319,0.07336,17698061.0
1784653200000,0.07336,0.0734,0.07288,0.07325,41292209.0
1784656800000,0.07325,0.07346,0.07318,0.07343,20549494.0
1784660400000,0.07343,0.07362,0.07332,0.0735,25758288.0
1784664000000,0.0735,0.0736,0.07337,0.0735,11838390.0
1784667600000,0.0735,0.07355,0.07325,0.07335,19456142.0
1784671200000,0.07335,0.07335,0.07299,0.07308,30349270.0
1784674800000,0.07308,0.07335,0.07293,0.07335,21443579.0
1784678400000,0.07335,0.07386,0.07326,0.07368,38107683.0
1784682000000,0.07368,0.07379,0.07332,0.07359,25714040.0
1784685600000,0.07359,0.07373,0.07338,0.0734,19992249.0
1784689200000,0.0734,0.07349,0.07316,0.07322,21268509.0
1784692800000,0.07322,0.07347,0.07317,0.07341,39583711.0
1784696400000,0.07341,0.07341,0.07239,0.07244,156340295.0
1784700000000,0.07244,0.07248,0.07216,0.07235,58148688.0
1784703600000,0.07235,0.07238,0.07203,0.07218,53895933.0
1784707200000,0.07218,0.07251,0.07215,0.07245,31051707.0
1784710800000,0.07245,0.0726,0.07234,0.07249,19588097.0
1784714400000,0.07249,0.07277,0.07242,0.07271,20058027.0
1784718000000,0.07271,0.0728,0.07249,0.07262,28563484.0
1784721600000,0.07262,0.07262,0.07213,0.0724,38028741.0
1784725200000,0.0724,0.07292,0.0723,0.07282,54022131.0
1784728800000,0.07282,0.0733,0.07242,0.0728,93153051.0
1784732400000,0.0728,0.07328,0.0728,0.07304,40691336.0
1784736000000,0.07304,0.07349,0.07287,0.07335,37670905.0
1784739600000,0.07335,0.07346,0.07299,0.07314,33233888.0
1784743200000,0.07314,0.0732,0.07257,0.07274,70463689.0
1784746800000,0.07274,0.07278,0.07221,0.07246,60883290.0
1784750400000,0.07246,0.07276,0.07234,0.0726,54205722.0
1784754000000,0.0726,0.07305,0.07239,0.07297,44527969.0
1784757600000,0.07297,0.07303,0.07275,0.073,24290243.0
1784761200000,0.073,0.07301,0.07246,0.07298,35572177.0
1784764800000,0.07298,0.07318,0.07287,0.07295,14422297.0
1784768400000,0.07295,0.07305,0.07268,0.07275,19424724.0
1784772000000,0.07275,0.0728,0.0725,0.07265,21395816.0
1784775600000,0.07265,0.07268,0.07219,0.07233,40186833.0
1784779200000,0.07233,0.07259,0.07226,0.07251,22197699.0
1784782800000,0.07251,0.07267,0.07235,0.07243,10754680.0
1784786400000,0.07243,0.07261,0.07235,0.07259,12250961.0
1784790000000,0.07259,0.07259,0.07205,0.07217,73240943.0
1784793600000,0.07217,0.07245,0.07212,0.07239,24678510.0
1784797200000,0.07239,0.07249,0.07219,0.0722,48666186.0
1784800800000,0.0722,0.07247,0.07216,0.07236,26516510.0
1784804400000,0.07236,0.0725,0.07228,0.07234,25123661.0
1784808000000,0.07234,0.07239,0.07049,0.07121,314990651.0
1784811600000,0.07121,0.07128,0.0699,0.07025,262905615.0
1784815200000,0.07025,0.07065,0.07003,0.0702,127785496.0
1784818800000,0.0702,0.07021,0.06837,0.06971,451482230.0
1784822400000,0.06971,0.06979,0.0692,0.06959,99117765.0
1784826000000,0.06959,0.06979,0.06921,0.06936,73779076.0
1784829600000,0.06936,0.06946,0.06909,0.06927,66325443.0
1784833200000,0.06927,0.0694,0.06891,0.06921,64094456.0
1784836800000,0.06921,0.06965,0.06919,0.06961,43777883.0
1784840400000,0.06961,0.06973,0.06937,0.06947,33985863.0
1784844000000,0.06947,0.06967,0.06929,0.06951,28117245.0
1784847600000,0.06951,0.06955,0.06908,0.06916,26700572.0
1784851200000,0.06916,0.06919,0.0687,0.06918,102782559.0
1784854800000,0.06918,0.06939,0.06914,0.06924,35646028.0
1784858400000,0.06924,0.06943,0.06877,0.06913,37692271.0
1784862000000,0.06913,0.06947,0.069,0.06938,58691248.0
1784865600000,0.06938,0.06941,0.06895,0.06903,53680443.0
1784869200000,0.06903,0.06924,0.0689,0.06917,87948473.0
1784872800000,0.06917,0.06941,0.06914,0.06929,34984357.0
1784876400000,0.06929,0.07013,0.06929,0.07004,179063845.0
1784880000000,0.07004,0.07004,0.06977,0.06994,24384972.0
1784883600000,0.06994,0.07005,0.06961,0.07,37382649.0
1784887200000,0.07,0.07004,0.06965,0.06982,33809613.0
1784890800000,0.06982,0.06988,0.06917,0.06943,78069402.0
1784894400000,0.06943,0.06962,0.06903,0.06909,55792256.0
1784898000000,0.06909,0.06915,0.06814,0.06867,259817298.0
1784901600000,0.06867,0.06885,0.0682,0.06885,78203494.0
1784905200000,0.06885,0.06938,0.06851,0.06915,78809932.0
1784908800000,0.06915,0.06916,0.06849,0.06874,78261963.0
1784912400000,0.06874,0.06919,0.06871,0.06913,33137737.0
1784916000000,0.06913,0.06918,0.06891,0.06912,19415414.0
1784919600000,0.06912,0.06926,0.06901,0.0692,13866932.0
1784923200000,0.0692,0.06931,0.06911,0.06916,18468214.0
1784926800000,0.06916,0.06921,0.06878,0.06885,43800354.0
1784930400000,0.06885,0.06968,0.06879,0.06949,56426472.0
1784934000000,0.06949,0.0696,0.06932,0.06953,30441935.0
1784937600000,0.06953,0.0697,0.0694,0.0696,33037554.0
1784941200000,0.0696,0.0697,0.0694,0.06951,23313504.0
1784944800000,0.06951,0.06967,0.0695,0.06962,10113672.0
1784948400000,0.06962,0.06972,0.06954,0.06964,8024237.0
1784952000000,0.06964,0.06979,0.06951,0.06959,17498822.0
1784955600000,0.06959,0.06964,0.06924,0.06933,15860592.0
1784959200000,0.06933,0.06942,0.06917,0.0694,18275052.0
1784962800000,0.0694,0.06946,0.06927,0.06932,19163341.0
1784966400000,0.06932,0.06947,0.06912,0.06938,23873993.0
1784970000000,0.06938,0.06958,0.06936,0.06947,15326961.0
1784973600000,0.06947,0.06954,0.06937,0.06952,11091167.0
1784977200000,0.06952,0.06957,0.06929,0.06939,11676288.0
1784980800000,0.06939,0.06972,0.06937,0.06972,37028008.0
1784984400000,0.06972,0.07025,0.06972,0.06991,63125678.0
1784988000000,0.06991,0.07057,0.06983,0.07033,40922305.0
1784991600000,0.07033,0.07145,0.07028,0.07116,187009732.0
1784995200000,0.07116,0.07225,0.07112,0.07215,274470077.0
1784998800000,0.07215,0.0735,0.07211,0.07317,212452165.0
1785002400000,0.07317,0.07367,0.07268,0.07289,134619154.0
1785006000000,0.07289,0.07299,0.07247,0.07277,47672639.0
1785009600000,0.07277,0.07293,0.07234,0.07249,53609796.0
1785013200000,0.07249,0.07258,0.07202,0.07227,99574278.0
1785016800000,0.07227,0.07238,0.07192,0.07198,41062349.0
1785020400000,0.07198,0.07198,0.0716,0.07167,46416342.0
1785024000000,0.07167,0.07184,0.07152,0.0718,80770519.0
1785027600000,0.0718,0.07212,0.07156,0.07211,51383118.0
1785031200000,0.07211,0.07277,0.0719,0.07241,126930332.0
1785034800000,0.07241,0.07272,0.07223,0.07268,44118338.0
1785038400000,0.07268,0.07335,0.07249,0.07318,108654271.0
1785042000000,0.07318,0.07382,0.07304,0.07337,136533463.0
1785045600000,0.07337,0.07355,0.07269,0.07346,75285714.0
1785049200000,0.07346,0.07399,0.07303,0.07324,135986181.0
1785052800000,0.07324,0.07374,0.07314,0.07339,59185020.0
1785056400000,0.07339,0.07346,0.073,0.07323,50313950.0
1785060000000,0.07323,0.07346,0.07311,0.07325,22612832.0
1785063600000,0.07325,0.07342,0.07312,0.07318,12773774.0
1785067200000,0.07318,0.0734,0.073,0.07323,39600856.0
1785070800000,0.07323,0.07323,0.07282,0.07303,40343855.0
1785074400000,0.07303,0.07333,0.07276,0.07295,44561275.0
1785078000000,0.07295,0.07322,0.07282,0.07306,32558843.0
1785081600000,0.07306,0.07337,0.0729,0.07307,52355382.0
1785085200000,0.07307,0.07321,0.07288,0.07307,31495425.0
1785088800000,0.07307,0.07308,0.07259,0.07266,54975898.0
1785092400000,0.07266,0.07272,0.07247,0.07261,49070873.0
1785096000000,0.07261,0.07279,0.07254,0.07256,22148383.0
1785099600000,0.07256,0.07284,0.07248,0.07274,22615489.0
1785103200000,0.07274,0.07337,0.07274,0.07324,106453443.0
1785106800000,0.07324,0.07351,0.0731,0.07336,50202394.0
1785110400000,0.07336,0.07339,0.07292,0.07298,48205078.0
1785114000000,0.07298,0.07302,0.07252,0.07281,49784169.0
1785117600000,0.07281,0.07285,0.07247,0.07257,28009975.0
1785121200000,0.07257,0.07291,0.07248,0.07283,26423279.0
1785124800000,0.07283,0.07308,0.07264,0.07276,26682194.0
1785128400000,0.07276,0.07303,0.07264,0.07293,38118974.0
1785132000000,0.07293,0.07349,0.07292,0.07295,61661646.0
1785135600000,0.07295,0.073,0.07268,0.0728,27221050.0
1785139200000,0.0728,0.07283,0.07231,0.07255,59227809.0
1785142800000,0.07255,0.07271,0.07215,0.07264,59930977.0
1785146400000,0.07264,0.0729,0.07259,0.07275,22257655.0
1785150000000,0.07275,0.0728,0.0725,0.07253,17770227.0
1785153600000,0.07253,0.073,0.07234,0.07289,47294460.0
1785157200000,0.07289,0.07319,0.07232,0.07274,70007590.0
1785160800000,0.07274,0.07279,0.07074,0.07136,281515929.0
1785164400000,0.07136,0.07162,0.07124,0.07133,37760329.0
1785168000000,0.07133,0.07218,0.07118,0.0721,66114390.0
1785171600000,0.0721,0.07229,0.07196,0.0721,60952636.0
1785175200000,0.0721,0.07213,0.07149,0.07176,56180128.0
1785178800000,0.07176,0.07213,0.07174,0.072,29166262.0
1785182400000,0.072,0.07212,0.0718,0.07209,11040208.0
1785186000000,0.07209,0.07216,0.07178,0.07186,18861826.0
1785189600000,0.07186,0.07186,0.07032,0.07042,160360055.0
1785193200000,0.07042,0.07065,0.07006,0.07032,101135200.0
1785196800000,0.07032,0.07053,0.06982,0.06987,66366545.0
1785200400000,0.06987,0.06997,0.06927,0.06968,123452583.0
1785204000000,0.06968,0.07024,0.06963,0.07008,73775510.0
1785207600000,0.07008,0.07022,0.06987,0.0702,23314753.0
1785211200000,0.0702,0.07024,0.0699,0.06999,27461920.0
1785214800000,0.06999,0.07011,0.06982,0.06997,33679406.0
1785218400000,0.06997,0.07039,0.06978,0.07036,54218380.0
1785222000000,0.07036,0.07045,0.07002,0.07011,44250158.0
1785225600000,0.07011,0.07025,0.07,0.07015,54432234.0
1785229200000,0.07015,0.07028,0.07,0.07011,15058306.0
1785232800000,0.07011,0.07017,0.06996,0.07011,26755124.0
1785236400000,0.07011,0.07015,0.06968,0.06997,70393480.0
1785240000000,0.06997,0.07015,0.06985,0.07007,41339331.0
1785243600000,0.07007,0.07015,0.06918,0.06955,124575293.0
1785247200000,0.06955,0.07005,0.06931,0.06993,54533110.0
1785250800000,0.06993,0.07103,0.06981,0.07076,93030122.0
1785254400000,0.07076,0.07124,0.07061,0.07113,53346715.0
1785258000000,0.07113,0.07137,0.07043,0.0706,70145860.0
1785261600000,0.0706,0.07076,0.07047,0.0707,12799328.0
1785265200000,0.0707,0.07086,0.07057,0.0707,21549772.0
1785268800000,0.0707,0.07086,0.07059,0.07071,15509477.0
1785272400000,0.07071,0.07112,0.07067,0.07095,17037600.0
1785276000000,0.07095,0.07109,0.07028,0.07031,24601126.0
1785279600000,0.07031,0.07087,0.06999,0.07085,48514092.0
1785283200000,0.07085,0.07116,0.07067,0.07088,63597644.0
1785286800000,0.07088,0.07102,0.07034,0.07037,26742512.0
1785290400000,0.07037,0.07095,0.07024,0.07076,31837193.0
1785294000000,0.07076,0.07086,0.07017,0.07019,39601586.0
1785297600000,0.07019,0.07068,0.06989,0.07052,57761127.0
1785301200000,0.07052,0.07071,0.07042,0.07059,29314031.0
1785304800000,0.07059,0.07094,0.07039,0.07074,30927367.0
1785308400000,0.07074,0.07099,0.07061,0.07096,23310198.0
1785312000000,0.07096,0.07104,0.0704,0.07073,35958406.0
1785315600000,0.07073,0.07099,0.07069,0.07088,26561500.0
1785319200000,0.07088,0.07092,0.07044,0.07054,27812411.0
1785322800000,0.07054,0.07069,0.07039,0.07056,13702836.0
1785326400000,0.07056,0.07067,0.07034,0.07055,27217578.0
1785330000000,0.07055,0.07071,0.07027,0.07065,30421305.0
1785333600000,0.07065,0.07073,0.07007,0.07017,44165602.0
1785337200000,0.07017,0.07042,0.06996,0.07015,41127322.0
1785340800000,0.07015,0.07035,0.06997,0.07021,46557718.0
1785344400000,0.07021,0.07061,0.07017,0.07058,21389525.0
1785348000000,0.07058,0.07114,0.07021,0.07094,108633703.0
1785351600000,0.07094,0.071,0.06964,0.06966,104473483.0
1785355200000,0.06966,0.06984,0.06872,0.06932,203067509.0
1785358800000,0.06932,0.06986,0.06906,0.06982,36431098.0
1785362400000,0.06982,0.0702,0.06982,0.07003,48717325.0
1785366000000,0.07003,0.07019,0.06989,0.07011,22538633.0
1785369600000,0.07011,0.07047,0.06984,0.0701,47247858.0
1785373200000,0.0701,0.07071,0.0701,0.07053,37018343.0
1785376800000,0.07053,0.07065,0.07042,0.07042,39623501.0
1785380400000,0.07042,0.07055,0.07018,0.07018,25744668.0
1785384000000,0.07018,0.07021,0.06968,0.06975,31400641.0
1785387600000,0.06975,0.07014,0.0696,0.07011,19712404.0
1785391200000,0.07011,0.07014,0.06982,0.06987,25954219.0
1785394800000,0.06987,0.07014,0.06971,0.06975,26963396.0
1785398400000,0.06975,0.0702,0.06975,0.07005,82077632.0
1785402000000,0.07005,0.07026,0.07004,0.07019,38759804.0
1785405600000,0.07019,0.07034,0.06983,0.06995,36942040.0
1785409200000,0.06995,0.07015,0.06978,0.0701,42956174.0
1785412800000,0.0701,0.07031,0.07003,0.07018,26393476.0
1785416400000,0.07018,0.07059,0.06988,0.07049,60901204.0
1785420000000,0.07049,0.07069,0.07006,0.0705,60226030.0
1785423600000,0.0705,0.07067,0.07019,0.07053,42220951.0
1785427200000,0.07053,0.07066,0.0704,0.07061,36959692.0
1785430800000,0.07061,0.07099,0.0704,0.07081,24595670.0
1785434400000,0.07081,0.07092,0.07061,0.0707,18226177.0
1785438000000,0.0707,0.07102,0.07067,0.07072,14787471.0
1785441600000,0.07072,0.07088,0.07051,0.07054,40158038.0
1785445200000,0.07054,0.07072,0.07042,0.07048,27387966.0
1785448800000,0.07048,0.07087,0.07036,0.07064,15858217.0
1785452400000,0.07064,0.07093,0.07048,0.07057,22138787.0
1785456000000,0.07057,0.07071,0.07018,0.07041,60560012.0
1785459600000,0.07041,0.07098,0.07012,0.07024,40725749.0
1785463200000,0.07024,0.07032,0.06984,0.06997,53023790.0
1785466800000,0.06997,0.07017,0.06976,0.07002,30823110.0
1785470400000,0.07002,0.07008,0.06977,0.07007,28180975.0
1785474000000,0.07007,0.07018,0.06996,0.07009,14652187.0
1785477600000,0.07009,0.07027,0.06994,0.07007,21453830.0
1785481200000,0.07007,0.07007,0.06954,0.07001,60190621.0
1785484800000,0.07001,0.07015,0.06982,0.0699,23191183.0
1785488400000,0.0699,0.06992,0.0693,0.06939,98923034.0
1785492000000,0.06939,0.06952,0.06907,0.06948,54557182.0
1785495600000,0.06948,0.06961,0.06942,0.06958,12910436.0
1785499200000,0.06958,0.0696,0.06932,0.06959,32812765.0
1785502800000,0.06959,0.06968,0.06901,0.06925,93548142.0
1785506400000,0.06925,0.06962,0.06843,0.0693,274422451.0
1785510000000,0.0693,0.06945,0.06879,0.069,69970143.0
1785513600000,0.069,0.06969,0.06894,0.06967,34162266.0
1785517200000,0.06967,0.07027,0.06954,0.07011,75095603.0
1785520800000,0.07011,0.07032,0.06984,0.07018,67544018.0
1785524400000,0.07018,0.07034,0.06962,0.06974,36505707.0
1785528000000,0.06974,0.0699,0.06942,0.06951,31166819.0
1785531600000,0.06951,0.06983,0.06941,0.06962,33640204.0
1785535200000,0.06962,0.06981,0.06952,0.06958,12954888.0
1785538800000,0.06958,0.0697,0.06952,0.06957,8491529.0
1785542400000,0.06957,0.06993,0.06955,0.0699,35187915.0
1785546000000,0.0699,0.07016,0.06988,0.07008,20600049.0
1785549600000,0.07008,0.07026,0.06995,0.07009,15423427.0
1785553200000,0.07009,0.07014,0.07,0.07007,13696900.0
1785556800000,0.07007,0.07022,0.07004,0.07012,21178890.0
1785560400000,0.07012,0.07016,0.06996,0.07008,17527102.0
1785564000000,0.07008,0.07013,0.06993,0.07001,15394043.0
1785567600000,0.07001,0.07027,0.06974,0.06985,42260104.0
1785571200000,0.06985,0.06992,0.06976,0.0699,7825484.0
1785574800000,0.0699,0.06993,0.06974,0.06976,11692134.0
1785578400000,0.06976,0.06981,0.06957,0.06979,20443379.0
1785582000000,0.06979,0.06988,0.06974,0.06983,8630096.0
1785585600000,0.06983,0.06997,0.06974,0.06989,16495112.0
1785589200000,0.06989,0.07011,0.06989,0.07004,16178030.0
1785592800000,0.07004,0.07024,0.06997,0.07011,17228584.0
1785596400000,0.07011,0.07014,0.06996,0.07008,5820137.0
1785600000000,0.07008,0.07019,0.06988,0.06998,20039219.0
1785603600000,0.06998,0.07007,0.0693,0.06948,65055128.0
1785607200000,0.06948,0.0695,0.0676,0.06849,353823165.0
1785610800000,0.06849,0.06866,0.06835,0.06849,69945482.0
1785614400000,0.06849,0.06863,0.06834,0.06862,40934066.0
1785618000000,0.06862,0.06924,0.06861,0.06909,54062945.0
1785621600000,0.06909,0.06918,0.06896,0.06896,13193763.0
1785625200000,0.06896,0.06945,0.06896,0.0691,69668927.0
1785628800000,0.0691,0.06926,0.06908,0.06917,17564960.0
1785632400000,0.06917,0.06967,0.06917,0.06961,53327685.0
1785636000000,0.06961,0.07019,0.06958,0.06999,74210873.0
1785639600000,0.06999,0.07008,0.06992,0.07001,23656600.0
1785643200000,0.07001,0.07023,0.07001,0.07019,43816899.0
1785646800000,0.07019,0.07057,0.07011,0.07048,67519908.0
1785650400000,0.07048,0.07055,0.07021,0.07034,22745588.0
1785654000000,0.07034,0.0704,0.07024,0.07038,7901964.0
1785657600000,0.07038,0.0704,0.06994,0.06998,52464418.0
1785661200000,0.06998,0.07021,0.06981,0.07016,33960858.0
1785664800000,0.07016,0.07018,0.06988,0.07002,20003437.0
1785668400000,0.07002,0.07011,0.06988,0.06995,14309377.0
1785672000000,0.06995,0.07013,0.06994,0.07,11110304.0
1785675600000,0.07,0.07021,0.06996,0.07011,36156778.0
1785679200000,0.07011,0.07052,0.07001,0.07037,49365747.0
1785682800000,0.07037,0.07047,0.07023,0.07026,27773382.0
1785686400000,0.07026,0.07046,0.0701,0.07032,30203138.0
1785690000000,0.07032,0.07063,0.07023,0.07053,42708591.0
1785693600000,0.07053,0.07123,0.0705,0.07078,78188050.0
1785697200000,0.07078,0.07083,0.07059,0.07073,14770676.0
1785700800000,0.07073,0.07073,0.07045,0.07058,28557314.0
1785704400000,0.07058,0.07096,0.07052,0.07076,49567149.0
1785708000000,0.07076,0.07144,0.0707,0.07075,102158563.0
1785711600000,0.07075,0.07079,0.07049,0.07079,49226302.0
1785715200000,0.07079,0.0709,0.07016,0.0702,50415554.0
1785718800000,0.0702,0.07022,0.06997,0.07004,34551267.0
1785722400000,0.07004,0.07019,0.0699,0.07001,39325794.0
1785726000000,0.07001,0.07006,0.06959,0.06977,47008908.0
1785729600000,0.06977,0.07,0.0697,0.0697,23247178.0
1785733200000,0.0697,0.06991,0.06962,0.06982,34559514.0
1785736800000,0.06982,0.06987,0.0693,0.06939,48281410.0
1785740400000,0.06939,0.06941,0.06896,0.06925,111769067.0
1785744000000,0.06925,0.06932,0.06891,0.06928,57993966.0
1785747600000,0.06928,0.06976,0.06923,0.06967,98507759.0
1785751200000,0.06967,0.06974,0.06934,0.0695,48543573.0
1785754800000,0.0695,0.06952,0.06926,0.0693,19287338.0
1785758400000,0.0693,0.0696,0.0692,0.0695,53745357.0
1785762000000,0.0695,0.07045,0.06948,0.07034,81654993.0
1785765600000,0.07034,0.07052,0.07005,0.07045,78932279.0
1785769200000,0.07045,0.07056,0.07012,0.07045,71101530.0
1785772800000,0.07045,0.07056,0.07011,0.07031,48614983.0
1785776400000,0.07031,0.07058,0.07019,0.07029,30985930.0
1785780000000,0.07029,0.07046,0.07024,0.07039,12684662.0
1785783600000,0.07039,0.07049,0.0702,0.07025,20632865.0
1785787200000,0.07025,0.07049,0.0702,0.07048,12235724.0
1785790800000,0.07048,0.07052,0.07033,0.07045,16940521.0
1785794400000,0.07045,0.07046,0.07006,0.07023,24857031.0
1785798000000,0.07023,0.07028,0.0701,0.07019,10218203.0
1785801600000,0.07019,0.07023,0.06986,0.06993,42377806.0
1785805200000,0.06993,0.07052,0.06991,0.07046,51446914.0
1785808800000,0.07046,0.07063,0.0702,0.07041,26544674.0
1785812400000,0.07041,0.07046,0.07023,0.07027,22985487.0
1785816000000,0.07027,0.07057,0.07016,0.07032,18191614.0
1785819600000,0.07032,0.07035,0.07018,0.07027,14509502.0
1785823200000,0.07027,0.07041,0.07006,0.07018,25978638.0
1785826800000,0.07018,0.07039,0.06996,0.07026,19044421.0
1785830400000,0.07026,0.0703,0.07002,0.0701,20035280.0
1785834000000,0.0701,0.07019,0.07001,0.07014,16728687.0
1785837600000,0.07014,0.07044,0.07001,0.07034,26453823.0
1785841200000,0.07034,0.07067,0.07022,0.07056,25975146.0
1785844800000,0.07056,0.07057,0.07032,0.07046,27467852.0
1785848400000,0.07046,0.07049,0.07009,0.07013,48479231.0
1785852000000,0.07013,0.07027,0.06973,0.07013,87290348.0
1785855600000,0.07013,0.07038,0.06994,0.07021,40622677.0
1785859200000,0.07021,0.07037,0.07001,0.07031,21494215.0
1785862800000,0.07031,0.07055,0.07015,0.07018,17949597.0
1785866400000,0.07018,0.07063,0.07016,0.07038,17927158.0
1785870000000,0.07038,0.07048,0.07031,0.07041,15534628.0
1785873600000,0.07041,0.07053,0.07009,0.07035,31930073.0
1785877200000,0.07035,0.07035,0.07015,0.07028,14330161.0
1785880800000,0.07028,0.07039,0.07015,0.07036,13945528.0
1785884400000,0.07036,0.0705,0.07002,0.07003,37360421.0
1785888000000,0.07003,0.07009,0.06976,0.06982,38433294.0
1785891600000,0.06982,0.07028,0.06967,0.0702,21302111.0
1785895200000,0.0702,0.0704,0.07008,0.07021,33058350.0
1785898800000,0.07021,0.07028,0.06958,0.06975,50297149.0
1785902400000,0.06975,0.06992,0.06966,0.0698,16675761.0
1785906000000,0.0698,0.07013,0.06977,0.0699,24149333.0
1785909600000,0.0699,0.06991,0.06971,0.06978,28046961.0
1785913200000,0.06978,0.06985,0.06954,0.06983,34984121.0
1785916800000,0.06983,0.06995,0.06973,0.06986,22948429.0
1785920400000,0.06986,0.06995,0.06979,0.06979,12099497.0
1785924000000,0.06979,0.06989,0.06958,0.06965,25938465.0
1785927600000,0.06965,0.06986,0.06965,0.06979,14912517.0
1785931200000,0.06979,0.07023,0.06976,0.06993,44249364.0
1785934800000,0.06993,0.07001,0.06923,0.0698,107883390.0
1785938400000,0.0698,0.07003,0.0697,0.06993,31956152.0
1785942000000,0.06993,0.07012,0.06965,0.06966,42762423.0
1785945600000,0.06966,0.07034,0.06965,0.07008,51653882.0
1785949200000,0.07008,0.07041,0.06993,0.07026,33570026.0
1785952800000,0.07026,0.07045,0.07007,0.07017,31056321.0
1785956400000,0.07017,0.07041,0.07014,0.07021,18404955.0
1785960000000,0.07021,0.07052,0.07007,0.07031,46707571.0
1785963600000,0.07031,0.07033,0.06994,0.07003,29678049.0
1785967200000,0.07003,0.07015,0.06996,0.06996,33833114.0
1785970800000,0.06996,0.07006,0.06986,0.07,17558805.0
1785974400000,0.07,0.07013,0.06996,0.07005,30928298.0
1785978000000,0.07005,0.07005,0.06965,0.06966,24109716.0
1785981600000,0.06966,0.06982,0.06951,0.06965,37397367.0
1785985200000,0.06965,0.06967,0.06953,0.06962,21795233.0
1785988800000,0.06962,0.0698,0.0694,0.06978,21643355.0
1785992400000,0.06978,0.07014,0.06977,0.06996,26916635.0
1785996000000,0.06996,0.06996,0.06968,0.06988,9212117.0
1785999600000,0.06988,0.06996,0.06973,0.06976,7934843.0
1786003200000,0.06976,0.07002,0.06963,0.06992,19574332.0
1786006800000,0.06992,0.06994,0.06884,0.06902,224603206.0
1786010400000,0.06902,0.06908,0.06874,0.06899,57517561.0
1786014000000,0.06899,0.06922,0.06883,0.06912,25067068.0
1786017600000,0.06912,0.06912,0.06877,0.0688,32066160.0
1786021200000,0.0688,0.06889,0.0682,0.06877,178076766.0
1786024800000,0.06877,0.06916,0.06867,0.06906,47977847.0
1786028400000,0.06906,0.06925,0.06897,0.06898,41290420.0
1786032000000,0.06898,0.06934,0.06892,0.06929,20875140.0
1786035600000,0.06929,0.06935,0.06894,0.06906,19071473.0
1786039200000,0.06906,0.06912,0.06861,0.06867,26828550.0
1786042800000,0.06867,0.06881,0.06866,0.0687,22948280.0
1786046400000,0.0687,0.06893,0.06869,0.06887,33388063.0
1786050000000,0.06887,0.06909,0.06887,0.06905,55083378.0
1786053600000,0.06905,0.06908,0.06883,0.06899,19150730.0
1786057200000,0.06899,0.06906,0.06883,0.06906,13245098.0
1786060800000,0.06906,0.06928,0.06895,0.06922,22863664.0
1786064400000,0.06922,0.06943,0.06908,0.06925,18410978.0
1786068000000,0.06925,0.06945,0.06901,0.06924,24963246.0
1786071600000,0.06924,0.06939,0.069,0.06901,16549755.0
1786075200000,0.06901,0.06919,0.06888,0.069,15255275.0
1786078800000,0.069,0.06923,0.06878,0.06917,35014745.0
1786082400000,0.06917,0.06948,0.06896,0.06916,82703061.0
1786086000000,0.06916,0.06932,0.06909,0.06925,15470093.0
1786089600000,0.06925,0.06949,0.06924,0.06937,27477347.0
1786093200000,0.06937,0.06958,0.06936,0.06955,32409893.0
1786096800000,0.06955,0.06961,0.06942,0.06946,15112974.0
1786100400000,0.06946,0.06966,0.06944,0.06957,27596152.0
1786104000000,0.06957,0.07033,0.06954,0.07002,101719297.0
1786107600000,0.07002,0.0702,0.06991,0.07001,59211651.0
1786111200000,0.07001,0.07015,0.06954,0.06968,51908007.0
1786114800000,0.06968,0.07,0.06963,0.06991,13252344.0
1786118400000,0.06991,0.07012,0.06961,0.06961,19828301.0
1786122000000,0.06961,0.06971,0.06935,0.06964,36105067.0
1786125600000,0.06964,0.06979,0.06949,0.06962,21501954.0
1786129200000,0.06962,0.06995,0.06962,0.0698,21605530.0
1786132800000,0.0698,0.06986,0.06969,0.0697,11745382.0
1786136400000,0.0697,0.06986,0.06955,0.06965,47742184.0
1786140000000,0.06965,0.06977,0.06958,0.06962,6727243.0
1786143600000,0.06962,0.06974,0.0696,0.0696,9662083.0
1786147200000,0.0696,0.06987,0.06952,0.06969,37967396.0
1786150800000,0.06969,0.07001,0.06968,0.0699,39269688.0
1786154400000,0.0699,0.06996,0.06983,0.06984,11666942.0
1786158000000,0.06984,0.07037,0.06983,0.07027,34589669.0
1786161600000,0.07027,0.07033,0.07001,0.07006,21300812.0
1786165200000,0.07006,0.07023,0.07005,0.07015,31373672.0
1786168800000,0.07015,0.07034,0.07015,0.07033,14999028.0
1786172400000,0.07033,0.07035,0.07015,0.07022,10870039.0
1786176000000,0.07022,0.07042,0.07011,0.07039,25936342.0
1786179600000,0.07039,0.07059,0.07028,0.07034,35525654.0
1786183200000,0.07034,0.0704,0.07024,0.07037,7238034.0
1786186800000,0.07037,0.07045,0.07027,0.07039,19475306.0
1786190400000,0.07039,0.07046,0.07033,0.0704,9567966.0
1786194000000,0.0704,0.07058,0.07039,0.07048,16185199.0
1786197600000,0.07048,0.07151,0.0704,0.07124,72275022.0
1786201200000,0.07124,0.07133,0.07089,0.07112,50832340.0
1786204800000,0.07112,0.07136,0.07103,0.0712,39118197.0
1786208400000,0.0712,0.07139,0.07111,0.07119,15842037.0
1786212000000,0.07119,0.07129,0.07083,0.07091,33023546.0
1786215600000,0.07091,0.07108,0.07084,0.07094,23211854.0
1786219200000,0.07094,0.07107,0.07092,0.07099,8410231.0
1786222800000,0.07099,0.07105,0.07089,0.07093,12796357.0
1786226400000,0.07093,0.07095,0.07041,0.07048,35971587.0
1786230000000,0.07048,0.07048,0.07025,0.07041,32481782.0
1786233600000,0.07041,0.07046,0.07025,0.07039,23219435.0
1786237200000,0.07039,0.07049,0.06993,0.07,69322204.0
1786240800000,0.07,0.07011,0.06986,0.06997,25772598.0
1786244400000,0.06997,0.07005,0.0698,0.06997,24184255.0
1786248000000,0.06997,0.07012,0.06995,0.07,19544341.0
1786251600000,0.07,0.07003,0.06983,0.06999,11926042.0
1786255200000,0.06999,0.07021,0.0699,0.07016,21729790.0
1786258800000,0.07016,0.07018,0.07003,0.07011,9347263.0
1786262400000,0.07011,0.07025,0.06989,0.07007,36795908.0
1786266000000,0.07007,0.07011,0.06998,0.07009,16453921.0
1786269600000,0.07009,0.07024,0.07005,0.07016,8266153.0
1786273200000,0.07016,0.07025,0.07013,0.07015,8772929.0
1786276800000,0.07015,0.0702,0.07009,0.07014,6361649.0
1786280400000,0.07014,0.07044,0.07011,0.0703,21583957.0
1786284000000,0.0703,0.07052,0.07028,0.07047,14255850.0
1786287600000,0.07047,0.07075,0.07045,0.07066,26164674.0
1786291200000,0.07066,0.07077,0.07055,0.0707,21029194.0
1786294800000,0.0707,0.07079,0.07049,0.0705,17619727.0
1786298400000,0.0705,0.07059,0.07038,0.07049,21284103.0
1786302000000,0.07049,0.0705,0.07034,0.07047,9242494.0
1786305600000,0.07047,0.07048,0.07033,0.07046,7796549.0
1786309200000,0.07046,0.07078,0.07039,0.07056,28834636.0
1786312800000,0.07056,0.07094,0.06982,0.07001,74432478.0
1786316400000,0.07001,0.07006,0.06916,0.06929,98615509.0
1786320000000,0.06929,0.06978,0.06899,0.06958,93017784.0
1786323600000,0.06958,0.07022,0.0695,0.06996,35374099.0
1786327200000,0.06996,0.06999,0.06945,0.0699,32588018.0
1786330800000,0.0699,0.07001,0.0695,0.06962,37704678.0
1786334400000,0.06962,0.06983,0.06948,0.06969,18923720.0
1786338000000,0.06969,0.07005,0.06968,0.06993,17813612.0
1786341600000,0.06993,0.07009,0.06989,0.07009,16167413.0
1786345200000,0.07009,0.07012,0.06996,0.06999,11346530.0
1786348800000,0.06999,0.07012,0.06974,0.07003,62518184.0
1786352400000,0.07003,0.07009,0.06983,0.06987,18086923.0
1786356000000,0.06987,0.07002,0.06983,0.06991,17205037.0
1786359600000,0.06991,0.07006,0.06984,0.07,14082620.0
1786363200000,0.07,0.07012,0.06976,0.06981,27753094.0
1786366800000,0.06981,0.06995,0.06953,0.06974,42160260.0
1786370400000,0.06974,0.07001,0.06972,0.06977,19132249.0
1786374000000,0.06977,0.06983,0.06935,0.06962,88902684.0
1786377600000,0.06962,0.06979,0.06944,0.06951,36436678.0
1786381200000,0.06951,0.06982,0.06942,0.06962,24211989.0
1786384800000,0.06962,0.06973,0.06946,0.06966,18770530.0
1786388400000,0.06966,0.06993,0.06966,0.06985,39619431.0
1786392000000,0.06985,0.06996,0.0698,0.0699,12042788.0
1786395600000,0.0699,0.06993,0.06964,0.06965,16781998.0
1786399200000,0.06965,0.06982,0.06947,0.06977,15239346.0
1786402800000,0.06977,0.06988,0.06964,0.06966,13975108.0
1786406400000,0.06966,0.06986,0.06958,0.06984,8495725.0
1786410000000,0.06984,0.07007,0.06975,0.06998,14405447.0
1786413600000,0.06998,0.07034,0.06997,0.07015,29805662.0
1786417200000,0.07015,0.07023,0.07006,0.07009,14544001.0
1786420800000,0.07009,0.07009,0.06992,0.06994,8575751.0
1786424400000,0.06994,0.07018,0.06986,0.07005,16183160.0
1786428000000,0.07005,0.07025,0.06993,0.07014,43891540.0
1786431600000,0.07014,0.07024,0.06993,0.0701,16689363.0
1786435200000,0.0701,0.07033,0.07007,0.07033,28034825.0
1786438800000,0.07033,0.07066,0.07029,0.07056,44280850.0
1786442400000,0.07056,0.07067,0.07031,0.07052,36595223.0
1786446000000,0.07052,0.07074,0.07048,0.07057,37522309.0
1786449600000,0.07057,0.0707,0.07046,0.07061,35447658.0
1786453200000,0.07061,0.07096,0.07055,0.07089,50632105.0
1786456800000,0.07089,0.07132,0.06984,0.07005,154616742.0
1786460400000,0.07005,0.0706,0.06992,0.07056,128251843.0
1786464000000,0.07056,0.07089,0.07035,0.07047,54384577.0
1786467600000,0.07047,0.07125,0.07037,0.07096,69853162.0
1786471200000,0.07096,0.07104,0.07057,0.07077,43399728.0
1786474800000,0.07077,0.07103,0.07042,0.07098,22247148.0
1786478400000,0.07098,0.07227,0.07098,0.07167,158309190.0
1786482000000,0.07167,0.07257,0.07161,0.07242,89990205.0
1786485600000,0.07242,0.07312,0.07213,0.07232,124396000.0
1786489200000,0.07232,0.07232,0.0718,0.07184,47994615.0
1786492800000,0.07184,0.07234,0.0718,0.07229,41634666.0
1786496400000,0.07229,0.0725,0.07214,0.07222,43368001.0
1786500000000,0.07222,0.07241,0.07184,0.07185,41236839.0
1786503600000,0.07185,0.07241,0.07185,0.07218,29769377.0
1786507200000,0.07218,0.07228,0.07198,0.07207,21360908.0
1786510800000,0.07207,0.07218,0.07188,0.07206,15961194.0
1786514400000,0.07206,0.07206,0.07135,0.07151,57034202.0
1786518000000,0.07151,0.07171,0.07144,0.07166,20235999.0
1786521600000,0.07166,0.07169,0.07146,0.07148,49166004.0
1786525200000,0.07148,0.07201,0.07145,0.07199,29273688.0
1786528800000,0.07199,0.07214,0.07182,0.07185,26371081.0
1786532400000,0.07185,0.07201,0.07182,0.07195,9729558.0
1786536000000,0.07195,0.07221,0.07135,0.07162,169898408.0
1786539600000,0.07162,0.07166,0.07048,0.07056,224724488.0
1786543200000,0.07056,0.0707,0.07022,0.07043,194254900.0
1786546800000,0.07043,0.07095,0.0704,0.0708,60424934.0
1786550400000,0.0708,0.07095,0.07069,0.07084,28828713.0
1786554000000,0.07084,0.07085,0.07059,0.07077,25950084.0
1786557600000,0.07077,0.07082,0.07063,0.07066,12153435.0
1786561200000,0.07066,0.07069,0.07046,0.07057,31976853.0
1786564800000,0.07057,0.07071,0.07038,0.07061,44988701.0
1786568400000,0.07061,0.07067,0.06872,0.06929,392741687.0
1786572000000,0.06929,0.06943,0.06879,0.0694,123479933.0
1786575600000,0.0694,0.06967,0.0693,0.06964,44306671.0
1786579200000,0.06964,0.06995,0.06957,0.06982,58884415.0
1786582800000,0.06982,0.07001,0.06973,0.06982,38105727.0
1786586400000,0.06982,0.07028,0.06981,0.07025,31874862.0
1786590000000,0.07025,0.07038,0.07008,0.07014,39671509.0
1786593600000,0.07014,0.07036,0.07004,0.07023,13208922.0
1786597200000,0.07023,0.07064,0.07019,0.07059,48539766.0
1786600800000,0.07059,0.07067,0.07034,0.07064,40997288.0
1786604400000,0.07064,0.07079,0.07053,0.07054,20095257.0
1786608000000,0.07054,0.07064,0.07038,0.07045,20705248.0
1786611600000,0.07045,0.07051,0.07022,0.0705,38886392.0
1786615200000,0.0705,0.07052,0.06987,0.07013,78990787.0
1786618800000,0.07013,0.07017,0.06992,0.07005,24395932.0
1786622400000,0.07005,0.07033,0.07,0.07022,24959879.0
1786626000000,0.07022,0.07035,0.06998,0.07017,26560986.0
1786629600000,0.07017,0.07036,0.07,0.07012,29710275.0
1786633200000,0.07012,0.07023,0.06967,0.06969,54767539.0
1786636800000,0.06969,0.06998,0.06946,0.06976,65671295.0
1786640400000,0.06976,0.06995,0.06973,0.06986,11806121.0
1786644000000,0.06986,0.07005,0.06974,0.07001,14840570.0
1786647600000,0.07001,0.07031,0.07,0.07027,28293353.0
1786651200000,0.07027,0.07035,0.07012,0.07015,15091364.0
1786654800000,0.07015,0.07023,0.07011,0.07014,9152196.0
1786658400000,0.07014,0.07031,0.07008,0.07012,17353395.0
1786662000000,0.07012,0.07016,0.06996,0.07016,12630151.0
1786665600000,0.07016,0.07027,0.07007,0.07025,15073559.0
1786669200000,0.07025,0.07025,0.07011,0.0702,17451384.0
1786672800000,0.0702,0.07034,0.07007,0.07008,11021914.0
1786676400000,0.07008,0.07009,0.06987,0.06993,26044551.0
1786680000000,0.06993,0.07011,0.06989,0.0699,7756204.0
1786683600000,0.0699,0.07,0.06985,0.06996,7055143.0
1786687200000,0.06996,0.06996,0.06955,0.0696,67864419.0
1786690800000,0.0696,0.06977,0.06954,0.06964,21610781.0
1786694400000,0.06964,0.06993,0.06951,0.06993,29983765.0
1786698000000,0.06993,0.06993,0.06935,0.06945,59837484.0
1786701600000,0.06945,0.06965,0.06925,0.06934,28680621.0
1786705200000,0.06934,0.0695,0.06934,0.06943,23969448.0
1786708800000,0.06943,0.06955,0.06916,0.06925,33386548.0
1786712400000,0.06925,0.06946,0.06922,0.0694,28642494.0
1786716000000,0.0694,0.06958,0.0693,0.06944,37972091.0
1786719600000,0.06944,0.06996,0.06941,0.06985,25540118.0
1786723200000,0.06985,0.07003,0.06982,0.06987,14333808.0
1786726800000,0.06987,0.07009,0.06979,0.06986,32307257.0
1786730400000,0.06986,0.06987,0.06963,0.06971,24277880.0
1786734000000,0.06971,0.06986,0.06952,0.06982,22519539.0
1786737600000,0.06982,0.06987,0.0697,0.06978,6477552.0
1786741200000,0.06978,0.06981,0.06967,0.06979,15231507.0
1786744800000,0.06979,0.06987,0.06962,0.0698,7666610.0
1786748400000,0.0698,0.07008,0.06978,0.07002,9937421.0
1786752000000,0.07002,0.07008,0.06995,0.07008,13050591.0
1786755600000,0.07008,0.07009,0.06994,0.07004,9799961.0
1786759200000,0.07004,0.07035,0.07001,0.0703,35510580.0
1786762800000,0.0703,0.0705,0.07024,0.07027,18741455.0
1786766400000,0.07027,0.07041,0.07022,0.07029,14507735.0
1786770000000,0.07029,0.07038,0.07001,0.0701,40540139.0
1786773600000,0.0701,0.07017,0.06999,0.07012,8253152.0
1786777200000,0.07012,0.07015,0.07,0.07003,5735519.0
1786780800000,0.07003,0.07007,0.0699,0.06991,11308459.0
1786784400000,0.06991,0.07009,0.06983,0.07006,13428266.0
1786788000000,0.07006,0.07007,0.06994,0.07001,3983034.0
1786791600000,0.07001,0.07005,0.06993,0.06999,9711329.0
1786795200000,0.06999,0.07004,0.06987,0.07004,10655994.0
1786798800000,0.07004,0.0701,0.07,0.07004,11182735.0
1786802400000,0.07004,0.07006,0.06988,0.07003,10335925.0
1786806000000,0.07003,0.07007,0.06991,0.07003,11333226.0
1786809600000,0.07003,0.07005,0.06994,0.06998,3863297.0
1786813200000,0.06998,0.07004,0.06986,0.06988,8478434.0
1786816800000,0.06988,0.06995,0.06973,0.06975,14762821.0
1786820400000,0.06975,0.06993,0.0697,0.06991,4041482.0
1786824000000,0.06991,0.06995,0.06983,0.06986,13707373.0
1786827600000,0.06986,0.07005,0.06984,0.0699,11170385.0
1786831200000,0.0699,0.06997,0.06982,0.06982,14656124.0
1786834800000,0.06982,0.06986,0.06945,0.06956,71471788.0
1786838400000,0.06956,0.06967,0.06946,0.06965,18385609.0
1786842000000,0.06965,0.06965,0.06948,0.0696,14461752.0
1786845600000,0.0696,0.06989,0.06955,0.06978,22535366.0
1786849200000,0.06978,0.06986,0.06975,0.06978,10649186.0
1786852800000,0.06978,0.06987,0.06973,0.06976,7417294.0
1786856400000,0.06976,0.06978,0.06962,0.06963,8341021.0
1786860000000,0.06963,0.06976,0.06953,0.06967,19363541.0
1786863600000,0.06967,0.06987,0.06965,0.06987,10119229.0
1786867200000,0.06987,0.0699,0.06981,0.06982,8828034.0
1786870800000,0.06982,0.06986,0.06964,0.06973,30226667.0
1786874400000,0.06973,0.06976,0.06967,0.06972,10593091.0
1786878000000,0.06972,0.06982,0.06972,0.06981,4574585.0
1786881600000,0.06981,0.0699,0.06972,0.06989,10352163.0
1786885200000,0.06989,0.06998,0.06986,0.06989,9317728.0
1786888800000,0.06989,0.07003,0.06986,0.07002,9343365.0
1786892400000,0.07002,0.07005,0.06996,0.07003,8920153.0
1786896000000,0.07003,0.07017,0.06993,0.07002,26739105.0
1786899600000,0.07002,0.07006,0.06992,0.06997,11760937.0
1786903200000,0.06997,0.07,0.06985,0.06996,10823096.0
1786906800000,0.06996,0.07003,0.06988,0.06989,9408253.0
1786910400000,0.06989,0.07,0.06974,0.06981,35813379.0
1786914000000,0.06981,0.06987,0.069,0.06936,109934019.0
1786917600000,0.06936,0.06959,0.06924,0.06955,30751946.0
1786921200000,0.06955,0.06966,0.06947,0.06956,12491310.0
1786924800000,0.06956,0.06979,0.06942,0.06972,38444160.0
1786928400000,0.06972,0.07024,0.06971,0.06994,46957267.0
1786932000000,0.06994,0.07029,0.06987,0.07016,38402235.0
1786935600000,0.07016,0.07021,0.07001,0.07017,32285912.0
1786939200000,0.07017,0.07025,0.07014,0.07021,18978150.0
1786942800000,0.07021,0.07024,0.07008,0.07012,6370683.0
1786946400000,0.07012,0.07046,0.0701,0.07045,47951949.0
1786950000000,0.07045,0.07048,0.07023,0.07029,23066082.0
1786953600000,0.07029,0.07032,0.07,0.07004,46613544.0
1786957200000,0.07004,0.07026,0.07002,0.07021,10598281.0
1786960800000,0.07021,0.0704,0.07013,0.07038,11794743.0
1786964400000,0.07038,0.07039,0.07012,0.07014,10389094.0
1786968000000,0.07014,0.07018,0.06996,0.07,23142204.0
1786971600000,0.07,0.07026,0.06995,0.07019,21740936.0
1786975200000,0.07019,0.07037,0.07005,0.07034,16607619.0
1786978800000,0.07034,0.07056,0.07023,0.07047,63813782.0
1786982400000,0.07047,0.0705,0.07028,0.07033,19224247.0
1786986000000,0.07033,0.07051,0.07024,0.07033,18960275.0
1786989600000,0.07033,0.07047,0.07029,0.07033,17116013.0
1786993200000,0.07033,0.07034,0.07021,0.07027,19266097.0
1786996800000,0.07027,0.07047,0.07009,0.0703,47174430.0
1787000400000,0.0703,0.07046,0.07028,0.07038,23279925.0
1787004000000,0.07038,0.07046,0.07015,0.07017,14720820.0
1787007600000,0.07017,0.07044,0.07014,0.07036,10432587.0
1787011200000,0.07036,0.0704,0.07017,0.07031,26937210.0
1787014800000,0.07031,0.07033,0.06988,0.06996,46647800.0
1787018400000,0.06996,0.07007,0.06953,0.06967,65254223.0
1787022000000,0.06967,0.06985,0.06963,0.0698,23068633.0
1787025600000,0.0698,0.06997,0.06968,0.06989,24606378.0
1787029200000,0.06989,0.06996,0.06956,0.06975,61650744.0
1787032800000,0.06975,0.07006,0.06968,0.0699,32951368.0
1787036400000,0.0699,0.06999,0.06971,0.06984,48336705.0
1787040000000,0.06984,0.06991,0.06963,0.06984,31033077.0
1787043600000,0.06984,0.0699,0.06979,0.06985,21589453.0
1787047200000,0.06985,0.06993,0.06983,0.06988,11160059.0
1787050800000,0.06988,0.07002,0.06988,0.06995,23998117.0
1787054400000,0.06995,0.06997,0.06979,0.0698,16191245.0
1787058000000,0.0698,0.06989,0.0697,0.06977,22577092.0
1787061600000,0.06977,0.07036,0.06974,0.07002,61115253.0
1787065200000,0.07002,0.07031,0.06997,0.0703,25495822.0
1787068800000,0.0703,0.07045,0.07018,0.07036,19902057.0
1787072400000,0.07036,0.07038,0.07022,0.07023,14436039.0
1787076000000,0.07023,0.07053,0.07023,0.07045,24867546.0
1787079600000,0.07045,0.07053,0.07033,0.07033,39234916.0
1787083200000,0.07033,0.07038,0.07007,0.07018,58086862.0
1787086800000,0.07018,0.07027,0.07006,0.07012,16113876.0
1787090400000,0.07012,0.07021,0.06992,0.07002,52223247.0
1787094000000,0.07002,0.07026,0.07002,0.07021,32464095.0
1787097600000,0.07021,0.07024,0.06993,0.06993,19402865.0
1787101200000,0.06993,0.07008,0.06986,0.06994,34960314.0
1787104800000,0.06994,0.06998,0.06982,0.06992,8235262.0
1787108400000,0.06992,0.07011,0.06988,0.07007,11035985.0
1787112000000,0.07007,0.07008,0.0699,0.06993,20843044.0
1787115600000,0.06993,0.0701,0.0699,0.06991,27176478.0
1787119200000,0.06991,0.07019,0.06982,0.07006,46319098.0
1787122800000,0.07006,0.07009,0.06989,0.06989,17912949.0
1787126400000,0.06989,0.07027,0.06985,0.07011,72193172.0
1787130000000,0.07011,0.0702,0.06999,0.07001,18496719.0
1787133600000,0.07001,0.07007,0.06997,0.07004,17094916.0
1787137200000,0.07004,0.07022,0.07004,0.0702,8471490.0
1787140800000,0.0702,0.07078,0.07017,0.07062,96966100.0
1787144400000,0.07062,0.0707,0.07039,0.07052,62782465.0
1787148000000,0.07052,0.07142,0.0701,0.07127,126862129.0
1787151600000,0.07127,0.07418,0.07121,0.07248,675915762.0
1787155200000,0.07248,0.0732,0.07243,0.07269,118536628.0
1787158800000,0.07269,0.07273,0.07189,0.07227,63730617.0
1787162400000,0.07227,0.07282,0.07215,0.07269,44662088.0
1787166000000,0.07269,0.07308,0.07239,0.07306,52394077.0
1787169600000,0.07306,0.0745,0.07287,0.07413,184284732.0
1787173200000,0.07413,0.07633,0.07407,0.07603,417052756.0
1787176800000,0.07603,0.07618,0.07435,0.07478,327061911.0
1787180400000,0.07478,0.0753,0.07453,0.07502,184278244.0
1787184000000,0.07502,0.07568,0.07492,0.0753,144675018.0
1787187600000,0.0753,0.07557,0.07465,0.07544,91203046.0
1787191200000,0.07544,0.07608,0.07531,0.07543,87751523.0
1787194800000,0.07543,0.07545,0.07472,0.07478,67813502.0
1787198400000,0.07478,0.07493,0.07443,0.07481,41396024.0
1787202000000,0.07481,0.07486,0.07456,0.07468,34069377.0
1787205600000,0.07468,0.07537,0.07446,0.0753,133696680.0
1787209200000,0.0753,0.07543,0.07499,0.07531,42100713.0
1787212800000,0.07531,0.07715,0.07525,0.07684,303964008.0
1787216400000,0.07684,0.07733,0.07638,0.07666,139647803.0
1787220000000,0.07666,0.07785,0.07649,0.07719,72800742.0
1787223600000,0.07719,0.07789,0.07688,0.07715,99109955.0
1787227200000,0.07715,0.07755,0.07657,0.07744,122365796.0
1787230800000,0.07744,0.07795,0.07685,0.07746,111421824.0
1787234400000,0.07746,0.07855,0.07737,0.07845,174214868.0
1787238000000,0.07845,0.08065,0.07831,0.08022,331201162.0
1787241600000,0.08022,0.08321,0.07965,0.08318,388576917.0
1787245200000,0.08318,0.08354,0.08246,0.08278,383856023.0
1787248800000,0.08278,0.08317,0.0796,0.07963,390932147.0
1787252400000,0.07963,0.08036,0.07936,0.07965,175967184.0
1787256000000,0.07965,0.08015,0.07959,0.08007,58333952.0
1787259600000,0.08007,0.08062,0.08,0.08017,69859190.0
1787263200000,0.08017,0.08028,0.07905,0.07933,148385628.0
1787266800000,0.07933,0.08067,0.07932,0.08043,93326957.0
1787270400000,0.08043,0.0816,0.08024,0.08126,151899898.0
1787274000000,0.08126,0.083,0.08115,0.08251,175836063.0
1787277600000,0.08251,0.08274,0.08138,0.0814,177247524.0
1787281200000,0.0814,0.08233,0.08116,0.08176,98071015.0
1787284800000,0.08176,0.08242,0.08171,0.08228,136068912.0
1787288400000,0.08228,0.08279,0.08202,0.08268,113418711.0
1787292000000,0.08268,0.084,0.0826,0.0832,202871049.0
1787295600000,0.0832,0.08452,0.08311,0.08345,269982315.0
1787299200000,0.08345,0.08575,0.08336,0.08561,296116703.0
1787302800000,0.08561,0.08569,0.08257,0.08448,448477197.0
1787306400000,0.08448,0.0847,0.08349,0.0845,153287059.0
1787310000000,0.0845,0.08467,0.08241,0.08296,282443950.0
1787313600000,0.08296,0.08427,0.08261,0.08393,125217186.0
1787317200000,0.08393,0.08435,0.08264,0.08397,218184525.0
1787320800000,0.08397,0.08432,0.08288,0.08421,260019202.0
1787324400000,0.08421,0.08476,0.08353,0.08379,162841279.0
1787328000000,0.08379,0.0848,0.08332,0.08465,242537544.0
1787331600000,0.08465,0.08518,0.08389,0.08435,150992227.0
1787335200000,0.08435,0.08531,0.08363,0.08427,144773997.0
1787338800000,0.08427,0.0851,0.08357,0.08487,145903301.0
1787342400000,0.08487,0.08739,0.08466,0.08734,520627952.0
1787346000000,0.08734,0.09186,0.08698,0.09173,539074940.0
1787349600000,0.09173,0.09469,0.09132,0.09415,707891860.0
1787353200000,0.09415,0.09436,0.09098,0.09153,379744673.0
1787356800000,0.09153,0.09193,0.09014,0.09172,267198638.0
1787360400000,0.09172,0.09234,0.09093,0.0914,137862328.0
1787364000000,0.0914,0.09389,0.09129,0.09371,114750317.0
1787367600000,0.09371,0.09717,0.09338,0.09565,357846340.0
1787371200000,0.09565,0.10085,0.09479,0.0985,537502988.0
1787374800000,0.0985,0.09958,0.08223,0.09177,1528722134.0
1787378400000,0.09177,0.09373,0.09064,0.09263,202006986.0
1787382000000,0.09263,0.09386,0.09136,0.09299,167204982.0
1787385600000,0.09299,0.09343,0.09042,0.09145,232410252.0
1787389200000,0.09145,0.09233,0.09002,0.09071,193065544.0
1787392800000,0.09071,0.09085,0.08763,0.08965,395088830.0
1787396400000,0.08965,0.09035,0.0889,0.08984,119075860.0
1787400000000,0.08984,0.09205,0.0895,0.09145,136385546.0
1787403600000,0.09145,0.09191,0.09066,0.09116,136276598.0
1787407200000,0.09116,0.09132,0.08978,0.09015,125279800.0
1787410800000,0.09015,0.09065,0.08946,0.09026,49987153.0
1787414400000,0.09026,0.09225,0.08969,0.09161,208699510.0
1787418000000,0.09161,0.09362,0.09119,0.09317,278055679.0
1787421600000,0.09317,0.09387,0.09214,0.09281,137836657.0
1787425200000,0.09281,0.09377,0.0921,0.09347,81093772.0
1787428800000,0.09347,0.0953,0.09332,0.09419,216213099.0
1787432400000,0.09419,0.09427,0.09118,0.0916,191397775.0
1787436000000,0.0916,0.09253,0.09113,0.09191,83872245.0
1787439600000,0.09191,0.09208,0.091,0.09182,89449531.0
1787443200000,0.09182,0.09432,0.09175,0.09389,166670616.0
1787446800000,0.09389,0.09409,0.09282,0.09293,76530711.0
1787450400000,0.09293,0.09311,0.09126,0.09177,178326600.0
1787454000000,0.09177,0.09205,0.09052,0.09102,114440274.0
1787457600000,0.09102,0.09172,0.08923,0.08945,182261730.0
1787461200000,0.08945,0.09072,0.08869,0.08945,166865683.0
1787464800000,0.08945,0.09048,0.08891,0.08972,133276537.0
1787468400000,0.08972,0.0907,0.08957,0.09027,65823754.0
1787472000000,0.09027,0.09147,0.09016,0.09088,111115205.0
1787475600000,0.09088,0.09135,0.09037,0.09104,74430574.0
1787479200000,0.09104,0.09284,0.09094,0.09214,238189890.0
1787482800000,0.09214,0.09309,0.09184,0.0927,84987739.0
1787486400000,0.0927,0.09276,0.09182,0.0923,56478954.0
1787490000000,0.0923,0.09391,0.0921,0.09371,203718554.0
1787493600000,0.09371,0.09451,0.09079,0.09266,276832008.0
1787497200000,0.09266,0.09314,0.09166,0.0924,122564015.0
1787500800000,0.0924,0.09291,0.09189,0.09285,70708059.0
1787504400000,0.09285,0.09314,0.0919,0.09259,75871876.0
1787508000000,0.09259,0.09333,0.09236,0.09298,62753892.0
1787511600000,0.09298,0.09305,0.09197,0.09239,50547993.0
1787515200000,0.09239,0.09293,0.09197,0.0928,24641628.0
1787518800000,0.0928,0.09455,0.0928,0.09333,72360309.0
1787522400000,0.09333,0.09374,0.09259,0.0931,82991431.0
1787526000000,0.0931,0.09384,0.09263,0.09341,84769026.0
1787529600000,0.09341,0.0937,0.09131,0.09274,179655901.0
1787533200000,0.09274,0.09277,0.09027,0.09067,112066387.0
1787536800000,0.09067,0.09232,0.09063,0.09173,63115696.0
1787540400000,0.09173,0.09188,0.09077,0.09117,76931209.0
1787544000000,0.09117,0.09241,0.09115,0.09217,61518304.0
1787547600000,0.09217,0.09312,0.09127,0.09196,82847264.0
1787551200000,0.09196,0.09218,0.09118,0.09161,61886198.0
1787554800000,0.09161,0.09263,0.09127,0.09133,55722348.0
1787558400000,0.09133,0.09142,0.09011,0.09073,130990763.0
1787562000000,0.09073,0.09151,0.09066,0.09116,43738112.0
1787565600000,0.09116,0.09172,0.09073,0.09092,56863398.0
1787569200000,0.09092,0.09268,0.09024,0.0922,77962815.0
1787572800000,0.0922,0.09342,0.09116,0.0932,120700212.0
1787576400000,0.0932,0.09329,0.09026,0.09081,248923114.0
1787580000000,0.09081,0.09239,0.09068,0.09188,120460559.0
1787583600000,0.09188,0.09277,0.09072,0.09117,128932698.0
1787587200000,0.09117,0.09226,0.09066,0.09097,105016826.0
1787590800000,0.09097,0.09107,0.08781,0.08888,325206202.0
1787594400000,0.08888,0.08963,0.08884,0.08915,75118422.0
1787598000000,0.08915,0.08935,0.08858,0.08902,55117102.0
1787601600000,0.08902,0.08949,0.08856,0.08939,57979025.0
1787605200000,0.08939,0.09022,0.08939,0.0902,70612665.0
1787608800000,0.0902,0.09025,0.08925,0.08952,42567485.0
1787612400000,0.08952,0.09022,0.08917,0.09004,30950431.0
1787616000000,0.09004,0.0917,0.08966,0.0914,123176976.0
1787619600000,0.0914,0.09158,0.09067,0.09102,48307644.0
1787623200000,0.09102,0.09299,0.0908,0.09198,127813398.0
1787626800000,0.09198,0.09299,0.09152,0.09188,65973197.0
1787630400000,0.09188,0.09221,0.09151,0.09202,73500073.0
1787634000000,0.09202,0.09308,0.09191,0.09265,49628876.0
1787637600000,0.09265,0.09295,0.09156,0.09187,45963275.0
1787641200000,0.09187,0.09245,0.09008,0.09074,126965032.0
1787644800000,0.09074,0.09151,0.09044,0.091,44093742.0
1787648400000,0.091,0.09128,0.08975,0.09039,49530213.0
1787652000000,0.09039,0.09079,0.09016,0.09056,41935476.0
1787655600000,0.09056,0.09083,0.09008,0.09009,26672141.0
1787659200000,0.09009,0.09022,0.08909,0.09006,57050599.0
1787662800000,0.09006,0.09015,0.08672,0.08821,223146854.0
1787666400000,0.08821,0.08938,0.08798,0.089,96787123.0
1787670000000,0.089,0.08928,0.08848,0.08914,30733152.0
1787673600000,0.08914,0.08937,0.08862,0.08897,32294200.0
1787677200000,0.08897,0.08898,0.08815,0.0888,39688701.0
1787680800000,0.0888,0.08896,0.08853,0.08867,20932034.0
1787684400000,0.08867,0.08879,0.08782,0.08802,41962501.0
1787688000000,0.08802,0.08808,0.08568,0.08571,176943411.0
1787691600000,0.08571,0.08658,0.08477,0.0863,125208987.0
1787695200000,0.0863,0.08698,0.08629,0.08675,40701023.0
1787698800000,0.08675,0.0869,0.08551,0.08565,56751694.0
1787702400000,0.08565,0.08632,0.08539,0.0861,66787309.0
1787706000000,0.0861,0.08672,0.08604,0.08644,40057902.0
1787709600000,0.08644,0.08693,0.08604,0.08673,26935620.0
1787713200000,0.08673,0.08683,0.0864,0.08661,25158230.0
1787716800000,0.08661,0.0869,0.08616,0.08626,39573794.0
1787720400000,0.08626,0.08684,0.08596,0.08675,27512194.0
1787724000000,0.08675,0.08705,0.08626,0.08662,34984166.0
1787727600000,0.08662,0.0869,0.08649,0.08656,35555757.0
1787731200000,0.08656,0.08691,0.08618,0.08636,26867742.0
1787734800000,0.08636,0.08654,0.08537,0.08591,66357131.0
1787738400000,0.08591,0.08709,0.08574,0.08677,59242972.0
1787742000000,0.08677,0.08703,0.08608,0.08629,53582580.0
1787745600000,0.08629,0.08702,0.08556,0.0863,81304127.0
1787749200000,0.0863,0.08649,0.08509,0.08589,143528372.0
1787752800000,0.08589,0.08612,0.08423,0.08435,154546713.0
1787756400000,0.08435,0.0847,0.08375,0.08447,81105208.0
1787760000000,0.08447,0.08469,0.08381,0.08425,64195161.0
1787763600000,0.08425,0.08538,0.08423,0.08493,40678194.0
1787767200000,0.08493,0.08519,0.08459,0.08506,47952149.0
1787770800000,0.08506,0.08536,0.08475,0.08481,26845944.0
1787774400000,0.08481,0.08527,0.08434,0.08526,29754947.0
1787778000000,0.08526,0.08636,0.08521,0.08625,75006898.0
1787781600000,0.08625,0.0872,0.08608,0.08649,88501109.0
1787785200000,0.08649,0.08777,0.08636,0.08763,69898007.0
1787788800000,0.08763,0.08764,0.08651,0.08651,43592475.0
1787792400000,0.08651,0.08769,0.08618,0.08702,108471079.0
1787796000000,0.08702,0.08743,0.08667,0.08681,22872674.0
1787799600000,0.08681,0.08713,0.08659,0.08677,26287981.0
1787803200000,0.08677,0.08703,0.08646,0.08663,20169023.0
1787806800000,0.08663,0.08708,0.08609,0.08695,33266499.0
1787810400000,0.08695,0.087,0.0864,0.08696,17858715.0
1787814000000,0.08696,0.08714,0.0868,0.08709,14091819.0
1787817600000,0.08709,0.08979,0.08705,0.08912,157670203.0
1787821200000,0.08912,0.08996,0.08865,0.08881,77015794.0
1787824800000,0.08881,0.08917,0.08756,0.08825,96712038.0
1787828400000,0.08825,0.0887,0.0878,0.08826,32582159.0
1787832000000,0.08826,0.08862,0.08715,0.08758,82607766.0
1787835600000,0.08758,0.0881,0.08716,0.08808,59808090.0
1787839200000,0.08808,0.08939,0.08784,0.08895,85798783.0
1787842800000,0.08895,0.08968,0.08862,0.08862,105115696.0
1787846400000,0.08862,0.08971,0.08856,0.08921,78126136.0
1787850000000,0.08921,0.08992,0.08884,0.08907,68373066.0
1787853600000,0.08907,0.08909,0.08787,0.08867,75262270.0
1787857200000,0.08867,0.08894,0.08839,0.08859,25013297.0
1787860800000,0.08859,0.08877,0.08823,0.08867,24824319.0
1787864400000,0.08867,0.08887,0.08822,0.08872,25841251.0
1787868000000,0.08872,0.08941,0.08871,0.08905,28047679.0
1787871600000,0.08905,0.08926,0.08873,0.08908,24720421.0
1787875200000,0.08908,0.08922,0.08846,0.08896,53928280.0
1787878800000,0.08896,0.09027,0.08891,0.08906,79134426.0
1787882400000,0.08906,0.08908,0.0873,0.0878,91436679.0
1787886000000,0.0878,0.08803,0.08727,0.08771,32881056.0
1787889600000,0.08771,0.08817,0.08714,0.08759,39470392.0
1787893200000,0.08759,0.08794,0.08732,0.08771,19794220.0
1787896800000,0.08771,0.08831,0.0877,0.08816,19466429.0
1787900400000,0.08816,0.08818,0.08747,0.08748,46364823.0
1787904000000,0.08748,0.08776,0.08677,0.08713,53244916.0
1787907600000,0.08713,0.08724,0.0863,0.08633,64885800.0
1787911200000,0.08633,0.08709,0.08557,0.08707,111356339.0
1787914800000,0.08707,0.08732,0.08681,0.08694,24523399.0
1787918400000,0.08694,0.0871,0.08658,0.08682,18801227.0
1787922000000,0.08682,0.08711,0.0865,0.08683,35994485.0
1787925600000,0.08683,0.08791,0.08546,0.08767,189652602.0
1787929200000,0.08767,0.08798,0.08576,0.08584,91103760.0
1787932800000,0.08584,0.08598,0.08388,0.08534,214881729.0
1787936400000,0.08534,0.08556,0.08494,0.085,40691806.0
1787940000000,0.085,0.08507,0.08374,0.08432,79925401.0
1787943600000,0.08432,0.08477,0.08428,0.08462,24649707.0
1787947200000,0.08462,0.08485,0.08439,0.08474,23060295.0
1787950800000,0.08474,0.08502,0.08437,0.08451,22188950.0
1787954400000,0.08451,0.08523,0.08444,0.0851,30359303.0
1787958000000,0.0851,0.08523,0.08501,0.08519,36429838.0
1787961600000,0.08519,0.08536,0.08506,0.08512,9799622.0
1787965200000,0.08512,0.08538,0.08498,0.08526,15724522.0
1787968800000,0.08526,0.0853,0.08486,0.08497,18461957.0
1787972400000,0.08497,0.08508,0.08472,0.08479,19105588.0
1787976000000,0.08479,0.08515,0.08476,0.08511,18216973.0
1787979600000,0.08511,0.08524,0.08494,0.08502,14352778.0
1787983200000,0.08502,0.08504,0.0842,0.08436,49044836.0
1787986800000,0.08436,0.08466,0.08424,0.08438,15846034.0
1787990400000,0.08438,0.08449,0.08414,0.08429,17291937.0
1787994000000,0.08429,0.0845,0.08412,0.0844,16469567.0
1787997600000,0.0844,0.08465,0.08413,0.08439,21434872.0
1788001200000,0.08439,0.08452,0.08435,0.08442,12993987.0
1788004800000,0.08442,0.08496,0.0844,0.08475,28934802.0
1788008400000,0.08475,0.08497,0.08461,0.0849,37086411.0
1788012000000,0.0849,0.08565,0.08482,0.08555,34963729.0
1788015600000,0.08555,0.0856,0.08501,0.08511,25473945.0
1788019200000,0.08511,0.08553,0.08503,0.08519,32071560.0
1788022800000,0.08519,0.08531,0.08472,0.08506,18750189.0
1788026400000,0.08506,0.08551,0.08498,0.08522,22406676.0
1788030000000,0.08522,0.08546,0.08508,0.0852,23922298.0
1788033600000,0.0852,0.08543,0.08509,0.08519,13520931.0
1788037200000,0.08519,0.08527,0.08499,0.08507,31814167.0
1788040800000,0.08507,0.08514,0.08491,0.08509,14906777.0
1788044400000,0.08509,0.0853,0.08495,0.08525,18623985.0
1788048000000,0.08525,0.08545,0.08507,0.08512,27518949.0
1788051600000,0.08512,0.08515,0.08475,0.08487,26386908.0
1788055200000,0.08487,0.08512,0.08482,0.08501,21911512.0
1788058800000,0.08501,0.08515,0.08488,0.08498,16557846.0
1788062400000,0.08498,0.08505,0.08449,0.08482,33144733.0
1788066000000,0.08482,0.08514,0.08481,0.08504,18641630.0
1788069600000,0.08504,0.08517,0.08484,0.08514,16895293.0
1788073200000,0.08514,0.08515,0.08452,0.0846,33406316.0
1788076800000,0.0846,0.08472,0.08441,0.08455,22297068.0
1788080400000,0.08455,0.08466,0.08427,0.08456,33507977.0
1788084000000,0.08456,0.08498,0.08443,0.08483,25535576.0
1788087600000,0.08483,0.08505,0.08477,0.08492,22592584.0
1788091200000,0.08492,0.08543,0.08484,0.08537,55252364.0
1788094800000,0.08537,0.0858,0.08515,0.08564,33697491.0
1788098400000,0.08564,0.08567,0.08531,0.08541,24648858.0
1788102000000,0.08541,0.0855,0.08497,0.08532,35106965.0
1788105600000,0.08532,0.08641,0.08525,0.08631,47882960.0
1788109200000,0.08631,0.08635,0.08514,0.08588,71026711.0
1788112800000,0.08588,0.08643,0.08552,0.08629,32128281.0
1788116400000,0.08629,0.0863,0.08548,0.08575,41697659.0
1788120000000,0.08575,0.08591,0.08466,0.08506,73869576.0
1788123600000,0.08506,0.08508,0.08374,0.08456,92942740.0
1788127200000,0.08456,0.08499,0.08314,0.08363,95635596.0
1788130800000,0.08363,0.08363,0.08072,0.08198,278699533.0
1788134400000,0.08198,0.08266,0.08156,0.08233,62450858.0
1788138000000,0.08233,0.08245,0.08144,0.08156,49453200.0
1788141600000,0.08156,0.08235,0.08138,0.08176,42056060.0
1788145200000,0.08176,0.08254,0.08168,0.08224,37261576.0
1788148800000,0.08224,0.08226,0.08184,0.08208,28230713.0
1788152400000,0.08208,0.08302,0.08194,0.08277,81760818.0
1788156000000,0.08277,0.08293,0.08255,0.08268,49800036.0
1788159600000,0.08268,0.08288,0.08249,0.08269,34497389.0
1788163200000,0.08269,0.08295,0.08235,0.08274,38813457.0
1788166800000,0.08274,0.08312,0.0826,0.0828,30677282.0
1788170400000,0.0828,0.08325,0.08249,0.08304,36391870.0
1788174000000,0.08304,0.08306,0.08254,0.0826,25121791.0
1788177600000,0.0826,0.08301,0.0822,0.08262,58317352.0
1788181200000,0.08262,0.08289,0.08196,0.08211,43545759.0
1788184800000,0.08211,0.08322,0.08197,0.08297,103727658.0
1788188400000,0.08297,0.08327,0.08246,0.08278,60963632.0
1788192000000,0.08278,0.0832,0.08261,0.08285,28721925.0
1788195600000,0.08285,0.08344,0.08271,0.08329,36162452.0
1788199200000,0.08329,0.08396,0.08306,0.08342,35936202.0
1788202800000,0.08342,0.08368,0.08303,0.0832,27839743.0
1788206400000,0.0832,0.08355,0.0831,0.08322,23434250.0
1788210000000,0.08322,0.08345,0.08285,0.08332,38587927.0
1788213600000,0.08332,0.08339,0.0829,0.08301,20890329.0
1788217200000,0.08301,0.08301,0.08262,0.08282,13874023.0
1788220800000,0.08282,0.08323,0.08273,0.08302,36545429.0
1788224400000,0.08302,0.08321,0.08228,0.08277,44850989.0
1788228000000,0.08277,0.08295,0.08247,0.08281,24281163.0
1788231600000,0.08281,0.08341,0.08274,0.08316,40292380.0
1788235200000,0.08316,0.08341,0.08306,0.08312,19713249.0
1788238800000,0.08312,0.0839,0.0831,0.08382,44396729.0
1788242400000,0.08382,0.08382,0.08333,0.08338,35021310.0
1788246000000,0.08338,0.08372,0.08309,0.0833,25159831.0
1788249600000,0.0833,0.08337,0.08221,0.08226,57935457.0
1788253200000,0.08226,0.08248,0.08209,0.08236,24604255.0
1788256800000,0.08236,0.083,0.08229,0.08282,30421710.0
1788260400000,0.08282,0.08332,0.08267,0.08315,24931257.0
1788264000000,0.08315,0.08317,0.08234,0.08253,40295776.0
1788267600000,0.08253,0.0828,0.08166,0.08267,81055050.0
1788271200000,0.08267,0.08311,0.08261,0.08272,39722420.0
1788274800000,0.08272,0.08291,0.08194,0.08268,49645174.0
1788278400000,0.08268,0.0827,0.0817,0.0821,45065045.0
1788282000000,0.0821,0.08254,0.08185,0.08198,43608784.0
1788285600000,0.08198,0.08213,0.08057,0.08166,151169494.0
1788289200000,0.08166,0.08215,0.08162,0.08189,38759222.0
1788292800000,0.08189,0.0821,0.08152,0.08194,51218868.0
1788296400000,0.08194,0.08194,0.08095,0.08143,65241184.0
1788300000000,0.08143,0.08168,0.08116,0.0814,34140627.0
1788303600000,0.0814,0.08182,0.08132,0.08162,25434932.0
1788307200000,0.08162,0.0817,0.0811,0.0811,23852829.0
1788310800000,0.0811,0.08134,0.08018,0.08066,77687157.0
1788314400000,0.08066,0.08127,0.08053,0.0811,49409995.0
1788318000000,0.0811,0.08171,0.08104,0.08148,35000711.0
1788321600000,0.08148,0.08177,0.0811,0.08169,31504536.0
1788325200000,0.08169,0.082,0.08145,0.08198,27663337.0
1788328800000,0.08198,0.08206,0.0815,0.08172,64952154.0
1788332400000,0.08172,0.08196,0.08159,0.0816,20393742.0
1788336000000,0.0816,0.08171,0.08072,0.08094,64603956.0
1788339600000,0.08094,0.08125,0.08053,0.08085,89350167.0
1788343200000,0.08085,0.08087,0.07999,0.08075,97061417.0
1788346800000,0.08075,0.0812,0.08047,0.08118,57381730.0
1788350400000,0.08118,0.08135,0.08072,0.08078,49829428.0
1788354000000,0.08078,0.08201,0.08069,0.08167,80817672.0
1788357600000,0.08167,0.08194,0.08147,0.08147,47699454.0
1788361200000,0.08147,0.08175,0.08064,0.08162,107908681.0
1788364800000,0.08162,0.08186,0.08135,0.08135,72487411.0
1788368400000,0.08135,0.08152,0.08082,0.08141,59567462.0
1788372000000,0.08141,0.0817,0.08126,0.08141,45056529.0
1788375600000,0.08141,0.08149,0.08093,0.08126,29671226.0
1788379200000,0.08126,0.0819,0.08122,0.08165,90295695.0
1788382800000,0.08165,0.08185,0.08146,0.08164,34534759.0
1788386400000,0.08164,0.08165,0.08085,0.08102,38924247.0
1788390000000,0.08102,0.08176,0.08091,0.08173,38590419.0
1788393600000,0.08173,0.0819,0.08119,0.08138,57343714.0
1788397200000,0.08138,0.08258,0.08113,0.08216,105119692.0
1788400800000,0.08216,0.08324,0.08201,0.08313,54866887.0
1788404400000,0.08313,0.08316,0.08251,0.08274,59132979.0
1788408000000,0.08274,0.08295,0.08239,0.08295,39879510.0
1788411600000,0.08295,0.08305,0.08201,0.08295,56776352.0
1788415200000,0.08295,0.08307,0.08271,0.08295,36815301.0
1788418800000,0.08295,0.08366,0.08261,0.08284,95788046.0
1788422400000,0.08284,0.08357,0.08284,0.08311,66829910.0
1788426000000,0.08311,0.08327,0.08271,0.08275,32394505.0
1788429600000,0.08275,0.08306,0.08252,0.08292,40431122.0
1788433200000,0.08292,0.08334,0.08281,0.0832,43821027.0
1788436800000,0.0832,0.08373,0.08306,0.0836,81907501.0
1788440400000,0.0836,0.08367,0.08312,0.08344,70488613.0
1788444000000,0.08344,0.08795,0.08324,0.0879,330157124.0
1788447600000,0.0879,0.08939,0.08681,0.08915,281761217.0
1788451200000,0.08915,0.08996,0.08802,0.08944,241048749.0
1788454800000,0.08944,0.08978,0.08883,0.08938,90670353.0
1788458400000,0.08938,0.08966,0.08892,0.08954,46630142.0
1788462000000,0.08954,0.08994,0.08895,0.08928,46774903.0
1788465600000,0.08928,0.08929,0.0884,0.0886,53253885.0
1788469200000,0.0886,0.08934,0.08816,0.08822,56140487.0
1788472800000,0.08822,0.08833,0.08705,0.0874,75036135.0
1788476400000,0.0874,0.08793,0.08737,0.08777,53205903.0
1788480000000,0.08777,0.08808,0.08695,0.087,89390710.0
1788483600000,0.087,0.08745,0.08666,0.08713,94084586.0
1788487200000,0.08713,0.08725,0.08647,0.08724,56337450.0
1788490800000,0.08724,0.08746,0.08708,0.08709,25191981.0
1788494400000,0.08709,0.08753,0.08699,0.08721,46546953.0
1788498000000,0.08721,0.0873,0.08656,0.0869,65878619.0
1788501600000,0.0869,0.08714,0.08648,0.08704,42882882.0
1788505200000,0.08704,0.08748,0.08697,0.08699,61436077.0
1788508800000,0.08699,0.08768,0.08674,0.08761,70674649.0
1788512400000,0.08761,0.08829,0.08743,0.08762,109128602.0
1788516000000,0.08762,0.08773,0.08712,0.08766,39951259.0
1788519600000,0.08766,0.08796,0.08753,0.08773,49269145.0
1788523200000,0.08773,0.08802,0.08416,0.08498,520041800.0
1788526800000,0.08498,0.08579,0.0846,0.08519,122660245.0
1788530400000,0.08519,0.08538,0.08369,0.08413,130435631.0
1788534000000,0.08413,0.08461,0.08395,0.08434,57506786.0
1788537600000,0.08434,0.08483,0.08424,0.08461,44363750.0
1788541200000,0.08461,0.08461,0.08396,0.08408,30038183.0
1788544800000,0.08408,0.08468,0.08408,0.08465,21505830.0
1788548400000,0.08465,0.08501,0.08444,0.0847,63880836.0
1788552000000,0.0847,0.0848,0.08456,0.0847,35800733.0
1788555600000,0.0847,0.08492,0.0843,0.08441,42125210.0
1788559200000,0.08441,0.08461,0.08438,0.08446,12380560.0
1788562800000,0.08446,0.08478,0.08435,0.08472,9825042.0
1788566400000,0.08472,0.08479,0.08452,0.08459,33753456.0
1788570000000,0.08459,0.0849,0.0845,0.08459,38764457.0
1788573600000,0.08459,0.08482,0.08416,0.08457,57369902.0
1788577200000,0.08457,0.08471,0.0845,0.08458,22393503.0
1788580800000,0.08458,0.08475,0.08442,0.0846,31062263.0
1788584400000,0.0846,0.08475,0.08446,0.08463,27444538.0
1788588000000,0.08463,0.08563,0.08461,0.08553,67984613.0
1788591600000,0.08553,0.0858,0.08545,0.08575,49377823.0
1788595200000,0.08575,0.08593,0.0854,0.08574,51453743.0
1788598800000,0.08574,0.08629,0.08574,0.08603,37363195.0
1788602400000,0.08603,0.08616,0.08577,0.0858,38711255.0
1788606000000,0.0858,0.08617,0.0858,0.08607,35976320.0
1788609600000,0.08607,0.08751,0.08607,0.08726,100118704.0
1788613200000,0.08726,0.08811,0.08692,0.08716,79199767.0
1788616800000,0.08716,0.08807,0.08709,0.0877,55617831.0
1788620400000,0.0877,0.08796,0.08731,0.08754,63889023.0
1788624000000,0.08754,0.08852,0.08727,0.08797,66905667.0
1788627600000,0.08797,0.09539,0.08774,0.09418,486694979.0
1788631200000,0.09418,0.09472,0.09145,0.09175,356853551.0
1788634800000,0.09175,0.09183,0.09028,0.09069,149197217.0
1788638400000,0.09069,0.09125,0.0903,0.09061,108097700.0
1788642000000,0.09061,0.09134,0.0897,0.09055,86528169.0
1788645600000,0.09055,0.09099,0.08986,0.09006,77952564.0
1788649200000,0.09006,0.09008,0.08916,0.08964,85213942.0
1788652800000,0.08964,0.09038,0.08963,0.09018,63205474.0
1788656400000,0.09018,0.09089,0.09008,0.09074,81413998.0
1788660000000,0.09074,0.09099,0.09054,0.09088,26356208.0
1788663600000,0.09088,0.09179,0.09062,0.09126,45248218.0
1788667200000,0.09126,0.09126,0.09022,0.09047,61927912.0
1788670800000,0.09047,0.09179,0.09029,0.09144,74455825.0
1788674400000,0.09144,0.09192,0.09104,0.09106,63349330.0
1788678000000,0.09106,0.0913,0.09028,0.09081,73572209.0
1788681600000,0.09081,0.09097,0.09047,0.09062,32425819.0
1788685200000,0.09062,0.09114,0.08814,0.09022,217793856.0
1788688800000,0.09022,0.09037,0.0895,0.09004,75547889.0
1788692400000,0.09004,0.0902,0.08976,0.09006,54436526.0
1788696000000,0.09006,0.09009,0.08959,0.08963,44719264.0
1788699600000,0.08963,0.08993,0.08916,0.08968,58844832.0
1788703200000,0.08968,0.08969,0.08756,0.0885,119728547.0
1788706800000,0.0885,0.08901,0.08783,0.08891,57783250.0
1788710400000,0.08891,0.08935,0.08864,0.08925,40301426.0
1788714000000,0.08925,0.08938,0.08884,0.08913,37511539.0
1788717600000,0.08913,0.08962,0.08907,0.08942,20083967.0
1788721200000,0.08942,0.08954,0.08931,0.08951,11529357.0
1788724800000,0.08951,0.09035,0.08942,0.09021,48980646.0
1788728400000,0.09021,0.09074,0.09007,0.09044,38415349.0
1788732000000,0.09044,0.09044,0.08953,0.0902,93461350.0
1788735600000,0.0902,0.09102,0.09015,0.09084,37594927.0
1788739200000,0.09084,0.09118,0.09064,0.09093,57931907.0
1788742800000,0.09093,0.09105,0.08964,0.09008,103320222.0
1788746400000,0.09008,0.09134,0.08971,0.09008,97211506.0
1788750000000,0.09008,0.09031,0.08911,0.0893,57759961.0
1788753600000,0.0893,0.08977,0.08927,0.0897,46659583.0
1788757200000,0.0897,0.09057,0.08963,0.09012,52383229.0
1788760800000,0.09012,0.09058,0.08974,0.08979,41967187.0
1788764400000,0.08979,0.09004,0.08852,0.08936,75890659.0
1788768000000,0.08936,0.08998,0.0893,0.08953,79808242.0
1788771600000,0.08953,0.09007,0.08913,0.08923,54590090.0
1788775200000,0.08923,0.08976,0.08917,0.08952,38479868.0
1788778800000,0.08952,0.08977,0.08935,0.08973,25200634.0
1788782400000,0.08973,0.09146,0.08966,0.09132,95355654.0
1788786000000,0.09132,0.09188,0.09038,0.09087,90062707.0
1788789600000,0.09087,0.09096,0.08967,0.09057,136168150.0
1788793200000,0.09057,0.09059,0.08844,0.08892,167956242.0
1788796800000,0.08892,0.09024,0.0889,0.09006,60471648.0
1788800400000,0.09006,0.09039,0.08994,0.09002,33009766.0
1788804000000,0.09002,0.09011,0.08947,0.08982,27006362.0
1788807600000,0.08982,0.09089,0.08965,0.09051,49571479.0
1788811200000,0.09051,0.09095,0.08999,0.09053,99289376.0
1788814800000,0.09053,0.09068,0.09018,0.09032,35329494.0
1788818400000,0.09032,0.09068,0.08963,0.09006,100217566.0
1788822000000,0.09006,0.09083,0.09003,0.09047,71401307.0
1788825600000,0.09047,0.09174,0.09028,0.09132,151083616.0
1788829200000,0.09132,0.09165,0.09095,0.09118,67217935.0
1788832800000,0.09118,0.09147,0.08983,0.08992,73464358.0
1788836400000,0.08992,0.09021,0.08951,0.08991,80386973.0
1788840000000,0.08991,0.09001,0.08952,0.0896,54221447.0
1788843600000,0.0896,0.09022,0.08932,0.08956,102748656.0
1788847200000,0.08956,0.08973,0.08886,0.0892,74037241.0
1788850800000,0.0892,0.08978,0.0889,0.08924,40476246.0
1788854400000,0.08924,0.08957,0.08874,0.08925,43735983.0
1788858000000,0.08925,0.09073,0.08895,0.09035,94206033.0
1788861600000,0.09035,0.09091,0.09006,0.09008,64113001.0
1788865200000,0.09008,0.09015,0.08919,0.08949,91360265.0
1788868800000,0.08949,0.0895,0.08815,0.08926,110940196.0
1788872400000,0.08926,0.08944,0.0879,0.08905,137191239.0
1788876000000,0.08905,0.0898,0.08891,0.08966,112630891.0
1788879600000,0.08966,0.09091,0.08959,0.09063,145478755.0
1788883200000,0.09063,0.09087,0.0898,0.0906,118620299.0
1788886800000,0.0906,0.0908,0.08983,0.09,103615228.0
1788890400000,0.09,0.09074,0.08908,0.08948,93925380.0
1788894000000,0.08948,0.09002,0.08922,0.0895,118484879.0
1788897600000,0.0895,0.09061,0.08942,0.0896,95701280.0
1788901200000,0.0896,0.08998,0.08921,0.08951,50054203.0
1788904800000,0.08951,0.09004,0.08946,0.08996,38220219.0
1788908400000,0.08996,0.09015,0.0898,0.08999,54767482.0
1788912000000,0.08999,0.09088,0.08996,0.09049,89633165.0
1788915600000,0.09049,0.09061,0.08985,0.09024,66377343.0
1788919200000,0.09024,0.09042,0.08961,0.08988,68489711.0
1788922800000,0.08988,0.0899,0.08934,0.08954,41912438.0
1788926400000,0.08954,0.0908,0.08953,0.09057,72474522.0
1788930000000,0.09057,0.09071,0.08981,0.09004,56904470.0
1788933600000,0.09004,0.09064,0.08994,0.09041,25179965.0
1788937200000,0.09041,0.09093,0.09035,0.09084,54060780.0
1788940800000,0.09084,0.09141,0.09076,0.09139,56509075.0
1788944400000,0.09139,0.09143,0.09001,0.09005,59425542.0
1788948000000,0.09005,0.09079,0.09005,0.09072,65544837.0
1788951600000,0.09072,0.09091,0.09009,0.0908,64867077.0
1788955200000,0.0908,0.09158,0.09064,0.09131,94759118.0
1788958800000,0.09131,0.09138,0.09006,0.0903,72770022.0
1788962400000,0.0903,0.0906,0.08961,0.08976,112898145.0
1788966000000,0.08976,0.0904,0.08806,0.08887,211971808.0
1788969600000,0.08887,0.08934,0.08849,0.08911,82322501.0
1788973200000,0.08911,0.08933,0.08881,0.08905,40354894.0
1788976800000,0.08905,0.08909,0.08851,0.08853,37981779.0
1788980400000,0.08853,0.08865,0.08641,0.08695,209201023.0
1788984000000,0.08695,0.08707,0.08587,0.08698,123525407.0
1788987600000,0.08698,0.08707,0.08605,0.08641,55396944.0
1788991200000,0.08641,0.08651,0.08456,0.08551,115106394.0
1788994800000,0.08551,0.08622,0.08547,0.08611,27210673.0
1788998400000,0.08611,0.08617,0.08549,0.08556,120693066.0
1789002000000,0.08556,0.0862,0.08505,0.08545,74748182.0
1789005600000,0.08545,0.08599,0.08523,0.08596,31939163.0
1789009200000,0.08596,0.08613,0.08574,0.08592,58285120.0
1789012800000,0.08592,0.08605,0.08562,0.0857,40993168.0
1789016400000,0.0857,0.08624,0.08544,0.086,49022239.0
1789020000000,0.086,0.08601,0.08536,0.08573,27990215.0
1789023600000,0.08573,0.08573,0.08473,0.08531,62213475.0
1789027200000,0.08531,0.08551,0.08515,0.08524,61109152.0
1789030800000,0.08524,0.08532,0.08467,0.08491,46837634.0
1789034400000,0.08491,0.08538,0.08486,0.085,43264605.0
1789038000000,0.085,0.08546,0.08475,0.08508,52662730.0
1789041600000,0.08508,0.08545,0.08208,0.08369,279455192.0
1789045200000,0.08369,0.08413,0.08315,0.08395,141298077.0
1789048800000,0.08395,0.08425,0.08337,0.08375,67691018.0
1789052400000,0.08375,0.08377,0.08321,0.08366,49289558.0
1789056000000,0.08366,0.08379,0.08261,0.08348,83525687.0
1789059600000,0.08348,0.08414,0.08336,0.08382,84841279.0
1789063200000,0.08382,0.08398,0.08323,0.08395,22071915.0
1789066800000,0.08395,0.08431,0.08375,0.08387,53866959.0
1789070400000,0.08387,0.08433,0.08382,0.08413,26584465.0
1789074000000,0.08413,0.08425,0.08391,0.08403,16168682.0
1789077600000,0.08403,0.08423,0.08344,0.08349,32033758.0
1789081200000,0.08349,0.08355,0.08278,0.08285,62479737.0
1789084800000,0.08285,0.08351,0.08282,0.08339,42660896.0
1789088400000,0.08339,0.0836,0.08293,0.08351,33221776.0
1789092000000,0.08351,0.08356,0.08313,0.08342,12951855.0
1789095600000,0.08342,0.08373,0.08324,0.08369,34447984.0
1789099200000,0.08369,0.08413,0.08362,0.08401,42376185.0
1789102800000,0.08401,0.08411,0.08381,0.08406,33955421.0
1789106400000,0.08406,0.08415,0.08381,0.08394,22966268.0
1789110000000,0.08394,0.08417,0.08368,0.08375,26717783.0
1789113600000,0.08375,0.08419,0.08366,0.08399,24859783.0
1789117200000,0.08399,0.08402,0.08332,0.08364,30651171.0
1789120800000,0.08364,0.08384,0.08331,0.08332,30847532.0
1789124400000,0.08332,0.08366,0.08284,0.08363,33702547.0
1789128000000,0.08363,0.0855,0.08213,0.08512,257671577.0
1789131600000,0.08512,0.08743,0.08422,0.08733,132732159.0
1789135200000,0.08733,0.0882,0.08597,0.08645,178442568.0
1789138800000,0.08645,0.08682,0.08436,0.08493,114305859.0
1789142400000,0.08493,0.08593,0.08468,0.0858,72111667.0
1789146000000,0.0858,0.0859,0.08481,0.08493,52484489.0
1789149600000,0.08493,0.085,0.08355,0.08402,161254643.0
1789153200000,0.08402,0.08453,0.08368,0.08446,46256320.0
1789156800000,0.08446,0.08472,0.08401,0.08435,54198246.0
1789160400000,0.08435,0.08472,0.08378,0.08392,17773135.0
1789164000000,0.08392,0.08427,0.08351,0.08374,82054000.0
1789167600000,0.08374,0.08428,0.08371,0.08425,9454606.0
1789171200000,0.08425,0.0844,0.08407,0.08417,18138254.0
1789174800000,0.08417,0.08453,0.0841,0.08437,19472234.0
1789178400000,0.08437,0.08466,0.08421,0.08444,68999471.0
1789182000000,0.08444,0.08454,0.08425,0.08438,28245119.0
1789185600000,0.08438,0.08448,0.08419,0.08431,15929834.0
1789189200000,0.08431,0.08445,0.0842,0.08435,28319241.0
1789192800000,0.08435,0.08452,0.08418,0.08435,43676415.0
1789196400000,0.08435,0.08477,0.08434,0.08471,15479762.0
1789200000000,0.08471,0.08484,0.08456,0.08472,23558073.0
1789203600000,0.08472,0.08491,0.08468,0.0849,34563076.0
1789207200000,0.0849,0.08512,0.0848,0.08496,20746692.0
1789210800000,0.08496,0.08506,0.08488,0.08501,13491872.0
1789214400000,0.08501,0.08512,0.0849,0.08498,21424085.0
1789218000000,0.08498,0.08505,0.08475,0.08493,36996611.0
1789221600000,0.08493,0.08521,0.08492,0.08509,16331294.0
1789225200000,0.08509,0.0853,0.08492,0.08506,38110308.0
1789228800000,0.08506,0.0851,0.08493,0.085,19657954.0
1789232400000,0.085,0.08506,0.08479,0.08495,16980035.0
1789236000000,0.08495,0.08495,0.08461,0.08468,24598994.0
1789239600000,0.08468,0.08489,0.08452,0.08473,26596958.0
1789243200000,0.08473,0.08493,0.0847,0.08473,15336745.0
1789246800000,0.08473,0.08488,0.08458,0.08458,16919825.0
1789250400000,0.08458,0.08483,0.08447,0.0846,32506503.0
1789254000000,0.0846,0.08484,0.08459,0.08479,5132531.0
1789257600000,0.08479,0.08485,0.08466,0.08481,6357489.0
1789261200000,0.08481,0.08504,0.08474,0.08494,34981460.0
1789264800000,0.08494,0.08512,0.08477,0.0849,26989181.0
1789268400000,0.0849,0.08507,0.08456,0.08467,28886514.0
1789272000000,0.08467,0.0848,0.08458,0.08467,18038389.0
1789275600000,0.08467,0.08489,0.08466,0.0848,5246391.0
1789279200000,0.0848,0.08482,0.08422,0.08438,23529149.0
1789282800000,0.08438,0.08456,0.08403,0.08411,39598046.0
1789286400000,0.08411,0.08422,0.0832,0.0835,71263267.0
1789290000000,0.0835,0.08365,0.08305,0.08352,25800149.0
1789293600000,0.08352,0.0836,0.08313,0.08328,17213948.0
1789297200000,0.08328,0.08359,0.08321,0.0835,17414996.0
1789300800000,0.0835,0.08355,0.08322,0.0834,20325626.0
1789304400000,0.0834,0.08347,0.08281,0.08338,47754126.0
1789308000000,0.08338,0.0839,0.08336,0.08371,51063557.0
1789311600000,0.08371,0.08377,0.08341,0.08344,17420466.0
1789315200000,0.08344,0.08393,0.08344,0.08391,14051876.0
1789318800000,0.08391,0.0846,0.0839,0.08441,27664754.0
1789322400000,0.08441,0.08456,0.08427,0.08446,9905139.0
1789326000000,0.08446,0.08458,0.08402,0.08412,11757797.0
1789329600000,0.08412,0.08448,0.08412,0.0844,11613506.0
1789333200000,0.0844,0.08443,0.08397,0.08397,11418810.0
1789336800000,0.08397,0.08397,0.08194,0.08222,110925677.0
1789340400000,0.08222,0.08274,0.08211,0.08238,51839949.0
1789344000000,0.08238,0.08285,0.08183,0.08262,58254836.0
1789347600000,0.08262,0.08291,0.08229,0.08248,29143778.0
1789351200000,0.08307,0.08417,0.08298,0.08401,83262402.0
1789354800000,0.08401,0.08427,0.08366,0.08385,32231387.0
1789358400000,0.08385,0.08412,0.08379,0.084,40845444.0
1789362000000,0.084,0.08424,0.08393,0.0842,15839667.0
1789365600000,0.0842,0.08456,0.08404,0.08425,45717094.0
1789369200000,0.08425,0.08443,0.0841,0.0843,23379796.0
1789372800000,0.0843,0.08454,0.08398,0.08409,57314418.0
1789376400000,0.08409,0.0848,0.08377,0.08439,80794070.0
1789380000000,0.08439,0.08454,0.08414,0.08432,48878664.0
1789383600000,0.08432,0.08443,0.08397,0.08408,42097283.0
1789387200000,0.08408,0.08438,0.08345,0.08368,40283188.0
1789390800000,0.08368,0.08431,0.08307,0.08365,134114937.0
1789394400000,0.08365,0.08428,0.08355,0.08376,54370832.0
1789398000000,0.08376,0.08428,0.08352,0.08401,78281089.0
1789401600000,0.08401,0.08471,0.08385,0.0844,45996816.0
1789405200000,0.0844,0.08493,0.08432,0.08476,55164085.0
1789408800000,0.08476,0.08533,0.08463,0.085,70389578.0
1789412400000,0.085,0.08502,0.08447,0.08465,52191525.0
1789416000000,0.08465,0.08611,0.08465,0.0851,63075746.0
1789419600000,0.0851,0.08513,0.0843,0.08432,45099004.0
1789423200000,0.08432,0.08463,0.08394,0.08404,41385493.0
1789426800000,0.08404,0.08413,0.08354,0.08361,39509407.0
1789430400000,0.08361,0.08384,0.08348,0.08369,24796785.0
1789434000000,0.08369,0.08392,0.08346,0.08372,31433459.0
1789437600000,0.08372,0.08385,0.08367,0.08374,16759970.0
1789441200000,0.08374,0.08375,0.08323,0.08326,46627883.0
1789444800000,0.08326,0.08336,0.08304,0.08313,32778463.0
1789448400000,0.08313,0.08328,0.08263,0.08314,48060355.0
1789452000000,0.08314,0.08327,0.08243,0.08265,50817082.0
1789455600000,0.08265,0.08293,0.08237,0.08249,52934913.0
1789459200000,0.08249,0.08262,0.08223,0.08259,37842200.0
1789462800000,0.08259,0.08283,0.08248,0.08258,36260213.0
1789466400000,0.08258,0.08281,0.08251,0.08273,41466042.0
1789470000000,0.08273,0.08293,0.08221,0.08245,61649002.0
1789473600000,0.08245,0.08278,0.08242,0.08266,30209849.0
