ts,open,high,low,close,volume
1767225600000,25.447,25.609,25.414,25.605,66146.94
1767229200000,25.605,26.1,25.597,25.803,248080.67
1767232800000,25.803,25.863,25.634,25.707,101203.23
1767236400000,25.707,25.726,25.502,25.588,122324.33
1767240000000,25.588,25.61,25.403,25.46,99468.66
1767243600000,25.46,25.686,25.441,25.519,140692.48
1767247200000,25.519,25.681,25.375,25.522,175810.69
1767250800000,25.522,25.713,25.508,25.678,89766.65
1767254400000,25.678,25.718,25.564,25.622,63946.55
1767258000000,25.622,25.86,25.613,25.766,113542.16
1767261600000,25.766,25.81,25.679,25.716,57521.7
1767265200000,25.716,25.798,25.631,25.794,86296.64
1767268800000,25.794,25.798,25.652,25.692,60919.71
1767272400000,25.692,25.738,25.496,25.516,58352.78
1767276000000,25.516,25.618,25.2,25.306,277977.54
1767279600000,25.306,25.4,24.036,24.311,1046972.26
1767283200000,24.311,24.529,23.956,24.452,803964.79
1767286800000,24.452,24.623,24.356,24.422,314240.08
1767290400000,24.422,24.506,24.201,24.359,196926.69
1767294000000,24.359,24.424,24.091,24.407,218721.21
1767297600000,24.407,24.493,23.707,24.086,580039.08
1767301200000,24.086,24.225,24.063,24.089,146817.6
1767304800000,24.089,24.185,24.039,24.1,138359.21
1767308400000,24.1,24.257,24.086,24.239,224295.7
1767312000000,24.239,24.388,24.053,24.353,222457.66
1767315600000,24.353,24.508,24.312,24.377,172952.57
1767319200000,24.377,24.378,24.159,24.256,162742.99
1767322800000,24.256,24.62,24.182,24.51,235277.62
1767326400000,24.51,24.788,24.424,24.741,237562.41
1767330000000,24.741,24.787,24.355,24.716,340039.33
1767333600000,24.716,24.766,24.557,24.602,195119.8
1767337200000,24.602,24.629,24.195,24.312,218407.21
1767340800000,24.312,24.503,24.281,24.485,90223.82
1767344400000,24.485,24.879,24.446,24.789,309826.78
1767348000000,24.789,25.014,24.684,24.831,314796.12
1767351600000,24.831,24.839,24.399,24.461,278775.26
1767355200000,24.461,24.626,24.425,24.454,164179.49
1767358800000,24.454,24.639,24.448,24.55,155297.08
1767362400000,24.55,24.715,24.236,24.571,456340.24
1767366000000,24.571,24.673,24.327,24.5,255788.14
1767369600000,24.5,24.884,24.402,24.612,416784.86
1767373200000,24.612,24.772,24.404,24.583,250865.64
1767376800000,24.583,24.663,24.408,24.593,170392.82
1767380400000,24.593,24.733,24.534,24.628,233176.43
1767384000000,24.628,24.678,24.043,24.162,371487.37
1767387600000,24.162,24.463,24.138,24.454,353191.67
1767391200000,24.454,24.608,24.406,24.472,171401.6
1767394800000,24.472,24.634,24.449,24.598,117309.6
1767398400000,24.598,24.63,24.529,24.605,92190.72
1767402000000,24.605,24.764,24.562,24.621,117051.17
1767405600000,24.621,24.621,24.409,24.514,140580.31
1767409200000,24.514,24.597,24.432,24.564,94321.3
1767412800000,24.564,24.666,24.52,24.61,99248.29
1767416400000,24.61,24.911,24.585,24.869,319009.24
1767420000000,24.869,25.235,24.847,24.879,377355.21
1767423600000,24.879,24.896,24.294,24.507,457116.95
1767427200000,24.507,24.658,24.346,24.536,260814.58
1767430800000,24.536,24.56,24.266,24.468,267693.12
1767434400000,24.468,24.683,24.423,24.586,162637.47
1767438000000,24.586,24.619,24.348,24.387,155770.2
1767441600000,24.387,24.571,24.29,24.563,117436.55
1767445200000,24.563,24.716,24.51,24.638,216303.44
1767448800000,24.638,24.769,24.552,24.699,84864.27
1767452400000,24.699,24.967,24.647,24.779,197488.84
1767456000000,24.779,24.996,24.689,24.939,180393.15
1767459600000,24.939,24.997,24.857,24.902,80933.18
1767463200000,24.902,25.2,24.816,24.992,283784.08
1767466800000,24.992,25.009,24.754,24.785,95609.94
1767470400000,24.785,24.798,24.457,24.751,434520.79
1767474000000,24.751,25.329,24.697,25.293,265552.16
1767477600000,25.293,25.427,25.152,25.368,293255.46
1767481200000,25.368,25.427,25.239,25.365,119795.05
1767484800000,25.365,25.58,25.112,25.317,490627.39
1767488400000,25.317,25.35,25.139,25.26,159855.79
1767492000000,25.26,25.287,25.03,25.107,112782.52
1767495600000,25.107,25.347,25.024,25.283,146554.4
1767499200000,25.283,25.341,25.112,25.152,79586.68
1767502800000,25.152,25.241,25.071,25.151,101521.44
1767506400000,25.151,25.284,24.918,25.112,118314.2
1767510000000,25.112,25.262,25.085,25.133,144111.15
1767513600000,25.133,25.17,24.836,24.976,199173.83
1767517200000,24.976,25.08,24.95,25.031,122635.04
1767520800000,25.031,25.333,25.03,25.262,154137.31
1767524400000,25.262,25.345,25.164,25.231,145725.63
1767528000000,25.231,25.344,25.09,25.135,126912.49
1767531600000,25.135,25.289,25.052,25.279,94019.41
1767535200000,25.279,25.831,25.248,25.781,520047.73
1767538800000,25.781,26.159,25.692,26.138,469934.12
1767542400000,26.138,26.394,26.066,26.169,301938.32
1767546000000,26.169,26.267,25.932,26.008,237711.05
1767549600000,26.008,26.068,25.73,25.872,255000.94
1767553200000,25.872,25.994,25.775,25.857,106946.1
1767556800000,25.857,26.451,25.803,26.441,191012.55
1767560400000,26.441,26.792,26.373,26.508,439680.06
1767564000000,26.508,26.663,26.232,26.412,218745.17
1767567600000,26.412,26.875,26.365,26.848,306392.12
1767571200000,26.848,26.924,26.459,26.86,346563.53
1767574800000,26.86,27.364,26.703,27.103,433327.0
1767578400000,27.103,27.209,26.325,26.559,485307.14
1767582000000,26.559,26.611,26.335,26.418,194101.28
1767585600000,26.418,26.638,26.087,26.532,298792.9
1767589200000,26.532,26.561,26.21,26.271,152325.94
1767592800000,26.271,26.418,26.14,26.311,199064.14
1767596400000,26.311,26.547,26.276,26.401,170151.91
1767600000000,26.401,26.512,26.325,26.418,124731.02
1767603600000,26.418,26.763,26.283,26.573,182937.52
1767607200000,26.573,26.659,25.904,26.107,628780.86
1767610800000,26.107,26.536,26.025,26.333,317071.61
1767614400000,26.333,26.358,25.99,26.162,251283.27
1767618000000,26.162,26.19,25.81,26.006,275147.96
1767621600000,26.006,26.298,25.766,26.136,423725.57
1767625200000,26.136,26.559,25.931,26.405,329681.09
1767628800000,26.405,26.686,26.301,26.416,280764.43
1767632400000,26.416,26.92,26.14,26.673,321781.98
1767636000000,26.673,27.181,26.601,27.087,274144.09
1767639600000,27.087,27.19,26.844,27.056,277748.93
1767643200000,27.056,27.48,26.805,26.896,469411.08
1767646800000,26.896,27.044,26.494,26.537,261030.74
1767650400000,26.537,26.868,26.388,26.855,219396.96
1767654000000,26.855,26.895,26.473,26.494,99975.85
1767657600000,26.494,26.718,26.362,26.41,123243.45
1767661200000,26.41,26.791,26.29,26.478,209036.7
1767664800000,26.478,26.547,26.158,26.277,171779.52
1767668400000,26.277,26.616,26.086,26.39,244535.87
1767672000000,26.39,26.718,26.373,26.65,200615.89
1767675600000,26.65,26.71,26.381,26.632,156853.94
1767679200000,26.632,27.142,26.545,26.935,294544.44
1767682800000,26.935,27.008,26.309,26.374,282044.83
1767686400000,26.374,26.655,26.319,26.515,208139.36
1767690000000,26.515,26.732,26.463,26.472,113348.25
1767693600000,26.472,26.635,26.193,26.516,323578.6
1767697200000,26.516,27.012,26.51,26.919,290734.25
1767700800000,26.919,27.285,26.867,27.246,346845.25
1767704400000,27.246,27.293,26.981,27.136,258008.77
1767708000000,27.136,27.44,26.967,27.069,515664.74
1767711600000,27.069,27.428,27.013,27.151,405463.05
1767715200000,27.151,27.35,26.744,27.062,513432.56
1767718800000,27.062,27.512,26.659,26.699,531881.13
1767722400000,26.699,26.945,26.444,26.923,508512.52
1767726000000,26.923,27.595,26.773,27.081,786517.14
1767729600000,27.081,27.58,27.076,27.472,319010.73
1767733200000,27.472,27.897,27.272,27.518,479263.02
1767736800000,27.518,27.666,27.34,27.604,216440.72
1767740400000,27.604,28.394,27.594,28.24,537883.95
1767744000000,28.24,28.387,27.623,27.638,414187.7
1767747600000,27.638,27.92,27.421,27.747,280120.79
1767751200000,27.747,28.023,27.568,27.879,176574.01
1767754800000,27.879,27.95,27.604,27.799,168345.63
1767758400000,27.799,27.98,27.388,27.429,171360.41
1767762000000,27.429,27.693,27.393,27.437,147005.74
1767765600000,27.437,27.555,27.27,27.39,182248.29
1767769200000,27.39,27.631,27.38,27.598,80739.22
1767772800000,27.598,27.731,27.437,27.515,140906.63
1767776400000,27.515,27.65,27.036,27.105,397864.76
1767780000000,27.105,27.528,27.058,27.484,305235.07
1767783600000,27.484,27.536,26.963,27.022,359351.0
1767787200000,27.022,27.064,26.704,26.805,273123.83
1767790800000,26.805,27.048,26.731,26.887,184520.01
1767794400000,26.887,26.892,26.52,26.781,418507.04
1767798000000,26.781,26.816,26.46,26.463,287081.55
1767801600000,26.463,26.888,26.453,26.671,255052.47
1767805200000,26.671,26.942,26.608,26.721,163547.21
1767808800000,26.721,27.238,26.622,26.792,365843.07
1767812400000,26.792,27.077,26.654,26.875,254720.86
1767816000000,26.875,27.06,26.702,26.784,208302.02
1767819600000,26.784,26.97,26.493,26.573,356945.56
1767823200000,26.573,27.029,26.529,26.879,221828.7
1767826800000,26.879,27.024,26.686,26.856,125612.77
1767830400000,26.856,27.07,26.721,26.961,93241.65
1767834000000,26.961,27.03,26.806,26.811,73558.5
1767837600000,26.811,26.904,26.576,26.729,145165.01
1767841200000,26.729,26.827,26.338,26.487,180764.26
1767844800000,26.487,26.614,26.353,26.521,114879.81
1767848400000,26.521,26.72,26.494,26.539,74279.12
1767852000000,26.539,26.593,26.121,26.195,246122.03
1767855600000,26.195,26.691,26.11,26.691,239488.39
1767859200000,26.691,26.742,26.318,26.385,242063.46
1767862800000,26.385,26.52,26.081,26.11,180191.08
1767866400000,26.11,26.324,25.823,26.259,390257.4
1767870000000,26.259,26.306,26.019,26.154,191870.06
1767873600000,26.154,26.157,25.86,25.966,230370.4
1767877200000,25.966,26.028,25.809,25.922,124393.69
1767880800000,25.922,26.163,25.688,26.15,297277.87
1767884400000,26.15,26.267,25.967,26.193,253796.23
1767888000000,26.193,26.246,26.001,26.129,199296.05
1767891600000,26.129,26.304,25.982,26.184,153110.29
1767895200000,26.184,26.242,25.767,25.97,181778.29
1767898800000,25.97,26.086,25.889,25.953,95842.69
1767902400000,25.953,25.953,25.604,25.844,172578.95
1767906000000,25.844,25.917,25.722,25.885,116928.39
1767909600000,25.885,25.977,25.635,25.744,107847.48
1767913200000,25.744,25.786,25.557,25.67,137706.15
1767916800000,25.67,25.682,25.471,25.6,192144.67
1767920400000,25.6,25.763,25.405,25.497,183421.27
1767924000000,25.497,25.742,25.471,25.622,86925.49
1767927600000,25.622,25.788,25.516,25.738,82444.41
1767931200000,25.738,25.904,25.692,25.857,128625.64
1767934800000,25.857,26.04,25.825,26.0,136588.92
1767938400000,26.0,26.198,25.921,26.173,120039.78
1767942000000,26.173,26.173,26.001,26.091,122972.61
1767945600000,26.091,26.128,25.461,25.529,328505.0
1767949200000,25.529,25.613,25.231,25.37,350698.75
1767952800000,25.37,25.429,25.244,25.305,210225.11
1767956400000,25.305,25.655,25.3,25.511,165100.67
1767960000000,25.511,25.518,25.323,25.507,95246.96
1767963600000,25.507,25.768,25.465,25.566,155214.98
1767967200000,25.566,25.627,25.369,25.552,181246.82
1767970800000,25.552,25.989,25.459,25.618,375818.46
1767974400000,25.618,25.879,25.573,25.694,188397.96
1767978000000,25.694,25.842,25.541,25.76,185846.19
1767981600000,25.76,25.9,25.295,25.481,265371.8
1767985200000,25.481,25.483,24.893,25.11,410274.57
1767988800000,25.11,25.201,24.937,25.043,193995.91
1767992400000,25.043,25.171,24.986,25.126,128143.7
1767996000000,25.126,25.235,25.097,25.186,106922.54
1767999600000,25.186,25.214,25.014,25.072,88522.55
1768003200000,25.072,25.088,24.59,24.663,571681.11
1768006800000,24.663,24.719,24.442,24.611,262454.94
1768010400000,24.611,24.671,24.315,24.428,234517.51
1768014000000,24.428,24.493,24.231,24.406,127854.09
1768017600000,24.406,24.429,24.251,24.376,107168.95
1768021200000,24.376,24.448,24.311,24.311,98630.81
1768024800000,24.311,24.387,24.235,24.316,67508.08
1768028400000,24.316,24.381,24.178,24.341,112317.45
1768032000000,24.341,24.398,24.251,24.394,68130.0
1768035600000,24.394,24.634,24.382,24.621,177211.84
1768039200000,24.621,24.7,24.564,24.684,83122.96
1768042800000,24.684,24.684,24.441,24.572,110615.52
1768046400000,24.572,24.637,24.513,24.597,63344.62
1768050000000,24.597,24.597,24.516,24.523,62537.84
1768053600000,24.523,24.528,24.216,24.305,139581.09
1768057200000,24.305,24.356,24.245,24.332,71975.37
1768060800000,24.332,24.36,24.011,24.138,148336.49
1768064400000,24.138,24.266,23.83,23.963,217831.28
1768068000000,23.963,24.143,23.93,24.073,133913.57
1768071600000,24.073,24.156,24.069,24.135,53803.81
1768075200000,24.135,24.213,24.087,24.171,83542.32
1768078800000,24.171,24.255,24.131,24.153,68370.95
1768082400000,24.153,24.236,23.75,23.88,166451.49
1768086000000,23.88,24.076,23.854,24.037,137054.51
1768089600000,24.037,24.146,23.989,24.115,64521.24
1768093200000,24.115,24.2,24.035,24.142,102921.04
1768096800000,24.142,24.156,24.014,24.154,47230.25
1768100400000,24.154,24.211,24.091,24.201,41478.62
1768104000000,24.201,24.25,24.144,24.245,44911.1
1768107600000,24.245,24.329,24.226,24.299,57893.69
1768111200000,24.299,24.49,24.207,24.382,121153.15
1768114800000,24.382,24.497,24.341,24.458,87292.88
1768118400000,24.458,24.461,24.31,24.43,88475.57
1768122000000,24.43,24.513,24.35,24.414,79920.06
1768125600000,24.414,24.518,24.361,24.406,78064.54
1768129200000,24.406,24.453,24.372,24.436,36314.15
1768132800000,24.436,24.61,24.415,24.593,89808.05
1768136400000,24.593,24.622,24.499,24.566,60315.48
1768140000000,24.566,24.617,24.503,24.591,55331.93
1768143600000,24.591,24.629,24.358,24.426,179894.98
1768147200000,24.426,24.658,24.377,24.519,171015.67
1768150800000,24.519,24.608,24.462,24.566,78094.24
1768154400000,24.566,24.658,24.463,24.623,63448.43
1768158000000,24.623,24.665,24.516,24.549,44754.8
1768161600000,24.549,24.552,24.405,24.509,100126.21
1768165200000,24.509,24.521,24.42,24.465,38207.87
1768168800000,24.465,24.47,24.242,24.362,136064.66
1768172400000,24.362,24.451,24.27,24.429,76552.88
1768176000000,24.429,24.548,24.293,24.519,108749.07
1768179600000,24.519,24.742,24.435,24.716,195046.27
1768183200000,24.716,25.408,24.696,25.219,522080.4
1768186800000,25.219,25.291,24.837,24.891,235486.39
1768190400000,24.891,25.11,24.794,25.056,102518.17
1768194000000,25.056,25.084,24.821,24.837,101011.46
1768197600000,24.837,24.942,24.777,24.884,118935.18
1768201200000,24.884,25.048,24.705,24.732,172815.05
1768204800000,24.732,24.865,24.25,24.485,410655.18
1768208400000,24.485,24.555,24.048,24.097,210623.7
1768212000000,24.097,24.194,23.901,23.927,217950.7
1768215600000,23.927,24.094,23.61,23.992,346235.3
1768219200000,23.992,24.115,23.826,23.94,206764.1
1768222800000,23.94,23.987,23.65,23.779,176245.22
1768226400000,23.779,23.825,23.107,23.448,660341.21
1768230000000,23.448,23.633,23.251,23.576,347206.22
1768233600000,23.576,23.807,23.475,23.624,344021.69
1768237200000,23.624,23.799,23.257,23.438,456589.47
1768240800000,23.438,23.779,23.428,23.752,201921.26
1768244400000,23.752,23.934,23.648,23.9,123193.55
1768248000000,23.9,24.123,23.853,24.075,165807.66
1768251600000,24.075,24.133,23.815,23.924,160292.51
1768255200000,23.924,24.036,23.723,23.9,136488.31
1768258800000,23.9,23.917,23.682,23.755,95171.31
1768262400000,23.755,24.174,23.732,24.168,225584.24
1768266000000,24.168,24.23,23.995,24.048,121254.94
1768269600000,24.048,24.253,24.048,24.159,108263.61
1768273200000,24.159,24.245,24.1,24.225,94095.5
1768276800000,24.225,24.37,24.178,24.361,103585.4
1768280400000,24.361,24.485,24.269,24.385,118752.84
1768284000000,24.385,24.453,24.313,24.41,96998.55
1768287600000,24.41,24.479,24.25,24.263,83567.07
1768291200000,24.263,24.59,24.252,24.562,126020.8
1768294800000,24.562,24.665,24.303,24.338,253844.21
1768298400000,24.338,24.347,24.033,24.25,181442.63
1768302000000,24.25,24.392,24.206,24.301,81526.02
1768305600000,24.301,24.646,24.299,24.386,197328.22
1768309200000,24.386,24.6,24.246,24.382,394042.48
1768312800000,24.382,24.689,24.29,24.468,162863.81
1768316400000,24.468,24.56,24.235,24.394,231883.97
1768320000000,24.394,24.721,24.386,24.564,249215.01
1768323600000,24.564,24.635,24.364,24.498,136193.64
1768327200000,24.498,24.908,24.46,24.809,190344.39
1768330800000,24.809,25.023,24.732,24.966,199740.24
1768334400000,24.966,25.136,24.821,24.894,165614.24
1768338000000,24.894,24.956,24.7,24.736,91674.31
1768341600000,24.736,25.85,24.706,25.781,761929.28
1768345200000,25.781,25.84,25.372,25.742,429330.26
1768348800000,25.742,25.868,25.6,25.698,168781.18
1768352400000,25.698,25.912,25.612,25.668,122875.33
1768356000000,25.668,25.887,25.637,25.751,64885.88
1768359600000,25.751,26.132,25.683,26.063,290659.85
1768363200000,26.063,26.106,25.79,25.946,144582.3
1768366800000,25.946,25.967,25.711,25.797,79449.18
1768370400000,25.797,26.122,25.721,26.113,139393.73
1768374000000,26.113,26.19,25.946,26.167,126682.97
1768377600000,26.167,26.536,26.069,26.069,371327.54
1768381200000,26.069,26.186,25.824,25.842,169216.0
1768384800000,25.842,26.132,25.792,26.09,142787.98
1768388400000,26.09,26.093,25.801,25.811,114167.32
1768392000000,25.811,26.059,25.729,25.966,89156.91
1768395600000,25.966,26.071,25.802,25.819,120269.0
1768399200000,25.819,26.588,25.803,26.316,520203.32
1768402800000,26.316,26.53,26.055,26.33,440062.76
1768406400000,26.33,26.886,26.308,26.639,479718.69
1768410000000,26.639,26.744,26.13,26.15,271427.94
1768413600000,26.15,26.173,25.769,26.152,423385.36
1768417200000,26.152,26.41,26.035,26.332,190551.58
1768420800000,26.332,26.472,25.971,26.218,185908.39
1768424400000,26.218,26.29,25.88,25.936,101340.73
1768428000000,25.936,26.027,25.642,25.685,191016.21
1768431600000,25.685,26.003,25.685,25.962,231572.38
1768435200000,25.962,25.972,25.66,25.906,156011.98
1768438800000,25.906,26.098,25.365,25.468,318500.33
1768442400000,25.468,25.551,25.088,25.153,288236.56
1768446000000,25.153,25.229,24.712,24.741,296747.45
1768449600000,24.741,25.288,24.705,25.258,310788.28
1768453200000,25.258,25.266,25.075,25.089,104054.99
1768456800000,25.089,25.158,24.874,24.887,93207.83
1768460400000,24.887,25.107,24.875,25.023,90346.22
1768464000000,25.023,25.179,24.932,25.121,105183.24
1768467600000,25.121,25.287,24.939,25.117,223555.9
1768471200000,25.117,25.297,25.001,25.282,114661.04
1768474800000,25.282,25.339,25.131,25.198,70552.84
1768478400000,25.198,25.308,25.107,25.29,93464.02
1768482000000,25.29,25.564,25.224,25.497,139275.75
1768485600000,25.497,25.581,25.039,25.204,298628.02
1768489200000,25.204,25.273,24.458,24.887,590902.5
1768492800000,24.887,25.275,24.75,24.984,496360.46
1768496400000,24.984,25.213,24.82,24.853,174667.5
1768500000000,24.853,24.937,24.512,24.61,274329.75
1768503600000,24.61,25.013,24.489,24.979,289262.79
1768507200000,24.979,25.152,24.337,24.397,311539.38
1768510800000,24.397,24.567,24.364,24.446,106036.91
1768514400000,24.446,24.642,24.408,24.614,81317.42
1768518000000,24.614,24.711,24.559,24.711,38275.55
1768521600000,24.711,24.847,24.703,24.759,52837.84
1768525200000,24.759,24.837,24.671,24.681,52882.27
1768528800000,24.681,24.732,24.518,24.639,142045.88
1768532400000,24.639,24.703,24.547,24.572,45769.7
1768536000000,24.572,24.757,24.472,24.581,74577.99
1768539600000,24.581,24.949,24.559,24.877,126244.04
1768543200000,24.877,25.039,24.857,24.96,67714.63
1768546800000,24.96,25.006,24.751,24.809,126468.89
1768550400000,24.809,25.105,24.796,24.936,87279.08
1768554000000,24.936,25.01,24.825,24.847,64183.68
1768557600000,24.847,24.896,24.682,24.883,91607.81
1768561200000,24.883,25.125,24.83,25.108,64524.92
1768564800000,25.108,25.123,24.885,24.975,78284.02
1768568400000,24.975,25.134,24.868,25.008,48557.89
1768572000000,25.008,25.221,24.987,25.004,149846.97
1768575600000,25.004,25.186,24.598,24.798,407865.04
1768579200000,24.798,25.046,24.728,24.839,219895.1
1768582800000,24.839,25.108,24.746,25.067,113076.41
1768586400000,25.067,25.103,24.878,24.878,43209.5
1768590000000,24.878,24.889,24.728,24.81,55524.59
1768593600000,24.81,25.022,24.648,24.97,110756.99
1768597200000,24.97,25.036,24.822,24.957,90867.86
1768600800000,24.957,24.978,24.782,24.884,40568.5
1768604400000,24.884,25.072,24.861,24.982,47957.52
1768608000000,24.982,25.02,24.919,24.972,46498.66
1768611600000,24.972,25.014,24.876,24.95,39997.89
1768615200000,24.95,24.977,24.826,24.869,20215.84
1768618800000,24.869,24.884,24.767,24.806,28919.99
1768622400000,24.806,24.866,24.73,24.845,29184.53
1768626000000,24.845,24.904,24.799,24.839,36491.09
1768629600000,24.839,25.0,24.837,24.973,35367.09
1768633200000,24.973,25.021,24.884,24.934,30183.8
1768636800000,24.934,25.198,24.928,25.194,55430.8
1768640400000,25.194,25.33,25.132,25.256,83382.64
1768644000000,25.256,25.321,25.117,25.169,96867.1
1768647600000,25.169,25.287,25.114,25.249,46515.82
1768651200000,25.249,25.309,25.049,25.15,89205.76
1768654800000,25.15,25.429,25.123,25.34,101723.14
1768658400000,25.34,25.463,25.266,25.45,62321.11
1768662000000,25.45,25.664,25.352,25.644,131242.79
1768665600000,25.644,25.709,25.342,25.431,135559.93
1768669200000,25.431,25.693,25.407,25.685,45322.29
1768672800000,25.685,25.824,25.639,25.777,124225.97
1768676400000,25.777,25.79,25.57,25.626,50129.61
1768680000000,25.626,25.71,25.564,25.657,37872.31
1768683600000,25.657,25.724,25.515,25.565,46131.98
1768687200000,25.565,25.597,25.325,25.391,92850.32
1768690800000,25.391,25.551,25.322,25.41,100783.98
1768694400000,25.41,25.562,25.365,25.378,62936.71
1768698000000,25.378,25.415,25.204,25.41,72633.95
1768701600000,25.41,25.494,25.32,25.39,36416.28
1768705200000,25.39,25.551,25.371,25.462,28514.3
1768708800000,25.462,25.725,25.401,25.676,44930.25
1768712400000,25.676,25.799,25.54,25.79,58396.71
1768716000000,25.79,26.019,25.74,25.945,172915.05
1768719600000,25.945,25.958,25.784,25.82,91657.86
1768723200000,25.82,25.876,25.72,25.782,103843.36
1768726800000,25.782,26.03,25.782,25.967,146562.74
1768730400000,25.967,26.112,25.798,26.026,89313.36
1768734000000,26.026,26.041,25.9,25.996,60329.47
1768737600000,25.996,26.011,25.66,25.832,124733.82
1768741200000,25.832,25.897,25.68,25.841,92203.37
1768744800000,25.841,25.964,25.711,25.73,59453.07
1768748400000,25.73,25.904,25.68,25.813,96405.07
1768752000000,25.813,25.88,25.609,25.719,145533.35
1768755600000,25.719,25.774,25.432,25.518,189002.56
1768759200000,25.518,25.729,25.465,25.653,98603.63
1768762800000,25.653,25.69,25.064,25.156,229039.26
1768766400000,25.156,25.218,25.001,25.186,148891.65
1768770000000,25.186,25.266,24.906,24.952,115386.3
1768773600000,24.952,25.165,24.944,25.132,67116.59
1768777200000,25.132,25.132,24.35,24.447,361203.26
1768780800000,24.447,24.456,22.775,24.053,1591922.24
1768784400000,24.053,24.183,23.912,24.072,179483.63
1768788000000,24.072,24.072,23.867,23.97,75281.21
1768791600000,23.97,24.098,23.821,23.919,123887.36
1768795200000,23.919,24.012,23.874,23.97,52644.82
1768798800000,23.97,23.976,23.75,23.892,94909.08
1768802400000,23.892,23.908,23.624,23.812,89071.31
1768806000000,23.812,23.841,23.678,23.806,75451.26
1768809600000,23.806,24.219,23.766,24.181,154361.93
1768813200000,24.181,24.186,23.96,24.078,155044.12
1768816800000,24.078,24.191,23.951,24.098,186212.86
1768820400000,24.098,24.171,24.024,24.086,81813.64
1768824000000,24.086,24.087,23.897,23.97,96802.24
1768827600000,23.97,23.97,23.576,23.644,346495.09
1768831200000,23.644,23.806,23.462,23.607,284120.18
1768834800000,23.607,23.737,23.489,23.732,108821.05
1768838400000,23.732,24.054,23.713,24.015,142306.68
1768842000000,24.015,24.05,23.887,23.918,57807.42
1768845600000,23.918,24.026,23.838,23.98,124278.24
1768849200000,23.98,24.118,23.956,24.023,67744.09
1768852800000,24.023,24.094,23.935,23.943,41257.15
1768856400000,23.943,23.982,23.679,23.697,85424.53
1768860000000,23.697,23.796,23.601,23.609,79715.0
1768863600000,23.609,23.793,23.531,23.708,107558.5
1768867200000,23.708,23.739,23.43,23.557,119018.65
1768870800000,23.557,23.762,23.481,23.646,86910.93
1768874400000,23.646,23.756,23.538,23.731,122306.2
1768878000000,23.731,23.749,23.485,23.742,100900.12
1768881600000,23.742,23.855,23.563,23.618,102022.63
1768885200000,23.618,23.732,23.124,23.435,310728.6
1768888800000,23.435,23.441,23.114,23.178,248374.57
1768892400000,23.178,23.271,23.067,23.087,173275.86
1768896000000,23.087,23.213,22.842,23.21,254349.65
1768899600000,23.21,23.25,22.855,22.923,237848.01
1768903200000,22.923,23.09,22.877,22.94,159565.58
1768906800000,22.94,23.067,22.709,22.748,252973.58
1768910400000,22.748,22.867,22.474,22.521,354134.0
1768914000000,22.521,22.543,21.589,21.752,1190200.47
1768917600000,21.752,22.241,21.568,22.061,766877.7
1768921200000,22.061,22.251,21.8,22.066,330068.55
1768924800000,22.066,22.16,21.575,21.756,319298.75
1768928400000,21.756,21.926,20.965,21.266,803119.84
1768932000000,21.266,21.566,21.253,21.531,346481.92
1768935600000,21.531,21.609,21.358,21.517,201353.8
1768939200000,21.517,21.826,21.44,21.551,202758.45
1768942800000,21.551,21.573,21.16,21.206,159906.62
1768946400000,21.206,21.392,20.931,21.301,367858.47
1768950000000,21.301,21.336,20.804,20.974,379849.46
1768953600000,20.974,21.271,20.879,21.17,288390.76
1768957200000,21.17,21.539,21.128,21.368,202172.63
1768960800000,21.368,21.479,21.162,21.298,143096.48
1768964400000,21.298,21.479,21.287,21.416,113286.3
1768968000000,21.416,21.617,21.388,21.529,174984.19
1768971600000,21.529,21.773,21.505,21.678,218107.45
1768975200000,21.678,21.682,21.405,21.425,188246.03
1768978800000,21.425,21.492,21.205,21.257,125941.83
1768982400000,21.257,21.259,20.96,21.005,191207.71
1768986000000,21.005,21.154,20.855,20.976,194461.92
1768989600000,20.976,21.149,20.55,20.605,325591.38
1768993200000,20.605,20.98,20.588,20.693,439970.82
1768996800000,20.693,20.87,20.482,20.846,778656.83
1769000400000,20.846,20.943,20.704,20.737,199815.05
1769004000000,20.737,21.309,20.719,21.153,481189.32
1769007600000,21.153,21.578,21.1,21.555,472165.55
1769011200000,21.555,21.644,20.819,20.854,638635.15
1769014800000,20.854,21.054,20.452,20.687,506680.13
1769018400000,20.687,20.962,20.534,20.879,182265.1
1769022000000,20.879,21.985,20.772,21.86,662210.52
1769025600000,21.86,21.953,21.476,21.894,382208.0
1769029200000,21.894,22.01,21.803,21.847,216136.47
1769032800000,21.847,22.072,21.661,21.668,164304.77
1769036400000,21.668,21.762,21.402,21.523,154271.0
1769040000000,21.523,21.927,21.516,21.868,202881.62
1769043600000,21.868,22.078,21.851,22.059,113596.13
1769047200000,22.059,22.176,21.916,21.973,113844.49
1769050800000,21.973,22.089,21.495,21.567,259628.69
1769054400000,21.567,21.869,21.566,21.805,141409.59
1769058000000,21.805,21.873,21.665,21.765,100544.48
1769061600000,21.765,21.845,21.64,21.808,73480.82
1769065200000,21.808,21.963,21.738,21.93,207600.64
1769068800000,21.93,22.087,21.859,22.079,267036.6
1769072400000,22.079,22.22,21.956,21.972,307374.73
1769076000000,21.972,22.06,21.801,21.885,208457.24
1769079600000,21.885,21.983,21.794,21.803,62106.09
1769083200000,21.803,21.867,21.778,21.794,91762.36
1769086800000,21.794,21.975,21.574,21.668,208698.07
1769090400000,21.668,21.744,21.238,21.418,396127.12
1769094000000,21.418,21.534,21.113,21.261,333824.41
1769097600000,21.261,21.423,21.117,21.329,252040.56
1769101200000,21.329,21.724,21.305,21.702,291076.61
1769104800000,21.702,21.749,21.099,21.177,369265.43
1769108400000,21.177,21.539,21.17,21.415,140709.87
1769112000000,21.415,21.497,21.251,21.367,107343.68
1769115600000,21.367,21.46,21.31,21.333,79550.43
1769119200000,21.333,21.427,21.261,21.386,96816.32
1769122800000,21.386,21.467,21.282,21.438,81655.75
1769126400000,21.438,21.624,21.361,21.597,105808.93
1769130000000,21.597,21.735,21.594,21.726,97691.17
1769133600000,21.726,21.752,21.636,21.645,71253.86
1769137200000,21.645,21.808,21.594,21.807,66065.32
1769140800000,21.807,21.865,21.742,21.82,59505.79
1769144400000,21.82,21.85,21.64,21.72,95591.47
1769148000000,21.72,21.783,21.44,21.466,128301.51
1769151600000,21.466,21.583,21.388,21.45,101455.21
1769155200000,21.45,21.485,21.2,21.206,160386.58
1769158800000,21.206,21.258,20.887,20.905,272401.02
1769162400000,20.905,21.127,20.815,21.033,311297.61
1769166000000,21.033,21.265,21.003,21.232,186650.32
1769169600000,21.232,21.338,21.154,21.317,115410.8
1769173200000,21.317,21.524,21.305,21.476,179900.74
1769176800000,21.476,21.684,21.361,21.474,344636.1
1769180400000,21.474,22.374,21.435,22.318,593396.89
1769184000000,22.318,22.632,22.199,22.39,945714.65
1769187600000,22.39,23.064,22.253,22.73,658932.66
1769191200000,22.73,22.901,22.588,22.826,438839.37
1769194800000,22.826,22.831,22.264,22.386,389917.01
1769198400000,22.386,22.584,22.29,22.552,384382.53
1769202000000,22.552,22.669,22.368,22.394,193860.17
1769205600000,22.394,22.745,22.364,22.653,206732.22
1769209200000,22.653,22.653,22.513,22.629,112220.29
1769212800000,22.629,22.84,22.575,22.735,139195.98
1769216400000,22.735,22.917,22.583,22.906,321669.84
1769220000000,22.906,23.135,22.879,23.067,199901.34
1769223600000,23.067,23.28,22.951,23.087,211525.22
1769227200000,23.087,23.158,22.86,22.974,159762.4
1769230800000,22.974,23.034,22.91,23.019,71061.6
1769234400000,23.019,23.032,22.825,22.88,76007.21
1769238000000,22.88,22.986,22.785,22.809,189686.21
1769241600000,22.809,23.473,22.788,23.44,353588.9
1769245200000,23.44,23.45,23.262,23.314,190463.41
1769248800000,23.314,23.398,23.266,23.316,100594.14
1769252400000,23.316,23.4,23.161,23.203,185591.65
1769256000000,23.203,23.272,23.133,23.155,100718.46
1769259600000,23.155,23.34,23.017,23.199,283366.43
1769263200000,23.199,23.459,23.165,23.431,220460.79
1769266800000,23.431,23.45,22.991,23.04,185605.74
1769270400000,23.04,23.159,22.895,23.002,265691.97
1769274000000,23.002,23.354,22.957,23.315,241356.8
1769277600000,23.315,23.641,23.276,23.589,360170.67
1769281200000,23.589,23.65,23.414,23.427,187406.9
1769284800000,23.427,23.613,23.334,23.561,199323.58
1769288400000,23.561,23.627,23.481,23.608,148275.39
1769292000000,23.608,23.704,23.539,23.667,147786.49
1769295600000,23.667,23.75,23.171,23.2,349624.85
1769299200000,23.2,23.395,23.173,23.254,216903.2
1769302800000,23.254,23.424,23.017,23.254,234875.79
1769306400000,23.254,23.328,23.2,23.201,45194.28
1769310000000,23.201,23.29,22.913,22.93,173313.7
1769313600000,22.93,22.992,22.729,22.866,207737.14
1769317200000,22.866,22.975,22.809,22.956,89982.78
1769320800000,22.956,22.956,22.84,22.94,79384.18
1769324400000,22.94,22.94,22.731,22.896,78132.68
1769328000000,22.896,22.997,22.367,22.441,457354.02
1769331600000,22.441,22.57,22.329,22.344,292683.61
1769335200000,22.344,22.56,22.33,22.506,163348.94
1769338800000,22.506,22.541,22.429,22.496,68086.36
1769342400000,22.496,22.629,22.461,22.613,101384.2
1769346000000,22.613,22.7,22.527,22.616,91831.42
1769349600000,22.616,22.627,22.412,22.542,164931.95
1769353200000,22.542,22.716,22.438,22.452,108412.08
1769356800000,22.452,22.622,22.11,22.231,751389.21
1769360400000,22.231,22.296,22.039,22.201,168886.48
1769364000000,22.201,22.3,21.981,22.232,498021.37
1769367600000,22.232,22.28,21.655,21.797,758285.32
1769371200000,21.797,22.009,21.748,21.97,444952.24
1769374800000,21.97,22.218,21.894,21.916,286332.47
1769378400000,21.916,22.112,21.613,21.917,426987.77
1769382000000,21.917,22.272,21.786,22.192,331817.62
1769385600000,22.192,22.297,21.815,22.111,378392.54
1769389200000,22.111,22.519,22.077,22.325,409533.53
1769392800000,22.325,22.348,22.052,22.09,247747.64
1769396400000,22.09,22.155,21.849,21.964,173825.54
1769400000000,21.964,22.326,21.932,22.213,243288.28
1769403600000,22.213,22.26,22.107,22.219,92078.21
1769407200000,22.219,22.227,22.034,22.155,117394.61
1769410800000,22.155,22.322,22.113,22.309,86747.46
1769414400000,22.309,22.591,22.15,22.522,324975.92
1769418000000,22.522,22.562,22.05,22.197,224098.06
1769421600000,22.197,22.52,22.168,22.297,173029.54
1769425200000,22.297,22.366,21.997,22.274,440368.36
1769428800000,22.274,22.391,22.173,22.251,101774.81
1769432400000,22.251,22.418,22.222,22.374,110105.17
1769436000000,22.374,22.52,22.114,22.469,231260.05
1769439600000,22.469,22.874,22.367,22.446,450292.29
1769443200000,22.446,23.573,22.409,23.486,913780.75
1769446800000,23.486,23.929,23.356,23.872,789648.71
1769450400000,23.872,24.211,23.691,24.21,613895.16
1769454000000,24.21,24.407,23.943,24.112,600404.1
1769457600000,24.112,24.243,23.971,24.062,212804.85
1769461200000,24.062,24.949,23.982,24.796,520002.48
1769464800000,24.796,25.336,24.583,25.068,729429.16
1769468400000,25.068,25.202,24.819,24.929,288173.16
1769472000000,24.929,25.49,24.89,25.317,372371.27
1769475600000,25.317,25.574,25.147,25.535,373505.51
1769479200000,25.535,25.999,25.526,25.88,630105.7
1769482800000,25.88,26.483,25.798,26.093,946588.72
1769486400000,26.093,26.944,26.028,26.907,687176.92
1769490000000,26.907,27.415,26.653,26.825,706890.24
1769493600000,26.825,27.476,26.825,27.121,495446.9
1769497200000,27.121,27.785,26.943,27.416,615159.45
1769500800000,27.416,28.12,27.245,27.831,792953.55
1769504400000,27.831,28.025,27.24,27.567,1107247.62
1769508000000,27.567,27.846,27.198,27.232,726715.41
1769511600000,27.232,27.849,27.218,27.724,456218.24
1769515200000,27.724,28.399,27.5,27.633,801347.11
1769518800000,27.633,27.656,27.233,27.314,426961.35
1769522400000,27.314,27.692,27.139,27.358,451755.23
1769526000000,27.358,28.156,27.308,28.146,643656.31
1769529600000,28.146,28.975,27.835,28.494,1255563.53
1769533200000,28.494,28.582,27.411,27.774,1435152.79
1769536800000,27.774,28.499,27.582,28.364,591197.82
1769540400000,28.364,29.1,28.298,28.793,862550.44
1769544000000,28.793,29.877,28.74,29.756,1412900.81
1769547600000,29.756,29.912,29.561,29.784,692738.73
1769551200000,29.784,30.517,29.516,30.492,888021.92
1769554800000,30.492,31.035,30.364,30.806,957689.91
1769558400000,30.806,31.644,30.717,31.465,923960.43
1769562000000,31.465,32.977,31.398,32.893,1953413.6
1769565600000,32.893,33.695,32.417,32.848,1419999.62
1769569200000,32.848,33.924,32.607,33.529,1163062.67
1769572800000,33.529,34.229,33.356,33.996,757053.2
1769576400000,33.996,34.264,32.364,32.775,1225610.17
1769580000000,32.775,33.84,32.745,33.83,719942.52
1769583600000,33.83,33.91,33.25,33.499,636894.89
1769587200000,33.499,34.77,33.419,33.744,1434124.94
1769590800000,33.744,34.639,33.488,34.629,693085.45
1769594400000,34.629,34.849,34.322,34.424,933399.27
1769598000000,34.424,34.623,33.817,33.914,600921.39
1769601600000,33.914,34.042,33.211,33.58,659548.05
1769605200000,33.58,34.682,33.538,34.373,955877.31
1769608800000,34.373,34.374,33.533,33.672,706035.34
1769612400000,33.672,33.965,33.011,33.484,837736.23
1769616000000,33.484,33.52,32.606,33.047,1041130.8
1769619600000,33.047,33.195,32.522,32.925,580364.87
1769623200000,32.925,33.084,32.311,32.908,541940.34
1769626800000,32.908,33.627,32.637,33.353,842615.88
1769630400000,33.353,33.735,32.9,33.037,481484.71
1769634000000,33.037,33.37,32.785,33.009,388493.45
1769637600000,33.009,33.739,32.832,33.342,751236.86
1769641200000,33.342,34.552,33.303,34.422,720986.58
1769644800000,34.422,34.439,33.594,33.976,640969.13
1769648400000,33.976,34.183,33.087,33.138,417780.44
1769652000000,33.138,33.419,31.86,31.996,800626.64
1769655600000,31.996,32.49,31.675,31.758,554375.2
1769659200000,31.758,32.155,31.138,31.879,775614.74
1769662800000,31.879,32.04,31.558,31.958,310208.45
1769666400000,31.958,33.312,31.906,32.856,921132.17
1769670000000,32.856,32.979,32.211,32.432,407090.07
1769673600000,32.432,33.063,32.225,32.462,375407.0
1769677200000,32.462,32.628,32.231,32.276,246569.7
1769680800000,32.276,32.776,32.235,32.612,164273.7
1769684400000,32.612,33.692,31.83,33.29,1188200.57
1769688000000,33.29,34.27,33.183,33.393,1289990.8
1769691600000,33.393,34.366,33.176,34.027,603025.83
1769695200000,34.027,34.567,32.955,33.029,1130075.84
1769698800000,33.029,33.434,31.773,33.143,2427343.85
1769702400000,33.143,33.883,32.703,33.689,1184367.02
1769706000000,33.689,34.0,32.861,33.392,880376.66
1769709600000,33.392,33.666,32.394,32.488,1013039.53
1769713200000,32.488,32.746,31.924,32.117,769048.59
1769716800000,32.117,32.916,31.81,32.755,667352.75
1769720400000,32.755,32.759,31.501,31.84,1045053.1
1769724000000,31.84,32.097,30.573,31.084,1102545.1
1769727600000,31.084,31.128,30.363,30.773,792581.99
1769731200000,30.773,30.844,29.882,29.924,771642.7
1769734800000,29.924,30.141,28.941,29.509,1484882.92
1769738400000,29.509,29.514,28.165,28.679,1680267.24
1769742000000,28.679,29.385,28.591,29.218,895352.69
1769745600000,29.218,29.765,29.041,29.102,991085.19
1769749200000,29.102,29.58,28.911,28.947,479776.39
1769752800000,28.947,29.171,28.547,28.792,696111.78
1769756400000,28.792,29.316,28.612,29.125,693691.45
1769760000000,29.125,29.556,29.012,29.2,568169.74
1769763600000,29.2,29.636,29.132,29.247,513264.65
1769767200000,29.247,30.052,29.189,29.757,709425.04
1769770800000,29.757,30.93,29.656,30.617,884006.0
1769774400000,30.617,30.703,29.791,29.997,493372.59
1769778000000,29.997,30.019,29.218,29.319,585259.38
1769781600000,29.319,30.0,29.069,29.153,687713.72
1769785200000,29.153,29.665,28.703,28.974,1066026.99
1769788800000,28.974,29.489,28.5,29.264,767678.92
1769792400000,29.264,29.888,28.915,29.548,636347.6
1769796000000,29.548,31.828,29.06,31.711,1863336.3
1769799600000,31.711,32.91,31.567,32.087,1409934.34
1769803200000,32.087,32.112,31.002,31.038,992393.0
1769806800000,31.038,31.538,30.894,31.083,511061.56
1769810400000,31.083,31.245,30.724,31.2,301696.04
1769814000000,31.2,31.224,30.311,30.609,457100.81
1769817600000,30.609,31.374,30.525,30.999,424217.66
1769821200000,30.999,31.56,30.937,31.458,285574.57
1769824800000,31.458,32.0,30.936,31.821,459297.02
1769828400000,31.821,32.14,31.521,31.66,336651.03
1769832000000,31.66,31.862,31.04,31.159,368238.14
1769835600000,31.159,31.32,30.831,31.199,286529.04
1769839200000,31.199,31.275,30.423,30.627,324635.04
1769842800000,30.627,30.87,30.45,30.638,217390.69
1769846400000,30.638,30.934,30.308,30.66,503571.96
1769850000000,30.66,30.71,30.005,30.078,704378.23
1769853600000,30.078,30.441,29.792,30.282,240303.34
1769857200000,30.282,30.543,29.943,30.261,370413.17
1769860800000,30.261,30.486,30.065,30.236,189723.21
1769864400000,30.236,30.408,29.852,30.107,300974.21
1769868000000,30.107,30.22,28.701,29.322,1606521.53
1769871600000,29.322,29.375,28.47,28.665,644500.23
1769875200000,28.665,28.808,28.003,28.266,1382480.6
1769878800000,28.266,28.732,27.43,28.628,1899927.62
1769882400000,28.628,29.637,27.37,29.146,2129750.49
1769886000000,29.146,29.948,28.521,29.059,1551190.28
1769889600000,29.059,29.504,28.633,29.442,557463.37
1769893200000,29.442,30.379,29.423,30.023,950076.7
1769896800000,30.023,30.575,29.852,30.392,397751.36
1769900400000,30.392,31.163,30.129,31.001,968669.64
1769904000000,31.001,32.439,30.946,32.305,1017146.75
1769907600000,32.305,32.59,31.655,31.833,709495.89
1769911200000,31.833,32.462,31.331,32.152,644852.3
1769914800000,32.152,32.23,31.355,31.468,394149.33
1769918400000,31.468,32.012,31.449,31.688,279057.7
1769922000000,31.688,31.742,30.714,30.798,737079.45
1769925600000,30.798,30.864,30.294,30.504,604651.41
1769929200000,30.504,30.922,30.203,30.687,692337.26
1769932800000,30.687,31.037,30.528,30.933,409812.22
1769936400000,30.933,31.403,30.8,31.35,610001.34
1769940000000,31.35,31.561,30.184,30.37,843919.12
1769943600000,30.37,31.192,30.334,30.951,498725.33
1769947200000,30.951,31.065,30.321,30.322,368000.61
1769950800000,30.322,30.51,29.43,29.488,746639.83
1769954400000,29.488,29.67,28.88,29.12,960959.65
1769958000000,29.12,29.223,28.451,28.989,889810.27
1769961600000,28.989,29.485,28.754,29.424,691456.43
1769965200000,29.424,29.74,29.158,29.61,562344.85
1769968800000,29.61,30.261,29.608,29.921,758925.97
1769972400000,29.921,29.978,29.139,29.409,485598.86
1769976000000,29.409,29.869,29.021,29.641,511239.01
1769979600000,29.641,30.194,28.9,30.183,814303.61
1769983200000,30.183,30.5,29.759,30.078,605124.51
1769986800000,30.078,31.198,29.316,30.562,1234999.15
1769990400000,30.562,31.812,30.435,30.986,856068.06
1769994000000,30.986,31.642,30.534,31.217,507988.59
1769997600000,31.217,31.572,31.039,31.214,638737.9
1770001200000,31.214,32.08,30.106,31.997,1471710.38
1770004800000,31.997,32.042,30.932,31.189,567306.71
1770008400000,31.189,31.233,30.439,30.795,802636.74
1770012000000,30.795,30.888,29.5,30.297,1068030.69
1770015600000,30.297,31.5,29.825,31.21,763794.51
1770019200000,31.21,31.578,30.652,30.913,363987.78
1770022800000,30.913,31.431,30.524,31.071,445390.87
1770026400000,31.071,31.596,30.887,30.94,418883.74
1770030000000,30.94,31.541,30.856,30.914,443439.26
1770033600000,30.914,31.151,30.553,30.899,448424.89
1770037200000,30.899,31.101,30.401,30.899,421449.68
1770040800000,30.899,33.372,30.554,31.872,2446364.03
1770044400000,31.872,32.715,31.567,32.707,1331605.29
1770048000000,32.707,33.735,32.474,32.619,1367394.39
1770051600000,32.619,33.459,32.563,32.693,598694.03
1770055200000,32.693,32.709,31.61,32.079,785519.15
1770058800000,32.079,32.548,31.92,32.457,502499.61
1770062400000,32.457,33.125,32.187,32.259,695330.98
1770066000000,32.259,33.393,32.198,33.295,505032.32
1770069600000,33.295,33.972,33.276,33.921,561826.93
1770073200000,33.921,33.965,33.197,33.271,474765.61
1770076800000,33.271,34.172,33.085,34.076,413985.98
1770080400000,34.076,35.486,33.807,35.404,993445.83
1770084000000,35.404,36.26,35.165,35.831,1227149.06
1770087600000,35.831,38.176,35.585,37.871,1904266.42
1770091200000,37.871,38.414,37.324,37.821,1110433.8
1770094800000,37.821,37.821,36.9,37.186,915163.21
1770098400000,37.186,37.548,36.682,37.019,636121.89
1770102000000,37.019,37.436,36.749,37.256,515457.23
1770105600000,37.256,37.912,36.835,37.525,625849.5
1770109200000,37.525,37.596,36.3,37.03,1038423.07
1770112800000,37.03,37.155,35.713,36.024,721726.54
1770116400000,36.024,36.474,35.898,36.059,365771.73
1770120000000,36.059,36.41,35.739,36.06,387650.77
1770123600000,36.06,36.261,35.517,36.156,633153.29
1770127200000,36.156,36.36,34.858,34.929,967041.51
1770130800000,34.929,35.0,33.515,34.203,2333329.24
1770134400000,34.203,34.214,32.758,33.617,1207344.27
1770138000000,33.617,33.762,32.264,32.316,1273275.18
1770141600000,32.316,33.328,32.264,32.582,1362936.43
1770145200000,32.582,34.716,32.574,33.863,2765762.62
1770148800000,33.863,35.42,33.525,35.361,1342500.39
1770152400000,35.361,35.65,33.409,33.852,1634830.26
1770156000000,33.852,33.975,32.832,33.061,869881.91
1770159600000,33.061,33.415,32.474,32.693,874295.23
1770163200000,32.693,33.55,32.361,32.967,873530.83
1770166800000,32.967,33.828,32.822,32.997,601120.15
1770170400000,32.997,33.497,32.524,32.733,439229.62
1770174000000,32.733,33.731,32.699,33.669,444231.16
1770177600000,33.669,33.888,33.384,33.506,331548.32
1770181200000,33.506,34.066,32.848,33.078,404643.34
1770184800000,33.078,33.89,33.046,33.857,433379.1
1770188400000,33.857,33.859,33.291,33.373,262882.78
1770192000000,33.373,33.424,32.953,33.15,485806.65
1770195600000,33.15,33.459,32.819,33.358,369805.24
1770199200000,33.358,33.545,33.055,33.128,212012.3
1770202800000,33.128,33.625,32.545,33.317,524826.31
1770206400000,33.317,33.899,33.287,33.632,421139.83
1770210000000,33.632,33.829,32.664,32.677,527894.09
1770213600000,32.677,33.617,32.484,32.998,1044571.67
1770217200000,32.998,34.324,32.894,34.035,1470611.37
1770220800000,34.035,35.024,33.97,34.577,1149776.79
1770224400000,34.577,34.688,33.088,34.424,1091269.63
1770228000000,34.424,35.0,33.786,34.349,1154229.94
1770231600000,34.349,35.377,33.713,35.356,759146.71
1770235200000,35.356,35.893,34.777,35.806,797566.66
1770238800000,35.806,35.948,34.845,35.144,612965.87
1770242400000,35.144,36.276,34.466,34.943,907171.38
1770246000000,34.943,36.04,34.52,35.478,642935.37
1770249600000,35.478,35.512,34.645,34.736,445931.38
1770253200000,34.736,35.142,33.7,33.73,798508.23
1770256800000,33.73,34.082,33.328,33.451,555067.31
1770260400000,33.451,33.738,33.205,33.487,386061.06
1770264000000,33.487,34.059,33.267,33.768,403406.06
1770267600000,33.768,33.989,33.44,33.51,391607.95
1770271200000,33.51,33.964,33.353,33.871,284906.96
1770274800000,33.871,34.718,33.804,34.193,489394.98
1770278400000,34.193,35.25,34.081,34.698,472971.62
1770282000000,34.698,35.278,34.555,34.738,369004.36
1770285600000,34.738,34.89,34.113,34.117,495118.18
1770289200000,34.117,34.355,32.583,32.899,1046792.27
1770292800000,32.899,33.03,31.086,32.194,1394272.98
1770296400000,32.194,32.598,31.66,32.581,458477.53
1770300000000,32.581,32.876,31.872,31.954,730159.71
1770303600000,31.954,32.388,31.364,31.834,1606084.76
1770307200000,31.834,33.095,31.04,32.853,1331499.07
1770310800000,32.853,33.373,32.024,33.204,1339094.42
1770314400000,33.204,33.254,32.073,32.814,770221.04
1770318000000,32.814,33.022,32.247,32.507,424018.21
1770321600000,32.507,32.979,31.874,32.499,1071486.19
1770325200000,32.499,33.751,32.074,33.107,1173089.27
1770328800000,33.107,33.949,32.647,33.691,670820.57
1770332400000,33.691,34.508,32.781,33.067,838348.64
1770336000000,33.067,33.666,31.345,33.186,2201174.62
1770339600000,33.186,36.77,33.14,36.315,1381218.56
1770343200000,36.315,36.832,34.916,35.126,1026134.14
1770346800000,35.126,35.403,34.573,34.737,511512.7
1770350400000,34.737,35.309,34.41,34.776,472177.84
1770354000000,34.776,35.312,34.157,35.099,634323.68
1770357600000,35.099,35.558,33.453,33.659,800087.85
1770361200000,33.659,33.948,32.865,32.905,711911.77
1770364800000,32.905,33.138,32.363,32.466,681171.34
1770368400000,32.466,33.461,32.152,33.038,725897.35
1770372000000,33.038,33.81,32.9,33.751,427130.6
1770375600000,33.751,34.398,33.453,33.902,458856.62
1770379200000,33.902,34.533,33.554,34.367,325905.11
1770382800000,34.367,34.942,33.685,33.718,589138.9
1770386400000,33.718,34.166,32.963,33.522,931542.57
1770390000000,33.522,33.84,32.287,32.432,1227420.91
1770393600000,32.432,34.199,32.213,34.181,1170563.87
1770397200000,34.181,34.518,32.936,33.305,926600.49
1770400800000,33.305,33.507,32.659,32.849,685812.87
1770404400000,32.849,33.324,32.549,33.238,337208.65
1770408000000,33.238,33.244,32.102,32.567,883172.92
1770411600000,32.567,32.897,32.301,32.821,325471.18
1770415200000,32.821,33.115,32.65,32.85,206487.72
1770418800000,32.85,33.184,32.304,32.371,304625.63
1770422400000,32.371,32.468,31.657,31.913,755895.36
1770426000000,31.913,32.484,31.5,32.333,457291.48
1770429600000,32.333,32.778,32.139,32.264,444543.51
1770433200000,32.264,33.112,32.063,33.098,383263.49
1770436800000,33.098,33.308,32.379,32.527,438100.35
1770440400000,32.527,33.217,32.443,32.855,260168.67
1770444000000,32.855,33.218,32.727,32.834,224347.42
1770447600000,32.834,33.275,32.333,32.961,480280.26
1770451200000,32.961,33.214,32.591,33.047,333656.6
1770454800000,33.047,33.869,32.954,33.25,433003.87
1770458400000,33.25,33.381,32.461,32.808,450936.37
1770462000000,32.808,32.999,32.475,32.733,183620.28
1770465600000,32.733,33.257,32.63,32.803,357432.67
1770469200000,32.803,33.098,32.326,32.475,244600.91
1770472800000,32.475,32.666,32.068,32.11,236485.91
1770476400000,32.11,32.434,31.864,32.062,325493.11
1770480000000,32.062,32.427,31.174,31.518,1739497.65
1770483600000,31.518,31.76,31.193,31.613,311811.59
1770487200000,31.613,32.519,31.52,32.366,383049.25
1770490800000,32.366,32.367,31.442,31.543,317936.8
1770494400000,31.543,31.927,31.474,31.851,142431.1
1770498000000,31.851,32.074,31.536,31.636,143490.34
1770501600000,31.636,31.829,31.434,31.529,171155.39
1770505200000,31.529,31.548,31.0,31.392,371927.02
1770508800000,31.392,31.529,31.095,31.413,141278.31
1770512400000,31.413,31.981,31.412,31.731,202056.5
1770516000000,31.731,31.896,31.113,31.217,259143.64
1770519600000,31.217,31.453,30.942,31.303,200774.74
1770523200000,31.303,31.685,31.226,31.548,246747.44
1770526800000,31.548,31.88,31.434,31.488,197961.58
1770530400000,31.488,31.546,30.47,30.816,521732.64
1770534000000,30.816,31.182,30.703,31.032,367263.74
1770537600000,31.032,31.63,30.712,31.49,453928.63
1770541200000,31.49,31.997,31.449,31.56,316529.46
1770544800000,31.56,31.869,31.368,31.693,256760.82
1770548400000,31.693,32.194,31.6,32.049,354352.8
1770552000000,32.049,32.256,31.229,31.544,425975.03
1770555600000,31.544,31.849,31.334,31.755,201205.2
1770559200000,31.755,31.836,31.388,31.502,247618.17
1770562800000,31.502,31.724,31.059,31.62,270701.81
1770566400000,31.62,32.0,31.395,31.803,402857.09
1770570000000,31.803,32.452,31.708,32.262,433970.0
1770573600000,32.262,32.918,32.208,32.559,323194.62
1770577200000,32.559,32.99,32.508,32.73,189564.11
1770580800000,32.73,32.885,32.258,32.343,220303.99
1770584400000,32.343,32.614,32.03,32.167,197164.42
1770588000000,32.167,32.419,32.023,32.312,102115.11
1770591600000,32.312,33.022,32.118,32.422,499800.35
1770595200000,32.422,33.055,32.22,32.944,250236.78
1770598800000,32.944,33.303,32.622,33.079,321664.95
1770602400000,33.079,33.268,32.79,32.928,189293.04
1770606000000,32.928,33.504,32.764,33.108,307954.79
1770609600000,33.108,33.244,32.638,32.796,219112.32
1770613200000,32.796,32.832,32.48,32.734,166800.26
1770616800000,32.734,32.768,32.502,32.568,207058.13
1770620400000,32.568,32.715,32.251,32.421,199219.53
1770624000000,32.421,32.511,31.903,32.287,318771.56
1770627600000,32.287,32.426,31.623,31.738,364283.72
1770631200000,31.738,31.862,31.269,31.64,446589.26
1770634800000,31.64,31.766,31.215,31.367,264816.54
1770638400000,31.367,31.62,31.301,31.386,253788.09
1770642000000,31.386,31.685,31.278,31.306,166515.07
1770645600000,31.306,32.093,31.126,31.939,488097.48
1770649200000,31.939,32.126,31.178,31.256,496600.17
1770652800000,31.256,31.553,30.886,31.534,685707.74
1770656400000,31.534,31.987,31.254,31.908,378227.83
1770660000000,31.908,32.242,31.536,31.596,327729.03
1770663600000,31.596,32.097,31.353,32.055,281332.88
1770667200000,32.055,32.152,31.73,31.831,164634.55
1770670800000,31.831,31.889,31.215,31.585,380478.85
1770674400000,31.585,31.707,31.248,31.415,284268.26
1770678000000,31.415,31.438,31.214,31.321,121198.47
1770681600000,31.321,31.38,30.884,31.091,305449.47
1770685200000,31.091,31.522,31.062,31.486,248321.92
1770688800000,31.486,31.547,30.802,30.971,201504.19
1770692400000,30.971,30.995,30.582,30.779,270112.96
1770696000000,30.779,31.006,30.528,30.866,191489.4
1770699600000,30.866,30.866,30.252,30.416,251269.38
1770703200000,30.416,30.5,29.66,30.003,457496.07
1770706800000,30.003,30.149,29.873,30.003,210337.47
1770710400000,30.003,30.102,29.747,29.905,268173.55
1770714000000,29.905,30.284,29.898,30.067,212203.28
1770717600000,30.067,30.2,29.529,29.583,271749.14
1770721200000,29.583,29.885,29.512,29.527,201235.59
1770724800000,29.527,29.642,29.26,29.395,319329.65
1770728400000,29.395,30.005,29.288,29.926,292598.74
1770732000000,29.926,30.06,29.22,29.583,555768.85
1770735600000,29.583,29.921,29.502,29.8,205158.59
1770739200000,29.8,30.32,29.725,30.212,268163.19
1770742800000,30.212,30.529,30.003,30.362,192079.19
1770746400000,30.362,30.391,29.647,29.895,288457.16
1770750000000,29.895,29.92,29.563,29.834,138958.13
1770753600000,29.834,29.884,29.53,29.55,103427.56
1770757200000,29.55,29.619,29.113,29.501,306305.44
1770760800000,29.501,29.567,29.045,29.059,147268.18
1770764400000,29.059,29.194,28.717,28.83,533747.33
1770768000000,28.83,29.24,28.669,29.19,231333.36
1770771600000,29.19,29.219,28.892,29.118,190090.35
1770775200000,29.118,29.263,28.843,28.864,162452.92
1770778800000,28.864,28.975,28.661,28.777,239004.76
1770782400000,28.777,29.099,28.538,29.084,381899.84
1770786000000,29.084,29.365,29.0,29.029,238712.85
1770789600000,29.029,29.412,28.883,28.941,286999.78
1770793200000,28.941,28.983,28.631,28.721,235454.28
1770796800000,28.721,29.039,28.554,28.858,221802.66
1770800400000,28.858,28.976,28.422,28.551,212360.95
1770804000000,28.551,28.596,28.318,28.51,328723.71
1770807600000,28.51,29.277,28.457,29.083,649362.3
1770811200000,29.083,29.312,28.903,28.936,317695.77
1770814800000,28.936,29.181,28.822,29.14,240774.76
1770818400000,29.14,29.371,28.676,28.786,748918.18
1770822000000,28.786,28.974,28.247,28.897,675522.66
1770825600000,28.897,29.488,28.883,29.286,493674.12
1770829200000,29.286,29.739,29.093,29.44,423616.82
1770832800000,29.44,29.8,29.223,29.743,237967.88
1770836400000,29.743,29.763,29.387,29.508,167148.74
1770840000000,29.508,30.174,29.46,30.037,240056.39
1770843600000,30.037,30.187,29.85,29.948,209118.72
1770847200000,29.948,29.962,29.504,29.521,176760.47
1770850800000,29.521,29.579,29.162,29.37,225046.35
1770854400000,29.37,29.969,29.359,29.892,149457.14
1770858000000,29.892,30.45,29.854,30.401,278096.18
1770861600000,30.401,30.92,30.27,30.809,322524.61
1770865200000,30.809,30.886,30.505,30.535,146950.54
1770868800000,30.535,30.708,30.217,30.314,137035.16
1770872400000,30.314,30.406,30.106,30.328,126195.05
1770876000000,30.328,30.627,30.215,30.467,143050.08
1770879600000,30.467,30.494,29.952,30.224,181861.39
1770883200000,30.224,30.483,30.102,30.415,184383.74
1770886800000,30.415,30.851,30.355,30.757,331434.25
1770890400000,30.757,30.874,30.593,30.781,220935.96
1770894000000,30.781,31.783,30.704,31.617,582469.82
1770897600000,31.617,31.823,30.929,30.985,322022.41
1770901200000,30.985,31.355,30.627,31.351,471239.98
1770904800000,31.351,31.423,30.86,31.361,302176.47
1770908400000,31.361,31.524,30.74,30.781,393391.12
1770912000000,30.781,30.897,29.721,29.978,674343.5
1770915600000,29.978,30.16,29.341,29.517,448197.42
1770919200000,29.517,29.672,29.245,29.559,268636.87
1770922800000,29.559,30.126,29.543,29.727,319033.6
1770926400000,29.727,29.805,29.374,29.704,181787.48
1770930000000,29.704,29.908,29.513,29.809,200267.54
1770933600000,29.809,30.479,29.803,30.434,163876.52
1770937200000,30.434,31.142,30.335,31.08,425352.11
1770940800000,31.08,31.34,30.529,30.529,352592.26
1770944400000,30.529,30.858,30.387,30.826,182900.09
1770948000000,30.826,31.401,30.733,31.342,379168.35
1770951600000,31.342,31.381,30.685,30.745,163966.64
1770955200000,30.745,30.963,30.603,30.736,135212.18
1770958800000,30.736,30.876,30.585,30.629,84088.51
1770962400000,30.629,30.8,30.522,30.638,80833.73
1770966000000,30.638,30.89,30.454,30.706,144623.28
1770969600000,30.706,30.77,30.421,30.638,132358.11
1770973200000,30.638,30.65,30.181,30.358,184350.66
1770976800000,30.358,30.644,30.244,30.542,107627.28
1770980400000,30.542,30.623,30.198,30.521,164186.27
1770984000000,30.521,30.521,29.949,30.261,256408.74
1770987600000,30.261,31.031,30.219,30.56,442033.41
1770991200000,30.56,31.151,30.247,30.846,357255.85
1770994800000,30.846,32.341,30.825,31.526,833687.22
1770998400000,31.526,32.114,31.353,31.626,526943.18
1771002000000,31.626,32.037,31.48,31.841,178076.93
1771005600000,31.841,32.134,31.7,31.94,259279.05
1771009200000,31.94,31.977,31.301,31.383,184504.84
1771012800000,31.383,31.405,30.983,31.104,235639.47
1771016400000,31.104,31.526,31.101,31.462,125977.23
1771020000000,31.462,31.596,31.322,31.502,117545.62
1771023600000,31.502,31.747,31.502,31.555,75487.09
1771027200000,31.555,31.972,31.442,31.933,126756.92
1771030800000,31.933,32.226,31.762,32.126,201725.41
1771034400000,32.126,32.241,31.7,31.741,115187.37
1771038000000,31.741,32.056,31.683,31.894,56064.77
1771041600000,31.894,31.909,31.34,31.466,129785.45
1771045200000,31.466,31.618,31.286,31.302,110122.76
1771048800000,31.302,31.579,31.231,31.5,104390.29
1771052400000,31.5,31.86,31.5,31.759,138458.33
1771056000000,31.759,31.939,31.522,31.705,121266.17
1771059600000,31.705,31.744,31.462,31.612,81676.24
1771063200000,31.612,31.926,31.469,31.782,115096.86
1771066800000,31.782,32.29,31.766,32.087,310365.75
1771070400000,32.087,32.196,31.365,31.396,310585.09
1771074000000,31.396,31.453,30.982,31.034,314099.57
1771077600000,31.034,31.479,31.027,31.362,190406.84
1771081200000,31.362,31.535,31.273,31.442,117897.25
1771084800000,31.442,31.467,30.995,31.306,178832.68
1771088400000,31.306,31.525,30.684,30.863,281039.17
1771092000000,30.863,31.086,30.719,31.01,204368.45
1771095600000,31.01,31.498,30.928,31.453,142180.68
1771099200000,31.453,31.8,31.358,31.761,202410.42
1771102800000,31.761,31.892,31.4,31.603,164301.15
1771106400000,31.603,31.745,31.491,31.595,94185.7
1771110000000,31.595,31.96,31.502,31.835,163696.22
1771113600000,31.835,31.953,31.628,31.908,130133.51
1771117200000,31.908,32.019,31.162,31.409,230112.85
1771120800000,31.409,31.529,31.172,31.479,108665.78
1771124400000,31.479,31.624,31.131,31.416,126484.4
1771128000000,31.416,31.782,31.398,31.631,203980.32
1771131600000,31.631,31.806,31.61,31.659,68321.65
1771135200000,31.659,31.659,31.221,31.35,130755.34
1771138800000,31.35,31.454,31.216,31.334,144057.5
1771142400000,31.334,31.477,30.68,30.918,407625.2
1771146000000,30.918,31.18,30.852,31.133,88503.8
1771149600000,31.133,31.423,30.961,31.333,144274.61
1771153200000,31.333,31.655,31.304,31.474,168555.21
1771156800000,31.474,31.68,31.049,31.086,186516.33
1771160400000,31.086,31.306,30.5,30.675,364421.75
1771164000000,30.675,31.001,30.59,30.957,152239.68
1771167600000,30.957,31.042,30.768,30.947,52331.21
1771171200000,30.947,31.148,30.69,31.088,120867.98
1771174800000,31.088,31.102,30.6,31.006,160052.11
1771178400000,31.006,31.057,30.442,30.672,238416.72
1771182000000,30.672,30.712,30.429,30.558,138168.74
1771185600000,30.558,30.642,30.324,30.488,101345.14
1771189200000,30.488,30.697,30.334,30.408,90656.68
1771192800000,30.408,30.638,30.354,30.552,76163.85
1771196400000,30.552,30.744,30.255,30.698,125305.05
1771200000000,30.698,30.97,30.44,30.458,99088.03
1771203600000,30.458,30.497,30.09,30.273,177513.85
1771207200000,30.273,30.407,29.914,30.052,169103.63
1771210800000,30.052,30.291,30.017,30.291,92164.99
1771214400000,30.291,30.355,30.024,30.039,53816.08
1771218000000,30.039,30.064,29.571,29.799,251742.97
1771221600000,29.799,29.925,29.737,29.838,74958.09
1771225200000,29.838,29.988,29.534,29.655,138253.17
1771228800000,29.655,29.895,29.627,29.743,124017.89
1771232400000,29.743,30.073,29.74,29.824,142215.38
1771236000000,29.824,30.153,29.754,29.945,111568.0
1771239600000,29.945,30.049,29.602,29.926,169131.14
1771243200000,29.926,30.569,29.883,30.412,254235.54
1771246800000,30.412,30.628,30.132,30.288,282914.25
1771250400000,30.288,30.528,30.136,30.332,180183.07
1771254000000,30.332,30.5,29.561,29.814,357509.81
1771257600000,29.814,30.041,29.685,29.908,171628.43
1771261200000,29.908,30.002,29.661,29.83,79384.68
1771264800000,29.83,30.016,29.737,29.858,82158.86
1771268400000,29.858,30.019,29.823,29.863,59285.88
1771272000000,29.863,30.388,29.82,30.275,113145.81
1771275600000,30.275,30.608,30.083,30.591,161306.9
1771279200000,30.591,30.849,30.505,30.719,189148.14
1771282800000,30.719,31.246,30.637,31.234,188763.27
1771286400000,31.234,31.41,31.05,31.264,192981.35
1771290000000,31.264,31.381,30.914,31.019,131048.88
1771293600000,31.019,31.264,30.896,30.992,108184.75
1771297200000,30.992,31.04,30.756,30.854,82782.56
1771300800000,30.854,31.061,30.65,30.68,106402.26
1771304400000,30.68,30.697,30.143,30.202,185855.91
1771308000000,30.202,30.392,30.15,30.251,85432.95
1771311600000,30.251,30.303,29.942,30.108,153751.43
1771315200000,30.108,30.222,29.734,29.765,219306.44
1771318800000,29.765,30.019,29.71,29.856,194843.6
1771322400000,29.856,29.909,29.563,29.639,115938.0
1771326000000,29.639,29.761,29.203,29.341,232515.4
1771329600000,29.341,29.61,29.281,29.469,157735.25
1771333200000,29.469,29.766,29.351,29.669,132220.21
1771336800000,29.669,29.83,29.01,29.167,381499.76
1771340400000,29.167,29.7,29.003,29.568,278006.54
1771344000000,29.568,30.139,29.547,29.855,395484.58
1771347600000,29.855,30.064,29.242,29.35,269053.04
1771351200000,29.35,29.735,29.249,29.63,200574.47
1771354800000,29.63,29.73,29.46,29.527,84735.7
1771358400000,29.527,29.693,29.324,29.663,88821.85
1771362000000,29.663,29.9,29.633,29.857,136549.99
1771365600000,29.857,29.905,29.536,29.557,56948.36
1771369200000,29.557,29.633,29.428,29.49,62526.32
1771372800000,29.49,29.6,29.043,29.087,138637.23
1771376400000,29.087,29.138,28.8,29.058,180466.43
1771380000000,29.058,29.205,29.019,29.163,71901.49
1771383600000,29.163,29.45,29.093,29.26,79665.56
1771387200000,29.26,29.406,29.195,29.319,65808.26
1771390800000,29.319,29.413,29.26,29.341,55723.73
1771394400000,29.341,29.508,29.327,29.466,78991.43
1771398000000,29.466,29.724,29.399,29.643,126827.52
1771401600000,29.643,29.783,29.374,29.465,183545.08
1771405200000,29.465,29.582,29.309,29.338,97487.98
1771408800000,29.338,29.439,28.917,29.078,153569.2
1771412400000,29.078,29.118,28.715,28.881,202641.32
1771416000000,28.881,29.194,28.833,29.123,92720.74
1771419600000,29.123,29.43,28.906,29.101,383259.06
1771423200000,29.101,29.226,28.527,28.86,381354.05
1771426800000,28.86,29.584,28.853,29.199,320844.54
1771430400000,29.199,29.276,28.768,28.826,192627.17
1771434000000,28.826,29.014,28.56,28.796,157497.75
1771437600000,28.796,28.909,28.554,28.585,144762.86
1771441200000,28.585,28.823,28.39,28.737,246468.02
1771444800000,28.737,28.963,28.597,28.73,99311.5
1771448400000,28.73,28.806,28.473,28.477,109696.95
1771452000000,28.477,28.615,28.204,28.532,220571.33
1771455600000,28.532,28.721,28.464,28.678,188918.09
1771459200000,28.678,28.692,28.228,28.333,120687.26
1771462800000,28.333,28.633,28.311,28.483,73785.68
1771466400000,28.483,28.631,28.376,28.533,77479.07
1771470000000,28.533,28.778,28.479,28.733,83366.11
1771473600000,28.733,28.862,28.582,28.669,132434.16
1771477200000,28.669,28.743,28.502,28.612,49343.9
1771480800000,28.612,28.8,28.601,28.775,57862.39
1771484400000,28.775,29.19,28.739,29.172,199389.72
1771488000000,29.172,29.2,28.854,28.921,150771.49
1771491600000,28.921,29.056,28.601,28.661,168529.29
1771495200000,28.661,28.743,28.405,28.459,157255.66
1771498800000,28.459,28.502,28.253,28.372,178841.76
1771502400000,28.372,28.393,28.023,28.135,228963.4
1771506000000,28.135,28.291,27.896,27.969,385756.97
1771509600000,27.969,28.303,27.717,28.043,577466.21
1771513200000,28.043,28.463,28.018,28.342,250817.56
1771516800000,28.342,28.485,28.131,28.328,148023.83
1771520400000,28.328,28.601,28.221,28.372,172164.1
1771524000000,28.372,28.918,28.311,28.776,219962.1
1771527600000,28.776,28.787,28.536,28.667,172377.06
1771531200000,28.667,29.127,28.623,29.033,214630.89
1771534800000,29.033,29.443,28.954,29.14,254007.05
1771538400000,29.14,29.161,28.809,28.935,99365.88
1771542000000,28.935,29.094,28.86,28.996,96238.17
1771545600000,28.996,29.308,28.966,29.257,163901.9
1771549200000,29.257,29.567,29.215,29.465,195432.48
1771552800000,29.465,29.483,29.262,29.402,74019.22
1771556400000,29.402,29.529,29.214,29.474,156581.67
1771560000000,29.474,29.504,29.242,29.336,90509.08
1771563600000,29.336,29.516,29.125,29.467,140059.27
1771567200000,29.467,29.487,29.213,29.313,106470.37
1771570800000,29.313,29.32,29.005,29.058,122979.97
1771574400000,29.058,29.181,28.905,29.029,151853.68
1771578000000,29.029,29.385,29.027,29.332,112171.41
1771581600000,29.332,29.748,29.315,29.548,289269.41
1771585200000,29.548,29.646,29.346,29.396,125332.65
1771588800000,29.396,29.474,29.149,29.394,126268.96
1771592400000,29.394,29.397,28.608,28.78,348350.82
1771596000000,28.78,29.041,28.579,28.884,190906.49
1771599600000,28.884,29.905,28.878,29.824,534347.78
1771603200000,29.824,30.359,29.678,30.094,549497.08
1771606800000,30.094,30.125,29.512,29.929,286980.35
1771610400000,29.929,30.08,29.487,30.067,232731.23
1771614000000,30.067,30.149,29.83,30.089,172234.62
1771617600000,30.089,30.195,29.914,30.139,98282.08
1771621200000,30.139,30.185,29.883,30.011,86519.73
1771624800000,30.011,30.42,29.907,30.333,153479.73
1771628400000,30.333,30.39,30.162,30.352,84982.48
1771632000000,30.352,30.547,30.093,30.178,143977.63
1771635600000,30.178,30.45,30.117,30.33,56514.77
1771639200000,30.33,30.552,30.313,30.508,74999.48
1771642800000,30.508,30.523,30.163,30.265,101320.37
1771646400000,30.265,30.388,30.204,30.303,38941.62
1771650000000,30.303,30.407,30.15,30.364,61496.0
1771653600000,30.364,30.38,30.189,30.216,55479.38
1771657200000,30.216,30.293,30.044,30.082,59188.67
1771660800000,30.082,30.372,30.07,30.268,106548.1
1771664400000,30.268,30.522,30.257,30.341,125515.88
1771668000000,30.341,30.402,30.271,30.326,37519.13
1771671600000,30.326,30.426,30.104,30.11,62321.2
1771675200000,30.11,30.198,29.872,29.933,155590.72
1771678800000,29.933,30.071,29.826,30.037,107964.71
1771682400000,30.037,30.166,29.898,29.994,96512.69
1771686000000,29.994,30.06,29.711,29.912,188378.7
1771689600000,29.912,29.921,29.658,29.83,114575.48
1771693200000,29.83,29.941,29.723,29.896,52284.51
1771696800000,29.896,30.075,29.79,29.909,149641.31
1771700400000,29.909,29.997,29.734,29.838,73521.61
1771704000000,29.838,29.87,29.594,29.633,91259.02
1771707600000,29.633,29.771,29.518,29.726,124435.75
1771711200000,29.726,29.758,29.556,29.562,68274.06
1771714800000,29.562,29.781,29.549,29.726,117935.76
1771718400000,29.726,29.767,29.581,29.685,58721.35
1771722000000,29.685,29.922,29.644,29.868,49843.71
1771725600000,29.868,29.951,29.719,29.758,45140.22
1771729200000,29.758,29.889,29.665,29.697,58941.0
1771732800000,29.697,29.741,29.586,29.634,68168.72
1771736400000,29.634,29.678,29.596,29.675,28564.64
1771740000000,29.675,29.756,29.5,29.55,93277.03
1771743600000,29.55,29.621,29.4,29.426,84450.3
1771747200000,29.426,29.489,29.329,29.44,72677.48
1771750800000,29.44,29.576,29.426,29.473,46439.2
1771754400000,29.473,29.719,29.43,29.658,132742.18
1771758000000,29.658,29.857,29.637,29.683,74988.42
1771761600000,29.683,29.711,29.2,29.322,207033.87
1771765200000,29.322,29.488,29.23,29.336,118332.67
1771768800000,29.336,29.377,29.132,29.286,109037.75
1771772400000,29.286,29.288,28.98,29.197,122922.07
1771776000000,29.197,29.205,28.931,29.03,54217.84
1771779600000,29.03,29.04,28.843,28.923,87781.17
1771783200000,28.923,28.993,28.728,28.768,89588.66
1771786800000,28.768,28.842,28.68,28.745,66819.71
1771790400000,28.745,28.954,28.738,28.871,62840.07
1771794000000,28.871,29.003,28.828,28.942,38745.89
1771797600000,28.942,29.024,28.821,28.967,41207.75
1771801200000,28.967,29.032,28.837,29.012,40333.75
1771804800000,29.012,29.047,28.364,28.468,224822.02
1771808400000,28.468,28.502,27.504,27.583,943179.0
1771812000000,27.583,27.794,27.414,27.518,322576.38
1771815600000,27.518,27.55,26.838,27.24,601367.23
1771819200000,27.24,27.28,26.919,27.168,206978.09
1771822800000,27.168,27.654,27.132,27.572,285638.62
1771826400000,27.572,27.873,27.49,27.799,326817.41
1771830000000,27.799,27.887,27.627,27.698,182208.68
1771833600000,27.698,27.717,27.403,27.55,166196.8
1771837200000,27.55,28.193,27.545,28.123,231961.5
1771840800000,28.123,28.212,27.591,27.691,241319.54
1771844400000,27.691,27.81,27.546,27.617,152836.16
1771848000000,27.617,27.689,27.305,27.647,355847.1
1771851600000,27.647,27.691,27.003,27.113,509385.08
1771855200000,27.113,27.117,26.455,26.625,903570.61
1771858800000,26.625,26.811,26.357,26.564,496479.45
1771862400000,26.564,26.745,26.204,26.408,396263.02
1771866000000,26.408,26.429,25.624,26.111,749458.34
1771869600000,26.111,26.458,25.888,26.425,541170.01
1771873200000,26.425,26.514,26.149,26.283,200043.8
1771876800000,26.283,26.54,26.243,26.422,139401.36
1771880400000,26.422,26.611,26.368,26.407,191977.68
1771884000000,26.407,26.641,26.161,26.165,178793.89
1771887600000,26.165,26.392,26.095,26.372,146503.72
1771891200000,26.372,26.527,26.305,26.494,93343.21
1771894800000,26.494,26.499,25.836,26.053,463820.25
1771898400000,26.053,26.164,25.82,25.841,169408.96
1771902000000,25.841,26.516,25.602,26.234,361484.68
1771905600000,26.234,26.26,25.885,26.179,200360.74
1771909200000,26.179,26.363,26.13,26.312,133634.71
1771912800000,26.312,26.314,26.07,26.23,121087.72
1771916400000,26.23,26.352,26.097,26.259,108931.01
1771920000000,26.259,26.574,26.164,26.461,120914.6
1771923600000,26.461,26.554,26.198,26.55,178821.65
1771927200000,26.55,26.613,26.375,26.548,116626.94
1771930800000,26.548,26.656,26.325,26.463,99722.35
1771934400000,26.463,26.5,26.342,26.349,92263.18
1771938000000,26.349,26.564,26.08,26.5,196487.56
1771941600000,26.5,27.032,26.349,26.777,368973.99
1771945200000,26.777,26.859,26.375,26.764,315036.64
1771948800000,26.764,27.198,26.728,27.145,293795.61
1771952400000,27.145,27.281,26.787,26.836,195721.03
1771956000000,26.836,27.075,26.836,26.906,93381.51
1771959600000,26.906,27.253,26.88,27.199,135516.61
1771963200000,27.199,27.35,27.082,27.214,145423.28
1771966800000,27.214,27.254,26.949,27.119,196712.13
1771970400000,27.119,27.296,27.041,27.197,82933.75
1771974000000,27.197,27.414,26.986,27.072,114526.7
1771977600000,27.072,27.4,27.057,27.386,69573.2
1771981200000,27.386,27.973,27.371,27.55,408284.14
1771984800000,27.55,27.8,27.436,27.505,170959.34
1771988400000,27.505,27.573,26.944,27.034,227291.78
1771992000000,27.034,27.278,26.831,27.227,148008.02
1771995600000,27.227,27.256,26.736,26.905,163287.07
1771999200000,26.905,27.017,26.811,26.893,75624.75
1772002800000,26.893,26.972,26.763,26.903,89770.32
1772006400000,26.903,27.082,26.829,27.002,153174.84
1772010000000,27.002,27.004,26.725,26.779,188874.5
1772013600000,26.779,26.98,26.759,26.887,69643.46
1772017200000,26.887,27.183,26.821,27.173,234902.54
1772020800000,27.173,27.648,27.014,27.587,411556.01
1772024400000,27.587,27.736,27.31,27.653,346750.23
1772028000000,27.653,28.503,27.644,28.282,1160414.46
1772031600000,28.282,28.308,27.801,27.973,555246.63
1772035200000,27.973,28.684,27.9,28.535,612332.23
1772038800000,28.535,28.776,28.279,28.662,336943.9
1772042400000,28.662,29.07,28.611,28.78,304138.59
1772046000000,28.78,28.856,28.598,28.776,133088.1
1772049600000,28.776,28.855,28.522,28.799,241395.31
1772053200000,28.799,28.995,28.332,28.697,469903.46
1772056800000,28.697,28.898,28.21,28.384,285244.07
1772060400000,28.384,28.432,27.585,27.883,443410.91
1772064000000,27.883,28.519,27.755,28.299,406577.8
1772067600000,28.299,28.645,28.076,28.113,259191.72
1772071200000,28.113,28.125,27.72,28.015,213565.03
1772074800000,28.015,28.11,27.877,28.036,66670.43
1772078400000,28.036,28.365,27.988,28.217,182576.01
1772082000000,28.217,28.307,28.0,28.205,213674.09
1772085600000,28.205,28.434,28.113,28.173,102936.32
1772089200000,28.173,28.573,28.161,28.236,186239.13
1772092800000,28.236,28.351,28.072,28.25,217970.57
1772096400000,28.25,29.383,28.164,29.218,638764.85
1772100000000,29.218,29.321,28.815,28.919,472249.56
1772103600000,28.919,28.979,28.325,28.437,433074.16
1772107200000,28.437,28.823,28.348,28.771,212599.64
1772110800000,28.771,29.051,28.721,28.989,183513.18
1772114400000,28.989,29.463,28.66,29.331,469273.7
1772118000000,29.331,29.342,28.096,28.428,1138877.18
1772121600000,28.428,28.607,28.108,28.268,415689.2
1772125200000,28.268,28.447,27.837,27.996,309930.32
1772128800000,27.996,28.313,27.821,28.22,201477.46
1772132400000,28.22,28.73,28.181,28.501,269555.6
1772136000000,28.501,28.703,28.223,28.275,114565.23
1772139600000,28.275,28.356,28.121,28.167,71104.97
1772143200000,28.167,28.408,28.086,28.401,101592.46
1772146800000,28.401,28.439,28.06,28.097,115225.98
1772150400000,28.097,28.202,27.86,28.172,218627.13
1772154000000,28.172,28.246,28.037,28.23,85183.72
1772157600000,28.23,28.62,28.222,28.48,84031.04
1772161200000,28.48,28.845,28.384,28.829,89906.83
1772164800000,28.829,29.62,28.781,29.124,579044.02
1772168400000,29.124,29.199,28.905,29.074,115112.22
1772172000000,29.074,29.165,28.755,29.056,248295.28
1772175600000,29.056,29.428,28.973,29.282,146291.91
1772179200000,29.282,29.663,29.278,29.492,263761.3
1772182800000,29.492,29.974,29.255,29.444,354982.56
1772186400000,29.444,29.563,28.933,28.962,496561.63
1772190000000,28.962,29.102,28.232,28.306,627169.43
1772193600000,28.306,28.317,27.829,28.092,704338.51
1772197200000,28.092,28.231,27.816,28.092,336823.28
1772200800000,28.092,28.429,27.913,28.056,315617.65
1772204400000,28.056,28.324,28.001,28.163,146751.69
1772208000000,28.163,28.174,27.28,27.311,515430.4
1772211600000,27.311,27.495,27.149,27.455,435641.69
1772215200000,27.455,27.547,27.117,27.203,115969.33
1772218800000,27.203,27.219,26.85,27.097,247497.21
1772222400000,27.097,27.421,27.046,27.349,107395.79
1772226000000,27.349,27.402,27.051,27.086,100291.12
1772229600000,27.086,27.13,26.727,27.095,150303.87
1772233200000,27.095,27.339,27.092,27.28,80916.01
1772236800000,27.28,27.578,27.21,27.473,180466.99
1772240400000,27.473,27.516,27.064,27.068,165549.03
1772244000000,27.068,27.124,26.781,26.946,189948.31
1772247600000,26.946,27.068,26.81,26.87,97507.49
1772251200000,26.87,27.038,26.789,26.967,69870.66
1772254800000,26.967,27.022,26.85,26.905,34941.28
1772258400000,26.905,26.949,26.072,26.215,677984.4
1772262000000,26.215,26.903,26.1,26.619,558122.01
1772265600000,26.619,26.965,26.532,26.786,217562.34
1772269200000,26.786,27.333,26.778,27.266,344538.18
1772272800000,27.266,27.534,26.907,27.365,219523.69
1772276400000,27.365,27.722,27.152,27.259,228995.97
1772280000000,27.259,27.53,27.24,27.325,119868.72
1772283600000,27.325,27.716,27.112,27.605,244667.26
1772287200000,27.605,27.976,27.363,27.806,386097.43
1772290800000,27.806,28.223,27.723,28.146,360401.99
1772294400000,28.146,28.575,27.978,28.541,307883.2
1772298000000,28.541,29.503,28.518,29.403,885014.98
1772301600000,29.403,29.69,29.045,29.363,734086.2
1772305200000,29.363,29.673,29.021,29.474,389687.67
1772308800000,29.474,30.505,29.359,30.279,795275.36
1772312400000,30.279,30.727,30.003,30.536,601889.24
1772316000000,30.536,31.035,30.396,30.697,513600.38
1772319600000,30.697,31.371,30.697,31.192,458635.61
1772323200000,31.192,31.286,30.484,30.62,494154.71
1772326800000,30.62,30.858,30.16,30.817,698752.72
1772330400000,30.817,31.231,30.715,30.981,503328.75
1772334000000,30.981,31.164,30.641,30.889,217038.35
1772337600000,30.889,31.094,30.625,30.88,228572.32
1772341200000,30.88,31.548,30.807,31.163,350724.21
1772344800000,31.163,31.215,30.69,30.948,344991.27
1772348400000,30.948,31.234,30.829,30.903,221065.01
1772352000000,30.903,31.09,30.366,30.497,322601.82
1772355600000,30.497,30.944,30.448,30.715,345194.47
1772359200000,30.715,31.058,30.491,30.986,193089.22
1772362800000,30.986,31.209,30.808,31.027,324780.22
1772366400000,31.027,31.095,30.573,30.676,146487.48
1772370000000,30.676,31.305,30.609,30.99,393585.27
1772373600000,30.99,31.079,30.71,30.891,226958.05
1772377200000,30.891,31.675,30.852,31.381,442501.76
1772380800000,31.381,31.862,30.876,30.963,893359.77
1772384400000,30.963,31.229,30.7,31.029,458289.28
1772388000000,31.029,31.82,30.983,31.665,403247.16
1772391600000,31.665,31.954,31.434,31.566,306645.29
1772395200000,31.566,31.733,31.176,31.416,587529.5
1772398800000,31.416,31.788,31.23,31.754,235586.54
1772402400000,31.754,32.03,31.379,31.38,503048.89
1772406000000,31.38,32.298,31.342,31.528,449448.38
1772409600000,31.528,32.727,31.486,32.412,589437.58
1772413200000,32.412,32.69,31.889,32.22,436873.35
1772416800000,32.22,32.32,31.645,31.853,286731.94
1772420400000,31.853,32.191,31.584,32.013,212131.69
1772424000000,32.013,32.059,31.292,31.387,290650.88
1772427600000,31.387,31.413,30.804,30.983,338110.6
1772431200000,30.983,30.992,30.262,30.346,429775.66
1772434800000,30.346,30.511,29.938,30.313,372482.53
1772438400000,30.313,30.751,30.197,30.62,315057.36
1772442000000,30.62,30.728,30.306,30.394,239477.47
1772445600000,30.394,30.507,30.199,30.481,177706.86
1772449200000,30.481,30.714,30.425,30.678,266059.57
1772452800000,30.678,30.764,30.339,30.531,198876.1
1772456400000,30.531,31.031,30.362,30.657,368490.58
1772460000000,30.657,32.027,30.573,31.689,699098.71
1772463600000,31.689,32.528,31.654,32.156,988635.91
1772467200000,32.156,33.699,31.961,33.169,847616.32
1772470800000,33.169,33.267,32.46,32.768,430989.74
1772474400000,32.768,32.777,32.318,32.361,219785.4
1772478000000,32.361,32.531,31.907,32.434,388503.42
1772481600000,32.434,32.705,31.919,32.572,224548.92
1772485200000,32.572,32.747,32.308,32.551,226209.26
1772488800000,32.551,33.239,32.529,33.056,240158.26
1772492400000,33.056,33.23,32.557,32.801,292647.01
1772496000000,32.801,32.939,32.24,32.45,294594.4
1772499600000,32.45,32.928,32.3,32.786,118725.23
1772503200000,32.786,33.06,32.605,32.776,214034.18
1772506800000,32.776,33.3,32.774,32.963,209933.67
1772510400000,32.963,33.216,32.834,33.005,188554.02
1772514000000,33.005,33.558,32.635,32.69,285581.02
1772517600000,32.69,32.998,32.451,32.606,273462.4
1772521200000,32.606,33.112,32.31,33.019,179145.77
1772524800000,33.019,33.037,31.664,31.753,459966.05
1772528400000,31.753,31.982,31.558,31.644,296144.93
1772532000000,31.644,32.039,31.534,31.901,194372.36
1772535600000,31.901,32.076,31.743,31.909,129566.06
1772539200000,31.909,32.397,31.545,31.719,257453.61
1772542800000,31.719,31.756,31.226,31.311,246561.37
1772546400000,31.311,31.638,30.983,31.166,296211.95
1772550000000,31.166,31.974,31.069,31.873,334609.79
1772553600000,31.873,32.844,31.724,32.151,659915.32
1772557200000,32.151,32.207,31.636,32.125,276115.9
1772560800000,32.125,32.363,31.835,32.153,120657.07
1772564400000,32.153,32.253,31.697,31.764,274281.5
1772568000000,31.764,31.89,31.245,31.407,230184.59
1772571600000,31.407,31.417,30.81,30.843,255748.89
1772575200000,30.843,31.524,30.759,31.46,190612.53
1772578800000,31.46,31.7,31.225,31.285,166804.87
1772582400000,31.285,31.435,31.035,31.247,119972.42
1772586000000,31.247,31.641,31.089,31.241,153380.5
1772589600000,31.241,31.289,30.9,31.16,111414.65
1772593200000,31.16,31.27,30.718,30.964,186961.29
1772596800000,30.964,31.081,30.764,30.957,115926.95
1772600400000,30.957,31.29,30.895,31.208,143256.97
1772604000000,31.208,31.431,31.045,31.347,140665.43
1772607600000,31.347,32.2,31.259,32.164,311703.69
1772611200000,32.164,32.603,31.726,32.48,548419.27
1772614800000,32.48,32.964,32.317,32.8,281419.49
1772618400000,32.8,32.985,32.181,32.405,355601.27
1772622000000,32.405,32.731,32.343,32.538,197746.39
1772625600000,32.538,32.592,32.106,32.36,204316.22
1772629200000,32.36,32.71,32.281,32.588,170622.59
1772632800000,32.588,33.022,32.407,32.613,439862.85
1772636400000,32.613,33.191,32.588,33.111,455495.33
1772640000000,33.111,33.185,32.437,32.731,444220.44
1772643600000,32.731,32.832,31.974,32.147,292374.34
1772647200000,32.147,32.371,32.002,32.33,171680.61
1772650800000,32.33,32.846,32.295,32.412,283312.99
1772654400000,32.412,32.529,31.69,31.722,527914.98
1772658000000,31.722,31.954,31.368,31.913,329430.23
1772661600000,31.913,31.986,31.673,31.821,110295.45
1772665200000,31.821,32.402,31.809,32.145,214646.41
1772668800000,32.145,32.219,31.826,31.948,175179.26
1772672400000,31.948,32.093,31.262,31.464,552848.84
1772676000000,31.464,31.707,31.277,31.486,173790.04
1772679600000,31.486,31.635,31.395,31.477,96354.34
1772683200000,31.477,31.7,31.464,31.621,74258.33
1772686800000,31.621,31.83,31.464,31.509,115950.78
1772690400000,31.509,31.753,31.333,31.725,115387.52
1772694000000,31.725,31.857,31.427,31.527,106376.0
1772697600000,31.527,31.842,31.505,31.841,149577.57
1772701200000,31.841,32.128,31.496,31.636,231322.9
1772704800000,31.636,32.281,31.541,32.025,238798.25
1772708400000,32.025,32.053,31.62,31.78,213132.61
1772712000000,31.78,32.054,31.692,31.907,128543.76
1772715600000,31.907,31.928,31.336,31.352,242328.86
1772719200000,31.352,31.897,31.19,31.868,257803.62
1772722800000,31.868,31.896,30.918,31.277,409387.01
1772726400000,31.277,31.288,30.94,31.02,206923.13
1772730000000,31.02,31.162,30.351,30.439,374772.71
1772733600000,30.439,30.681,30.408,30.565,124209.09
1772737200000,30.565,30.802,30.218,30.36,227740.93
1772740800000,30.36,30.68,30.359,30.63,154694.38
1772744400000,30.63,30.944,30.507,30.585,116721.8
1772748000000,30.585,30.644,30.401,30.416,61536.93
1772751600000,30.416,30.666,30.408,30.52,147258.3
1772755200000,30.52,30.639,30.39,30.634,67627.16
1772758800000,30.634,30.663,30.315,30.423,116254.57
1772762400000,30.423,30.725,30.406,30.627,89508.92
1772766000000,30.627,30.721,30.411,30.648,96244.09
1772769600000,30.648,30.738,30.482,30.652,79679.84
1772773200000,30.652,30.892,30.616,30.876,198578.09
1772776800000,30.876,31.021,30.72,30.972,98180.67
1772780400000,30.972,31.128,30.785,30.792,156539.05
1772784000000,30.792,30.886,30.64,30.719,97031.34
1772787600000,30.719,30.74,30.151,30.458,202128.54
1772791200000,30.458,30.602,30.326,30.469,93723.9
1772794800000,30.469,30.62,30.315,30.342,54379.72
1772798400000,30.342,30.597,30.058,30.429,184980.33
1772802000000,30.429,30.848,30.174,30.184,254696.71
1772805600000,30.184,30.223,29.493,29.613,471718.67
1772809200000,29.613,30.081,29.607,29.834,162953.74
1772812800000,29.834,30.032,29.691,29.803,136482.18
1772816400000,29.803,29.876,29.436,29.704,264165.64
1772820000000,29.704,29.98,29.692,29.896,148747.16
1772823600000,29.896,30.498,29.89,30.354,315470.84
1772827200000,30.354,31.2,30.307,31.03,499674.37
1772830800000,31.03,31.273,30.904,30.989,267507.47
1772834400000,30.989,31.166,30.751,31.14,163326.39
1772838000000,31.14,31.29,30.968,31.009,124872.24
1772841600000,31.009,31.052,30.813,30.87,116351.42
1772845200000,30.87,31.08,30.783,31.017,92702.2
1772848800000,31.017,31.082,30.577,30.727,156599.02
1772852400000,30.727,30.834,30.578,30.747,57332.83
1772856000000,30.747,30.753,30.491,30.56,90362.19
1772859600000,30.56,30.751,30.459,30.663,79177.57
1772863200000,30.663,30.684,30.229,30.317,160719.61
1772866800000,30.317,30.46,30.232,30.415,99800.41
1772870400000,30.415,30.587,30.258,30.287,85825.06
1772874000000,30.287,30.816,30.256,30.721,154433.44
1772877600000,30.721,30.777,30.58,30.691,55107.69
1772881200000,30.691,31.074,30.636,30.892,208818.68
1772884800000,30.892,30.907,30.655,30.706,85299.27
1772888400000,30.706,30.97,30.687,30.959,81048.18
1772892000000,30.959,31.102,30.751,31.006,116675.05
1772895600000,31.006,31.013,30.591,30.703,100651.98
1772899200000,30.703,30.842,30.593,30.756,101198.69
1772902800000,30.756,30.94,30.704,30.82,92329.96
1772906400000,30.82,30.82,30.185,30.428,307779.05
1772910000000,30.428,30.471,29.763,30.143,352870.82
1772913600000,30.143,30.297,30.01,30.125,164073.91
1772917200000,30.125,30.169,29.851,30.047,89348.36
1772920800000,30.047,30.152,29.921,30.087,68303.66
1772924400000,30.087,30.304,30.047,30.282,58750.55
1772928000000,30.282,30.364,29.985,30.102,103757.76
1772931600000,30.102,30.231,29.996,30.148,103662.54
1772935200000,30.148,30.273,29.975,30.126,90412.18
1772938800000,30.126,30.196,30.041,30.066,45864.05
1772942400000,30.066,30.198,29.81,29.919,91057.76
1772946000000,29.919,30.186,29.918,30.02,39994.8
1772949600000,30.02,30.082,29.65,29.814,91386.38
1772953200000,29.814,30.245,29.797,30.157,102795.63
1772956800000,30.157,30.336,30.041,30.276,124055.57
1772960400000,30.276,30.47,30.245,30.329,133589.84
1772964000000,30.329,30.65,30.329,30.457,113870.07
1772967600000,30.457,30.59,30.26,30.32,131340.49
1772971200000,30.32,30.398,30.077,30.252,79528.1
1772974800000,30.252,30.598,30.041,30.54,104781.25
1772978400000,30.54,30.734,30.483,30.676,157820.32
1772982000000,30.676,30.792,30.301,30.514,165409.62
1772985600000,30.514,30.669,30.063,30.151,155319.54
1772989200000,30.151,30.327,30.091,30.274,58115.09
1772992800000,30.274,30.311,30.082,30.188,45087.28
1772996400000,30.188,30.764,30.118,30.764,132462.47
1773000000000,30.764,31.219,30.605,30.763,222886.28
1773003600000,30.763,30.859,30.428,30.528,202001.54
1773007200000,30.528,30.633,30.074,30.577,435386.72
1773010800000,30.577,31.138,30.53,30.678,296348.35
1773014400000,30.678,31.425,30.602,30.66,363643.98
1773018000000,30.66,30.74,30.315,30.366,233053.29
1773021600000,30.366,30.593,30.224,30.552,129318.71
1773025200000,30.552,30.893,30.427,30.505,182550.85
1773028800000,30.505,30.959,30.502,30.681,118338.41
1773032400000,30.681,31.056,30.646,31.025,112774.52
1773036000000,31.025,31.07,30.563,30.573,132102.27
1773039600000,30.573,30.737,30.361,30.689,174138.73
1773043200000,30.689,30.999,30.654,30.964,151815.2
1773046800000,30.964,31.402,30.944,31.202,296300.01
1773050400000,31.202,31.346,30.865,30.933,181232.95
1773054000000,30.933,31.454,30.816,31.377,177313.91
1773057600000,31.377,31.996,31.352,31.778,390201.03
1773061200000,31.778,32.884,31.729,32.668,826063.36
1773064800000,32.668,33.465,32.443,32.975,859890.05
1773068400000,32.975,33.071,32.202,32.375,878654.65
1773072000000,32.375,34.39,32.34,34.105,1221012.58
1773075600000,34.105,34.5,33.716,34.302,613242.46
1773079200000,34.302,34.526,33.762,33.95,776550.32
1773082800000,33.95,34.811,33.95,34.091,648713.09
1773086400000,34.091,34.436,33.91,34.366,262756.87
1773090000000,34.366,35.345,34.337,35.229,594023.58
1773093600000,35.229,35.33,34.847,35.054,420603.58
1773097200000,35.054,35.095,34.56,34.654,234218.21
1773100800000,34.654,34.736,33.977,34.37,397737.1
1773104400000,34.37,34.483,33.951,34.246,159135.02
1773108000000,34.246,34.524,33.45,34.25,565871.57
1773111600000,34.25,34.72,34.122,34.71,326036.07
1773115200000,34.71,34.854,34.405,34.518,174657.25
1773118800000,34.518,34.684,33.974,34.136,197444.75
1773122400000,34.136,34.182,33.808,34.056,181024.15
1773126000000,34.056,34.576,33.989,34.537,233119.46
1773129600000,34.537,35.149,34.519,34.86,346691.46
1773133200000,34.86,35.047,34.627,34.736,250127.55
1773136800000,34.736,34.877,34.519,34.653,208549.94
1773140400000,34.653,35.0,34.579,34.909,183666.75
1773144000000,34.909,35.015,34.547,34.874,228952.28
1773147600000,34.874,35.171,34.254,34.454,516971.94
1773151200000,34.454,34.951,33.901,34.725,757829.01
1773154800000,34.725,34.861,34.238,34.786,508380.55
1773158400000,34.786,34.861,34.0,34.217,375993.84
1773162000000,34.217,34.336,33.792,34.161,338363.86
1773165600000,34.161,34.195,33.767,33.873,235093.62
1773169200000,33.873,34.134,33.657,33.937,132569.84
1773172800000,33.937,34.098,33.924,34.055,86196.18
1773176400000,34.055,34.089,33.565,33.644,129280.03
1773180000000,33.644,34.065,33.62,34.028,143009.54
1773183600000,34.028,34.259,34.005,34.156,96054.81
1773187200000,34.156,34.484,34.042,34.388,156476.52
1773190800000,34.388,34.549,34.223,34.529,97596.66
1773194400000,34.529,34.82,34.404,34.524,183813.38
1773198000000,34.524,34.549,34.207,34.338,127900.02
1773201600000,34.338,34.858,34.304,34.841,104170.05
1773205200000,34.841,34.978,34.415,34.572,278047.27
1773208800000,34.572,34.897,34.409,34.607,114627.05
1773212400000,34.607,34.792,34.32,34.383,114257.74
1773216000000,34.383,34.52,34.247,34.44,94616.47
1773219600000,34.44,34.533,34.273,34.328,81623.97
1773223200000,34.328,34.705,34.1,34.584,142179.58
1773226800000,34.584,35.032,34.468,34.861,258593.44
1773230400000,34.861,35.748,34.75,35.528,893818.67
1773234000000,35.528,36.38,35.4,36.042,851627.37
1773237600000,36.042,36.983,35.882,36.732,747632.44
1773241200000,36.732,36.881,35.971,36.311,642160.74
1773244800000,36.311,36.568,35.882,36.433,319567.15
1773248400000,36.433,36.774,36.01,36.05,277263.74
1773252000000,36.05,36.521,35.958,36.391,264560.92
1773255600000,36.391,36.413,36.02,36.307,198661.77
1773259200000,36.307,36.319,35.739,36.206,269219.55
1773262800000,36.206,36.381,35.989,36.313,127330.44
1773266400000,36.313,36.572,36.103,36.158,147746.28
1773270000000,36.158,36.365,36.074,36.199,64984.54
1773273600000,36.199,36.777,36.187,36.735,127404.8
1773277200000,36.735,37.083,36.186,36.31,431504.02
1773280800000,36.31,36.431,35.806,35.919,356955.03
1773284400000,35.919,36.192,35.756,35.844,192355.0
1773288000000,35.844,36.094,35.84,35.961,103433.26
1773291600000,35.961,37.414,35.922,37.173,647693.42
1773295200000,37.173,37.468,36.753,36.954,702855.55
1773298800000,36.954,37.006,36.467,36.801,426383.93
1773302400000,36.801,37.382,36.718,37.324,209217.59
1773306000000,37.324,37.682,37.05,37.438,271810.41
1773309600000,37.438,38.034,37.438,37.64,340839.62
1773313200000,37.64,37.785,37.255,37.303,204620.94
1773316800000,37.303,37.694,37.222,37.57,196328.16
1773320400000,37.57,37.99,37.377,37.438,367318.0
1773324000000,37.438,37.5,36.835,37.166,350659.79
1773327600000,37.166,37.636,36.981,37.388,224902.12
1773331200000,37.388,37.671,37.123,37.561,203238.41
1773334800000,37.561,37.855,37.411,37.699,185676.33
1773338400000,37.699,37.723,37.051,37.087,231407.8
1773342000000,37.087,37.303,36.944,37.08,144389.06
1773345600000,37.08,37.144,36.831,37.067,144875.29
1773349200000,37.067,37.49,37.067,37.438,120322.01
1773352800000,37.438,37.444,37.008,37.215,76863.76
1773356400000,37.215,37.396,37.165,37.251,83849.41
1773360000000,37.251,37.954,37.15,37.491,266331.11
1773363600000,37.491,38.363,37.36,38.243,358878.56
1773367200000,38.243,38.324,37.889,37.963,134850.29
1773370800000,37.963,38.5,37.927,38.082,221504.46
1773374400000,38.082,38.21,37.842,38.048,114415.31
1773378000000,38.048,38.052,37.555,37.569,123319.79
1773381600000,37.569,37.789,37.473,37.5,114010.62
1773385200000,37.5,37.744,37.28,37.717,124625.36
1773388800000,37.717,37.735,36.938,36.971,261382.95
1773392400000,36.971,37.375,36.902,37.286,248366.72
1773396000000,37.286,37.434,37.14,37.248,122734.03
1773399600000,37.248,37.53,36.985,37.326,128283.47
1773403200000,37.326,37.576,37.117,37.526,129448.68
1773406800000,37.526,37.676,37.359,37.493,270590.79
1773410400000,37.493,37.651,36.305,36.406,422390.42
1773414000000,36.406,36.725,36.078,36.257,394537.66
1773417600000,36.257,36.446,35.996,36.267,287312.23
1773421200000,36.267,36.664,36.167,36.656,197877.57
1773424800000,36.656,36.814,36.466,36.549,185505.29
1773428400000,36.549,36.782,36.316,36.732,162017.47
1773432000000,36.732,36.935,36.61,36.77,121686.32
1773435600000,36.77,36.816,36.374,36.516,150039.59
1773439200000,36.516,36.564,35.945,36.368,225301.05
1773442800000,36.368,36.464,36.214,36.432,75353.16
1773446400000,36.432,36.671,36.326,36.612,96053.14
1773450000000,36.612,36.746,36.434,36.74,108131.29
1773453600000,36.74,36.884,36.588,36.84,77513.62
1773457200000,36.84,37.085,36.84,36.979,131238.02
1773460800000,36.979,37.4,36.955,37.17,232521.85
1773464400000,37.17,37.386,37.002,37.253,145345.81
1773468000000,37.253,37.256,36.932,37.198,115003.58
1773471600000,37.198,37.49,37.152,37.196,116938.53
1773475200000,37.196,37.202,36.943,37.046,86052.38
1773478800000,37.046,37.134,36.795,36.937,103139.32
1773482400000,36.937,37.041,36.556,36.619,140997.7
1773486000000,36.619,36.896,36.616,36.892,69115.59
1773489600000,36.892,37.85,36.891,37.722,344755.68
1773493200000,37.722,38.346,37.601,38.0,353529.48
1773496800000,38.0,38.127,37.51,37.519,221796.02
1773500400000,37.519,38.075,37.498,37.976,171622.62
1773504000000,37.976,38.876,37.888,38.326,531620.89
1773507600000,38.326,38.53,38.034,38.066,125855.12
1773511200000,38.066,38.199,37.782,37.963,167747.95
1773514800000,37.963,38.206,37.928,38.051,80492.56
1773518400000,38.051,38.056,37.705,37.77,94612.37
1773522000000,37.77,38.071,37.668,37.986,82182.7
1773525600000,37.986,38.28,37.924,38.005,98093.37
1773529200000,38.005,38.154,37.776,37.79,71359.85
1773532800000,37.79,37.914,37.606,37.774,98109.87
1773536400000,37.774,37.993,37.582,37.801,112588.27
1773540000000,37.801,38.058,37.704,38.036,94459.14
1773543600000,38.036,38.226,37.92,38.102,76031.78
1773547200000,38.102,38.251,37.837,37.926,86343.97
1773550800000,37.926,37.935,37.51,37.564,171588.77
1773554400000,37.564,37.742,37.35,37.675,114373.64
1773558000000,37.675,37.675,37.411,37.492,72888.92
1773561600000,37.492,37.591,37.11,37.318,171501.62
1773565200000,37.318,37.422,37.085,37.149,126072.59
1773568800000,37.149,37.342,37.069,37.327,72147.38
1773572400000,37.327,37.743,37.274,37.637,130424.07
1773576000000,37.637,37.641,37.332,37.41,84957.61
1773579600000,37.41,37.58,37.164,37.476,152213.59
1773583200000,37.476,37.546,37.234,37.425,58669.02
1773586800000,37.425,37.473,37.231,37.266,51644.21
1773590400000,37.266,37.309,37.001,37.098,105900.83
1773594000000,37.098,37.493,37.077,37.356,65465.59
1773597600000,37.356,37.392,36.835,36.853,176498.01
1773601200000,36.853,37.131,36.774,37.089,98823.23
1773604800000,37.089,37.171,36.842,36.932,115174.76
1773608400000,36.932,37.322,36.855,37.201,95869.81
1773612000000,37.201,37.586,36.879,37.501,229216.58
1773615600000,37.501,37.676,37.094,37.24,174557.28
1773619200000,37.24,37.657,37.232,37.627,181587.65
1773622800000,37.627,37.687,37.162,37.447,116037.27
1773626400000,37.447,37.845,37.411,37.501,173558.42
1773630000000,37.501,38.156,37.398,37.793,244653.92
1773633600000,37.793,38.244,37.71,38.079,216879.12
1773637200000,38.079,38.582,38.012,38.344,320407.08
1773640800000,38.344,38.639,37.943,38.459,253689.45
1773644400000,38.459,39.336,38.459,38.73,530804.72
1773648000000,38.73,39.376,38.686,39.133,394424.03
1773651600000,39.133,39.419,38.992,39.017,284477.79
1773655200000,39.017,39.217,38.881,39.131,220676.45
1773658800000,39.131,39.619,38.983,39.51,459366.04
1773662400000,39.51,39.675,39.123,39.474,229775.96
1773666000000,39.474,39.708,39.142,39.191,282545.14
1773669600000,39.191,39.248,38.377,38.675,481042.47
1773673200000,38.675,39.247,38.594,39.025,368198.33
1773676800000,39.025,39.347,38.855,38.98,191532.76
1773680400000,38.98,39.212,38.636,38.765,156760.46
1773684000000,38.765,39.281,38.7,38.952,145084.15
1773687600000,38.952,39.588,38.829,39.548,173278.03
1773691200000,39.548,40.892,39.388,40.412,740698.55
1773694800000,40.412,41.302,40.334,41.074,429570.8
1773698400000,41.074,41.436,40.836,41.095,378951.52
1773702000000,41.095,41.293,40.583,40.78,284652.23
1773705600000,40.78,41.245,40.211,40.437,386363.02
1773709200000,40.437,40.838,40.216,40.729,177535.13
1773712800000,40.729,40.756,40.297,40.405,173553.12
1773716400000,40.405,40.713,40.001,40.481,198562.43
1773720000000,40.481,40.633,40.208,40.475,113693.32
1773723600000,40.475,40.939,40.336,40.517,197206.21
1773727200000,40.517,41.572,40.509,41.052,327975.94
1773730800000,41.052,41.476,41.022,41.46,133211.99
1773734400000,41.46,41.532,40.691,40.957,215759.54
1773738000000,40.957,40.957,40.412,40.565,154263.03
1773741600000,40.565,41.085,40.395,40.907,138911.23
1773745200000,40.907,41.834,40.719,41.408,269195.17
1773748800000,41.408,41.647,41.069,41.18,260160.86
1773752400000,41.18,41.283,40.565,40.615,291812.95
1773756000000,40.615,40.893,40.368,40.431,250904.75
1773759600000,40.431,40.63,39.559,39.861,342442.33
1773763200000,39.861,40.388,39.84,40.235,238495.28
1773766800000,40.235,40.545,40.203,40.494,154381.78
1773770400000,40.494,41.213,40.26,41.155,273590.64
1773774000000,41.155,41.296,40.922,40.983,117611.86
1773777600000,40.983,41.95,40.868,41.878,280157.73
1773781200000,41.878,42.133,41.682,41.801,235901.06
1773784800000,41.801,41.895,41.32,41.38,140856.85
1773788400000,41.38,41.478,41.055,41.14,158584.12
1773792000000,41.14,41.393,40.493,41.109,239405.01
1773795600000,41.109,42.091,41.076,41.947,405541.01
1773799200000,41.947,42.3,41.676,41.717,214797.98
1773802800000,41.717,42.35,41.651,42.173,142929.44
1773806400000,42.173,42.276,41.682,41.814,157442.71
1773810000000,41.814,41.844,41.298,41.396,114527.79
1773813600000,41.396,42.109,41.359,41.92,159795.19
1773817200000,41.92,42.081,41.596,41.662,109057.32
1773820800000,41.662,42.021,41.329,41.416,168292.09
1773824400000,41.416,41.416,41.003,41.39,262663.68
1773828000000,41.39,41.548,41.195,41.452,116899.68
1773831600000,41.452,41.649,40.852,41.166,299044.11
1773835200000,41.166,41.271,40.219,40.54,752145.04
1773838800000,40.54,43.058,40.15,41.234,2175595.85
1773842400000,41.234,41.48,40.475,41.051,865181.39
1773846000000,41.051,41.71,40.781,41.546,546845.84
1773849600000,41.546,42.611,41.419,42.553,855690.56
1773853200000,42.553,43.781,42.386,43.22,1017015.21
1773856800000,43.22,43.688,42.163,42.441,819425.38
1773860400000,42.441,42.723,41.721,42.501,434393.66
1773864000000,42.501,42.948,41.956,42.575,352060.45
1773867600000,42.575,43.003,42.355,42.403,159578.81
1773871200000,42.403,42.413,41.526,41.834,316600.57
1773874800000,41.834,42.167,41.66,42.057,135200.81
1773878400000,42.057,42.211,41.381,41.428,200920.8
1773882000000,41.428,41.719,41.052,41.115,175585.38
1773885600000,41.115,41.45,41.006,41.28,128765.3
1773889200000,41.28,41.801,41.101,41.485,235998.99
1773892800000,41.485,41.577,40.917,40.974,212043.02
1773896400000,40.974,41.486,40.967,41.297,164537.13
1773900000000,41.297,41.6,41.057,41.126,152161.3
1773903600000,41.126,41.166,40.0,40.101,603666.74
1773907200000,40.101,40.249,39.329,39.655,603851.99
1773910800000,39.655,39.87,39.035,39.797,400560.92
1773914400000,39.797,40.025,39.549,39.576,222323.88
1773918000000,39.576,39.955,39.391,39.468,123368.63
1773921600000,39.468,39.468,38.66,38.852,389566.59
1773925200000,38.852,39.5,38.571,39.5,591906.52
1773928800000,39.5,39.533,38.993,39.468,308473.63
1773932400000,39.468,39.8,38.77,39.572,437927.77
1773936000000,39.572,39.792,39.21,39.338,180520.94
1773939600000,39.338,40.241,39.046,40.079,373159.89
1773943200000,40.079,40.215,39.543,39.976,172686.95
1773946800000,39.976,40.548,39.642,39.762,355942.99
1773950400000,39.762,40.064,39.37,39.456,210167.29
1773954000000,39.456,39.619,39.064,39.23,195847.45
1773957600000,39.23,39.573,38.981,39.383,206767.98
1773961200000,39.383,39.558,39.061,39.318,181613.17
1773964800000,39.318,39.99,39.215,39.961,234729.77
1773968400000,39.961,40.349,39.684,39.724,231773.54
1773972000000,39.724,40.016,39.515,39.631,182107.36
1773975600000,39.631,39.904,39.371,39.868,214590.41
1773979200000,39.868,40.1,39.462,39.584,166803.79
1773982800000,39.584,39.909,39.376,39.888,179456.22
1773986400000,39.888,39.89,39.121,39.389,170931.82
1773990000000,39.389,40.365,39.152,40.32,283872.25
1773993600000,40.32,40.749,39.756,39.858,435124.17
1773997200000,39.858,39.873,39.183,39.43,286177.0
1774000800000,39.43,39.744,39.172,39.474,202891.35
1774004400000,39.474,39.847,39.303,39.482,161505.9
1774008000000,39.482,39.63,39.111,39.447,158315.72
1774011600000,39.447,39.62,38.937,39.039,342697.62
1774015200000,39.039,39.442,38.654,38.766,514707.37
1774018800000,38.766,39.575,38.766,39.47,286624.79
1774022400000,39.47,39.918,39.28,39.412,281152.08
1774026000000,39.412,39.462,38.902,39.206,227321.68
1774029600000,39.206,39.315,38.734,38.982,299451.06
1774033200000,38.982,39.2,38.352,39.106,439118.26
1774036800000,39.106,39.684,38.757,39.142,410846.92
1774040400000,39.142,39.652,38.899,39.598,255740.56
1774044000000,39.598,40.124,39.552,40.017,320373.7
1774047600000,40.017,40.025,39.45,39.524,155978.08
1774051200000,39.524,39.733,39.384,39.446,86290.19
1774054800000,39.446,39.55,39.282,39.438,83245.48
1774058400000,39.438,39.793,39.278,39.714,91210.02
1774062000000,39.714,39.834,39.543,39.621,72060.65
1774065600000,39.621,39.797,39.362,39.492,75080.19
1774069200000,39.492,39.556,39.183,39.327,106106.45
1774072800000,39.327,39.526,39.236,39.384,83074.09
1774076400000,39.384,39.72,39.377,39.684,87915.44
1774080000000,39.684,39.692,39.412,39.504,53716.64
1774083600000,39.504,39.708,39.466,39.65,61240.68
1774087200000,39.65,39.733,39.515,39.718,91906.94
1774090800000,39.718,40.063,39.714,40.058,150777.8
1774094400000,40.058,40.166,39.693,39.77,143564.89
1774098000000,39.77,39.952,39.676,39.941,130195.53
1774101600000,39.941,40.14,39.72,39.79,111322.68
1774105200000,39.79,40.097,39.744,39.905,104228.33
1774108800000,39.905,40.361,39.781,39.994,197601.01
1774112400000,39.994,40.302,39.899,40.201,100800.3
1774116000000,40.201,40.431,40.129,40.258,96820.06
1774119600000,40.258,40.361,40.102,40.15,60325.71
1774123200000,40.15,40.258,39.982,40.208,97978.5
1774126800000,40.208,40.274,40.0,40.053,62289.8
1774130400000,40.053,40.087,39.811,39.844,72656.18
1774134000000,39.844,39.848,38.885,39.134,370132.95
1774137600000,39.134,39.508,38.67,39.304,365678.8
1774141200000,39.304,39.463,38.601,38.792,233373.99
1774144800000,38.792,39.144,38.504,39.045,308878.37
1774148400000,39.045,39.48,39.017,39.049,235683.16
1774152000000,39.049,39.247,38.918,38.996,70351.03
1774155600000,38.996,38.996,38.421,38.445,200827.57
1774159200000,38.445,38.458,38.03,38.424,234416.1
1774162800000,38.424,38.561,38.184,38.274,142794.63
1774166400000,38.274,38.284,37.9,38.252,246096.39
1774170000000,38.252,38.328,37.951,38.151,119375.92
1774173600000,38.151,38.175,37.938,38.0,93647.32
1774177200000,38.0,38.026,37.485,37.928,410738.43
1774180800000,37.928,38.408,37.919,38.241,190673.58
1774184400000,38.241,38.395,38.1,38.278,133127.41
1774188000000,38.278,38.39,38.17,38.22,62880.15
1774191600000,38.22,38.303,37.938,38.062,128182.8
1774195200000,38.062,38.197,37.855,38.046,92302.86
1774198800000,38.046,38.224,37.952,38.062,69076.16
1774202400000,38.062,38.18,37.866,38.066,65032.36
1774206000000,38.066,38.066,37.856,37.999,89511.02
1774209600000,37.999,38.334,37.923,37.964,115538.56
1774213200000,37.964,38.056,37.55,37.788,292952.75
1774216800000,37.788,38.563,37.427,38.421,319573.72
1774220400000,38.421,38.71,38.256,38.336,147375.51
1774224000000,38.336,38.438,37.55,37.609,321997.62
1774227600000,37.609,38.127,37.506,37.988,174148.5
1774231200000,37.988,38.392,37.801,38.145,104027.98
1774234800000,38.145,38.372,38.005,38.021,68274.13
1774238400000,38.021,38.273,37.959,38.208,51180.3
1774242000000,38.208,38.445,37.991,38.235,121931.57
1774245600000,38.235,38.235,37.494,37.753,131439.82
1774249200000,37.753,37.785,37.335,37.466,197091.25
1774252800000,37.466,37.722,37.183,37.263,246844.13
1774256400000,37.263,37.365,36.86,36.996,228987.17
1774260000000,36.996,37.09,36.752,37.003,158954.11
1774263600000,37.003,39.534,36.984,37.548,2005650.44
1774267200000,37.548,38.428,37.121,38.379,531618.8
1774270800000,38.379,38.92,38.178,38.908,515875.92
1774274400000,38.908,38.963,37.953,38.2,388593.1
1774278000000,38.2,38.33,37.57,37.661,365998.29
1774281600000,37.661,37.794,37.303,37.577,218337.57
1774285200000,37.577,38.206,37.533,38.2,140052.38
1774288800000,38.2,38.206,37.62,37.735,142784.56
1774292400000,37.735,38.087,37.539,37.904,220431.05
1774296000000,37.904,38.201,37.712,38.182,138048.61
1774299600000,38.182,38.201,37.729,37.833,103951.89
1774303200000,37.833,37.859,37.4,37.551,142954.64
1774306800000,37.551,37.563,37.054,37.334,222703.45
1774310400000,37.334,37.688,37.233,37.567,144851.23
1774314000000,37.567,37.656,37.204,37.342,73368.94
1774317600000,37.342,37.635,37.253,37.535,65265.34
1774321200000,37.535,37.859,37.433,37.847,74099.51
1774324800000,37.847,38.27,37.841,38.084,233778.94
1774328400000,38.084,38.153,37.83,37.851,226266.55
1774332000000,37.851,38.133,37.792,38.093,81426.27
1774335600000,38.093,38.546,38.038,38.529,203911.24
1774339200000,38.529,38.689,38.158,38.193,195753.05
1774342800000,38.193,38.6,38.075,38.528,107554.36
1774346400000,38.528,38.713,38.251,38.688,143977.72
1774350000000,38.688,38.825,38.478,38.59,138998.58
1774353600000,38.59,38.628,38.355,38.525,89491.8
1774357200000,38.525,38.875,38.153,38.458,378413.05
1774360800000,38.458,38.708,37.902,38.571,514154.47
1774364400000,38.571,39.828,38.571,39.377,559079.68
1774368000000,39.377,39.542,38.941,39.251,221104.92
1774371600000,39.251,39.364,38.756,39.027,288416.62
1774375200000,39.027,39.925,38.956,39.659,319690.57
1774378800000,39.659,39.854,39.428,39.688,193865.17
1774382400000,39.688,40.425,39.668,40.195,520180.11
1774386000000,40.195,40.39,39.641,39.69,190925.14
1774389600000,39.69,40.25,39.69,40.013,111835.63
1774393200000,40.013,40.422,39.964,40.306,138581.22
1774396800000,40.306,40.972,40.26,40.479,321388.49
1774400400000,40.479,40.743,40.22,40.222,175441.54
1774404000000,40.222,40.492,40.052,40.206,186870.51
1774407600000,40.206,40.466,39.842,40.277,196635.36
1774411200000,40.277,40.373,40.136,40.338,52494.66
1774414800000,40.338,40.427,39.983,40.109,112939.34
1774418400000,40.109,40.26,39.985,40.002,216056.97
1774422000000,40.002,40.347,39.988,40.246,82702.73
1774425600000,40.246,40.912,40.246,40.592,209626.23
1774429200000,40.592,40.803,40.394,40.608,118192.08
1774432800000,40.608,41.112,40.591,40.871,159316.03
1774436400000,40.871,41.643,40.806,41.349,277093.46
1774440000000,41.349,41.394,40.693,40.957,204362.94
1774443600000,40.957,41.23,40.821,40.896,155925.46
1774447200000,40.896,40.904,40.078,40.213,380045.33
1774450800000,40.213,40.509,39.987,40.251,189542.69
1774454400000,40.251,40.823,40.251,40.489,204148.02
1774458000000,40.489,40.638,40.384,40.452,65790.45
1774461600000,40.452,40.716,40.353,40.396,83646.32
1774465200000,40.396,40.524,40.24,40.453,59232.11
1774468800000,40.453,40.464,39.644,39.792,227640.42
1774472400000,39.792,40.08,39.722,40.042,117104.75
1774476000000,40.042,40.461,40.025,40.211,97423.56
1774479600000,40.211,40.457,40.185,40.303,50774.45
1774483200000,40.303,40.352,39.834,40.024,83943.26
1774486800000,40.024,40.238,39.944,40.043,55670.71
1774490400000,40.043,40.127,39.47,39.64,161892.21
1774494000000,39.64,39.64,39.273,39.43,146895.39
1774497600000,39.43,39.438,39.087,39.209,93810.9
1774501200000,39.209,39.364,38.758,38.9,227200.57
1774504800000,38.9,39.17,38.735,38.804,128241.8
1774508400000,38.804,39.111,38.695,39.02,120989.2
1774512000000,39.02,39.183,38.899,39.175,92294.69
1774515600000,39.175,39.391,38.934,39.151,263618.71
1774519200000,39.151,39.188,38.86,38.931,149695.18
1774522800000,38.931,39.112,38.838,39.071,110099.67
1774526400000,39.071,39.308,39.047,39.263,133978.35
1774530000000,39.263,39.794,39.225,39.521,223992.03
1774533600000,39.521,39.781,39.351,39.552,122438.2
1774537200000,39.552,39.634,39.177,39.207,193162.16
1774540800000,39.207,39.23,38.759,39.017,187670.64
1774544400000,39.017,39.253,38.794,38.81,207323.04
1774548000000,38.81,38.929,38.316,38.632,290232.36
1774551600000,38.632,38.699,38.411,38.446,77218.06
1774555200000,38.446,39.195,38.287,38.858,343141.22
1774558800000,38.858,39.229,38.693,38.999,126067.2
1774562400000,38.999,39.064,38.808,39.044,70677.48
1774566000000,39.044,39.152,38.859,39.152,80114.81
1774569600000,39.152,39.374,38.899,38.974,79930.77
1774573200000,38.974,39.027,38.625,38.856,87084.21
1774576800000,38.856,38.947,38.659,38.692,37805.94
1774580400000,38.692,38.717,38.431,38.624,75753.85
1774584000000,38.624,38.924,38.493,38.791,69196.13
1774587600000,38.791,38.957,38.683,38.82,37337.06
1774591200000,38.82,38.831,38.557,38.65,53008.74
1774594800000,38.65,39.399,38.55,39.314,154166.45
1774598400000,39.314,39.417,38.58,38.803,140242.52
1774602000000,38.803,38.915,38.435,38.785,123533.71
1774605600000,38.785,38.872,37.95,37.988,299596.04
1774609200000,37.988,38.42,37.869,38.307,216022.97
1774612800000,38.307,38.466,38.015,38.376,113415.45
1774616400000,38.376,38.587,37.932,38.05,193038.96
1774620000000,38.05,38.618,38.029,38.378,185645.41
1774623600000,38.378,38.962,38.378,38.639,242738.94
1774627200000,38.639,38.647,38.272,38.426,107263.41
1774630800000,38.426,38.729,38.137,38.164,138882.51
1774634400000,38.164,38.388,38.086,38.356,71405.57
1774638000000,38.356,38.821,38.096,38.727,157928.44
1774641600000,38.727,38.87,38.343,38.428,136298.31
1774645200000,38.428,38.632,38.344,38.572,46874.75
1774648800000,38.572,38.572,38.226,38.391,57824.3
1774652400000,38.391,38.697,38.322,38.655,46880.6
1774656000000,38.655,38.655,37.967,38.05,104002.37
1774659600000,38.05,38.271,37.994,38.216,61431.21
1774663200000,38.216,38.455,38.169,38.441,47544.08
1774666800000,38.441,38.568,38.299,38.518,47440.02
1774670400000,38.518,38.634,38.395,38.55,48986.43
1774674000000,38.55,38.681,38.3,38.525,54141.24
1774677600000,38.525,39.168,38.483,39.129,131318.85
1774681200000,39.129,39.384,38.964,39.367,162255.99
1774684800000,39.367,39.7,39.329,39.49,221827.24
1774688400000,39.49,39.623,39.303,39.444,83588.88
1774692000000,39.444,39.667,39.14,39.336,80182.24
1774695600000,39.336,39.558,39.124,39.519,73427.08
1774699200000,39.519,40.2,39.407,40.134,233703.98
1774702800000,40.134,40.18,39.835,39.889,200021.3
1774706400000,39.889,39.995,39.8,39.913,70356.64
1774710000000,39.913,40.283,39.89,40.216,189011.44
1774713600000,40.216,40.264,39.791,39.817,94153.08
1774717200000,39.817,39.87,39.552,39.759,117976.33
1774720800000,39.759,39.798,39.626,39.75,41617.06
1774724400000,39.75,40.058,39.647,39.903,73131.42
1774728000000,39.903,39.966,39.812,39.922,46819.54
1774731600000,39.922,39.947,39.605,39.659,42422.47
1774735200000,39.659,39.824,39.603,39.786,36239.65
1774738800000,39.786,39.87,39.376,39.446,138258.85
1774742400000,39.446,39.59,39.352,39.537,46800.07
1774746000000,39.537,39.682,39.236,39.481,95622.61
1774749600000,39.481,39.764,39.416,39.73,55098.39
1774753200000,39.73,39.99,39.66,39.934,103995.93
1774756800000,39.934,40.051,39.782,39.8,63386.53
1774760400000,39.8,39.865,39.659,39.816,50077.36
1774764000000,39.816,39.978,39.778,39.792,50124.04
1774767600000,39.792,39.792,39.602,39.686,47749.45
1774771200000,39.686,39.904,39.633,39.831,57734.4
1774774800000,39.831,39.875,39.51,39.573,73744.52
1774778400000,39.573,39.573,39.202,39.392,145850.33
1774782000000,39.392,39.63,39.307,39.314,87091.58
1774785600000,39.314,39.466,39.14,39.156,77934.48
1774789200000,39.156,39.228,38.934,39.106,127267.67
1774792800000,39.106,39.128,38.745,38.846,156353.32
1774796400000,38.846,39.074,38.729,38.992,93258.85
1774800000000,38.992,39.145,38.844,38.954,86267.83
1774803600000,38.954,39.021,38.767,38.804,57204.05
1774807200000,38.804,38.832,38.606,38.71,84138.78
1774810800000,38.71,38.81,38.572,38.59,35302.12
1774814400000,38.59,38.938,38.533,38.737,72434.75
1774818000000,38.737,38.808,38.484,38.602,87263.25
1774821600000,38.602,38.602,37.713,38.236,331965.81
1774825200000,38.236,38.468,37.728,37.828,200821.23
1774828800000,37.828,38.732,37.574,37.663,428242.55
1774832400000,37.663,38.151,37.455,37.993,242803.63
1774836000000,37.993,38.634,37.993,38.346,176154.86
1774839600000,38.346,38.528,38.237,38.266,74319.05
1774843200000,38.266,38.694,38.248,38.656,94218.78
1774846800000,38.656,38.793,38.232,38.287,129815.47
1774850400000,38.287,38.376,38.13,38.25,61168.05
1774854000000,38.25,38.578,37.964,38.43,164279.28
1774857600000,38.43,38.637,38.044,38.225,157923.06
1774861200000,38.225,38.238,37.837,37.98,105876.09
1774864800000,37.98,38.068,37.849,37.954,106746.52
1774868400000,37.954,38.247,37.922,38.05,105798.17
1774872000000,38.05,38.3,38.016,38.225,101773.9
1774875600000,38.225,38.544,38.0,38.02,176450.89
1774879200000,38.02,38.294,37.718,38.135,184527.54
1774882800000,38.135,38.343,38.022,38.247,99384.85
1774886400000,38.247,38.262,37.75,37.86,141633.01
1774890000000,37.86,37.919,37.2,37.301,270391.33
1774893600000,37.301,37.404,37.058,37.274,162375.52
1774897200000,37.274,37.293,36.466,37.082,455843.65
1774900800000,37.082,37.143,36.76,36.888,165243.3
1774904400000,36.888,37.273,36.877,37.078,156634.18
1774908000000,37.078,37.255,36.998,37.208,80758.76
1774911600000,37.208,37.211,36.649,36.831,129680.92
1774915200000,36.831,37.366,36.622,37.143,159754.46
1774918800000,37.143,37.635,37.033,37.404,250479.15
1774922400000,37.404,37.626,37.332,37.352,59009.3
1774926000000,37.352,37.352,37.061,37.307,82361.1
1774929600000,37.307,37.354,36.979,37.011,49744.52
1774933200000,37.011,37.239,36.9,37.166,83273.43
1774936800000,37.166,37.265,37.071,37.111,41701.6
1774940400000,37.111,37.128,36.414,36.723,202245.23
1774944000000,36.723,36.776,36.157,36.177,233395.87
1774947600000,36.177,36.316,35.731,35.886,257315.05
1774951200000,35.886,36.118,35.771,36.009,200061.95
1774954800000,36.009,36.073,35.653,35.8,213901.85
1774958400000,35.8,36.075,35.74,35.998,203582.38
1774962000000,35.998,36.597,35.963,36.58,233496.78
1774965600000,36.58,36.953,35.861,36.027,354885.91
1774969200000,36.027,36.363,35.964,35.984,208172.81
1774972800000,35.984,36.989,35.976,36.889,259835.56
1774976400000,36.889,37.322,36.525,36.647,381190.2
1774980000000,36.647,37.04,36.54,36.644,139824.98
1774983600000,36.644,36.74,36.489,36.596,75801.4
1774987200000,36.596,37.002,36.59,36.685,106130.66
1774990800000,36.685,36.686,36.338,36.41,84904.98
1774994400000,36.41,36.496,36.158,36.254,85109.03
1774998000000,36.254,36.676,36.12,36.587,78043.67
1775001600000,36.587,36.621,36.34,36.559,70681.35
1775005200000,36.559,36.654,35.92,36.013,111967.96
1775008800000,36.013,36.298,36.013,36.13,54599.9
1775012400000,36.13,36.494,36.13,36.426,56983.22
1775016000000,36.426,36.618,36.329,36.545,91949.68
1775019600000,36.545,37.238,36.488,37.072,185852.98
1775023200000,37.072,37.737,36.901,37.695,282661.71
1775026800000,37.695,37.8,37.269,37.37,235241.14
1775030400000,37.37,37.468,36.976,37.077,157399.9
1775034000000,37.077,37.182,36.73,37.004,134559.61
1775037600000,37.004,37.135,36.858,37.075,62934.78
1775041200000,37.075,37.344,37.055,37.219,102295.13
1775044800000,37.219,37.407,36.997,37.049,167813.02
1775048400000,37.049,37.118,36.601,36.71,190186.4
1775052000000,36.71,37.077,36.617,37.067,129784.29
1775055600000,37.067,37.445,36.946,37.389,178418.72
1775059200000,37.389,37.447,36.5,36.701,527173.71
1775062800000,36.701,37.003,36.238,36.402,272999.18
1775066400000,36.402,36.527,36.064,36.166,203339.04
1775070000000,36.166,36.285,36.11,36.154,75250.65
1775073600000,36.154,36.253,35.98,36.061,127752.77
1775077200000,36.061,36.278,35.87,36.154,120910.0
1775080800000,36.154,36.232,35.816,36.03,142212.56
1775084400000,36.03,36.066,35.896,36.018,66093.68
1775088000000,36.018,36.285,35.972,36.182,76369.73
1775091600000,36.182,36.236,35.334,35.389,395840.92
1775095200000,35.389,35.601,35.167,35.59,204545.03
1775098800000,35.59,35.596,35.049,35.198,168406.79
1775102400000,35.198,35.253,34.988,35.025,122569.25
1775106000000,35.025,35.315,34.933,35.241,113134.72
1775109600000,35.241,35.53,35.109,35.234,131153.04
1775113200000,35.234,35.256,34.858,35.083,186710.76
1775116800000,35.083,35.323,35.0,35.007,123226.86
1775120400000,35.007,35.115,34.88,35.047,156918.48
1775124000000,35.047,35.064,34.706,34.796,168198.02
1775127600000,34.796,34.933,34.658,34.797,104642.51
1775131200000,34.797,34.869,34.66,34.678,104522.5
1775134800000,34.678,34.83,34.44,34.658,336332.36
1775138400000,34.658,34.954,34.5,34.868,503996.75
1775142000000,34.868,34.898,34.634,34.874,113150.07
1775145600000,34.874,35.227,34.863,35.008,158516.03
1775149200000,35.008,35.218,34.645,34.666,149586.93
1775152800000,34.666,34.838,34.564,34.802,96876.1
1775156400000,34.802,34.985,34.713,34.921,143166.61
1775160000000,34.921,35.326,34.835,35.126,94154.6
1775163600000,35.126,35.212,34.986,35.114,67018.73
1775167200000,35.114,35.182,35.032,35.114,38936.26
1775170800000,35.114,35.359,35.102,35.183,52891.69
1775174400000,35.183,35.396,35.073,35.384,45247.88
1775178000000,35.384,35.535,35.281,35.532,91937.36
1775181600000,35.532,35.612,35.364,35.537,95737.74
1775185200000,35.537,35.583,35.357,35.421,45596.36
1775188800000,35.421,35.606,35.398,35.486,43078.94
1775192400000,35.486,35.647,35.382,35.406,66407.71
1775196000000,35.406,35.698,35.359,35.691,83402.33
1775199600000,35.691,35.912,35.567,35.816,198785.62
1775203200000,35.816,36.06,35.806,35.924,129863.81
1775206800000,35.924,36.05,35.712,35.943,106199.52
1775210400000,35.943,35.99,35.628,35.881,72833.11
1775214000000,35.881,35.967,35.758,35.938,67800.95
1775217600000,35.938,36.12,35.623,35.634,191850.55
1775221200000,35.634,35.673,35.369,35.582,218836.83
1775224800000,35.582,35.945,35.508,35.892,136204.15
1775228400000,35.892,36.006,35.641,35.772,98883.89
1775232000000,35.772,36.066,35.681,35.938,81470.36
1775235600000,35.938,35.969,35.568,35.652,76328.09
1775239200000,35.652,35.676,35.49,35.509,56213.67
1775242800000,35.509,35.767,35.497,35.754,31232.69
1775246400000,35.754,35.904,35.687,35.876,57640.16
1775250000000,35.876,35.9,35.8,35.837,38216.6
1775253600000,35.837,35.84,35.612,35.636,32575.07
1775257200000,35.636,35.657,35.503,35.598,35544.32
1775260800000,35.598,35.667,35.476,35.639,26889.83
1775264400000,35.639,35.698,35.565,35.671,14910.64
1775268000000,35.671,35.9,35.605,35.81,45372.47
1775271600000,35.81,35.939,35.725,35.848,45431.78
1775275200000,35.848,35.852,35.707,35.719,20507.5
1775278800000,35.719,35.86,35.636,35.644,46840.38
1775282400000,35.644,35.829,35.597,35.752,87196.07
1775286000000,35.752,35.797,35.691,35.726,21581.4
1775289600000,35.726,35.802,35.604,35.631,33795.67
1775293200000,35.631,35.689,35.598,35.662,15351.55
1775296800000,35.662,35.819,35.613,35.774,32612.44
1775300400000,35.774,35.833,35.7,35.789,19358.86
1775304000000,35.789,35.911,35.711,35.76,75017.58
1775307600000,35.76,35.773,35.555,35.636,93756.84
1775311200000,35.636,35.728,35.508,35.681,60476.43
1775314800000,35.681,35.888,35.652,35.884,89747.91
1775318400000,35.884,36.225,35.88,35.894,172231.23
1775322000000,35.894,36.073,35.846,36.062,41153.8
1775325600000,36.062,36.172,35.89,36.025,75203.89
1775329200000,36.025,36.16,35.866,35.952,65702.09
1775332800000,35.952,36.122,35.912,36.108,47398.5
1775336400000,36.108,36.35,36.058,36.326,86709.61
1775340000000,36.326,36.529,36.218,36.4,97827.78
1775343600000,36.4,36.55,36.244,36.35,121565.02
1775347200000,36.35,36.398,36.013,36.067,76352.42
1775350800000,36.067,36.221,35.898,35.98,77796.85
1775354400000,35.98,36.099,35.894,36.076,49956.93
1775358000000,36.076,36.113,35.875,35.914,23948.33
1775361600000,35.914,35.956,35.765,35.84,62003.59
1775365200000,35.84,35.875,35.564,35.654,69357.21
1775368800000,35.654,35.721,35.439,35.655,139303.82
1775372400000,35.655,35.778,35.503,35.636,74009.64
1775376000000,35.636,35.851,35.622,35.719,52147.16
1775379600000,35.719,35.823,35.656,35.803,26194.62
1775383200000,35.803,35.906,35.702,35.756,21473.08
1775386800000,35.756,35.783,35.616,35.636,42702.5
1775390400000,35.636,35.66,35.112,35.298,143571.72
1775394000000,35.298,35.445,35.234,35.417,54502.13
1775397600000,35.417,35.562,35.327,35.459,43570.37
1775401200000,35.459,35.815,35.398,35.537,145568.29
1775404800000,35.537,35.642,35.429,35.451,32107.5
1775408400000,35.451,35.604,35.436,35.586,18719.68
1775412000000,35.586,35.836,35.485,35.716,69285.71
1775415600000,35.716,35.84,35.677,35.833,34215.79
1775419200000,35.833,35.965,35.797,35.908,43456.85
1775422800000,35.908,35.982,35.774,35.874,51396.77
1775426400000,35.874,36.313,35.678,36.278,170999.94
1775430000000,36.278,37.0,36.269,36.85,390118.77
1775433600000,36.85,37.166,36.56,36.837,269448.48
1775437200000,36.837,37.063,36.67,37.006,92834.68
1775440800000,37.006,37.24,36.631,36.901,131396.33
1775444400000,36.901,37.144,36.845,37.111,69821.72
1775448000000,37.111,37.315,36.771,36.85,138493.98
1775451600000,36.85,37.008,36.772,36.985,53065.89
1775455200000,36.985,37.049,36.737,36.944,77665.32
1775458800000,36.944,37.156,36.832,37.139,89064.66
1775462400000,37.139,37.357,37.028,37.232,135092.64
1775466000000,37.232,37.57,37.2,37.303,154017.72
1775469600000,37.303,37.55,37.303,37.533,113423.28
1775473200000,37.533,37.533,37.128,37.223,91837.58
1775476800000,37.223,37.341,36.956,37.088,209738.31
1775480400000,37.088,37.294,37.04,37.216,75586.53
1775484000000,37.216,37.7,37.048,37.689,224546.41
1775487600000,37.689,37.699,37.429,37.663,131955.95
1775491200000,37.663,37.742,37.165,37.192,195540.26
1775494800000,37.192,37.21,36.792,36.913,319551.06
1775498400000,36.913,37.187,36.845,37.052,78437.65
1775502000000,37.052,37.364,36.97,37.3,100219.96
1775505600000,37.3,37.352,37.108,37.178,155642.62
1775509200000,37.178,37.198,36.872,36.915,95903.36
1775512800000,36.915,36.951,36.142,36.149,195647.89
1775516400000,36.149,36.356,35.94,36.276,185066.67
1775520000000,36.276,36.517,36.204,36.401,78740.89
1775523600000,36.401,36.537,36.182,36.247,84655.63
1775527200000,36.247,36.419,36.056,36.356,107132.97
1775530800000,36.356,36.455,36.338,36.386,49300.32
1775534400000,36.386,36.491,36.264,36.454,76406.72
1775538000000,36.454,36.459,36.106,36.185,80076.58
1775541600000,36.185,36.237,36.058,36.211,71980.79
1775545200000,36.211,36.29,36.063,36.192,74216.77
1775548800000,36.192,36.468,36.185,36.417,66511.97
1775552400000,36.417,36.946,36.366,36.912,178117.82
1775556000000,36.912,37.13,36.221,36.387,324677.69
1775559600000,36.387,36.432,36.191,36.385,91171.59
1775563200000,36.385,36.499,35.905,36.114,242963.38
1775566800000,36.114,36.307,35.933,35.938,164705.38
1775570400000,35.938,36.169,35.736,35.884,144688.3
1775574000000,35.884,36.2,35.859,36.038,117861.27
1775577600000,36.038,36.301,36.021,36.208,65457.8
1775581200000,36.208,36.678,36.202,36.452,130933.08
1775584800000,36.452,36.605,36.306,36.382,107639.38
1775588400000,36.382,37.188,36.373,37.159,244832.06
1775592000000,37.159,37.33,36.899,37.113,296143.5
1775595600000,37.113,37.899,37.092,37.786,315161.96
1775599200000,37.786,38.759,37.705,38.718,663837.28
1775602800000,38.718,39.186,38.403,38.597,640798.82
1775606400000,38.597,38.846,38.273,38.415,311123.86
1775610000000,38.415,38.437,38.107,38.253,110000.77
1775613600000,38.253,38.618,38.197,38.586,101580.54
1775617200000,38.586,38.656,38.256,38.275,67408.21
1775620800000,38.275,38.854,38.246,38.8,122375.02
1775624400000,38.8,39.25,38.797,39.071,201212.65
1775628000000,39.071,39.273,38.951,39.012,134374.32
1775631600000,39.012,39.399,38.793,39.366,175710.41
1775635200000,39.366,39.566,39.249,39.48,146992.25
1775638800000,39.48,39.715,39.196,39.461,238860.72
1775642400000,39.461,39.52,39.152,39.181,94454.23
1775646000000,39.181,39.434,39.05,39.256,74583.23
1775649600000,39.256,39.769,39.053,39.655,213718.31
1775653200000,39.655,39.772,39.151,39.228,258728.78
1775656800000,39.228,39.32,38.434,38.586,301424.91
1775660400000,38.586,38.91,38.53,38.835,150971.27
1775664000000,38.835,38.936,38.426,38.553,218940.7
1775667600000,38.553,38.881,38.511,38.62,185722.61
1775671200000,38.62,38.62,37.742,37.792,416352.19
1775674800000,37.792,38.072,37.743,38.072,181981.04
1775678400000,38.072,38.228,37.906,38.22,141131.36
1775682000000,38.22,39.696,38.212,39.527,588524.87
1775685600000,39.527,39.539,38.718,38.748,189344.6
1775689200000,38.748,38.882,38.47,38.734,261864.94
1775692800000,38.734,38.773,38.16,38.178,181235.31
1775696400000,38.178,38.465,38.113,38.406,118450.32
1775700000000,38.406,38.665,38.264,38.596,82800.01
1775703600000,38.596,38.674,38.328,38.664,43258.17
1775707200000,38.664,38.821,38.382,38.402,157470.57
1775710800000,38.402,38.663,38.184,38.628,133820.1
1775714400000,38.628,38.798,38.477,38.743,43166.45
1775718000000,38.743,38.896,38.629,38.719,104163.43
1775721600000,38.719,39.11,38.684,39.066,174048.58
1775725200000,39.066,39.26,38.878,39.142,113495.74
1775728800000,39.142,39.276,39.01,39.07,86931.95
1775732400000,39.07,39.086,38.733,38.801,131566.92
1775736000000,38.801,39.223,38.796,39.155,113160.25
1775739600000,39.155,39.23,38.743,38.9,189167.13
1775743200000,38.9,39.35,38.757,39.335,134739.05
1775746800000,39.335,39.816,39.186,39.545,378756.78
1775750400000,39.545,39.795,39.343,39.54,192283.3
1775754000000,39.54,40.16,39.521,40.103,274806.05
1775757600000,40.103,40.126,39.635,39.967,176933.81
1775761200000,39.967,40.272,39.91,40.009,164750.28
1775764800000,40.009,40.293,39.813,40.121,118081.07
1775768400000,40.121,40.258,39.777,39.938,95952.01
1775772000000,39.938,40.387,39.505,39.541,276931.65
1775775600000,39.541,39.655,39.305,39.442,128982.86
1775779200000,39.442,40.044,39.408,39.84,144569.43
1775782800000,39.84,40.709,39.61,40.551,237763.8
1775786400000,40.551,40.908,40.131,40.319,299306.56
1775790000000,40.319,40.403,40.11,40.128,87362.18
1775793600000,40.128,40.784,40.111,40.722,128571.71
1775797200000,40.722,40.762,40.405,40.484,78827.43
1775800800000,40.484,40.618,40.069,40.324,126197.39
1775804400000,40.324,40.482,40.002,40.024,96168.17
1775808000000,40.024,40.457,40.023,40.402,109354.76
1775811600000,40.402,41.159,40.348,40.951,212994.82
1775815200000,40.951,40.998,40.804,40.888,101234.02
1775818800000,40.888,41.175,40.879,41.095,136723.3
1775822400000,41.095,41.462,40.982,41.161,197685.34
1775826000000,41.161,41.642,41.106,41.486,181047.47
1775829600000,41.486,42.158,41.467,42.018,349833.24
1775833200000,42.018,42.3,41.646,41.69,225152.73
1775836800000,41.69,42.243,41.69,42.052,182320.09
1775840400000,42.052,42.253,41.883,42.189,139291.27
1775844000000,42.189,42.214,41.874,41.92,109153.96
1775847600000,41.92,42.015,41.537,41.653,178470.71
1775851200000,41.653,41.818,41.359,41.544,207180.68
1775854800000,41.544,41.658,41.225,41.591,178809.44
1775858400000,41.591,41.745,41.404,41.72,81556.78
1775862000000,41.72,41.72,41.488,41.572,39075.54
1775865600000,41.572,41.828,41.44,41.763,65272.76
1775869200000,41.763,42.108,41.596,42.036,83324.7
1775872800000,42.036,42.056,41.685,41.73,91015.15
1775876400000,41.73,41.872,41.696,41.803,30647.44
1775880000000,41.803,41.97,41.625,41.934,43566.99
1775883600000,41.934,41.943,41.521,41.769,64209.9
1775887200000,41.769,42.18,41.734,42.127,87658.63
1775890800000,42.127,42.656,42.044,42.498,154221.65
1775894400000,42.498,42.526,42.2,42.218,69120.37
1775898000000,42.218,42.55,42.2,42.453,69696.75
1775901600000,42.453,42.472,42.066,42.18,84073.36
1775905200000,42.18,42.435,42.03,42.365,121144.75
1775908800000,42.365,42.51,42.238,42.328,39963.67
1775912400000,42.328,42.339,41.924,42.126,117509.28
1775916000000,42.126,42.267,41.77,41.827,120746.97
1775919600000,41.827,42.014,41.725,41.849,81624.27
1775923200000,41.849,42.304,41.834,42.16,97478.58
1775926800000,42.16,42.539,41.997,42.539,112224.64
1775930400000,42.539,42.862,42.259,42.583,245961.58
1775934000000,42.583,43.155,42.449,42.967,268718.78
1775937600000,42.967,43.0,42.455,42.505,127395.86
1775941200000,42.505,42.624,42.346,42.493,87578.8
1775944800000,42.493,42.995,42.222,42.26,183029.13
1775948400000,42.26,42.332,42.008,42.239,95388.04
1775952000000,42.239,42.739,42.192,42.701,60117.62
1775955600000,42.701,42.794,41.043,41.085,340462.27
1775959200000,41.085,41.447,40.954,41.249,182606.26
1775962800000,41.249,41.287,40.974,41.028,53179.3
1775966400000,41.028,41.046,40.622,40.844,174799.48
1775970000000,40.844,41.122,40.774,40.932,124816.71
1775973600000,40.932,41.004,40.596,40.723,117349.39
1775977200000,40.723,40.848,40.527,40.738,81238.88
1775980800000,40.738,40.878,40.709,40.784,45332.22
1775984400000,40.784,40.93,40.666,40.887,38076.58
1775988000000,40.887,40.92,40.465,40.495,106755.37
1775991600000,40.495,40.617,40.347,40.385,86598.92
1775995200000,40.385,40.526,40.244,40.281,192656.31
1775998800000,40.281,40.548,40.187,40.224,195723.44
1776002400000,40.224,40.845,40.157,40.497,300741.63
1776006000000,40.497,40.869,40.445,40.789,142734.49
1776009600000,40.789,41.353,40.761,41.051,220995.96
1776013200000,41.051,41.216,40.956,41.137,66592.51
1776016800000,41.137,41.318,40.894,40.953,91909.19
1776020400000,40.953,41.134,40.861,41.072,64143.68
1776024000000,41.072,41.249,40.909,41.096,59522.41
1776027600000,41.096,41.181,40.71,40.834,69258.28
1776031200000,40.834,40.939,40.428,40.935,197155.96
1776034800000,40.935,40.938,40.685,40.824,57107.19
1776038400000,40.824,41.138,40.765,41.069,68973.51
1776042000000,41.069,41.996,41.068,41.878,281797.62
1776045600000,41.878,41.916,41.54,41.603,86127.46
1776049200000,41.603,41.779,41.508,41.524,78590.59
1776052800000,41.524,41.678,41.251,41.277,69881.91
1776056400000,41.277,41.314,40.998,41.135,135921.83
1776060000000,41.135,41.66,41.118,41.483,117843.4
1776063600000,41.483,41.512,41.034,41.215,78662.74
1776067200000,41.215,41.377,41.066,41.322,84486.06
1776070800000,41.322,41.774,41.317,41.593,97324.6
1776074400000,41.593,41.645,41.38,41.559,100965.74
1776078000000,41.559,41.867,41.52,41.805,90436.19
1776081600000,41.805,41.9,41.49,41.849,99072.28
1776085200000,41.849,42.807,41.849,42.706,371645.76
1776088800000,42.706,42.848,42.183,42.676,285086.49
1776092400000,42.676,42.682,41.922,42.415,275096.24
1776096000000,42.415,43.178,42.141,43.119,446271.93
1776099600000,43.119,43.648,42.943,43.231,338323.68
1776103200000,43.231,43.868,43.178,43.77,272421.99
1776106800000,43.77,44.0,43.491,43.582,299200.63
1776110400000,43.582,43.62,43.077,43.41,197624.51
1776114000000,43.41,43.809,43.314,43.468,120520.14
1776117600000,43.468,44.551,43.463,44.421,375510.73
1776121200000,44.421,44.527,44.086,44.28,225129.45
1776124800000,44.28,44.816,44.092,44.675,224056.64
1776128400000,44.675,44.925,44.4,44.785,117571.52
1776132000000,44.785,44.97,44.523,44.687,111337.83
1776135600000,44.687,44.751,44.281,44.639,148257.95
1776139200000,44.639,44.978,44.42,44.918,85403.94
1776142800000,44.918,44.982,44.46,44.77,135636.44
1776146400000,44.77,44.884,44.613,44.743,89984.12
1776150000000,44.743,44.823,44.423,44.483,111537.61
1776153600000,44.483,45.271,44.355,44.964,266455.94
1776157200000,44.964,45.08,44.719,44.85,117357.61
1776160800000,44.85,44.994,44.75,44.843,70026.34
1776164400000,44.843,45.045,44.608,44.763,90194.38
1776168000000,44.763,45.039,44.676,44.903,61735.96
1776171600000,44.903,45.15,44.357,44.41,280460.89
1776175200000,44.41,44.488,43.575,43.668,615589.39
1776178800000,43.668,43.9,43.257,43.47,351907.58
1776182400000,43.47,43.829,43.123,43.259,297425.56
1776186000000,43.259,43.43,43.053,43.399,216494.55
1776189600000,43.399,43.52,43.002,43.366,197061.38
1776193200000,43.366,43.624,43.106,43.34,162872.1
1776196800000,43.34,43.482,43.0,43.06,110214.83
1776200400000,43.06,43.257,42.882,43.23,119072.72
1776204000000,43.23,43.446,43.215,43.326,99622.91
1776207600000,43.326,43.517,43.277,43.493,50083.52
1776211200000,43.493,43.752,43.394,43.723,111687.39
1776214800000,43.723,44.262,43.684,44.208,156955.7
1776218400000,44.208,44.47,43.936,44.144,123072.78
1776222000000,44.144,44.169,43.771,43.948,71600.95
1776225600000,43.948,44.057,43.534,43.827,89203.28
1776229200000,43.827,43.925,43.229,43.288,157478.15
1776232800000,43.288,43.582,43.205,43.4,142913.34
1776236400000,43.4,43.52,43.079,43.321,150527.62
1776240000000,43.321,43.689,43.19,43.512,145921.31
1776243600000,43.512,43.778,43.379,43.763,94056.45
1776247200000,43.763,44.005,43.462,43.748,176055.72
1776250800000,43.748,44.225,43.684,44.182,141037.63
1776254400000,44.182,44.476,44.139,44.229,191585.76
1776258000000,44.229,44.675,43.959,44.226,200100.51
1776261600000,44.226,44.746,44.174,44.556,238664.34
1776265200000,44.556,44.702,44.273,44.55,172452.85
1776268800000,44.55,45.027,44.386,44.493,194653.72
1776272400000,44.493,44.633,44.198,44.299,141899.24
1776276000000,44.299,44.838,44.179,44.746,170121.1
1776279600000,44.746,45.43,44.7,44.836,221891.59
1776283200000,44.836,44.874,44.25,44.469,193510.41
1776286800000,44.469,44.89,44.457,44.768,124665.29
1776290400000,44.768,44.99,44.611,44.619,98550.36
1776294000000,44.619,44.703,44.399,44.617,102296.61
1776297600000,44.617,44.664,44.323,44.415,92826.37
1776301200000,44.415,44.505,44.036,44.472,192335.69
1776304800000,44.472,44.899,44.318,44.657,145490.51
1776308400000,44.657,45.212,44.598,44.813,131331.01
1776312000000,44.813,45.194,44.78,45.092,86274.35
1776315600000,45.092,45.797,44.92,45.525,224922.78
1776319200000,45.525,45.65,45.26,45.418,130707.65
1776322800000,45.418,45.487,45.042,45.252,120535.12
1776326400000,45.252,45.362,44.945,45.245,103445.6
1776330000000,45.245,45.447,45.075,45.299,142305.82
1776333600000,45.299,45.438,45.054,45.378,144718.76
1776337200000,45.378,45.413,44.425,44.591,283320.81
1776340800000,44.591,45.061,44.539,44.998,138036.64
1776344400000,44.998,45.09,44.25,44.666,331425.63
1776348000000,44.666,44.729,44.239,44.461,337425.97
1776351600000,44.461,45.062,44.434,44.715,236781.52
1776355200000,44.715,44.854,43.777,43.955,254281.65
1776358800000,43.955,44.027,43.488,43.712,475265.87
1776362400000,43.712,43.999,43.409,43.966,187298.97
1776366000000,43.966,44.195,43.64,44.07,164562.79
1776369600000,44.07,44.127,43.366,43.611,149710.46
1776373200000,43.611,43.676,43.277,43.616,106492.99
1776376800000,43.616,43.668,43.378,43.562,95653.96
1776380400000,43.562,44.004,43.515,43.789,139000.43
1776384000000,43.789,44.354,43.649,43.917,137279.97
1776387600000,43.917,43.947,43.635,43.772,72358.38
1776391200000,43.772,43.775,43.01,43.28,204907.79
1776394800000,43.28,43.489,43.128,43.264,75946.65
1776398400000,43.264,43.61,43.232,43.486,39141.75
1776402000000,43.486,43.572,43.26,43.486,69309.52
1776405600000,43.486,43.867,43.378,43.713,107106.3
1776409200000,43.713,43.938,43.429,43.861,153714.41
1776412800000,43.861,44.318,43.699,44.114,165035.25
1776416400000,44.114,44.43,43.92,44.203,183944.09
1776420000000,44.203,44.242,43.226,43.352,235038.2
1776423600000,43.352,43.629,43.341,43.618,112168.17
1776427200000,43.618,44.12,43.521,44.1,117818.61
1776430800000,44.1,44.951,44.008,44.929,607761.3
1776434400000,44.929,45.055,44.414,44.881,213760.99
1776438000000,44.881,45.258,44.62,45.232,268650.97
1776441600000,45.232,45.539,45.029,45.1,201475.45
1776445200000,45.1,45.188,44.383,44.561,179238.2
1776448800000,44.561,44.643,43.97,44.123,236819.34
1776452400000,44.123,44.402,43.936,44.372,63431.56
1776456000000,44.372,44.665,44.072,44.648,93773.07
1776459600000,44.648,44.798,44.377,44.542,58008.34
1776463200000,44.542,44.853,44.448,44.696,96159.02
1776466800000,44.696,44.723,44.33,44.613,67167.9
1776470400000,44.613,44.87,44.452,44.861,87162.16
1776474000000,44.861,45.196,44.75,44.957,86537.22
1776477600000,44.957,45.184,44.926,45.14,53844.73
1776481200000,45.14,45.423,45.048,45.111,72051.09
1776484800000,45.111,45.148,44.782,44.973,208182.89
1776488400000,44.973,45.053,44.723,44.783,56784.05
1776492000000,44.783,44.918,44.686,44.798,54388.99
1776495600000,44.798,44.811,44.57,44.579,43082.52
1776499200000,44.579,44.99,44.294,44.989,219351.29
1776502800000,44.989,45.113,44.569,44.764,225797.65
1776506400000,44.764,44.776,44.365,44.46,84133.75
1776510000000,44.46,44.472,44.012,44.284,115989.38
1776513600000,44.284,44.472,43.951,44.223,123408.63
1776517200000,44.223,44.322,43.98,44.054,76504.37
1776520800000,44.054,44.442,44.032,44.34,66237.05
1776524400000,44.34,44.642,44.232,44.564,60477.94
1776528000000,44.564,44.676,44.093,44.214,98654.66
1776531600000,44.214,44.281,44.083,44.167,19239.52
1776535200000,44.167,44.272,43.97,44.149,71333.03
1776538800000,44.149,44.308,43.689,43.979,122189.56
1776542400000,43.979,44.131,43.877,44.097,42207.4
1776546000000,44.097,44.184,43.923,44.156,26343.78
1776549600000,44.156,44.238,44.037,44.163,25260.33
1776553200000,44.163,44.282,43.726,43.762,49475.06
1776556800000,43.762,43.93,43.36,43.654,108290.92
1776560400000,43.654,43.71,43.334,43.545,66292.58
1776564000000,43.545,43.616,43.143,43.317,110668.09
1776567600000,43.317,43.458,43.152,43.325,87777.83
1776571200000,43.325,43.619,43.3,43.582,77418.61
1776574800000,43.582,43.662,43.412,43.449,40266.43
1776578400000,43.449,43.452,43.161,43.435,62791.81
1776582000000,43.435,43.442,42.869,43.124,232525.19
1776585600000,43.124,43.326,43.062,43.281,58278.0
1776589200000,43.281,43.318,42.703,42.888,152909.11
1776592800000,42.888,43.066,42.787,43.036,69295.91
1776596400000,43.036,43.443,42.873,43.374,242309.17
1776600000000,43.374,43.55,43.112,43.504,152530.01
1776603600000,43.504,43.917,43.426,43.57,316391.31
1776607200000,43.57,43.655,43.384,43.542,76192.49
1776610800000,43.542,43.642,43.252,43.349,86410.26
1776614400000,43.349,43.373,43.037,43.151,91296.08
1776618000000,43.151,43.175,41.723,41.883,504411.29
1776621600000,41.883,41.952,41.322,41.42,679970.87
1776625200000,41.42,41.651,41.412,41.534,100480.09
1776628800000,41.534,41.597,41.134,41.375,146909.54
1776632400000,41.375,41.5,41.004,41.052,72916.07
1776636000000,41.052,41.362,40.793,41.046,214780.57
1776639600000,41.046,41.067,40.499,40.684,231165.43
1776643200000,40.684,41.297,40.68,41.179,228502.08
1776646800000,41.179,41.584,41.165,41.555,212744.07
1776650400000,41.555,41.562,40.972,40.985,80922.53
1776654000000,40.985,41.388,40.845,41.197,96419.84
1776657600000,41.197,41.237,40.901,40.958,86866.61
1776661200000,40.958,41.123,40.689,41.028,95620.74
1776664800000,41.028,41.478,40.937,41.123,94043.21
1776668400000,41.123,41.555,40.743,40.887,208638.92
1776672000000,40.887,41.028,40.67,40.855,98145.73
1776675600000,40.855,41.24,40.819,41.003,104703.77
1776679200000,41.003,41.253,40.895,40.919,77361.24
1776682800000,40.919,41.202,40.873,41.168,73748.17
1776686400000,41.168,41.568,41.11,41.391,275888.11
1776690000000,41.391,41.412,40.956,41.154,157968.88
1776693600000,41.154,41.791,40.854,40.969,311481.08
1776697200000,40.969,41.609,40.505,41.18,558349.87
1776700800000,41.18,41.22,40.678,40.749,163267.6
1776704400000,40.749,41.531,40.666,41.242,265164.21
1776708000000,41.242,41.617,41.11,41.372,138709.95
1776711600000,41.372,41.431,41.108,41.295,35116.23
1776715200000,41.295,41.555,41.115,41.416,113567.9
1776718800000,41.416,41.531,40.912,40.977,118064.36
1776722400000,40.977,41.12,40.766,40.936,70180.99
1776726000000,40.936,40.938,40.506,40.683,101864.98
1776729600000,40.683,40.704,40.331,40.538,245404.14
1776733200000,40.538,40.979,40.453,40.818,161708.88
1776736800000,40.818,40.866,40.578,40.803,54848.61
1776740400000,40.803,41.401,40.684,41.222,142306.66
1776744000000,41.222,41.348,40.879,41.111,121587.22
1776747600000,41.111,41.294,40.955,41.001,106944.69
1776751200000,41.001,41.12,40.725,40.941,60886.42
1776754800000,40.941,40.963,40.609,40.877,151068.25
1776758400000,40.877,41.27,40.77,40.914,124672.77
1776762000000,40.914,40.928,40.524,40.772,188923.68
1776765600000,40.772,41.226,40.759,41.055,149526.19
1776769200000,41.055,41.104,40.798,40.861,86198.74
1776772800000,40.861,40.861,40.42,40.696,182820.8
1776776400000,40.696,40.744,40.056,40.402,261361.33
1776780000000,40.402,40.659,40.057,40.076,156900.71
1776783600000,40.076,40.299,39.735,39.991,286497.86
1776787200000,39.991,40.098,39.56,39.981,262712.64
1776790800000,39.981,40.0,39.45,39.504,249297.69
1776794400000,39.504,39.6,39.033,39.249,291295.12
1776798000000,39.249,39.344,38.874,38.947,218816.47
1776801600000,38.947,39.72,38.887,39.307,327812.45
1776805200000,39.307,39.48,39.093,39.36,147512.03
1776808800000,39.36,39.573,39.324,39.492,71247.82
1776812400000,39.492,39.909,39.483,39.738,89741.24
1776816000000,39.738,40.016,39.66,39.921,109450.17
1776819600000,39.921,39.98,39.6,39.766,53159.38
1776823200000,39.766,40.634,39.74,40.4,251829.31
1776826800000,40.4,40.625,39.87,40.068,142699.77
1776830400000,40.068,40.338,39.928,40.328,65555.42
1776834000000,40.328,40.633,40.191,40.26,227550.23
1776837600000,40.26,40.485,40.137,40.457,192034.95
1776841200000,40.457,40.624,40.269,40.367,94987.94
1776844800000,40.367,40.59,40.28,40.475,94514.41
1776848400000,40.475,40.636,40.425,40.483,81058.11
1776852000000,40.483,41.033,40.438,40.966,225212.16
1776855600000,40.966,41.097,40.726,41.014,130462.77
1776859200000,41.014,41.252,40.93,41.16,185880.33
1776862800000,41.16,41.494,41.057,41.244,216744.69
1776866400000,41.244,41.392,40.854,41.045,314177.1
1776870000000,41.045,41.201,40.623,40.945,173745.17
1776873600000,40.945,41.154,40.805,40.878,99507.5
1776877200000,40.878,41.088,40.723,40.851,77227.01
1776880800000,40.851,41.41,40.738,41.148,106430.94
1776884400000,41.148,41.253,40.886,40.92,106059.33
1776888000000,40.92,41.332,40.801,40.887,116266.94
1776891600000,40.887,41.714,40.876,41.615,110102.39
1776895200000,41.615,41.615,41.153,41.281,128288.75
1776898800000,41.281,41.405,40.915,41.128,139918.9
1776902400000,41.128,41.369,40.802,41.281,165138.9
1776906000000,41.281,41.396,40.932,41.041,62832.79
1776909600000,41.041,41.131,40.752,40.92,85091.44
1776913200000,40.92,41.009,40.521,40.652,95458.41
1776916800000,40.652,41.008,40.54,40.97,60939.16
1776920400000,40.97,41.098,40.745,40.973,76123.56
1776924000000,40.973,41.166,40.898,40.917,81446.44
1776927600000,40.917,41.251,40.863,41.212,102634.47
1776931200000,41.212,41.265,40.962,41.057,92516.59
1776934800000,41.057,41.079,40.753,40.798,108982.8
1776938400000,40.798,40.869,40.481,40.795,231917.67
1776942000000,40.795,41.354,40.789,41.054,241748.26
1776945600000,41.054,41.296,41.011,41.218,105881.79
1776949200000,41.218,41.318,41.059,41.225,83359.33
1776952800000,41.225,41.607,41.137,41.548,172521.27
1776956400000,41.548,41.875,41.4,41.804,191609.01
1776960000000,41.804,41.846,41.446,41.461,83465.78
1776963600000,41.461,41.492,40.663,41.17,331808.05
1776967200000,41.17,41.404,41.136,41.218,135321.61
1776970800000,41.218,41.253,40.778,40.93,108345.45
1776974400000,40.93,41.189,40.897,41.1,68143.01
1776978000000,41.1,41.319,40.998,41.115,57342.54
1776981600000,41.115,41.293,41.112,41.196,35573.86
1776985200000,41.196,41.289,41.165,41.27,18315.33
1776988800000,41.27,41.374,41.143,41.322,57838.82
1776992400000,41.322,41.393,41.059,41.388,38275.66
1776996000000,41.388,41.478,41.148,41.189,43753.17
1776999600000,41.189,41.196,40.826,41.038,64079.66
1777003200000,41.038,41.093,40.837,41.004,37393.81
1777006800000,41.004,41.183,40.885,41.103,40734.82
1777010400000,41.103,41.172,40.979,41.146,29101.53
1777014000000,41.146,41.222,40.928,40.984,47782.3
1777017600000,40.984,41.089,40.922,40.997,60305.86
1777021200000,40.997,41.018,40.6,40.713,108120.1
1777024800000,40.713,40.867,40.652,40.796,68981.0
1777028400000,40.796,41.122,40.791,41.005,129959.43
1777032000000,41.005,41.086,40.775,41.016,84013.39
1777035600000,41.016,41.149,40.825,40.85,94257.9
1777039200000,40.85,40.97,40.666,40.949,170723.92
1777042800000,40.949,41.175,40.822,41.155,138296.17
1777046400000,41.155,41.217,40.947,41.043,76657.25
1777050000000,41.043,41.154,40.987,41.054,64491.76
1777053600000,41.054,41.304,40.836,41.236,78289.74
1777057200000,41.236,41.285,41.115,41.236,51648.71
1777060800000,41.236,41.462,41.211,41.418,89393.6
1777064400000,41.418,41.418,41.162,41.233,65587.52
1777068000000,41.233,41.265,41.083,41.185,135444.24
1777071600000,41.185,41.23,41.043,41.125,31664.23
1777075200000,41.125,41.176,40.975,41.147,51384.75
1777078800000,41.147,41.176,40.959,41.077,69208.97
1777082400000,41.077,41.227,41.029,41.133,37624.88
1777086000000,41.133,41.21,41.05,41.156,31189.47
1777089600000,41.156,41.197,41.032,41.045,18465.35
1777093200000,41.045,41.129,40.983,41.109,22775.04
1777096800000,41.109,41.234,41.103,41.21,23112.56
1777100400000,41.21,41.275,41.124,41.208,36199.59
1777104000000,41.208,41.285,41.101,41.246,49759.42
1777107600000,41.246,41.729,41.228,41.551,151687.6
1777111200000,41.551,41.835,41.524,41.809,89326.13
1777114800000,41.809,41.86,41.473,41.699,99540.68
1777118400000,41.699,41.717,41.305,41.324,97538.63
1777122000000,41.324,41.649,41.288,41.444,84093.93
1777125600000,41.444,41.61,41.301,41.487,70736.92
1777129200000,41.487,41.638,41.371,41.389,57913.32
1777132800000,41.389,41.468,40.82,40.974,183931.52
1777136400000,40.974,41.175,40.973,41.063,43769.78
1777140000000,41.063,41.318,41.047,41.24,51198.39
1777143600000,41.24,41.302,41.112,41.162,49966.12
1777147200000,41.162,41.425,41.062,41.395,81958.4
1777150800000,41.395,41.47,41.282,41.427,69207.42
1777154400000,41.427,41.45,41.363,41.388,31559.57
1777158000000,41.388,41.487,41.336,41.472,41170.74
1777161600000,41.472,41.492,41.18,41.262,49579.15
1777165200000,41.262,41.436,41.221,41.367,34105.17
1777168800000,41.367,41.526,41.367,41.48,35373.09
1777172400000,41.48,41.481,41.224,41.256,28061.22
1777176000000,41.256,41.422,41.21,41.365,33067.24
1777179600000,41.365,41.534,41.102,41.111,80469.27
1777183200000,41.111,41.481,41.111,41.28,103138.49
1777186800000,41.28,41.316,41.154,41.221,32478.18
1777190400000,41.221,41.314,41.074,41.104,67272.85
1777194000000,41.104,41.211,41.079,41.193,47455.31
1777197600000,41.193,41.239,41.084,41.122,31380.92
1777201200000,41.122,41.193,41.086,41.118,37176.07
1777204800000,41.118,41.126,40.944,40.967,53511.82
1777208400000,40.967,41.148,40.919,41.13,65306.42
1777212000000,41.13,41.305,41.008,41.259,95071.6
1777215600000,41.259,41.36,41.194,41.343,49393.62
1777219200000,41.343,41.396,41.181,41.276,53636.31
1777222800000,41.276,41.422,41.215,41.407,36299.83
1777226400000,41.407,41.724,41.389,41.627,136320.56
1777230000000,41.627,42.052,41.523,41.965,154306.81
1777233600000,41.965,42.07,41.763,41.878,100873.83
1777237200000,41.878,42.172,41.851,42.003,104972.35
1777240800000,42.003,42.359,41.884,42.264,166487.84
1777244400000,42.264,42.584,42.175,42.424,174076.07
1777248000000,42.424,42.812,42.278,42.804,128795.45
1777251600000,42.804,42.872,42.478,42.836,97145.89
1777255200000,42.836,43.092,42.733,42.99,100606.79
1777258800000,42.99,43.567,42.947,43.314,222528.92
1777262400000,43.314,43.363,43.016,43.152,101448.86
1777266000000,43.152,43.152,42.288,42.602,260752.18
1777269600000,42.602,42.696,42.206,42.619,170790.56
1777273200000,42.619,42.67,42.304,42.338,89461.13
1777276800000,42.338,42.651,42.19,42.412,183133.36
1777280400000,42.412,42.49,42.239,42.373,122078.46
1777284000000,42.373,42.407,42.206,42.221,53867.44
1777287600000,42.221,42.4,42.126,42.358,79075.79
1777291200000,42.358,42.386,42.085,42.287,83961.76
1777294800000,42.287,42.541,42.141,42.308,139066.9
1777298400000,42.308,42.922,42.274,42.543,187670.59
1777302000000,42.543,42.558,41.56,41.684,440676.13
1777305600000,41.684,41.809,41.396,41.691,225137.85
1777309200000,41.691,41.785,41.53,41.721,60300.38
1777312800000,41.721,41.837,41.556,41.56,64252.92
1777316400000,41.56,41.602,41.258,41.592,101146.45
1777320000000,41.592,41.666,41.391,41.445,71885.06
1777323600000,41.445,41.478,41.254,41.333,59385.78
1777327200000,41.333,41.562,41.292,41.427,51682.7
1777330800000,41.427,41.654,41.348,41.647,54672.3
1777334400000,41.647,41.817,41.617,41.68,91928.18
1777338000000,41.68,41.695,41.368,41.369,89131.21
1777341600000,41.369,41.491,40.768,40.978,149949.49
1777345200000,40.978,41.109,40.8,41.021,51698.5
1777348800000,41.021,41.27,40.991,41.161,62325.54
1777352400000,41.161,41.327,41.119,41.142,76438.6
1777356000000,41.142,41.351,40.411,40.504,316225.98
1777359600000,40.504,40.693,40.147,40.59,347355.46
1777363200000,40.59,40.682,40.264,40.55,156635.59
1777366800000,40.55,40.567,40.163,40.324,88201.58
1777370400000,40.324,40.325,39.705,39.752,225716.79
1777374000000,39.752,40.23,39.668,40.118,210968.19
1777377600000,40.118,40.121,39.9,40.028,100749.7
1777381200000,40.028,40.208,39.603,39.967,266390.66
1777384800000,39.967,40.014,39.5,39.864,184551.57
1777388400000,39.864,39.979,39.53,39.725,174388.07
1777392000000,39.725,39.891,39.43,39.703,141904.56
1777395600000,39.703,39.827,39.446,39.682,129286.61
1777399200000,39.682,39.96,39.628,39.942,70404.2
1777402800000,39.942,40.135,39.789,40.091,122813.59
1777406400000,40.091,40.104,39.808,39.855,170412.72
1777410000000,39.855,40.024,39.8,39.922,169559.45
1777413600000,39.922,40.085,39.922,39.975,48797.06
1777417200000,39.975,40.188,39.938,40.16,50411.11
1777420800000,40.16,40.161,39.916,40.034,43389.54
1777424400000,40.034,40.258,39.903,40.199,64391.67
1777428000000,40.199,40.221,39.993,40.166,82580.02
1777431600000,40.166,40.566,40.101,40.296,185377.94
1777435200000,40.296,40.725,40.108,40.608,262923.35
1777438800000,40.608,40.791,40.374,40.747,225046.48
1777442400000,40.747,40.92,40.445,40.542,124604.51
1777446000000,40.542,40.735,40.493,40.521,115056.11
1777449600000,40.521,40.602,40.33,40.34,109078.53
1777453200000,40.34,40.636,40.254,40.57,130841.07
1777456800000,40.57,40.685,40.372,40.52,98882.2
1777460400000,40.52,40.655,40.171,40.35,165499.15
1777464000000,40.35,40.388,39.812,40.028,193987.29
1777467600000,40.028,40.07,39.573,39.728,175641.34
1777471200000,39.728,40.042,39.52,39.867,166767.58
1777474800000,39.867,39.936,39.339,39.559,238878.41
1777478400000,39.559,39.812,39.308,39.426,169607.71
1777482000000,39.426,39.751,39.261,39.751,153733.25
1777485600000,39.751,39.761,39.15,39.66,312378.06
1777489200000,39.66,39.947,39.582,39.928,175356.76
1777492800000,39.928,40.018,39.724,39.724,64983.08
1777496400000,39.724,40.099,39.672,40.089,126503.56
1777500000000,40.089,40.165,39.902,39.947,39002.2
1777503600000,39.947,40.035,39.836,39.932,31958.84
1777507200000,39.932,40.337,39.78,40.18,109741.83
1777510800000,40.18,40.288,40.029,40.158,82496.7
1777514400000,40.158,40.264,39.466,39.654,125907.68
1777518000000,39.654,39.776,39.527,39.669,65695.85
1777521600000,39.669,39.679,39.214,39.36,106289.82
1777525200000,39.36,39.534,39.286,39.437,127267.92
1777528800000,39.437,39.611,39.407,39.574,56052.11
1777532400000,39.574,39.659,39.425,39.517,46656.09
1777536000000,39.517,39.575,39.212,39.299,108091.14
1777539600000,39.299,39.329,38.967,39.04,157489.06
1777543200000,39.04,39.161,38.821,38.982,147757.82
1777546800000,38.982,39.17,38.678,38.861,189504.57
1777550400000,38.861,39.119,38.741,39.022,128259.7
1777554000000,39.022,39.38,38.95,39.126,168386.52
1777557600000,39.126,39.333,39.002,39.209,109524.1
1777561200000,39.209,39.436,38.922,39.222,135031.89
1777564800000,39.222,39.383,39.047,39.152,88874.28
1777568400000,39.152,39.304,39.014,39.191,86500.52
1777572000000,39.191,39.322,38.891,39.119,104696.67
1777575600000,39.119,39.257,39.023,39.236,44249.62
1777579200000,39.236,39.34,39.037,39.311,83392.55
1777582800000,39.311,39.5,39.299,39.479,64816.36
1777586400000,39.479,39.61,39.435,39.542,63342.92
1777590000000,39.542,39.716,39.517,39.681,53544.44
1777593600000,39.681,40.23,39.662,39.967,196267.74
1777597200000,39.967,40.445,39.958,40.291,133139.0
1777600800000,40.291,40.407,40.18,40.315,65921.46
1777604400000,40.315,40.49,40.216,40.304,83478.65
1777608000000,40.304,40.389,40.224,40.319,43636.87
1777611600000,40.319,40.34,40.06,40.138,73332.05
1777615200000,40.138,40.217,39.72,39.891,163513.73
1777618800000,39.891,39.959,39.785,39.894,88478.0
1777622400000,39.894,40.657,39.871,40.52,274400.61
1777626000000,40.52,40.861,40.405,40.86,126891.15
1777629600000,40.86,40.9,40.579,40.672,143958.11
1777633200000,40.672,40.728,40.478,40.678,79226.59
1777636800000,40.678,41.057,40.492,40.721,223059.42
1777640400000,40.721,41.019,40.695,40.884,167742.07
1777644000000,40.884,40.961,40.572,40.816,142252.96
1777647600000,40.816,41.152,40.734,40.964,159766.44
1777651200000,40.964,41.074,40.636,40.769,179972.11
1777654800000,40.769,41.119,40.71,41.026,95693.3
1777658400000,41.026,41.145,40.912,40.95,102194.25
1777662000000,40.95,40.994,40.833,40.938,74594.26
1777665600000,40.938,40.974,40.667,40.764,71362.87
1777669200000,40.764,41.04,40.748,41.002,79584.46
1777672800000,41.002,41.142,40.87,40.95,65416.75
1777676400000,40.95,41.194,40.884,41.138,69913.06
1777680000000,41.138,41.28,40.989,41.261,64604.93
1777683600000,41.261,41.286,41.065,41.267,71187.55
1777687200000,41.267,41.376,41.112,41.26,73163.31
1777690800000,41.26,41.445,41.148,41.386,62118.05
1777694400000,41.386,41.499,41.277,41.439,96312.54
1777698000000,41.439,41.449,41.179,41.329,92722.13
1777701600000,41.329,41.433,41.185,41.433,51347.54
1777705200000,41.433,41.718,41.408,41.698,93212.89
1777708800000,41.698,42.105,41.667,42.061,242100.94
1777712400000,42.061,42.433,41.912,41.917,261344.94
1777716000000,41.917,41.926,41.607,41.666,129335.07
1777719600000,41.666,41.774,41.45,41.51,86598.45
1777723200000,41.51,41.676,41.494,41.579,65740.02
1777726800000,41.579,41.74,41.541,41.568,75634.33
1777730400000,41.568,41.582,41.259,41.544,107628.73
1777734000000,41.544,41.682,41.372,41.562,59979.35
1777737600000,41.562,41.693,41.555,41.657,43561.83
1777741200000,41.657,41.712,41.424,41.511,37244.51
1777744800000,41.511,41.829,41.43,41.785,96646.59
1777748400000,41.785,41.85,41.552,41.589,62381.13
1777752000000,41.589,41.593,41.359,41.486,61306.47
1777755600000,41.486,41.633,41.307,41.365,83858.43
1777759200000,41.365,41.448,41.234,41.347,73702.0
1777762800000,41.347,41.365,41.243,41.246,39548.21
1777766400000,41.246,41.359,41.13,41.179,47873.61
1777770000000,41.179,41.235,40.923,41.097,109319.81
1777773600000,41.097,41.202,40.944,40.945,65015.08
1777777200000,40.945,41.079,40.843,41.028,74818.84
1777780800000,41.028,41.119,40.873,40.938,55197.9
1777784400000,40.938,41.117,40.924,40.96,50907.46
1777788000000,40.96,40.975,40.783,40.943,65002.61
1777791600000,40.943,41.05,40.861,41.014,53937.99
1777795200000,41.014,41.112,40.883,41.109,55172.85
1777798800000,41.109,41.302,40.963,41.124,157902.02
1777802400000,41.124,41.16,40.988,41.03,52504.69
1777806000000,41.03,41.178,40.91,40.966,95236.16
1777809600000,40.966,41.163,40.966,41.135,57290.07
1777813200000,41.135,41.14,40.902,40.98,85439.18
1777816800000,40.98,41.188,40.813,40.815,63963.92
1777820400000,40.815,40.994,40.707,40.734,75335.74
1777824000000,40.734,41.04,40.617,40.975,131634.02
1777827600000,40.975,41.173,40.929,41.098,80342.77
1777831200000,41.098,41.193,40.967,41.183,37959.65
1777834800000,41.183,41.257,41.105,41.21,31981.24
1777838400000,41.21,41.384,41.174,41.329,63938.29
1777842000000,41.329,41.329,41.044,41.175,77776.64
1777845600000,41.175,41.681,41.131,41.598,133391.4
1777849200000,41.598,41.724,41.331,41.536,93601.13
1777852800000,41.536,41.539,41.151,41.327,102327.15
1777856400000,41.327,41.54,40.93,41.531,169442.94
1777860000000,41.531,42.014,41.381,41.918,311195.65
1777863600000,41.918,42.207,41.867,42.17,108689.43
1777867200000,42.17,42.592,41.864,42.478,336677.94
1777870800000,42.478,42.564,42.067,42.068,108273.07
1777874400000,42.068,42.116,41.655,41.896,144892.26
1777878000000,41.896,42.035,41.758,41.826,82241.16
1777881600000,41.826,41.852,41.6,41.631,99228.04
1777885200000,41.631,41.926,41.568,41.902,70821.97
1777888800000,41.902,41.921,41.035,41.383,424016.5
1777892400000,41.383,41.462,41.188,41.323,134958.08
1777896000000,41.323,41.522,41.272,41.276,60931.59
1777899600000,41.276,41.276,40.856,40.938,196148.36
1777903200000,40.938,41.703,40.89,41.622,204523.88
1777906800000,41.622,41.622,41.027,41.35,201665.2
1777910400000,41.35,41.51,41.09,41.34,108838.39
1777914000000,41.34,41.75,41.33,41.564,125043.78
1777917600000,41.564,41.598,41.316,41.414,66299.03
1777921200000,41.414,41.606,41.312,41.582,58750.13
1777924800000,41.582,41.686,41.506,41.622,79310.5
1777928400000,41.622,42.474,41.619,42.316,283968.3
1777932000000,42.316,42.467,42.005,42.073,108253.34
1777935600000,42.073,42.077,41.762,41.786,51690.61
1777939200000,41.786,42.06,41.745,42.027,86341.68
1777942800000,42.027,42.199,41.969,42.149,76621.72
1777946400000,42.149,42.323,41.996,42.104,120115.5
1777950000000,42.104,42.445,41.949,42.434,57395.6
1777953600000,42.434,42.626,42.232,42.521,120170.43
1777957200000,42.521,42.958,42.374,42.805,184107.79
1777960800000,42.805,43.224,42.608,43.216,170165.49
1777964400000,43.216,43.258,43.065,43.203,91583.0
1777968000000,43.203,43.255,42.815,43.153,176335.11
1777971600000,43.153,43.225,42.708,42.984,247544.54
1777975200000,42.984,43.754,42.804,43.729,207288.32
1777978800000,43.729,43.85,43.54,43.812,162246.3
1777982400000,43.812,44.036,43.595,43.71,157897.67
1777986000000,43.71,43.948,43.547,43.627,164996.23
1777989600000,43.627,43.875,43.526,43.85,175203.25
1777993200000,43.85,44.289,43.801,44.004,231647.72
1777996800000,44.004,44.248,43.716,43.903,192738.2
1778000400000,43.903,44.431,43.883,44.277,209898.67
1778004000000,44.277,44.5,44.238,44.324,101175.57
1778007600000,44.324,44.366,43.922,44.012,116395.65
1778011200000,44.012,44.496,44.008,44.356,100612.6
1778014800000,44.356,44.6,44.1,44.215,131814.91
1778018400000,44.215,44.486,44.017,44.182,84587.28
1778022000000,44.182,44.232,43.466,43.682,267810.32
1778025600000,43.682,43.897,43.614,43.724,114131.18
1778029200000,43.724,44.006,43.676,43.969,82398.33
1778032800000,43.969,44.026,43.581,43.939,92952.96
1778036400000,43.939,44.191,43.884,44.14,74775.27
1778040000000,44.14,44.199,43.798,43.935,136815.1
1778043600000,43.935,44.119,43.892,44.002,58683.33
1778047200000,44.002,44.307,43.866,44.187,79832.95
1778050800000,44.187,44.395,44.162,44.387,147955.67
1778054400000,44.387,44.677,44.212,44.313,275667.74
1778058000000,44.313,44.318,43.684,44.028,268306.59
1778061600000,44.028,44.469,44.018,44.436,109526.79
1778065200000,44.436,44.661,44.387,44.657,127917.95
1778068800000,44.657,44.79,44.166,44.328,133469.92
1778072400000,44.328,44.379,43.804,43.852,286412.46
1778076000000,43.852,43.867,43.397,43.626,447669.45
1778079600000,43.626,43.638,43.166,43.517,271113.44
1778083200000,43.517,43.717,43.269,43.316,118621.97
1778086800000,43.316,43.41,42.947,42.967,227783.92
1778090400000,42.967,43.178,42.908,43.104,89603.04
1778094000000,43.104,43.346,43.1,43.237,81070.78
1778097600000,43.237,43.407,43.028,43.147,69011.35
1778101200000,43.147,43.374,43.0,43.215,50360.32
1778104800000,43.215,43.268,42.971,42.991,48312.63
1778108400000,42.991,43.127,42.924,43.094,47003.46
1778112000000,43.094,43.145,42.773,42.87,96721.01
1778115600000,42.87,42.963,42.567,42.649,113601.62
1778119200000,42.649,42.71,42.534,42.552,57685.85
1778122800000,42.552,42.552,42.275,42.296,94531.7
1778126400000,42.296,42.684,42.262,42.678,106008.17
1778130000000,42.678,42.926,42.65,42.925,91539.77
1778133600000,42.925,43.149,42.794,43.092,119650.34
1778137200000,43.092,43.32,42.835,43.307,158216.37
1778140800000,43.307,43.548,42.778,42.834,293330.79
1778144400000,42.834,42.923,42.716,42.794,92038.26
1778148000000,42.794,42.837,42.474,42.664,97060.64
1778151600000,42.664,42.9,42.664,42.741,51703.84
1778155200000,42.741,43.215,42.712,43.078,91677.94
1778158800000,43.078,43.083,42.378,42.51,144754.3
1778162400000,42.51,42.555,42.019,42.268,224128.69
1778166000000,42.268,42.425,42.053,42.09,133435.16
1778169600000,42.09,42.277,41.827,42.03,151480.83
1778173200000,42.03,42.419,42.024,42.38,67067.81
1778176800000,42.38,42.524,42.162,42.285,86700.32
1778180400000,42.285,42.311,42.088,42.31,44535.69
1778184000000,42.31,42.522,42.283,42.485,35892.67
1778187600000,42.485,42.606,42.238,42.52,58356.36
1778191200000,42.52,42.659,42.37,42.506,55453.32
1778194800000,42.506,42.58,42.418,42.516,42072.11
1778198400000,42.516,42.747,42.516,42.572,47345.73
1778202000000,42.572,42.663,42.389,42.432,107238.98
1778205600000,42.432,42.448,42.143,42.419,53437.03
1778209200000,42.419,42.425,42.185,42.241,44732.87
1778212800000,42.241,42.377,42.011,42.098,49528.81
1778216400000,42.098,42.424,42.079,42.295,33791.72
1778220000000,42.295,42.384,42.222,42.286,41379.33
1778223600000,42.286,42.725,42.17,42.721,75422.07
1778227200000,42.721,42.946,42.442,42.608,219132.82
1778230800000,42.608,42.813,42.53,42.636,57883.54
1778234400000,42.636,42.685,42.453,42.492,44486.13
1778238000000,42.492,42.553,42.316,42.505,65129.46
1778241600000,42.505,42.741,42.422,42.452,60832.66
1778245200000,42.452,42.561,42.127,42.391,121962.26
1778248800000,42.391,42.905,42.333,42.759,176813.59
1778252400000,42.759,43.113,42.365,43.089,192911.96
1778256000000,43.089,43.113,42.685,42.76,99407.83
1778259600000,42.76,43.064,42.718,42.881,73176.92
1778263200000,42.881,43.467,42.881,43.313,137357.9
1778266800000,43.313,43.403,43.0,43.077,87202.27
1778270400000,43.077,43.215,42.973,43.075,66469.13
1778274000000,43.075,43.286,43.051,43.17,57881.82
1778277600000,43.17,43.365,43.17,43.244,27921.2
1778281200000,43.244,43.275,43.017,43.226,38086.3
1778284800000,43.226,43.39,43.18,43.245,48124.25
1778288400000,43.245,43.999,43.245,43.888,168565.08
1778292000000,43.888,43.938,43.724,43.86,61074.29
1778295600000,43.86,44.064,43.731,44.014,53453.95
1778299200000,44.014,44.341,43.799,43.832,83920.14
1778302800000,43.832,44.189,43.823,44.15,49203.81
1778306400000,44.15,44.289,43.891,43.948,59416.76
1778310000000,43.948,43.976,43.759,43.784,41294.11
1778313600000,43.784,43.954,43.757,43.763,30859.06
1778317200000,43.763,44.257,43.461,43.594,295493.06
1778320800000,43.594,43.715,43.208,43.549,199954.66
1778324400000,43.549,43.786,43.531,43.749,66666.77
1778328000000,43.749,43.977,43.674,43.746,72937.11
1778331600000,43.746,43.855,43.508,43.576,65906.9
1778335200000,43.576,43.591,43.076,43.128,178792.89
1778338800000,43.128,43.269,42.933,43.076,122485.09
1778342400000,43.076,43.3,42.911,42.921,120406.4
1778346000000,42.921,43.198,42.906,42.96,88546.03
1778349600000,42.96,43.108,42.89,42.989,68029.08
1778353200000,42.989,43.16,42.851,43.1,81811.19
1778356800000,43.1,43.145,42.844,42.88,55922.7
1778360400000,42.88,43.066,42.869,43.0,54450.43
1778364000000,43.0,43.047,42.898,43.017,42236.86
1778367600000,43.017,43.072,42.841,42.905,42301.16
1778371200000,42.905,42.939,42.637,42.674,99956.43
1778374800000,42.674,42.693,42.396,42.59,101740.83
1778378400000,42.59,42.808,42.532,42.63,51914.92
1778382000000,42.63,42.922,42.582,42.824,41460.89
1778385600000,42.824,42.99,42.797,42.859,71168.59
1778389200000,42.859,42.991,42.775,42.953,53234.93
1778392800000,42.953,43.058,42.907,43.018,44849.42
1778396400000,43.018,43.227,42.917,43.045,59286.4
1778400000000,43.045,43.153,42.885,43.094,102059.63
1778403600000,43.094,43.149,42.833,42.892,53948.01
1778407200000,42.892,42.903,42.679,42.89,47923.97
1778410800000,42.89,42.907,42.66,42.816,31725.2
1778414400000,42.816,42.842,42.543,42.696,74479.44
1778418000000,42.696,43.03,42.654,42.929,58388.36
1778421600000,42.929,43.09,42.809,42.882,57054.83
1778425200000,42.882,43.343,42.87,43.232,117915.02
1778428800000,43.232,43.359,43.111,43.181,117617.07
1778432400000,43.181,43.682,43.12,43.661,158160.77
1778436000000,43.661,43.683,43.287,43.382,74721.83
1778439600000,43.382,43.631,43.261,43.448,72782.68
1778443200000,43.448,43.678,42.24,42.452,285787.68
1778446800000,42.452,42.583,42.039,42.168,202495.63
1778450400000,42.168,42.864,42.11,42.864,143437.54
1778454000000,42.864,43.151,42.702,42.998,117616.09
1778457600000,42.998,43.147,42.416,42.564,135770.4
1778461200000,42.564,42.866,42.45,42.57,103645.56
1778464800000,42.57,42.604,42.215,42.327,77155.52
1778468400000,42.327,42.368,41.964,42.227,137797.13
1778472000000,42.227,42.227,42.002,42.057,54361.59
1778475600000,42.057,42.301,42.018,42.053,67674.57
1778479200000,42.053,42.203,41.882,41.883,88658.42
1778482800000,41.883,41.911,41.704,41.852,131885.37
1778486400000,41.852,41.977,41.721,41.78,82577.58
1778490000000,41.78,41.973,41.757,41.88,58045.57
1778493600000,41.88,42.111,41.432,41.485,274889.75
1778497200000,41.485,41.613,41.31,41.433,114357.67
1778500800000,41.433,41.488,41.226,41.292,106971.09
1778504400000,41.292,41.495,41.104,41.14,183565.22
1778508000000,41.14,41.356,40.829,41.049,224862.06
1778511600000,41.049,41.689,41.0,41.671,164125.76
1778515200000,41.671,41.875,41.512,41.773,173860.35
1778518800000,41.773,42.015,41.615,41.774,111515.42
1778522400000,41.774,42.147,41.724,42.08,98204.78
1778526000000,42.08,42.236,41.929,42.166,102434.64
1778529600000,42.166,42.217,41.904,41.991,70592.1
1778533200000,41.991,42.081,41.8,41.816,63026.22
1778536800000,41.816,42.01,41.816,41.949,48683.98
1778540400000,41.949,42.036,41.798,41.985,36984.18
1778544000000,41.985,42.052,41.557,41.565,91649.48
1778547600000,41.565,41.67,41.083,41.355,164575.43
1778551200000,41.355,41.449,41.229,41.236,56299.22
1778554800000,41.236,41.248,40.839,40.984,93961.92
1778558400000,40.984,41.134,40.804,41.088,106574.94
1778562000000,41.088,41.32,41.088,41.277,68657.22
1778565600000,41.277,41.367,41.11,41.14,41771.0
1778569200000,41.14,41.357,41.057,41.291,56697.07
1778572800000,41.291,41.384,41.228,41.241,60518.68
1778576400000,41.241,41.264,41.032,41.142,116192.66
1778580000000,41.142,41.142,40.826,40.908,123342.48
1778583600000,40.908,41.049,40.567,41.042,176118.51
1778587200000,41.042,41.15,40.612,40.858,213089.96
1778590800000,40.858,40.94,40.621,40.672,92116.58
1778594400000,40.672,40.795,40.166,40.275,355381.61
1778598000000,40.275,40.484,40.057,40.276,152177.5
1778601600000,40.276,40.398,39.814,39.859,246945.65
1778605200000,39.859,40.326,39.821,40.123,192541.35
1778608800000,40.123,40.4,40.11,40.21,79423.12
1778612400000,40.21,40.471,40.203,40.417,75687.93
1778616000000,40.417,40.458,40.249,40.294,41049.02
1778619600000,40.294,40.36,40.249,40.352,32972.81
1778623200000,40.352,40.566,40.352,40.421,50091.38
1778626800000,40.421,40.573,40.099,40.243,51093.76
1778630400000,40.243,40.338,40.025,40.304,67192.38
1778634000000,40.304,40.698,40.229,40.443,146191.77
1778637600000,40.443,40.63,40.412,40.447,36599.79
1778641200000,40.447,40.536,40.364,40.432,39865.2
1778644800000,40.432,40.446,40.2,40.243,40186.73
1778648400000,40.243,40.266,39.87,39.912,102975.09
1778652000000,39.912,40.215,39.871,40.191,57677.88
1778655600000,40.191,40.445,40.004,40.163,117242.4
1778659200000,40.163,40.191,40.01,40.102,62197.7
1778662800000,40.102,40.2,39.892,39.93,138306.82
1778666400000,39.93,39.97,39.43,39.509,341765.89
1778670000000,39.509,39.633,39.229,39.241,230324.42
1778673600000,39.241,39.384,39.011,39.228,252042.86
1778677200000,39.228,39.595,39.036,39.344,207187.21
1778680800000,39.344,39.419,39.022,39.064,172531.32
1778684400000,39.064,39.126,38.836,38.86,236111.79
1778688000000,38.86,39.281,38.85,39.176,145164.59
1778691600000,39.176,39.247,39.096,39.177,69152.81
1778695200000,39.177,39.338,39.148,39.18,68337.54
1778698800000,39.18,39.219,39.028,39.093,42858.79
1778702400000,39.093,39.221,39.039,39.05,43935.39
1778706000000,39.05,39.052,38.703,38.749,90469.08
1778709600000,38.749,39.047,38.681,38.919,105834.62
1778713200000,38.919,39.016,38.808,38.82,47840.98
1778716800000,38.82,38.895,38.71,38.801,63845.35
1778720400000,38.801,39.052,38.793,38.918,57919.3
1778724000000,38.918,38.944,38.643,38.676,60730.48
1778727600000,38.676,38.705,38.15,38.311,354633.29
1778731200000,38.311,38.643,38.291,38.608,127579.27
1778734800000,38.608,39.242,38.43,39.149,228136.32
1778738400000,39.149,39.284,39.052,39.081,76323.12
1778742000000,39.081,39.192,38.884,39.0,96096.05
1778745600000,39.0,39.15,38.863,38.964,107702.66
1778749200000,38.964,39.141,38.869,39.1,74594.44
1778752800000,39.1,39.147,38.911,39.063,66101.85
1778756400000,39.063,39.082,38.88,38.891,48534.01
1778760000000,38.891,40.615,38.872,40.119,1604070.81
1778763600000,40.119,41.329,39.912,41.027,1075263.25
1778767200000,41.027,42.08,40.876,41.9,771620.52
1778770800000,41.9,42.784,41.899,42.591,712916.81
1778774400000,42.591,43.53,42.309,43.491,744294.04
1778778000000,43.491,44.115,43.28,43.766,646627.49
1778781600000,43.766,44.525,43.619,44.513,502425.24
1778785200000,44.513,44.76,44.176,44.639,369695.4
1778788800000,44.639,44.663,43.619,44.153,575379.5
1778792400000,44.153,44.321,43.592,43.814,235130.35
1778796000000,43.814,44.3,43.804,44.136,101834.09
1778799600000,44.136,44.583,43.935,44.116,235394.73
1778803200000,44.116,45.352,44.115,45.149,511032.93
1778806800000,45.149,46.549,45.024,46.128,848514.67
1778810400000,46.128,46.547,45.382,46.416,488863.28
1778814000000,46.416,46.977,46.147,46.644,467647.11
1778817600000,46.644,46.9,46.111,46.165,357296.37
1778821200000,46.165,46.4,45.087,45.4,747083.11
1778824800000,45.4,45.935,45.272,45.836,301706.34
1778828400000,45.836,46.792,45.789,46.658,335453.2
1778832000000,46.658,46.67,45.395,45.577,394026.71
1778835600000,45.577,45.72,45.167,45.557,503965.91
1778839200000,45.557,45.658,45.14,45.548,304532.66
1778842800000,45.548,45.914,44.925,45.661,309448.13
1778846400000,45.661,45.765,42.932,43.462,1961295.94
1778850000000,43.462,43.708,42.722,43.411,1223580.25
1778853600000,43.411,44.232,43.299,43.686,814536.63
1778857200000,43.686,44.322,43.519,44.083,513134.16
1778860800000,44.083,44.223,43.671,44.007,274246.78
1778864400000,44.007,45.089,43.94,44.444,611748.8
1778868000000,44.444,44.622,44.112,44.552,278629.62
1778871600000,44.552,44.96,44.384,44.583,213871.68
1778875200000,44.583,44.96,44.095,44.172,222040.07
1778878800000,44.172,44.314,43.825,43.847,167608.74
1778882400000,43.847,44.183,43.796,44.058,145154.14
1778886000000,44.058,44.297,44.02,44.161,81279.29
1778889600000,44.161,44.496,43.878,43.914,140540.47
1778893200000,43.914,44.144,43.165,43.53,230478.52
1778896800000,43.53,43.655,43.023,43.327,168371.61
1778900400000,43.327,43.422,43.013,43.204,101086.97
1778904000000,43.204,43.21,42.545,42.657,277544.86
1778907600000,42.657,42.842,42.444,42.578,213949.5
1778911200000,42.578,42.663,41.399,41.539,515094.04
1778914800000,41.539,42.126,41.336,41.989,575471.46
1778918400000,41.989,42.118,41.561,41.667,177732.18
1778922000000,41.667,41.747,40.945,40.949,480361.44
1778925600000,40.949,41.187,40.332,40.778,742539.98
1778929200000,40.778,41.114,40.577,40.826,265937.72
1778932800000,40.826,41.301,40.756,41.221,195199.26
1778936400000,41.221,41.231,40.688,40.975,202726.8
1778940000000,40.975,41.274,40.8,41.049,140361.7
1778943600000,41.049,41.113,40.74,40.86,118793.56
1778947200000,40.86,41.059,40.593,40.835,202216.94
1778950800000,40.835,41.19,40.658,40.903,167448.72
1778954400000,40.903,41.474,40.838,41.47,230010.86
1778958000000,41.47,41.83,41.404,41.636,336367.95
1778961600000,41.636,41.933,41.631,41.87,205345.52
1778965200000,41.87,41.991,41.666,41.892,150726.79
1778968800000,41.892,42.076,41.738,41.833,98808.77
1778972400000,41.833,41.932,41.74,41.807,62332.79
1778976000000,41.807,42.237,41.674,41.784,204930.53
1778979600000,41.784,41.846,41.362,41.437,194174.3
1778983200000,41.437,41.638,41.316,41.436,120085.53
1778986800000,41.436,42.68,41.434,42.392,343878.32
1778990400000,42.392,42.871,41.917,42.373,399586.08
1778994000000,42.373,42.862,42.315,42.696,215015.93
1778997600000,42.696,42.82,42.424,42.58,138632.63
1779001200000,42.58,42.994,42.436,42.774,191377.41
1779004800000,42.774,42.92,42.6,42.799,148716.98
1779008400000,42.799,42.968,42.744,42.956,110581.28
1779012000000,42.956,43.497,42.85,43.373,431906.57
1779015600000,43.373,43.47,42.889,42.898,210437.27
1779019200000,42.898,43.215,42.693,43.188,182681.62
1779022800000,43.188,43.26,42.469,42.821,369043.64
1779026400000,42.821,43.498,42.694,43.399,378802.96
1779030000000,43.399,44.047,43.248,43.569,492874.11
1779033600000,43.569,43.931,43.39,43.527,213251.47
1779037200000,43.527,43.997,43.365,43.904,229363.71
1779040800000,43.904,45.547,43.818,45.464,612517.67
1779044400000,45.464,47.24,45.274,46.68,1223840.69
1779048000000,46.68,47.083,46.077,46.418,1068108.52
1779051600000,46.418,47.298,46.338,47.007,642327.42
1779055200000,47.007,47.031,45.843,46.109,727258.0
1779058800000,46.109,46.132,44.637,45.7,1270628.46
1779062400000,45.7,46.955,45.336,46.921,1121467.6
1779066000000,46.921,46.998,45.692,46.036,668382.76
1779069600000,46.036,46.146,45.411,45.563,376203.3
1779073200000,45.563,45.906,45.077,45.486,214427.31
1779076800000,45.486,46.05,45.106,45.827,202103.29
1779080400000,45.827,45.954,45.378,45.408,186413.29
1779084000000,45.408,45.513,44.972,45.364,276767.55
1779087600000,45.364,45.539,44.816,45.274,377497.99
1779091200000,45.274,45.875,45.227,45.806,263933.17
1779094800000,45.806,45.876,44.787,45.26,389069.77
1779098400000,45.26,45.571,45.169,45.295,202644.98
1779102000000,45.295,45.779,44.978,45.484,367512.77
1779105600000,45.484,46.041,45.398,45.877,500654.73
1779109200000,45.877,46.29,45.301,45.987,759294.4
1779112800000,45.987,46.038,44.378,44.675,760180.55
1779116400000,44.675,45.208,44.197,44.722,885764.13
1779120000000,44.722,45.158,44.663,45.093,259390.9
1779123600000,45.093,45.576,45.076,45.51,226784.93
1779127200000,45.51,45.68,44.834,44.925,266900.2
1779130800000,44.925,46.452,44.914,46.381,773147.39
1779134400000,46.381,46.562,45.673,45.864,273383.22
1779138000000,45.864,47.965,45.809,47.184,1318425.55
1779141600000,47.184,47.634,46.701,47.147,480583.35
1779145200000,47.147,47.768,47.099,47.713,441742.8
1779148800000,47.713,48.531,47.595,48.15,623543.98
1779152400000,48.15,48.15,47.122,47.208,299894.01
1779156000000,47.208,47.5,46.843,47.387,321044.28
1779159600000,47.387,47.958,47.216,47.758,194076.58
1779163200000,47.758,48.346,47.433,47.452,241366.5
1779166800000,47.452,47.602,47.199,47.529,182890.48
1779170400000,47.529,47.8,47.452,47.584,106438.41
1779174000000,47.584,48.395,47.514,47.821,270029.02
1779177600000,47.821,48.074,47.521,48.021,251486.23
1779181200000,48.021,48.347,47.545,47.897,291557.15
1779184800000,47.897,48.418,47.74,48.353,317065.2
1779188400000,48.353,48.691,47.551,47.746,450845.14
1779192000000,47.746,47.964,47.23,47.795,411380.41
1779195600000,47.795,48.502,47.48,48.436,468560.26
1779199200000,48.436,48.479,47.396,47.535,501919.81
1779202800000,47.535,48.015,47.324,47.799,390203.91
1779206400000,47.799,48.39,47.663,48.25,349063.24
1779210000000,48.25,48.94,48.25,48.659,501056.41
1779213600000,48.659,48.739,48.138,48.185,265044.16
1779217200000,48.185,48.773,48.128,48.741,267839.33
1779220800000,48.741,48.766,48.006,48.159,253554.31
1779224400000,48.159,48.389,47.816,47.964,181580.54
1779228000000,47.964,48.109,47.632,47.978,188103.47
1779231600000,47.978,48.38,47.92,48.04,124637.77
1779235200000,48.04,48.063,47.1,47.606,386058.36
1779238800000,47.606,47.816,47.213,47.634,195034.63
1779242400000,47.634,47.833,47.366,47.698,137791.04
1779246000000,47.698,47.932,47.407,47.445,94911.81
1779249600000,47.445,48.329,47.322,48.293,291441.85
1779253200000,48.293,48.665,47.916,48.352,411907.74
1779256800000,48.352,48.665,48.287,48.49,166340.72
1779260400000,48.49,48.658,48.211,48.463,211950.62
1779264000000,48.463,48.87,48.429,48.576,247625.21
1779267600000,48.576,49.181,48.484,48.951,298786.28
1779271200000,48.951,49.798,48.925,49.608,683970.46
1779274800000,49.608,50.06,49.244,49.73,559617.99
1779278400000,49.73,50.249,49.508,49.948,506648.96
1779282000000,49.948,51.555,49.671,51.229,1441489.97
1779285600000,51.229,51.887,50.635,51.334,961280.96
1779289200000,51.334,52.066,51.15,51.416,860239.53
1779292800000,51.416,51.844,51.183,51.474,351736.64
1779296400000,51.474,52.388,51.34,51.943,687525.73
1779300000000,51.943,52.227,51.363,51.505,388357.8
1779303600000,51.505,52.969,51.4,52.927,707229.09
1779307200000,52.927,53.243,51.641,51.901,464619.35
1779310800000,51.901,53.045,51.687,52.898,337452.51
1779314400000,52.898,54.491,52.584,54.166,991239.27
1779318000000,54.166,54.903,53.679,54.813,450126.59
1779321600000,54.813,56.69,54.699,56.36,1102491.84
1779325200000,56.36,57.125,55.887,56.364,829819.83
1779328800000,56.364,56.493,55.326,55.846,592640.81
1779332400000,55.846,56.894,55.545,56.75,331059.82
1779336000000,56.75,56.822,55.893,55.967,313456.27
1779339600000,55.967,56.453,55.73,56.255,279914.01
1779343200000,56.255,56.923,56.055,56.499,354429.36
1779346800000,56.499,58.54,56.457,58.369,886756.33
1779350400000,58.369,58.924,58.13,58.531,774482.71
1779354000000,58.531,59.289,57.446,57.874,881083.84
1779357600000,57.874,58.628,57.239,57.447,870728.09
1779361200000,57.447,57.717,56.712,57.168,668115.6
1779364800000,57.168,58.012,56.75,57.718,542296.13
1779368400000,57.718,59.78,57.558,59.369,1577082.78
1779372000000,59.369,62.257,58.812,60.9,2629304.74
1779375600000,60.9,62.64,60.501,61.12,1652765.74
1779379200000,61.12,61.155,58.613,58.697,1081368.3
1779382800000,58.697,60.318,58.652,58.726,918824.6
1779386400000,58.726,59.47,58.341,58.52,573716.17
1779390000000,58.52,58.855,57.288,57.821,835115.71
1779393600000,57.821,58.767,56.212,57.905,1650624.19
1779397200000,57.905,58.285,57.215,57.939,565566.27
1779400800000,57.939,58.534,57.8,58.486,247104.76
1779404400000,58.486,59.139,58.256,58.587,531730.41
1779408000000,58.587,58.664,56.923,57.473,584504.04
1779411600000,57.473,57.79,56.58,57.453,424035.69
1779415200000,57.453,58.466,57.23,57.681,294565.06
1779418800000,57.681,57.874,57.126,57.499,156866.01
1779422400000,57.499,58.177,57.348,58.119,152314.97
1779426000000,58.119,58.415,57.729,57.971,174797.31
1779429600000,57.971,58.19,57.054,57.135,311612.2
1779433200000,57.135,57.971,57.011,57.933,274290.56
1779436800000,57.933,60.082,57.603,59.224,883609.28
1779440400000,59.224,60.07,58.756,59.118,463654.64
1779444000000,59.118,59.699,58.91,59.196,253354.98
1779447600000,59.196,60.92,58.77,60.878,689441.02
1779451200000,60.878,61.676,60.354,61.007,714272.73
1779454800000,61.007,61.941,60.541,61.533,738090.39
1779458400000,61.533,61.69,59.127,59.2,947191.87
1779462000000,59.2,59.636,57.729,57.903,951131.48
1779465600000,57.903,58.299,57.041,57.817,750282.49
1779469200000,57.817,58.079,57.433,57.891,244647.24
1779472800000,57.891,58.525,56.164,56.886,1088699.54
1779476400000,56.886,56.946,55.002,55.652,1309434.22
1779480000000,55.652,56.057,54.284,55.08,875399.08
1779483600000,55.08,56.439,55.062,56.145,377914.7
1779487200000,56.145,56.252,55.135,55.443,444200.01
1779490800000,55.443,55.758,54.612,54.619,507391.78
1779494400000,54.619,55.251,54.05,55.045,558872.42
1779498000000,55.045,55.368,54.304,54.886,353559.22
1779501600000,54.886,55.37,54.484,55.362,197873.19
1779505200000,55.362,55.935,55.221,55.925,298605.83
1779508800000,55.925,55.93,54.911,55.15,185353.17
1779512400000,55.15,55.871,54.969,55.282,205520.6
1779516000000,55.282,55.548,54.863,55.102,116105.98
1779519600000,55.102,55.683,54.662,55.61,391127.49
1779523200000,55.61,56.289,55.346,56.186,455959.7
1779526800000,56.186,56.25,55.215,55.299,218409.8
1779530400000,55.299,55.855,55.281,55.447,143753.72
1779534000000,55.447,55.57,54.909,55.028,203447.57
1779537600000,55.028,55.284,54.459,55.07,288776.52
1779541200000,55.07,55.906,54.936,55.169,370163.67
1779544800000,55.169,56.95,54.975,56.565,531134.12
1779548400000,56.565,57.748,56.535,57.186,751502.6
1779552000000,57.186,58.163,57.001,57.721,382393.44
1779555600000,57.721,58.07,57.239,57.515,284204.45
1779559200000,57.515,58.822,57.414,58.621,516206.34
1779562800000,58.621,58.694,58.101,58.311,274906.98
1779566400000,58.311,59.887,58.11,59.472,889376.07
1779570000000,59.472,59.629,57.397,58.174,668911.59
1779573600000,58.174,58.3,57.388,57.964,274581.3
1779577200000,57.964,58.802,57.84,58.707,164080.83
1779580800000,58.707,59.998,58.634,59.877,365543.47
1779584400000,59.877,61.558,59.765,60.3,848885.71
1779588000000,60.3,60.737,59.441,60.022,382236.09
1779591600000,60.022,60.534,59.876,60.16,155209.49
1779595200000,60.16,60.569,59.68,60.358,193651.18
1779598800000,60.358,61.557,60.168,61.297,451929.11
1779602400000,61.297,61.997,60.225,61.834,728300.5
1779606000000,61.834,62.239,61.122,61.995,425238.48
1779609600000,61.995,63.289,61.581,62.769,643790.13
1779613200000,62.769,64.458,62.656,63.778,807348.06
1779616800000,63.778,63.823,62.445,63.162,545199.15
1779620400000,63.162,63.545,62.435,62.866,419172.78
1779624000000,62.866,64.208,62.63,64.065,362345.83
1779627600000,64.065,64.389,62.805,63.146,544937.94
1779631200000,63.146,63.588,61.56,62.865,819277.64
1779634800000,62.865,63.893,62.593,63.719,400387.42
1779638400000,63.719,64.136,63.079,63.533,471013.78
1779642000000,63.533,63.648,62.866,63.145,288367.35
1779645600000,63.145,64.024,62.625,63.996,340758.93
1779649200000,63.996,64.656,62.882,63.015,646259.86
1779652800000,63.015,63.149,62.047,62.187,388231.54
1779656400000,62.187,62.751,61.347,61.629,342951.5
1779660000000,61.629,62.933,61.622,62.442,380204.33
1779663600000,62.442,63.822,62.442,62.79,345180.9
1779667200000,62.79,62.961,61.877,61.93,234479.66
1779670800000,61.93,62.207,60.752,60.954,283979.7
1779674400000,60.954,61.733,60.778,61.356,355165.95
1779678000000,61.356,61.679,61.211,61.493,161930.66
1779681600000,61.493,62.871,60.973,62.737,368790.76
1779685200000,62.737,63.287,61.798,62.463,365927.63
1779688800000,62.463,63.001,61.691,62.119,330847.04
1779692400000,62.119,63.583,61.796,63.476,285266.76
1779696000000,63.476,63.817,63.042,63.585,325593.43
1779699600000,63.585,64.0,63.059,63.305,287470.7
1779703200000,63.305,63.71,63.021,63.421,207037.54
1779706800000,63.421,63.624,62.634,63.413,250490.1
1779710400000,63.413,63.872,62.629,62.642,291374.79
1779714000000,62.642,63.498,62.314,63.371,309098.28
1779717600000,63.371,63.389,62.594,62.894,231009.39
1779721200000,62.894,63.18,62.468,62.582,211943.25
1779724800000,62.582,62.627,61.76,62.115,319628.71
1779728400000,62.115,62.167,61.609,61.939,218997.94
1779732000000,61.939,62.343,61.511,61.706,124338.53
1779735600000,61.706,62.143,61.394,62.052,142145.26
1779739200000,62.052,62.052,61.011,61.323,243582.16
1779742800000,61.323,61.692,61.234,61.491,134294.34
1779746400000,61.491,62.044,61.204,61.235,217276.32
1779750000000,61.235,61.787,61.095,61.145,121122.36
1779753600000,61.145,61.27,59.566,60.068,646569.74
1779757200000,60.068,60.375,59.171,59.315,325863.27
1779760800000,59.315,59.8,58.815,59.063,398996.59
1779764400000,59.063,59.554,58.538,59.344,249478.93
1779768000000,59.344,60.0,58.979,59.985,197378.03
1779771600000,59.985,60.626,59.638,60.277,321463.34
1779775200000,60.277,60.788,60.091,60.493,224227.36
1779778800000,60.493,60.607,59.541,59.769,404977.64
1779782400000,59.769,60.278,59.3,59.538,384250.02
1779786000000,59.538,59.831,59.187,59.675,205877.24
1779789600000,59.675,61.82,59.586,61.425,631254.1
1779793200000,61.425,61.727,60.927,61.163,284057.75
1779796800000,61.163,62.21,60.402,62.155,475785.83
1779800400000,62.155,63.973,61.773,63.597,702651.15
1779804000000,63.597,64.782,63.243,63.494,1059210.46
1779807600000,63.494,63.64,61.839,62.526,738127.64
1779811200000,62.526,63.624,62.069,62.79,556199.54
1779814800000,62.79,62.989,60.601,61.49,970610.64
1779818400000,61.49,62.074,61.036,61.692,448828.48
1779822000000,61.692,61.737,60.137,60.802,568657.56
1779825600000,60.802,60.873,59.321,59.721,514936.02
1779829200000,59.721,59.827,58.679,59.04,307965.03
1779832800000,59.04,59.81,58.848,59.714,251880.71
1779836400000,59.714,59.99,59.295,59.552,192031.22
1779840000000,59.552,60.911,59.374,60.746,274415.42
1779843600000,60.746,60.796,59.854,60.069,175544.26
1779847200000,60.069,60.694,59.667,60.69,205874.28
1779850800000,60.69,61.117,59.864,60.09,340414.99
1779854400000,60.09,60.894,59.563,60.761,249618.81
1779858000000,60.761,62.04,60.664,61.863,474274.96
1779861600000,61.863,62.424,61.457,62.421,289587.96
1779865200000,62.421,62.747,61.886,62.167,324965.51
1779868800000,62.167,62.45,61.788,62.284,214773.73
1779872400000,62.284,63.346,62.05,62.883,400706.96
1779876000000,62.883,63.332,62.529,62.541,293380.9
1779879600000,62.541,63.221,62.27,62.348,267905.28
1779883200000,62.348,63.117,61.658,61.917,489899.55
1779886800000,61.917,62.16,60.293,60.836,738951.43
1779890400000,60.836,61.025,59.635,60.01,604764.64
1779894000000,60.01,60.835,59.915,60.523,328192.66
1779897600000,60.523,60.673,59.666,60.451,259002.16
1779901200000,60.451,60.54,58.959,59.453,419390.82
1779904800000,59.453,59.823,59.009,59.452,238555.31
1779908400000,59.452,60.214,59.387,60.149,311299.09
1779912000000,60.149,60.586,59.938,60.431,269998.09
1779915600000,60.431,60.469,59.242,59.824,384642.71
1779919200000,59.824,59.997,58.107,58.123,619163.62
1779922800000,58.123,58.635,57.268,57.704,598427.39
1779926400000,57.704,58.234,57.505,57.939,227119.56
1779930000000,57.939,58.488,57.754,58.025,186476.53
1779933600000,58.025,58.647,57.655,58.412,325768.39
1779937200000,58.412,58.436,56.738,57.123,491167.93
1779940800000,57.123,57.671,56.681,57.52,426034.9
1779944400000,57.52,57.863,56.856,57.04,307917.77
1779948000000,57.04,57.363,56.577,57.165,280384.11
1779951600000,57.165,58.298,57.165,58.104,390716.88
1779955200000,58.104,58.125,56.328,56.784,415911.22
1779958800000,56.784,57.544,56.655,57.487,240613.7
1779962400000,57.487,57.492,56.614,56.664,253199.18
1779966000000,56.664,57.115,56.619,57.091,166824.44
1779969600000,57.091,57.572,56.25,57.294,350882.61
1779973200000,57.294,57.492,56.356,57.373,511302.21
1779976800000,57.373,58.864,56.716,57.362,940234.45
1779980400000,57.362,57.966,57.186,57.678,288281.31
1779984000000,57.678,59.429,57.4,59.403,561573.45
1779987600000,59.403,59.86,58.667,59.42,371275.68
1779991200000,59.42,60.956,59.302,60.727,600351.21
1779994800000,60.727,61.545,59.907,60.942,638077.3
1779998400000,60.942,61.341,60.133,60.7,473109.07
1780002000000,60.7,62.125,60.46,61.836,396693.39
1780005600000,61.836,62.143,61.09,61.625,253550.42
1780009200000,61.625,62.113,61.484,61.531,180612.4
1780012800000,61.531,62.546,61.177,61.992,454842.55
1780016400000,61.992,62.464,61.235,61.916,277271.18
1780020000000,61.916,62.028,60.347,60.475,495030.01
1780023600000,60.475,62.159,60.469,61.297,592312.06
1780027200000,61.297,61.745,60.832,61.635,293456.01
1780030800000,61.635,62.039,61.248,61.38,205835.42
1780034400000,61.38,62.241,61.186,62.005,308940.43
1780038000000,62.005,62.873,61.895,62.829,467305.89
1780041600000,62.829,63.28,62.398,62.931,515854.6
1780045200000,62.931,63.644,62.6,62.756,538629.35
1780048800000,62.756,62.834,62.118,62.184,315391.02
1780052400000,62.184,62.74,61.888,62.19,283229.35
1780056000000,62.19,62.326,61.358,61.957,345620.19
1780059600000,61.957,63.0,61.493,62.818,764758.64
1780063200000,62.818,63.974,61.6,63.53,2059292.03
1780066800000,63.53,66.843,63.321,65.616,1662527.95
1780070400000,65.616,67.642,65.317,66.846,959853.77
1780074000000,66.846,67.415,66.06,66.338,682324.21
1780077600000,66.338,66.562,64.89,65.015,618982.13
1780081200000,65.015,66.3,64.793,66.251,442787.91
1780084800000,66.251,66.45,65.203,65.478,198659.01
1780088400000,65.478,65.812,64.171,64.645,342605.44
1780092000000,64.645,65.167,64.301,64.419,182812.68
1780095600000,64.419,64.684,63.78,64.425,247409.96
1780099200000,64.425,65.09,64.117,65.067,213224.38
1780102800000,65.067,65.82,64.752,65.614,261694.91
1780106400000,65.614,66.023,65.012,65.487,165220.41
1780110000000,65.487,65.487,64.979,65.145,184262.82
1780113600000,65.145,65.283,63.99,64.611,370059.39
1780117200000,64.611,66.173,64.395,65.792,359518.92
1780120800000,65.792,65.944,65.321,65.708,284390.57
1780124400000,65.708,66.374,65.516,66.08,236121.47
1780128000000,66.08,66.261,65.798,66.235,144002.05
1780131600000,66.235,66.602,65.98,66.211,205687.6
1780135200000,66.211,67.056,65.991,66.926,260203.42
1780138800000,66.926,68.048,66.544,67.829,504734.66
1780142400000,67.829,68.462,67.318,68.352,506960.75
1780146000000,68.352,68.636,67.432,68.016,434139.59
1780149600000,68.016,68.337,67.323,68.183,272821.11
1780153200000,68.183,68.574,66.629,67.177,668686.74
1780156800000,67.177,67.204,66.137,66.619,423214.11
1780160400000,66.619,67.536,66.47,67.519,316284.19
1780164000000,67.519,68.357,67.394,68.241,309702.81
1780167600000,68.241,68.298,67.587,67.846,216676.41
1780171200000,67.846,68.195,67.175,67.29,179982.49
1780174800000,67.29,67.88,67.169,67.428,140600.73
1780178400000,67.428,67.862,67.053,67.674,136018.81
1780182000000,67.674,68.335,67.035,68.296,207400.35
1780185600000,68.296,69.6,67.996,69.444,556827.77
1780189200000,69.444,69.599,68.907,69.192,228786.59
1780192800000,69.192,69.33,68.0,68.589,277877.97
1780196400000,68.589,68.937,68.3,68.791,225986.83
1780200000000,68.791,69.908,68.378,69.815,336657.97
1780203600000,69.815,70.442,69.291,69.511,432974.6
1780207200000,69.511,70.068,68.985,69.172,231153.74
1780210800000,69.172,69.697,68.781,69.187,292120.77
1780214400000,69.187,69.669,68.852,68.877,265356.08
1780218000000,68.877,68.95,68.253,68.564,335455.21
1780221600000,68.564,68.824,68.012,68.377,202942.82
1780225200000,68.377,68.499,67.464,67.789,268678.93
1780228800000,67.789,68.482,67.473,68.004,229158.4
1780232400000,68.004,68.424,67.645,68.01,150873.83
1780236000000,68.01,68.569,67.8,68.153,258728.55
1780239600000,68.153,69.3,67.95,68.595,380441.4
1780243200000,68.595,68.73,67.655,67.95,230235.67
1780246800000,67.95,69.243,67.871,68.891,271061.5
1780250400000,68.891,69.336,68.589,68.929,147821.57
1780254000000,68.929,69.329,68.675,69.278,107102.98
1780257600000,69.278,70.296,68.967,70.121,406057.58
1780261200000,70.121,71.636,69.87,71.387,723511.53
1780264800000,71.387,73.109,71.024,72.587,897867.08
1780268400000,72.587,72.988,71.542,72.075,480089.8
1780272000000,72.075,74.334,71.89,73.475,636800.17
1780275600000,73.475,73.738,71.736,71.866,365820.84
1780279200000,71.866,72.762,71.652,72.114,232716.19
1780282800000,72.114,73.499,72.112,73.468,270041.44
1780286400000,73.468,73.744,72.692,73.275,452440.02
1780290000000,73.275,74.067,73.146,73.388,398786.2
1780293600000,73.388,73.918,72.529,73.224,394750.98
1780297200000,73.224,73.867,72.026,72.34,497116.74
1780300800000,72.34,72.95,71.926,72.108,194112.29
1780304400000,72.108,73.472,71.396,72.405,721158.87
1780308000000,72.405,73.192,72.188,72.663,275325.09
1780311600000,72.663,74.0,72.256,73.116,493507.47
1780315200000,73.116,74.725,72.412,74.05,738135.91
1780318800000,74.05,74.106,71.6,72.094,692436.89
1780322400000,72.094,72.448,70.31,71.204,938371.28
1780326000000,71.204,72.744,70.77,70.95,553405.1
1780329600000,70.95,72.235,70.446,72.196,573448.08
1780333200000,72.196,73.5,71.96,72.901,675062.53
1780336800000,72.901,73.513,72.338,73.505,284718.47
1780340400000,73.505,73.943,73.068,73.793,272127.62
1780344000000,73.793,73.823,72.036,72.53,304080.6
1780347600000,72.53,73.287,71.712,73.216,271369.9
1780351200000,73.216,74.297,72.712,74.225,390921.52
1780354800000,74.225,75.815,73.101,73.604,763610.46
1780358400000,73.604,74.855,73.236,74.089,335465.84
1780362000000,74.089,74.333,72.674,72.84,324894.87
1780365600000,72.84,74.88,72.695,74.861,377164.71
1780369200000,74.861,75.714,74.521,74.619,377825.81
1780372800000,74.619,74.972,73.55,73.693,260516.32
1780376400000,73.693,74.2,72.776,72.965,367907.17
1780380000000,72.965,73.337,71.922,72.0,289050.94
1780383600000,72.0,72.576,71.292,72.083,337034.71
1780387200000,72.083,72.151,71.176,71.407,241756.31
1780390800000,71.407,71.979,70.585,70.834,361515.69
1780394400000,70.834,72.498,70.818,72.375,284074.09
1780398000000,72.375,73.045,72.008,72.583,243746.09
1780401600000,72.583,73.811,72.4,73.65,301678.33
1780405200000,73.65,73.754,72.551,73.05,406325.77
1780408800000,73.05,74.084,72.022,72.414,569864.88
1780412400000,72.414,72.487,70.5,71.912,956661.93
1780416000000,71.912,72.637,71.339,71.922,435122.22
1780419600000,71.922,72.885,71.417,72.329,260666.98
1780423200000,72.329,72.688,70.743,70.86,305897.71
1780426800000,70.86,71.195,68.831,70.847,1012853.22
1780430400000,70.847,71.649,69.333,69.914,466292.48
1780434000000,69.914,70.193,68.8,68.884,225669.3
1780437600000,68.884,69.279,67.803,68.476,358323.57
1780441200000,68.476,69.879,68.229,69.805,344885.31
1780444800000,69.805,70.962,69.5,69.754,379111.55
1780448400000,69.754,70.066,68.466,69.19,238477.62
1780452000000,69.19,70.237,69.024,70.121,161100.9
1780455600000,70.121,70.919,69.245,70.598,473089.11
1780459200000,70.598,72.918,70.556,72.734,562670.77
1780462800000,72.734,73.672,72.335,72.71,492255.22
1780466400000,72.71,73.105,72.01,72.457,209073.33
1780470000000,72.457,73.459,72.118,73.045,203182.99
1780473600000,73.045,73.219,72.088,72.261,214291.74
1780477200000,72.261,72.891,71.519,71.795,255602.71
1780480800000,71.795,73.159,71.742,73.129,182912.07
1780484400000,73.129,73.516,72.07,72.329,249976.83
1780488000000,72.329,73.44,72.125,73.317,243020.02
1780491600000,73.317,74.0,72.223,72.771,479648.56
1780495200000,72.771,72.864,71.656,72.777,362533.19
1780498800000,72.777,73.599,71.888,72.094,416376.92
1780502400000,72.094,72.739,71.396,72.735,355031.61
1780506000000,72.735,73.985,71.794,73.741,449208.37
1780509600000,73.741,74.664,72.722,74.105,467978.63
1780513200000,74.105,74.526,73.074,73.4,275297.71
1780516800000,73.4,73.896,72.011,72.389,364073.43
1780520400000,72.389,75.4,72.389,74.963,552911.64
1780524000000,74.963,75.577,74.56,74.759,345393.4
1780527600000,74.759,75.37,74.048,74.522,205020.55
1780531200000,74.522,75.474,73.345,74.141,348208.88
1780534800000,74.141,74.392,72.1,72.202,486512.36
1780538400000,72.202,73.663,70.013,72.613,1305914.39
1780542000000,72.613,74.181,72.548,73.98,320146.24
1780545600000,73.98,75.05,72.966,73.236,512855.33
1780549200000,73.236,73.307,72.331,72.501,295735.27
1780552800000,72.501,73.081,69.565,69.661,653439.9
1780556400000,69.661,69.99,67.739,67.791,993988.74
1780560000000,67.791,68.89,66.666,68.487,953362.18
1780563600000,68.487,68.597,66.181,67.1,774935.3
1780567200000,67.1,67.109,64.8,65.468,1082981.97
1780570800000,65.468,67.04,64.874,66.567,769765.62
1780574400000,66.567,68.068,65.324,67.739,768922.89
1780578000000,67.739,67.867,65.518,67.115,718591.67
1780581600000,67.115,67.669,66.828,67.167,391774.81
1780585200000,67.167,68.5,66.588,67.425,578689.81
1780588800000,67.425,68.906,67.273,68.887,395451.98
1780592400000,68.887,68.894,66.053,66.742,566755.1
1780596000000,66.742,67.59,66.001,66.727,294285.82
1780599600000,66.727,67.14,65.748,66.475,373666.17
1780603200000,66.475,67.743,66.017,67.113,299611.75
1780606800000,67.113,67.506,64.309,64.681,495722.95
1780610400000,64.681,65.553,63.019,64.269,639614.56
1780614000000,64.269,65.101,63.241,64.415,356833.41
1780617600000,64.415,64.918,62.913,64.08,510333.21
1780621200000,64.08,65.997,63.367,65.726,430781.8
1780624800000,65.726,65.86,63.596,63.674,278996.67
1780628400000,63.674,64.024,61.559,61.754,662126.14
1780632000000,61.754,63.489,61.254,63.324,739037.31
1780635600000,63.324,63.825,60.764,61.53,820165.23
1780639200000,61.53,61.998,59.139,60.784,1285608.89
1780642800000,60.784,62.921,58.894,62.702,1434553.41
1780646400000,62.702,62.71,60.856,61.33,451250.61
1780650000000,61.33,62.428,61.083,61.643,527537.02
1780653600000,61.643,61.934,60.814,61.861,350085.8
1780657200000,61.861,62.642,61.254,61.691,308203.63
1780660800000,61.691,62.598,61.142,62.455,336634.47
1780664400000,62.455,62.911,60.586,60.786,681476.53
1780668000000,60.786,63.493,60.761,61.332,817602.18
1780671600000,61.332,61.484,57.2,57.796,1678524.12
1780675200000,57.796,60.406,57.035,59.644,1420475.51
1780678800000,59.644,59.971,57.58,57.935,690859.54
1780682400000,57.935,58.32,56.638,57.221,617494.76
1780686000000,57.221,58.933,56.659,58.507,605989.13
1780689600000,58.507,59.775,58.063,59.442,378902.43
1780693200000,59.442,60.639,59.037,59.727,241520.1
1780696800000,59.727,60.249,58.995,59.447,226854.45
1780700400000,59.447,59.955,58.753,59.702,210417.66
1780704000000,59.702,60.922,59.582,60.728,230696.65
1780707600000,60.728,61.136,59.565,59.566,266046.33
1780711200000,59.566,59.911,59.024,59.596,200184.95
1780714800000,59.596,59.631,58.639,58.839,205769.7
1780718400000,58.839,59.235,57.366,58.187,490801.79
1780722000000,58.187,59.574,57.5,59.394,354019.54
1780725600000,59.394,59.991,59.034,59.485,231518.2
1780729200000,59.485,60.499,59.211,59.876,244509.46
1780732800000,59.876,60.979,59.439,59.955,213025.21
1780736400000,59.955,60.278,59.082,59.371,185686.41
1780740000000,59.371,59.405,58.136,58.53,270391.06
1780743600000,58.53,59.809,58.495,59.64,208079.03
1780747200000,59.64,59.931,58.824,59.28,199473.41
1780750800000,59.28,59.324,58.493,58.636,158415.04
1780754400000,58.636,58.988,58.245,58.369,145320.81
1780758000000,58.369,58.616,57.603,58.291,313900.33
1780761600000,58.291,58.7,57.696,57.845,228550.92
1780765200000,57.845,58.144,56.97,57.191,240896.69
1780768800000,57.191,57.666,56.419,56.9,323820.51
1780772400000,56.9,57.099,55.542,55.561,526018.81
1780776000000,55.561,56.647,55.455,56.452,241157.5
1780779600000,56.452,56.993,56.452,56.615,129253.53
1780783200000,56.615,56.792,56.021,56.445,124554.31
1780786800000,56.445,56.942,56.142,56.494,106337.99
1780790400000,56.494,57.586,55.945,57.131,641043.8
1780794000000,57.131,58.5,57.016,58.066,438893.96
1780797600000,58.066,58.306,57.506,57.903,185685.3
1780801200000,57.903,58.3,57.376,57.816,226370.06
1780804800000,57.816,59.184,57.511,59.124,344839.19
1780808400000,59.124,59.792,58.949,59.45,266535.6
1780812000000,59.45,59.818,59.283,59.72,162183.24
1780815600000,59.72,59.998,59.347,59.84,173431.18
1780819200000,59.84,60.398,59.595,59.894,281558.14
1780822800000,59.894,60.439,58.911,58.98,343185.5
1780826400000,58.98,59.252,58.556,58.823,175123.22
1780830000000,58.823,59.4,58.512,58.853,128692.93
1780833600000,58.853,58.91,56.545,57.795,871770.16
1780837200000,57.795,57.97,57.277,57.874,175697.86
1780840800000,57.874,59.19,57.874,58.931,481127.71
1780844400000,58.931,59.135,57.744,58.414,440338.72
1780848000000,58.414,58.793,58.053,58.477,180521.66
1780851600000,58.477,59.191,58.441,58.959,129181.18
1780855200000,58.959,59.45,58.649,58.696,181967.76
1780858800000,58.696,58.738,56.851,57.56,362651.88
1780862400000,57.56,58.638,57.433,58.383,163175.49
1780866000000,58.383,58.678,58.001,58.366,74130.32
1780869600000,58.366,59.919,58.218,58.856,376556.6
1780873200000,58.856,59.779,58.658,59.715,157078.36
1780876800000,59.715,61.941,59.524,61.187,1001039.09
1780880400000,61.187,61.204,59.269,60.009,547982.11
1780884000000,60.009,61.673,59.821,61.538,395218.31
1780887600000,61.538,62.074,60.77,61.296,300034.98
1780891200000,61.296,61.39,60.167,60.591,221042.88
1780894800000,60.591,61.491,60.59,61.49,229673.59
1780898400000,61.49,63.234,61.474,63.1,404175.24
1780902000000,63.1,63.417,62.658,63.029,230304.56
1780905600000,63.029,63.149,61.01,61.468,897349.99
1780909200000,61.468,61.666,61.0,61.401,229425.09
1780912800000,61.401,61.823,61.131,61.407,207689.03
1780916400000,61.407,62.419,61.084,62.108,289750.96
1780920000000,62.108,62.969,61.241,62.889,366999.8
1780923600000,62.889,64.955,62.365,64.535,1418698.36
1780927200000,64.535,65.044,64.122,64.683,496167.75
1780930800000,64.683,65.765,64.34,64.785,614836.6
1780934400000,64.785,64.997,63.514,63.695,364723.98
1780938000000,63.695,64.394,63.286,64.129,226579.02
1780941600000,64.129,64.691,63.884,64.381,196436.16
1780945200000,64.381,64.688,63.331,63.662,318387.57
1780948800000,63.662,63.927,63.193,63.925,180209.68
1780952400000,63.925,64.552,63.732,64.049,164853.37
1780956000000,64.049,64.102,62.756,63.232,319649.55
1780959600000,63.232,63.776,63.05,63.775,204454.5
1780963200000,63.775,63.989,62.038,62.148,338972.46
1780966800000,62.148,62.933,61.838,62.75,220356.57
1780970400000,62.75,62.897,61.407,62.311,179050.33
1780974000000,62.311,62.75,61.28,61.602,226528.09
1780977600000,61.602,62.174,60.804,61.873,374635.53
1780981200000,61.873,62.549,61.181,61.944,210643.63
1780984800000,61.944,62.443,61.4,61.787,168583.64
1780988400000,61.787,62.328,61.672,62.189,160982.13
1780992000000,62.189,62.875,61.434,62.555,237465.05
1780995600000,62.555,62.765,61.847,62.275,169510.79
1780999200000,62.275,62.467,61.736,62.116,134070.58
1781002800000,62.116,62.182,61.558,61.779,135071.37
1781006400000,61.779,62.306,61.756,62.08,184009.41
1781010000000,62.08,62.281,60.537,60.563,518739.54
1781013600000,60.563,60.833,59.306,59.935,643080.68
1781017200000,59.935,60.461,58.62,58.878,596211.14
1781020800000,58.878,59.485,58.433,58.793,493194.18
1781024400000,58.793,59.371,58.668,59.045,261402.05
1781028000000,59.045,59.296,58.59,58.92,182134.59
1781031600000,58.92,59.286,57.864,58.592,325918.35
1781035200000,58.592,59.438,58.301,59.4,187266.09
1781038800000,59.4,59.458,57.661,57.961,255326.13
1781042400000,57.961,58.34,57.515,57.605,191334.95
1781046000000,57.605,57.909,57.3,57.772,128832.52
1781049600000,57.772,58.162,54.711,57.096,726212.79
1781053200000,57.096,57.327,56.55,57.285,251679.29
1781056800000,57.285,57.423,55.556,55.741,319722.11
1781060400000,55.741,57.001,55.714,56.574,175135.69
1781064000000,56.574,56.616,55.24,55.529,220204.7
1781067600000,55.529,55.714,55.047,55.351,263592.22
1781071200000,55.351,55.676,55.053,55.19,170777.34
1781074800000,55.19,56.222,55.089,55.684,275987.3
1781078400000,55.684,55.83,55.201,55.755,168605.84
1781082000000,55.755,56.1,55.3,55.937,199883.96
1781085600000,55.937,56.56,55.358,56.377,218944.66
1781089200000,56.377,56.557,55.528,55.62,230437.75
1781092800000,55.62,56.717,54.726,56.193,654253.29
1781096400000,56.193,58.052,55.934,57.428,768333.45
1781100000000,57.428,58.296,57.237,58.017,577073.49
1781103600000,58.017,58.253,56.576,57.453,563942.5
1781107200000,57.453,57.484,55.542,55.697,516628.26
1781110800000,55.697,56.323,54.863,55.548,556889.86
1781114400000,55.548,55.757,54.072,54.686,502112.96
1781118000000,54.686,54.818,53.568,53.893,480999.5
1781121600000,53.893,54.291,53.494,53.709,274911.44
1781125200000,53.709,54.108,53.109,53.301,311317.56
1781128800000,53.301,53.562,52.583,53.255,393038.63
1781132400000,53.255,53.639,52.643,53.289,228603.4
1781136000000,53.289,53.736,52.816,53.233,224974.33
1781139600000,53.233,54.616,53.233,54.528,360248.37
1781143200000,54.528,54.553,53.538,54.133,199556.61
1781146800000,54.133,55.312,53.978,55.152,264630.16
1781150400000,55.152,55.19,54.384,54.724,227867.18
1781154000000,54.724,55.624,54.313,55.516,273834.31
1781157600000,55.516,56.343,55.447,55.516,283356.0
1781161200000,55.516,56.022,55.355,55.551,208066.3
1781164800000,55.551,56.306,55.482,56.013,194903.89
1781168400000,56.013,56.213,55.55,56.067,158339.7
1781172000000,56.067,56.233,55.61,55.903,125979.58
1781175600000,55.903,57.116,55.851,56.816,442806.91
1781179200000,56.816,57.013,55.688,56.248,374035.74
1781182800000,56.248,57.545,56.046,57.004,348436.9
1781186400000,57.004,57.181,56.234,56.462,238599.63
1781190000000,56.462,57.298,56.137,56.72,237502.15
1781193600000,56.72,56.853,56.101,56.224,191219.58
1781197200000,56.224,58.869,55.805,58.377,733476.09
1781200800000,58.377,58.681,57.492,58.311,525632.37
1781204400000,58.311,59.589,57.975,58.643,489782.68
1781208000000,58.643,59.088,58.131,58.321,277642.48
1781211600000,58.321,59.137,58.31,58.836,205420.92
1781215200000,58.836,59.23,58.52,58.551,159927.88
1781218800000,58.551,59.6,58.282,58.945,223694.76
1781222400000,58.945,59.763,58.847,59.198,169441.55
1781226000000,59.198,59.198,58.24,58.408,153870.86
1781229600000,58.408,59.466,58.197,59.32,148140.79
1781233200000,59.32,59.479,58.906,59.226,118056.99
1781236800000,59.226,59.438,58.604,58.67,195880.22
1781240400000,58.67,58.732,58.022,58.049,182983.13
1781244000000,58.049,58.227,56.82,57.128,495056.24
1781247600000,57.128,57.473,56.782,56.951,162046.95
1781251200000,56.951,58.655,56.925,58.621,251494.67
1781254800000,58.621,59.365,58.281,59.178,221625.88
1781258400000,59.178,59.469,58.629,59.081,259085.75
1781262000000,59.081,59.586,58.995,59.217,145527.98
1781265600000,59.217,60.732,59.003,60.369,426614.45
1781269200000,60.369,60.726,59.279,59.668,363441.19
1781272800000,59.668,60.46,59.283,60.421,354281.0
1781276400000,60.421,61.21,59.701,59.742,453855.05
1781280000000,59.742,61.488,59.4,61.002,587661.84
1781283600000,61.002,62.436,60.97,61.884,452005.64
1781287200000,61.884,62.139,61.05,61.134,250317.17
1781290800000,61.134,61.218,60.456,60.79,152184.22
1781294400000,60.79,61.337,60.5,60.81,181650.5
1781298000000,60.81,61.161,60.133,60.497,146786.8
1781301600000,60.497,60.9,60.23,60.654,158075.89
1781305200000,60.654,60.696,59.223,59.278,269625.99
1781308800000,59.278,59.364,58.86,59.28,156334.61
1781312400000,59.28,59.476,58.911,59.396,97018.79
1781316000000,59.396,59.697,59.121,59.214,119668.29
1781319600000,59.214,59.305,58.269,58.569,234724.61
1781323200000,58.569,58.641,57.828,57.935,143443.93
1781326800000,57.935,58.016,57.233,57.839,243339.86
1781330400000,57.839,58.822,57.82,58.723,244917.82
1781334000000,58.723,58.981,58.363,58.759,172547.86
1781337600000,58.759,59.212,58.56,58.871,162626.58
1781341200000,58.871,58.947,58.25,58.382,112773.09
1781344800000,58.382,58.506,57.806,58.05,172543.58
1781348400000,58.05,58.778,57.938,58.625,158366.23
1781352000000,58.625,59.556,58.492,59.425,227152.27
1781355600000,59.425,59.665,58.906,59.009,186750.98
1781359200000,59.009,60.257,58.931,60.234,239280.76
1781362800000,60.234,60.439,59.755,59.902,210504.04
1781366400000,59.902,60.27,59.45,60.138,212959.04
1781370000000,60.138,60.199,58.96,58.999,200401.6
1781373600000,58.999,59.889,58.868,59.861,158153.89
1781377200000,59.861,60.004,59.623,59.865,73689.09
1781380800000,59.865,59.997,59.628,59.909,37671.82
1781384400000,59.909,60.748,59.772,60.5,105863.54
1781388000000,60.5,60.535,60.201,60.223,54992.57
1781391600000,60.223,60.873,60.108,60.665,111023.42
1781395200000,60.665,60.939,60.385,60.858,72434.93
1781398800000,60.858,61.115,60.502,60.577,73178.1
1781402400000,60.577,61.222,60.5,60.801,116284.75
1781406000000,60.801,60.91,60.301,60.571,76479.02
1781409600000,60.571,60.643,59.921,60.106,106173.48
1781413200000,60.106,60.232,59.839,59.938,114840.16
1781416800000,59.938,60.316,59.635,59.879,137344.16
1781420400000,59.879,60.566,59.781,60.078,163619.65
1781424000000,60.078,60.342,59.676,60.238,151641.69
1781427600000,60.238,60.86,59.896,60.834,195972.14
1781431200000,60.834,61.589,60.503,61.006,370927.9
1781434800000,61.006,61.253,60.55,61.019,242938.98
1781438400000,61.019,61.338,60.643,60.856,148014.4
1781442000000,60.856,61.292,60.579,61.044,125145.91
1781445600000,61.044,61.075,59.603,60.288,317688.19
1781449200000,60.288,60.715,60.208,60.225,129615.76
1781452800000,60.225,60.506,59.91,59.945,108260.88
1781456400000,59.945,60.369,59.735,59.784,88549.69
1781460000000,59.784,60.419,59.617,60.343,100084.09
1781463600000,60.343,60.773,60.177,60.494,88904.8
1781467200000,60.494,60.733,60.232,60.469,74854.55
1781470800000,60.469,63.701,60.334,63.003,638701.12
1781474400000,63.003,63.628,62.211,62.996,625611.68
1781478000000,62.996,64.085,62.93,63.857,255528.54
1781481600000,63.857,64.255,63.448,63.93,260231.1
1781485200000,63.93,63.969,63.089,63.569,168688.13
1781488800000,63.569,64.995,63.415,64.774,355355.94
1781492400000,64.774,65.294,64.53,65.265,186080.48
1781496000000,65.265,65.739,64.745,64.81,291457.77
1781499600000,64.81,65.133,64.518,64.745,142899.97
1781503200000,64.745,65.208,64.382,65.174,212547.21
1781506800000,65.174,65.837,64.782,65.192,291836.13
1781510400000,65.192,65.985,65.071,65.961,198394.09
1781514000000,65.961,66.586,65.541,66.485,421625.39
1781517600000,66.485,68.083,66.378,67.778,402168.87
1781521200000,67.778,68.464,67.554,67.91,318331.51
1781524800000,67.91,68.3,67.291,67.996,306342.89
1781528400000,67.996,68.2,66.84,66.925,362284.67
1781532000000,66.925,68.104,66.619,67.969,339052.06
1781535600000,67.969,68.371,67.301,67.99,275404.94
1781539200000,67.99,68.4,67.458,68.33,384709.71
1781542800000,68.33,68.69,67.831,68.066,211347.27
1781546400000,68.066,68.37,67.634,67.929,114492.46
1781550000000,67.929,68.231,66.952,67.145,212488.44
1781553600000,67.145,67.662,66.954,67.371,120637.99
1781557200000,67.371,68.188,67.286,68.061,77906.23
1781560800000,68.061,68.35,66.407,66.442,317124.76
1781564400000,66.442,66.931,66.027,66.859,161287.07
1781568000000,66.859,67.565,66.335,67.29,184145.39
1781571600000,67.29,67.676,67.059,67.3,176877.4
1781575200000,67.3,67.616,66.778,67.463,150068.73
1781578800000,67.463,69.76,67.338,69.742,464482.83
1781582400000,69.742,70.489,69.018,70.38,282059.54
1781586000000,70.38,72.273,70.305,71.78,475017.73
1781589600000,71.78,72.755,71.504,72.694,390525.3
1781593200000,72.694,73.063,71.852,72.949,304880.47
1781596800000,72.949,74.038,72.534,73.711,334490.39
1781600400000,73.711,73.949,72.966,73.44,251132.51
1781604000000,73.44,76.479,73.245,75.351,690970.87
1781607600000,75.351,76.088,74.42,75.571,484376.52
1781611200000,75.571,76.993,74.829,76.938,538281.62
1781614800000,76.938,76.938,75.289,75.778,541570.04
1781618400000,75.778,76.516,73.26,73.44,903809.27
1781622000000,73.44,75.116,73.333,74.874,429956.93
1781625600000,74.874,75.289,73.332,73.678,449787.68
1781629200000,73.678,74.268,72.752,73.979,327763.04
1781632800000,73.979,75.004,72.435,72.787,478755.32
1781636400000,72.787,73.422,72.03,72.449,401375.57
1781640000000,72.449,73.402,72.066,73.348,180358.73
1781643600000,73.348,73.651,72.79,73.42,93385.33
1781647200000,73.42,73.946,72.92,73.416,146186.35
1781650800000,73.416,73.797,72.865,73.565,98834.59
1781654400000,73.565,73.87,72.555,72.761,189903.69
1781658000000,72.761,74.769,72.747,74.378,264047.42
1781661600000,74.378,74.862,74.014,74.776,180492.19
1781665200000,74.776,75.049,74.253,74.445,164610.25
1781668800000,74.445,75.322,74.269,74.459,190782.28
1781672400000,74.459,74.713,73.404,74.301,238445.19
1781676000000,74.301,74.335,72.808,73.381,258769.44
1781679600000,73.381,73.78,72.945,73.418,237088.55
1781683200000,73.418,73.499,72.15,72.391,330861.03
1781686800000,72.391,73.176,72.3,73.049,215268.07
1781690400000,73.049,73.059,72.039,72.242,178689.8
1781694000000,72.242,72.417,70.643,70.994,506805.77
1781697600000,70.994,71.639,69.876,71.406,562752.21
1781701200000,71.406,72.348,70.927,71.69,339666.54
1781704800000,71.69,72.613,71.223,72.111,404785.25
1781708400000,72.111,74.563,71.827,74.33,547602.56
1781712000000,74.33,76.639,74.33,75.259,1031495.18
1781715600000,75.259,75.435,73.779,74.324,534557.77
1781719200000,74.324,75.293,72.718,73.627,902863.99
1781722800000,73.627,74.0,70.918,72.222,1339920.76
1781726400000,72.222,72.772,71.506,72.364,484350.05
1781730000000,72.364,72.613,70.396,71.042,452681.39
1781733600000,71.042,71.537,70.179,70.938,426443.02
1781737200000,70.938,71.748,70.919,71.106,153156.04
1781740800000,71.106,72.483,71.026,72.271,262654.71
1781744400000,72.271,73.732,72.011,72.379,558924.95
1781748000000,72.379,72.741,71.935,72.47,153098.07
1781751600000,72.47,72.517,70.637,70.963,480806.92
1781755200000,70.963,71.12,68.661,69.234,682385.09
1781758800000,69.234,69.726,68.531,69.691,358233.67
1781762400000,69.691,71.248,69.506,71.166,343012.92
1781766000000,71.166,71.631,70.58,71.495,283983.32
1781769600000,71.495,72.749,71.109,71.836,583388.08
1781773200000,71.836,72.785,71.667,71.826,349751.83
1781776800000,71.826,72.594,71.261,72.163,339881.63
1781780400000,72.163,72.585,70.523,70.905,385146.89
1781784000000,70.905,72.036,70.66,71.671,274781.01
1781787600000,71.671,72.296,70.237,70.621,546853.26
1781791200000,70.621,70.88,68.973,69.288,637191.71
1781794800000,69.288,69.333,67.318,67.502,772998.5
1781798400000,67.502,68.237,66.82,67.47,625041.66
1781802000000,67.47,67.618,66.504,66.58,450802.5
1781805600000,66.58,68.275,66.52,67.83,405283.49
1781809200000,67.83,68.695,67.622,68.128,275625.53
1781812800000,68.128,69.252,68.122,68.84,262997.53
1781816400000,68.84,68.97,67.184,67.951,409910.99
1781820000000,67.951,68.045,67.595,67.748,116412.96
1781823600000,67.748,68.507,67.265,68.312,290559.03
1781827200000,68.312,68.319,67.635,67.691,94992.59
1781830800000,67.691,67.769,66.729,67.652,228016.79
1781834400000,67.652,68.166,66.974,68.15,163416.12
1781838000000,68.15,68.263,66.619,66.742,333364.3
1781841600000,66.742,67.665,65.527,65.729,662389.94
1781845200000,65.729,66.809,65.713,66.764,203231.98
1781848800000,66.764,67.775,66.462,67.652,406083.4
1781852400000,67.652,67.752,66.185,66.534,254472.24
1781856000000,66.534,67.678,66.534,67.412,187387.07
1781859600000,67.412,67.697,66.624,66.679,242436.86
1781863200000,66.679,67.224,66.371,67.035,141764.32
1781866800000,67.035,67.628,66.688,67.351,150875.71
1781870400000,67.351,68.359,66.443,68.314,523450.56
1781874000000,68.314,69.376,67.355,68.78,471305.11
1781877600000,68.78,69.126,67.77,68.772,292669.0
1781881200000,68.772,69.54,68.729,69.318,308548.2
1781884800000,69.318,70.774,69.205,69.696,540963.59
1781888400000,69.696,70.721,69.112,70.524,412453.58
1781892000000,70.524,71.346,70.203,70.604,290710.08
1781895600000,70.604,71.356,70.292,70.5,245586.54
1781899200000,70.5,70.935,69.669,70.277,218297.71
1781902800000,70.277,70.554,69.143,69.344,169426.74
1781906400000,69.344,70.173,68.9,69.888,207351.75
1781910000000,69.888,70.492,69.438,70.265,179482.16
1781913600000,70.265,70.382,69.074,69.22,189026.26
1781917200000,69.22,69.634,68.727,69.354,213462.68
1781920800000,69.354,69.406,68.401,68.52,185439.34
1781924400000,68.52,69.212,68.5,68.934,115495.18
1781928000000,68.934,70.069,68.656,70.022,170749.36
1781931600000,70.022,70.588,69.873,70.304,185843.74
1781935200000,70.304,70.927,70.293,70.433,144413.46
1781938800000,70.433,70.552,69.797,69.966,197540.63
1781942400000,69.966,70.983,69.916,70.707,219083.79
1781946000000,70.707,70.875,70.163,70.75,136904.87
1781949600000,70.75,71.17,70.497,70.755,187709.08
1781953200000,70.755,71.296,70.41,71.046,142883.03
1781956800000,71.046,71.459,70.594,70.785,224767.76
1781960400000,70.785,70.808,69.252,69.565,346631.86
1781964000000,69.565,71.167,68.692,70.745,482301.68
1781967600000,70.745,71.234,70.45,71.083,293862.1
1781971200000,71.083,71.1,69.659,69.791,236889.83
1781974800000,69.791,69.873,68.943,69.495,335387.54
1781978400000,69.495,69.802,69.42,69.735,141778.32
1781982000000,69.735,69.999,69.615,69.846,101424.13
1781985600000,69.846,69.964,69.375,69.791,101704.45
1781989200000,69.791,70.219,69.744,69.986,100913.56
1781992800000,69.986,70.816,69.936,70.595,116311.68
1781996400000,70.595,71.012,70.536,70.729,87942.78
1782000000000,70.729,70.782,70.231,70.468,102331.03
1782003600000,70.468,70.879,70.314,70.433,85306.81
1782007200000,70.433,70.641,69.809,69.827,110950.76
1782010800000,69.827,70.388,69.65,69.686,140957.23
1782014400000,69.686,70.098,69.218,69.46,136787.39
1782018000000,69.46,69.539,69.012,69.434,145423.15
1782021600000,69.434,69.519,69.011,69.2,105038.34
1782025200000,69.2,69.52,68.182,68.529,249670.26
1782028800000,68.529,68.614,67.26,67.727,334557.38
1782032400000,67.727,68.345,67.623,68.262,248099.65
1782036000000,68.262,68.613,68.123,68.4,126182.41
1782039600000,68.4,68.434,67.566,67.795,184328.19
1782043200000,67.795,68.081,67.279,68.001,197611.22
1782046800000,68.001,68.001,67.609,67.899,87460.97
1782050400000,67.899,68.191,67.402,68.105,189467.7
1782054000000,68.105,68.793,68.034,68.681,201109.71
1782057600000,68.681,68.75,67.74,68.007,206429.56
1782061200000,68.007,68.375,67.766,67.884,84494.31
1782064800000,67.884,68.546,67.581,68.327,171826.87
1782068400000,68.327,68.68,68.071,68.554,82014.67
1782072000000,68.554,68.898,67.747,67.915,149410.76
1782075600000,67.915,68.063,67.325,67.449,217347.92
1782079200000,67.449,67.839,66.852,67.365,205582.4
1782082800000,67.365,67.366,66.574,66.93,230804.83
1782086400000,66.93,67.712,66.85,67.612,177720.27
1782090000000,67.612,68.938,67.612,68.44,392904.54
1782093600000,68.44,68.658,67.303,67.371,249824.04
1782097200000,67.371,67.466,65.206,65.461,556239.36
1782100800000,65.461,66.074,65.2,65.976,224820.32
1782104400000,65.976,66.424,65.721,66.3,195241.74
1782108000000,66.3,66.494,66.002,66.205,106330.92
1782111600000,66.205,67.59,66.198,67.3,380732.56
1782115200000,67.3,67.962,67.08,67.44,258360.13
1782118800000,67.44,67.655,67.145,67.472,71638.05
1782122400000,67.472,67.907,67.368,67.556,72492.25
1782126000000,67.556,68.507,67.407,68.027,258176.47
1782129600000,68.027,68.778,67.797,68.44,247751.03
1782133200000,68.44,69.533,68.059,69.282,366771.24
1782136800000,69.282,69.331,67.862,67.97,352898.04
1782140400000,67.97,68.517,66.782,66.936,464051.72
1782144000000,66.936,67.781,66.515,67.589,359766.68
1782147600000,67.589,68.057,67.189,67.993,147688.92
1782151200000,67.993,69.463,67.863,67.89,577414.44
1782154800000,67.89,68.365,66.864,67.397,398555.68
1782158400000,67.397,67.693,66.845,67.24,174826.73
1782162000000,67.24,67.392,66.226,66.713,153040.54
1782165600000,66.713,66.984,65.828,66.225,178776.88
1782169200000,66.225,66.36,65.818,66.281,90047.68
1782172800000,66.281,66.579,65.878,66.284,125092.58
1782176400000,66.284,66.528,65.69,66.32,162276.23
1782180000000,66.32,67.306,66.017,67.051,160303.72
1782183600000,67.051,67.109,66.516,67.054,85442.29
1782187200000,67.054,67.173,65.827,66.22,133922.67
1782190800000,66.22,66.667,65.011,65.3,296280.93
1782194400000,65.3,65.301,63.333,64.293,712717.47
1782198000000,64.293,64.619,63.5,63.58,254352.4
1782201600000,63.58,63.801,62.783,62.901,554923.91
1782205200000,62.901,63.187,62.552,63.078,225803.71
1782208800000,63.078,63.321,62.263,62.598,305053.21
1782212400000,62.598,63.253,62.581,63.224,216082.28
1782216000000,63.224,63.473,62.608,62.925,226441.81
1782219600000,62.925,63.318,62.649,63.316,291432.45
1782223200000,63.316,63.647,62.842,62.926,333573.53
1782226800000,62.926,63.058,61.607,62.365,508205.72
1782230400000,62.365,63.039,61.986,62.417,306903.93
1782234000000,62.417,62.902,61.872,62.156,176208.37
1782237600000,62.156,62.359,61.716,61.759,165882.55
1782241200000,61.759,62.395,61.717,62.245,145446.95
1782244800000,62.245,62.763,61.823,62.041,189819.56
1782248400000,62.041,62.443,61.986,62.059,86635.79
1782252000000,62.059,62.93,62.002,62.285,167261.74
1782255600000,62.285,62.296,61.665,62.175,121897.05
1782259200000,62.175,62.974,62.104,62.864,122856.62
1782262800000,62.864,63.232,62.304,62.747,112085.87
1782266400000,62.747,62.789,61.552,61.552,151988.2
1782270000000,61.552,61.576,60.563,61.298,381173.22
1782273600000,61.298,61.745,60.411,61.43,168303.95
1782277200000,61.43,62.415,61.424,62.25,194746.84
1782280800000,62.25,62.636,61.902,62.188,139358.49
1782284400000,62.188,62.361,61.717,61.98,146761.9
1782288000000,61.98,62.703,61.875,62.639,152289.66
1782291600000,62.639,62.641,62.065,62.416,107425.85
1782295200000,62.416,62.531,61.965,62.018,90711.17
1782298800000,62.018,63.314,61.54,62.511,297545.92
1782302400000,62.511,62.637,61.777,61.966,137862.81
1782306000000,61.966,62.018,60.229,60.841,600705.61
1782309600000,60.841,61.131,60.1,60.86,338557.83
1782313200000,60.86,60.865,59.759,59.963,301836.98
1782316800000,59.963,60.625,59.1,59.609,435555.2
1782320400000,59.609,59.916,59.081,59.209,317886.49
1782324000000,59.209,60.921,59.156,60.344,320958.59
1782327600000,60.344,60.839,59.975,60.821,176049.64
1782331200000,60.821,62.947,60.577,62.506,612184.61
1782334800000,62.506,63.386,62.26,63.295,208639.6
1782338400000,63.295,63.617,63.062,63.268,204887.2
1782342000000,63.268,64.294,63.141,63.924,300896.17
1782345600000,63.924,64.141,62.827,63.024,192722.33
1782349200000,63.024,63.465,62.761,63.33,141255.37
1782352800000,63.33,63.727,63.081,63.335,115854.09
1782356400000,63.335,63.487,62.849,63.061,87916.14
1782360000000,63.061,63.913,62.628,63.713,189462.18
1782363600000,63.713,63.973,63.257,63.589,275245.77
1782367200000,63.589,64.522,63.474,64.478,253594.02
1782370800000,64.478,64.638,63.708,63.795,221441.82
1782374400000,63.795,63.993,63.376,63.456,169149.47
1782378000000,63.456,63.76,63.251,63.687,104796.48
1782381600000,63.687,63.895,62.805,62.847,166951.46
1782385200000,62.847,62.993,62.404,62.877,330910.83
1782388800000,62.877,63.788,62.403,63.206,226425.54
1782392400000,63.206,63.389,58.491,58.854,851664.86
1782396000000,58.854,61.499,58.814,60.815,790267.46
1782399600000,60.815,62.043,60.068,61.847,491783.64
1782403200000,61.847,62.674,61.067,61.316,364440.08
1782406800000,61.316,63.523,61.23,63.448,290193.46
1782410400000,63.448,63.681,62.754,63.651,308057.8
1782414000000,63.651,63.653,62.317,63.575,161515.7
1782417600000,63.575,64.216,62.992,63.117,214869.19
1782421200000,63.117,64.85,62.881,64.464,277806.19
1782424800000,64.464,64.7,63.439,63.775,184400.9
1782428400000,63.775,65.468,63.46,64.086,486031.45
1782432000000,64.086,64.478,63.5,63.534,189998.4
1782435600000,63.534,63.7,62.709,63.264,169857.93
1782439200000,63.264,63.284,61.383,61.614,453163.08
1782442800000,61.614,63.85,61.433,63.835,356878.93
1782446400000,63.835,63.951,62.576,62.769,182152.7
1782450000000,62.769,63.034,61.988,62.551,258192.32
1782453600000,62.551,63.889,62.179,63.706,178480.93
1782457200000,63.706,65.109,63.353,65.033,396579.64
1782460800000,65.033,65.523,63.964,64.044,280558.01
1782464400000,64.044,64.077,62.574,62.636,341855.23
1782468000000,62.636,62.657,61.828,61.939,321093.11
1782471600000,61.939,62.4,61.683,62.058,213750.77
1782475200000,62.058,62.644,61.038,61.506,355894.08
1782478800000,61.506,63.927,60.96,63.78,531130.26
1782482400000,63.78,64.777,63.553,63.97,838838.42
1782486000000,63.97,65.096,63.873,64.885,381432.17
1782489600000,64.885,65.392,64.216,64.963,306969.33
1782493200000,64.963,65.46,64.316,64.526,190598.07
1782496800000,64.526,65.23,63.95,64.043,168096.38
1782500400000,64.043,65.395,63.857,64.712,200049.78
1782504000000,64.712,65.142,63.56,63.715,455872.01
1782507600000,63.715,64.486,63.219,63.95,186761.53
1782511200000,63.95,64.197,63.571,64.172,57989.25
1782514800000,64.172,64.713,64.143,64.365,118265.9
1782518400000,64.365,64.392,63.241,63.669,156230.61
1782522000000,63.669,63.773,63.309,63.435,51337.98
1782525600000,63.435,64.498,63.233,64.224,101035.21
1782529200000,64.224,64.384,63.843,63.983,63547.25
1782532800000,63.983,64.764,63.9,63.99,116988.67
1782536400000,63.99,64.069,63.651,63.747,58141.79
1782540000000,63.747,63.972,63.156,63.497,115480.42
1782543600000,63.497,63.798,63.277,63.614,102750.35
1782547200000,63.614,63.995,63.344,63.475,78741.42
1782550800000,63.475,63.554,62.66,62.915,177508.04
1782554400000,62.915,63.324,62.878,63.295,66073.99
1782558000000,63.295,63.755,62.795,63.421,81233.02
1782561600000,63.421,63.465,62.917,63.3,58334.18
1782565200000,63.3,63.89,63.196,63.693,80632.19
1782568800000,63.693,64.191,63.469,63.805,103324.97
1782572400000,63.805,64.716,63.782,64.402,141767.38
1782576000000,64.402,64.402,63.903,64.219,107967.05
1782579600000,64.219,64.23,63.029,63.047,223998.52
1782583200000,63.047,63.267,62.827,63.049,74587.17
1782586800000,63.049,63.188,62.162,62.204,189098.43
1782590400000,62.204,62.513,61.907,62.412,122488.36
1782594000000,62.412,62.795,62.211,62.479,87570.11
1782597600000,62.479,62.617,61.707,62.592,113037.44
1782601200000,62.592,62.643,61.484,61.671,135669.95
1782604800000,61.671,62.144,61.576,61.795,72988.54
1782608400000,61.795,62.097,61.424,61.955,74698.14
1782612000000,61.955,62.12,61.632,61.899,50663.68
1782615600000,61.899,62.258,61.839,62.219,55654.1
1782619200000,62.219,62.264,61.79,61.917,48554.47
1782622800000,61.917,62.086,61.637,61.945,78119.02
1782626400000,61.945,62.193,61.54,61.957,79827.04
1782630000000,61.957,62.641,61.948,62.63,99003.55
1782633600000,62.63,63.487,62.278,63.106,297356.55
1782637200000,63.106,63.18,62.782,62.841,110789.55
1782640800000,62.841,63.108,62.47,62.859,133329.23
1782644400000,62.859,63.559,62.838,63.22,165735.56
1782648000000,63.22,63.604,62.863,63.101,96796.67
1782651600000,63.101,63.291,62.539,62.805,105022.79
1782655200000,62.805,63.268,62.674,62.694,82901.16
1782658800000,62.694,63.223,62.596,63.114,90468.16
1782662400000,63.114,63.293,62.246,62.645,281868.3
1782666000000,62.645,63.035,62.396,62.815,93720.02
1782669600000,62.815,62.853,61.868,62.154,105002.0
1782673200000,62.154,62.293,61.611,61.985,118741.5
1782676800000,61.985,62.438,61.859,61.901,84273.56
1782680400000,61.901,61.919,60.63,60.741,237265.03
1782684000000,60.741,61.492,60.569,60.848,265700.9
1782687600000,60.848,61.744,60.775,61.439,165021.45
1782691200000,61.439,61.738,60.65,61.695,173085.35
1782694800000,61.695,62.054,61.17,61.934,168017.04
1782698400000,61.934,62.632,61.367,62.489,158604.43
1782702000000,62.489,62.9,62.227,62.688,119759.48
1782705600000,62.688,62.822,61.974,62.043,79517.48
1782709200000,62.043,62.989,61.522,62.963,99756.69
1782712800000,62.963,63.205,62.634,62.635,120582.15
1782716400000,62.635,62.895,62.418,62.579,64187.2
1782720000000,62.579,62.761,62.308,62.357,94677.12
1782723600000,62.357,62.792,62.246,62.586,102047.97
1782727200000,62.586,63.834,62.586,63.637,199470.51
1782730800000,63.637,63.691,62.879,63.352,181965.08
1782734400000,63.352,64.637,63.111,63.791,505697.26
1782738000000,63.791,64.999,63.154,63.926,750651.73
1782741600000,63.926,64.517,63.225,64.415,483251.44
1782745200000,64.415,64.993,63.729,64.886,459819.53
1782748800000,64.886,65.293,64.191,64.715,322900.58
1782752400000,64.715,66.983,64.714,66.36,515433.8
1782756000000,66.36,66.427,65.633,65.77,208338.9
1782759600000,65.77,67.14,65.357,66.937,285011.18
1782763200000,66.937,67.0,66.279,66.325,128608.75
1782766800000,66.325,67.759,66.25,67.543,232745.45
1782770400000,67.543,67.818,66.688,66.976,152489.66
1782774000000,66.976,67.265,66.564,66.9,91394.7
1782777600000,66.9,66.959,65.744,66.003,298318.47
1782781200000,66.003,66.521,65.593,66.376,145853.24
1782784800000,66.376,66.442,65.554,65.721,71689.59
1782788400000,65.721,66.139,65.682,65.736,46300.95
1782792000000,65.736,66.482,65.483,66.2,89936.16
1782795600000,66.2,66.337,65.673,66.052,60701.99
1782799200000,66.052,66.088,65.388,65.504,87333.42
1782802800000,65.504,65.745,65.217,65.667,63218.66
1782806400000,65.667,65.766,65.027,65.164,159902.78
1782810000000,65.164,65.447,64.888,65.318,70235.27
1782813600000,65.318,66.24,65.16,66.084,108830.99
1782817200000,66.084,66.331,65.439,65.69,135272.73
1782820800000,65.69,65.695,64.385,64.524,259811.75
1782824400000,64.524,65.529,64.42,65.265,273187.88
1782828000000,65.265,66.039,64.682,64.808,261332.06
1782831600000,64.808,65.456,64.487,65.013,216585.5
1782835200000,65.013,65.31,64.116,64.695,186670.31
1782838800000,64.695,65.19,64.506,64.57,119224.35
1782842400000,64.57,65.279,64.48,64.981,91367.21
1782846000000,64.981,65.559,64.74,65.488,117878.26
1782849600000,65.488,65.761,64.632,64.674,145887.93
1782853200000,64.674,64.918,64.147,64.69,111424.75
1782856800000,64.69,64.879,64.319,64.63,71890.36
1782860400000,64.63,65.115,64.519,65.044,44197.33
1782864000000,65.044,65.163,64.152,64.227,142773.83
1782867600000,64.227,64.738,62.945,64.55,464311.39
1782871200000,64.55,65.573,64.504,65.423,213957.19
1782874800000,65.423,65.803,65.08,65.593,112260.38
1782878400000,65.593,66.041,65.35,65.88,70630.54
1782882000000,65.88,66.01,65.111,65.208,84802.38
1782885600000,65.208,65.242,64.532,64.905,137069.04
1782889200000,64.905,64.956,64.056,64.483,103119.21
1782892800000,64.483,64.483,63.225,64.003,256141.46
1782896400000,64.003,64.259,63.779,64.016,138375.1
1782900000000,64.016,64.05,62.407,62.738,330972.41
1782903600000,62.738,63.038,62.335,62.68,154724.05
1782907200000,62.68,62.875,62.4,62.514,96787.06
1782910800000,62.514,64.142,62.506,64.043,285761.15
1782914400000,64.043,64.8,63.171,63.655,400914.02
1782918000000,63.655,64.856,63.566,64.602,263907.96
1782921600000,64.602,65.079,64.245,64.415,171668.72
1782925200000,64.415,64.641,63.993,64.378,138600.16
1782928800000,64.378,64.76,63.64,63.84,130373.29
1782932400000,63.84,64.145,62.875,62.981,173949.83
1782936000000,62.981,63.301,61.961,62.274,377393.05
1782939600000,62.274,63.82,61.958,63.426,262064.07
1782943200000,63.426,64.187,62.487,63.315,325006.97
1782946800000,63.315,63.315,62.333,62.354,188196.52
1782950400000,62.354,62.587,61.7,62.312,198582.75
1782954000000,62.312,63.2,62.196,62.825,194938.04
1782957600000,62.825,63.148,62.456,63.07,97407.87
1782961200000,63.07,63.667,62.766,63.609,138808.25
1782964800000,63.609,63.865,63.252,63.716,118105.81
1782968400000,63.716,63.821,63.319,63.39,92287.2
1782972000000,63.39,63.819,62.899,63.235,138413.95
1782975600000,63.235,63.449,62.896,63.155,97102.9
1782979200000,63.155,63.583,63.019,63.558,163651.69
1782982800000,63.558,64.174,63.397,63.945,178840.0
1782986400000,63.945,64.447,63.778,64.191,180568.01
1782990000000,64.191,65.297,64.101,65.093,290769.06
1782993600000,65.093,65.562,64.705,65.126,315448.87
1782997200000,65.126,66.264,65.049,65.965,363520.76
1783000800000,65.965,66.497,65.031,65.581,323822.15
1783004400000,65.581,65.699,64.9,65.384,157310.14
1783008000000,65.384,65.836,65.063,65.664,124931.64
1783011600000,65.664,66.233,65.49,65.935,129171.42
1783015200000,65.935,67.172,65.925,66.805,308479.84
1783018800000,66.805,66.948,66.146,66.258,106627.05
1783022400000,66.258,66.476,66.147,66.292,52265.17
1783026000000,66.292,66.338,65.666,65.952,74017.22
1783029600000,65.952,66.16,65.465,65.86,85714.4
1783033200000,65.86,66.989,65.689,66.904,87380.69
1783036800000,66.904,67.022,65.9,66.044,100369.96
1783040400000,66.044,67.062,66.031,66.858,108436.62
1783044000000,66.858,67.1,66.404,66.74,72441.28
1783047600000,66.74,66.846,66.296,66.682,59655.16
1783051200000,66.682,66.735,66.255,66.565,58398.32
1783054800000,66.565,67.755,66.519,67.31,147304.98
1783058400000,67.31,67.576,66.939,67.203,76180.35
1783062000000,67.203,67.447,66.933,67.284,78996.42
1783065600000,67.284,67.836,67.266,67.651,128100.05
1783069200000,67.651,68.486,67.455,67.662,216907.15
1783072800000,67.662,69.156,67.541,68.955,210792.06
1783076400000,68.955,69.522,68.813,69.249,130912.55
1783080000000,69.249,69.438,68.741,69.055,145241.51
1783083600000,69.055,69.9,69.013,69.67,138753.73
1783087200000,69.67,70.469,69.033,70.325,252392.43
1783090800000,70.325,70.778,69.799,69.916,220245.75
1783094400000,69.916,70.527,69.432,69.808,215322.97
1783098000000,69.808,70.696,69.606,70.689,146357.66
1783101600000,70.689,70.767,70.291,70.469,75013.68
1783105200000,70.469,70.545,70.165,70.225,66372.81
1783108800000,70.225,71.092,70.188,70.605,188658.27
1783112400000,70.605,71.248,70.356,70.855,103349.8
1783116000000,70.855,70.954,70.57,70.729,66392.36
1783119600000,70.729,71.028,70.333,70.63,69074.84
1783123200000,70.63,71.4,70.516,71.171,88876.2
1783126800000,71.171,71.171,70.148,70.257,106640.02
1783130400000,70.257,71.091,69.936,70.718,113564.67
1783134000000,70.718,71.673,70.54,71.322,119478.35
1783137600000,71.322,72.091,71.143,71.54,131301.63
1783141200000,71.54,71.701,70.956,71.389,104445.86
1783144800000,71.389,71.678,70.763,71.251,65739.75
1783148400000,71.251,71.749,71.107,71.473,75853.37
1783152000000,71.473,71.569,71.029,71.065,67687.56
1783155600000,71.065,71.25,70.638,70.921,127659.6
1783159200000,70.921,71.2,70.492,70.642,62205.12
1783162800000,70.642,70.753,70.35,70.611,62391.06
1783166400000,70.611,71.15,70.609,70.814,57057.31
1783170000000,70.814,71.333,70.32,70.49,108221.07
1783173600000,70.49,70.838,70.384,70.531,73202.37
1783177200000,70.531,71.231,70.46,70.612,115920.01
1783180800000,70.612,70.868,70.165,70.239,52123.35
1783184400000,70.239,70.863,70.017,70.61,95075.23
1783188000000,70.61,70.654,69.512,69.735,156812.43
1783191600000,69.735,70.06,69.377,69.901,68790.11
1783195200000,69.901,70.068,69.488,69.755,64046.48
1783198800000,69.755,70.224,69.678,70.106,43233.73
1783202400000,70.106,70.232,69.787,70.04,37223.76
1783206000000,70.04,70.051,69.572,69.836,54276.41
1783209600000,69.836,69.866,69.017,69.309,91339.32
1783213200000,69.309,69.338,68.633,68.985,142154.34
1783216800000,68.985,68.986,68.286,68.6,97160.38
1783220400000,68.6,68.73,68.342,68.651,41554.83
1783224000000,68.651,69.312,68.644,68.745,77444.65
1783227600000,68.745,68.754,68.165,68.474,131631.52
1783231200000,68.474,68.715,68.316,68.571,45684.16
1783234800000,68.571,68.689,68.328,68.656,51386.93
1783238400000,68.656,68.934,68.441,68.864,64964.86
1783242000000,68.864,68.912,68.297,68.428,109414.08
1783245600000,68.428,69.084,68.344,68.95,92394.02
1783249200000,68.95,69.027,68.481,68.864,58195.9
1783252800000,68.864,69.485,68.665,69.18,92855.2
1783256400000,69.18,69.559,69.045,69.249,62707.62
1783260000000,69.249,69.466,68.96,69.41,49293.77
1783263600000,69.41,69.889,69.312,69.505,125086.91
1783267200000,69.505,69.519,69.125,69.355,43525.21
1783270800000,69.355,69.504,69.126,69.237,33945.82
1783274400000,69.237,69.396,69.075,69.232,23902.73
1783278000000,69.232,69.954,69.195,69.775,96426.74
1783281600000,69.775,70.899,69.721,70.892,145802.55
1783285200000,70.892,71.33,70.447,71.005,141528.08
1783288800000,71.005,71.699,70.84,71.52,146784.8
1783292400000,71.52,71.58,71.011,71.326,110021.83
1783296000000,71.326,72.499,71.104,72.441,274677.94
1783299600000,72.441,72.676,71.668,71.795,110055.58
1783303200000,71.795,72.33,71.5,72.19,85137.39
1783306800000,72.19,72.387,71.297,71.588,95399.81
1783310400000,71.588,71.754,71.09,71.566,91720.4
1783314000000,71.566,71.728,70.629,70.737,114251.14
1783317600000,70.737,71.216,70.638,71.132,73267.27
1783321200000,71.132,71.222,70.734,70.8,75992.14
1783324800000,70.8,71.071,70.015,70.28,146459.74
1783328400000,70.28,70.34,69.679,69.953,87852.72
1783332000000,69.953,70.608,69.952,70.419,87401.4
1783335600000,70.419,70.981,69.911,69.998,95324.56
1783339200000,69.998,70.108,69.006,69.095,366834.78
1783342800000,69.095,69.956,68.614,69.645,352796.14
1783346400000,69.645,70.332,69.445,69.839,187615.3
1783350000000,69.839,70.855,69.806,70.714,208017.86
1783353600000,70.714,71.3,70.664,71.256,288542.28
1783357200000,71.256,71.543,70.927,71.065,119962.35
1783360800000,71.065,71.588,71.022,71.195,76435.2
1783364400000,71.195,71.713,71.087,71.577,77537.35
1783368000000,71.577,71.6,70.779,70.893,87276.42
1783371600000,70.893,71.702,70.787,71.587,139261.02
1783375200000,71.587,71.606,70.954,71.1,50538.14
1783378800000,71.1,71.122,70.51,70.604,86768.26
1783382400000,70.604,72.044,70.387,71.93,183528.2
1783386000000,71.93,71.939,71.123,71.154,94240.49
1783389600000,71.154,71.241,70.447,70.66,97866.88
1783393200000,70.66,70.73,70.102,70.205,97829.24
1783396800000,70.205,70.252,69.697,70.181,135590.01
1783400400000,70.181,70.45,69.437,70.185,162020.88
1783404000000,70.185,71.016,70.03,70.892,137968.84
1783407600000,70.892,71.335,70.521,70.588,120144.04
1783411200000,70.588,71.088,70.503,71.045,103222.46
1783414800000,71.045,71.645,70.88,71.292,141121.13
1783418400000,71.292,71.854,71.248,71.411,107844.64
1783422000000,71.411,71.97,71.071,71.925,111950.69
1783425600000,71.925,72.52,71.824,72.04,253206.12
1783429200000,72.04,72.144,71.105,71.242,305788.88
1783432800000,71.242,72.4,70.796,72.346,285969.37
1783436400000,72.346,72.984,71.888,71.969,389533.57
1783440000000,71.969,72.312,71.556,71.652,221359.01
1783443600000,71.652,72.072,71.405,71.643,145767.32
1783447200000,71.643,71.875,70.108,70.201,203081.99
1783450800000,70.201,70.436,69.424,70.16,368036.39
1783454400000,70.16,70.379,69.876,70.172,82283.51
1783458000000,70.172,70.477,68.923,69.301,173445.79
1783461600000,69.301,69.754,68.88,69.711,102837.36
1783465200000,69.711,69.897,69.113,69.187,49200.34
1783468800000,69.187,69.752,69.101,69.455,77323.39
1783472400000,69.455,69.544,67.538,68.099,332300.43
1783476000000,68.099,68.375,67.182,68.241,355928.09
1783479600000,68.241,68.517,67.841,68.02,76672.28
1783483200000,68.02,68.315,67.802,68.191,70358.16
1783486800000,68.191,68.429,67.984,68.332,56689.91
1783490400000,68.332,68.372,67.803,68.142,69333.65
1783494000000,68.142,68.4,67.712,68.241,63290.36
1783497600000,68.241,68.414,67.267,67.962,345751.31
1783501200000,67.962,68.485,67.701,67.983,142683.82
1783504800000,67.983,68.315,67.818,68.207,117670.69
1783508400000,68.207,68.967,67.817,68.867,173578.83
1783512000000,68.867,68.891,67.905,67.938,141278.97
1783515600000,67.938,68.391,67.375,67.866,306759.72
1783519200000,67.866,68.077,67.183,67.383,204408.42
1783522800000,67.383,67.409,66.53,66.898,326449.47
1783526400000,66.898,67.767,66.874,67.63,157607.5
1783530000000,67.63,67.911,67.42,67.533,106988.17
1783533600000,67.533,67.75,66.617,66.772,135893.17
1783537200000,66.772,67.344,66.603,67.336,90360.03
1783540800000,67.336,67.431,66.802,66.917,55460.75
1783544400000,66.917,67.083,66.132,67.056,127909.8
1783548000000,67.056,67.29,66.879,67.167,47308.87
1783551600000,67.167,67.694,67.005,67.601,71766.71
1783555200000,67.601,67.857,67.179,67.762,152967.57
1783558800000,67.762,68.371,67.133,67.253,165889.1
1783562400000,67.253,67.55,66.959,67.065,88738.6
1783566000000,67.065,67.425,66.983,67.142,48314.7
1783569600000,67.142,67.848,67.027,67.815,36151.79
1783573200000,67.815,68.096,67.301,67.971,79696.86
1783576800000,67.971,68.25,67.669,68.14,73125.1
1783580400000,68.14,68.418,67.673,68.076,126918.9
1783584000000,68.076,68.4,67.884,68.022,85253.47
1783587600000,68.022,68.105,67.531,67.851,79560.82
1783591200000,67.851,68.011,67.206,67.464,93319.17
1783594800000,67.464,67.521,67.028,67.46,94306.68
1783598400000,67.46,67.639,67.083,67.229,83606.15
1783602000000,67.229,68.065,67.193,67.958,110099.78
1783605600000,67.958,68.115,67.251,68.046,216859.84
1783609200000,68.046,68.702,67.392,67.422,329625.81
1783612800000,67.422,67.999,67.056,67.177,181204.17
1783616400000,67.177,67.417,66.934,67.205,143798.63
1783620000000,67.205,67.969,67.156,67.204,205137.93
1783623600000,67.204,67.236,66.585,66.899,198899.09
1783627200000,66.899,67.39,66.886,67.285,43471.14
1783630800000,67.285,67.398,67.17,67.32,22822.41
1783634400000,67.32,67.388,67.055,67.186,54238.83
1783638000000,67.186,67.288,66.89,67.086,51880.53
1783641600000,67.086,67.271,66.801,67.215,73079.24
1783645200000,67.215,68.108,67.026,67.835,119921.72
1783648800000,67.835,68.342,67.806,68.303,85457.46
1783652400000,68.303,68.418,68.0,68.418,68212.98
1783656000000,68.418,68.509,68.079,68.205,76987.63
1783659600000,68.205,68.246,67.948,68.1,60843.42
1783663200000,68.1,68.114,67.672,68.003,75727.45
1783666800000,68.003,68.312,67.85,68.25,43091.6
1783670400000,68.25,68.971,68.184,68.601,159229.66
1783674000000,68.601,69.291,68.449,69.009,142493.09
1783677600000,69.009,69.336,68.777,68.789,128538.38
1783681200000,68.789,69.238,68.67,68.813,105803.0
1783684800000,68.813,68.927,68.223,68.348,189367.27
1783688400000,68.348,68.995,68.232,68.342,178797.68
1783692000000,68.342,68.449,67.158,67.291,297826.7
1783695600000,67.291,67.739,67.137,67.459,133490.01
1783699200000,67.459,67.962,67.317,67.832,89538.02
1783702800000,67.832,67.869,67.377,67.546,41382.39
1783706400000,67.546,67.924,67.193,67.298,71095.13
1783710000000,67.298,67.556,66.945,67.241,104695.08
1783713600000,67.241,67.264,66.501,66.934,151672.09
1783717200000,66.934,67.383,66.885,67.383,54326.14
1783720800000,67.383,67.599,67.358,67.445,29104.57
1783724400000,67.445,67.557,67.273,67.491,39617.47
1783728000000,67.491,67.619,67.167,67.383,42671.55
1783731600000,67.383,67.655,66.846,66.89,69066.51
1783735200000,66.89,67.298,66.77,67.251,50721.99
1783738800000,67.251,67.297,66.932,67.033,71403.76
1783742400000,67.033,67.077,66.504,66.537,77997.44
1783746000000,66.537,66.648,66.36,66.509,89174.72
1783749600000,66.509,66.659,66.282,66.282,66148.67
1783753200000,66.282,66.478,66.157,66.444,86425.91
1783756800000,66.444,66.726,66.408,66.514,65255.6
1783760400000,66.514,66.867,66.499,66.649,59775.98
1783764000000,66.649,66.969,66.569,66.772,68624.07
1783767600000,66.772,67.0,66.708,66.983,22694.13
1783771200000,66.983,67.199,66.753,66.859,49578.13
1783774800000,66.859,66.905,66.272,66.591,103415.01
1783778400000,66.591,67.8,66.582,67.389,188754.89
1783782000000,67.389,67.635,66.816,67.212,135124.9
1783785600000,67.212,67.249,66.854,67.083,74785.78
1783789200000,67.083,67.527,66.985,67.291,59950.07
1783792800000,67.291,67.737,67.24,67.613,66866.78
1783796400000,67.613,67.818,67.4,67.522,55256.43
1783800000000,67.522,67.908,67.522,67.84,40723.81
1783803600000,67.84,68.253,67.784,67.982,70977.56
1783807200000,67.982,68.085,67.533,67.57,70884.51
1783810800000,67.57,67.685,66.729,66.731,131418.18
1783814400000,66.731,67.141,66.566,66.9,126441.79
1783818000000,66.9,67.392,66.794,67.312,59400.12
1783821600000,67.312,67.43,67.101,67.195,22517.61
1783825200000,67.195,67.261,66.929,67.247,24825.27
1783828800000,67.247,67.338,66.936,67.107,25741.75
1783832400000,67.107,67.215,66.911,67.116,19496.88
1783836000000,67.116,67.116,66.401,66.906,89408.92
1783839600000,66.906,67.06,66.828,66.95,17208.08
1783843200000,66.95,67.478,66.92,67.13,69186.23
1783846800000,67.13,67.291,66.685,67.025,60751.32
1783850400000,67.025,67.051,66.556,66.727,57586.46
1783854000000,66.727,67.178,66.624,66.875,40061.39
1783857600000,66.875,67.027,66.65,66.721,38445.6
1783861200000,66.721,67.138,66.606,66.981,44576.71
1783864800000,66.981,67.475,66.98,67.34,66723.45
1783868400000,67.34,67.902,67.334,67.515,108379.48
1783872000000,67.515,68.044,67.495,67.93,73451.38
1783875600000,67.93,68.106,67.705,67.85,42889.89
1783879200000,67.85,68.188,67.764,68.147,38067.67
1783882800000,68.147,68.359,67.9,68.216,48980.95
1783886400000,68.216,68.362,67.785,67.867,36827.27
1783890000000,67.867,67.993,67.549,67.643,48648.41
1783893600000,67.643,67.683,66.906,67.148,128945.8
1783897200000,67.148,67.397,67.029,67.293,67486.51
1783900800000,67.293,68.207,67.196,67.659,152495.26
1783904400000,67.659,67.669,66.843,66.921,85393.69
1783908000000,66.921,67.174,66.846,66.967,62202.53
1783911600000,66.967,67.0,66.5,66.591,107222.77
1783915200000,66.591,66.704,64.803,65.072,411306.38
1783918800000,65.072,65.612,64.751,65.409,160573.62
1783922400000,65.409,65.611,65.021,65.09,96169.62
1783926000000,65.09,65.591,64.907,65.505,109784.92
1783929600000,65.505,65.791,65.3,65.585,93812.61
1783933200000,65.585,65.612,64.932,65.001,111802.05
1783936800000,65.001,65.24,64.835,65.216,148365.31
1783940400000,65.216,65.398,64.885,65.058,86601.62
1783944000000,65.058,65.109,64.2,64.357,273050.18
1783947600000,64.357,64.467,63.35,63.947,328105.76
1783951200000,63.947,64.419,63.569,64.305,238994.35
1783954800000,64.305,64.454,63.839,63.876,144873.66
1783958400000,63.876,63.929,63.122,63.52,308825.9
1783962000000,63.52,63.919,63.254,63.352,146196.34
1783965600000,63.352,63.8,63.265,63.679,94953.61
1783969200000,63.679,63.84,63.478,63.675,76930.15
1783972800000,63.675,63.685,62.88,63.488,194176.96
1783976400000,63.488,63.508,62.521,62.89,165631.05
1783980000000,62.89,63.267,62.885,63.2,86160.14
1783983600000,63.2,63.633,63.063,63.43,59570.27
1783987200000,63.43,63.728,63.07,63.534,111833.24
1783990800000,63.534,63.759,63.146,63.155,68933.8
1783994400000,63.155,63.472,63.002,63.165,69002.34
1783998000000,63.165,63.276,62.502,63.222,86732.65
1784001600000,63.222,63.439,63.018,63.405,51286.86
1784005200000,63.405,64.185,63.357,63.716,149016.72
1784008800000,63.716,63.892,63.619,63.723,49378.12
1784012400000,63.723,63.828,63.407,63.509,68650.04
1784016000000,63.509,63.864,63.388,63.823,65556.68
1784019600000,63.823,63.997,63.42,63.454,56167.49
1784023200000,63.454,63.99,63.414,63.911,64685.89
1784026800000,63.911,64.058,63.732,63.792,62112.73
1784030400000,63.792,65.221,63.569,65.091,407304.61
1784034000000,65.091,65.362,64.632,65.025,288105.98
1784037600000,65.025,65.06,64.338,64.886,207123.37
1784041200000,64.886,65.178,64.574,64.716,177554.79
1784044800000,64.716,65.064,64.561,64.784,101936.66
1784048400000,64.784,65.313,64.415,65.166,127622.4
1784052000000,65.166,65.74,64.929,65.519,235981.37
1784055600000,65.519,65.62,65.128,65.21,71940.92
1784059200000,65.21,65.702,64.94,65.695,49694.78
1784062800000,65.695,65.984,65.546,65.573,98880.57
1784066400000,65.573,66.13,65.47,65.661,113716.41
1784070000000,65.661,65.812,65.354,65.542,67877.51
1784073600000,65.542,65.857,65.438,65.664,62389.96
1784077200000,65.664,65.705,64.866,65.081,140588.7
1784080800000,65.081,66.538,64.954,66.486,194478.97
1784084400000,66.486,67.558,66.415,67.239,283544.99
1784088000000,67.239,67.371,66.737,66.819,133641.52
1784091600000,66.819,67.156,66.616,67.082,80247.27
1784095200000,67.082,67.518,66.997,67.31,116016.52
1784098800000,67.31,67.319,66.76,66.844,123626.48
1784102400000,66.844,67.398,66.681,67.192,129187.42
1784106000000,67.192,68.178,67.134,67.914,187505.5
1784109600000,67.914,68.199,67.757,68.17,105008.41
1784113200000,68.17,68.464,68.088,68.409,122753.3
1784116800000,68.409,68.92,68.167,68.899,215473.46
1784120400000,68.899,68.98,68.189,68.442,193780.32
1784124000000,68.442,68.842,68.22,68.282,166846.51
1784127600000,68.282,68.375,67.537,67.864,199060.45
1784131200000,67.864,67.92,67.026,67.323,217555.0
1784134800000,67.323,67.943,67.314,67.775,108481.38
1784138400000,67.775,68.29,67.056,67.248,143540.91
1784142000000,67.248,67.368,66.72,66.791,189482.56
1784145600000,66.791,67.341,66.714,67.157,91438.47
1784149200000,67.157,67.449,66.912,67.068,55073.03
1784152800000,67.068,67.236,66.897,67.023,53186.4
1784156400000,67.023,67.275,66.712,66.838,61487.3
1784160000000,66.838,67.194,66.309,66.59,136279.27
1784163600000,66.59,66.777,66.123,66.66,86428.02
1784167200000,66.66,66.673,66.225,66.484,47144.94
1784170800000,66.484,66.544,65.968,66.098,92722.86
1784174400000,66.098,66.444,65.892,66.384,59385.28
1784178000000,66.384,66.835,66.38,66.814,91312.47
1784181600000,66.814,66.91,66.528,66.824,79559.1
1784185200000,66.824,66.861,66.106,66.461,165866.35
1784188800000,66.461,66.612,65.448,65.966,225095.9
1784192400000,65.966,66.087,65.746,65.911,56825.42
1784196000000,65.911,66.115,65.673,65.94,44770.8
1784199600000,65.94,65.949,65.614,65.845,63915.47
1784203200000,65.845,65.882,65.145,65.396,135956.08
1784206800000,65.396,65.85,65.358,65.524,91790.81
1784210400000,65.524,66.154,65.49,65.723,108566.74
1784214000000,65.723,65.739,65.182,65.315,182024.88
1784217600000,65.315,65.317,63.898,63.899,472257.35
1784221200000,63.899,63.967,61.815,62.808,902721.99
1784224800000,62.808,63.01,62.231,62.8,254692.17
1784228400000,62.8,62.888,62.11,62.27,197236.63
1784232000000,62.27,62.811,62.171,62.305,163725.07
1784235600000,62.305,62.709,62.25,62.34,97257.1
1784239200000,62.34,62.662,61.303,61.911,390751.74
1784242800000,61.911,61.911,60.508,60.727,398009.51
1784246400000,60.727,61.527,60.674,61.451,152946.22
1784250000000,61.451,61.72,59.604,60.03,433862.73
1784253600000,60.03,60.541,60.001,60.346,137925.82
1784257200000,60.346,60.666,59.925,59.985,117478.64
1784260800000,59.985,60.189,59.774,60.015,96364.54
1784264400000,60.015,60.015,58.83,59.149,456676.22
1784268000000,59.149,59.53,58.752,59.199,159061.03
1784271600000,59.199,59.321,58.445,58.628,213480.85
1784275200000,58.628,59.808,58.562,59.565,273330.19
1784278800000,59.565,61.079,59.412,60.433,372765.42
1784282400000,60.433,60.779,60.078,60.205,208643.16
1784286000000,60.205,60.476,60.109,60.304,55619.77
1784289600000,60.304,60.312,59.606,59.674,161968.0
1784293200000,59.674,60.613,58.942,60.556,379494.17
1784296800000,60.556,60.97,59.94,60.103,317338.97
1784300400000,60.103,60.817,59.763,60.747,158982.69
1784304000000,60.747,60.8,60.149,60.247,127132.12
1784307600000,60.247,60.725,60.2,60.379,151758.16
1784311200000,60.379,60.455,59.826,60.294,95208.46
1784314800000,60.294,60.319,59.679,60.233,91498.2
1784318400000,60.233,60.278,59.425,59.7,104999.9
1784322000000,59.7,59.955,59.677,59.929,38969.64
1784325600000,59.929,60.152,59.649,59.77,49391.9
1784329200000,59.77,59.95,59.492,59.735,58810.1
1784332800000,59.735,60.079,59.616,59.708,57861.0
1784336400000,59.708,59.871,59.578,59.693,27536.01
1784340000000,59.693,59.973,59.471,59.482,45870.37
1784343600000,59.482,59.715,59.346,59.607,45774.42
1784347200000,59.607,59.618,59.174,59.267,44777.71
1784350800000,59.267,59.439,58.7,58.891,92865.37
1784354400000,58.891,59.24,58.512,58.909,105276.24
1784358000000,58.909,59.372,58.75,59.358,66521.29
1784361600000,59.358,59.5,58.711,58.763,95359.22
1784365200000,58.763,58.938,58.672,58.76,52461.64
1784368800000,58.76,59.139,58.75,59.106,33567.57
1784372400000,59.106,59.158,58.55,58.808,57293.82
1784376000000,58.808,59.167,58.548,58.851,104839.64
1784379600000,58.851,58.859,58.158,58.669,206684.99
1784383200000,58.669,59.684,58.616,59.424,121859.0
1784386800000,59.424,59.447,59.064,59.171,77875.02
1784390400000,59.171,59.595,59.102,59.499,58264.06
1784394000000,59.499,59.857,59.348,59.823,110802.85
1784397600000,59.823,60.154,59.508,59.9,100888.89
1784401200000,59.9,59.999,59.739,59.845,51274.2
1784404800000,59.845,60.19,59.754,59.975,36373.57
1784408400000,59.975,60.173,59.927,60.016,29458.31
1784412000000,60.016,60.567,59.918,60.471,98005.63
1784415600000,60.471,60.498,60.125,60.21,44907.85
1784419200000,60.21,60.53,60.163,60.385,32428.78
1784422800000,60.385,60.93,60.359,60.876,79434.18
1784426400000,60.876,61.088,60.646,60.811,73739.75
1784430000000,60.811,60.846,60.522,60.673,37715.92
1784433600000,60.673,60.958,60.606,60.833,55878.9
1784437200000,60.833,61.039,60.62,60.742,63940.57
1784440800000,60.742,60.896,60.578,60.817,48633.77
1784444400000,60.817,60.925,60.667,60.738,46900.67
1784448000000,60.738,61.342,60.677,61.274,162375.78
1784451600000,61.274,61.372,61.006,61.282,88292.19
1784455200000,61.282,61.297,60.833,60.97,67308.04
1784458800000,60.97,61.325,60.887,61.046,34258.09
1784462400000,61.046,61.098,60.6,60.972,82487.44
1784466000000,60.972,61.215,60.626,61.121,72903.62
1784469600000,61.121,61.335,60.814,60.953,77569.94
1784473200000,60.953,61.049,60.785,60.881,31826.87
1784476800000,60.881,60.905,60.616,60.701,62391.19
1784480400000,60.701,61.182,60.202,60.784,143070.99
1784484000000,60.784,60.824,60.413,60.625,77186.29
1784487600000,60.625,61.121,60.55,61.085,50633.37
1784491200000,61.085,61.488,60.902,61.321,91152.53
1784494800000,61.321,61.349,60.88,60.918,49045.62
1784498400000,60.918,61.339,60.814,60.972,89678.47
1784502000000,60.972,61.197,60.78,61.112,44687.2
1784505600000,61.112,61.64,60.477,60.686,187177.75
1784509200000,60.686,60.982,60.048,60.204,134653.66
1784512800000,60.204,60.604,60.164,60.522,76861.78
1784516400000,60.522,60.616,60.063,60.32,56687.31
1784520000000,60.32,60.497,59.753,60.096,108002.48
1784523600000,60.096,60.346,59.814,60.316,56793.83
1784527200000,60.316,60.427,59.982,60.197,56633.42
1784530800000,60.197,60.867,60.196,60.711,88856.27
1784534400000,60.711,60.942,60.408,60.625,55355.13
1784538000000,60.625,60.848,60.408,60.701,68264.16
1784541600000,60.701,60.911,60.627,60.72,39525.94
1784545200000,60.72,61.423,60.6,61.358,94345.04
1784548800000,61.358,61.386,60.901,61.299,91258.58
1784552400000,61.299,61.581,60.676,60.824,118779.07
1784556000000,60.824,61.191,60.437,60.897,97577.34
1784559600000,60.897,62.298,60.878,62.177,205134.37
1784563200000,62.177,62.504,62.007,62.299,210884.65
1784566800000,62.299,62.323,61.768,61.937,100756.02
1784570400000,61.937,62.446,61.921,62.234,83516.09
1784574000000,62.234,62.281,61.935,61.997,49997.93
1784577600000,61.997,62.75,61.929,62.688,103345.63
1784581200000,62.688,62.951,62.461,62.465,82349.91
1784584800000,62.465,62.735,62.216,62.227,77634.69
1784588400000,62.227,62.712,62.198,62.431,81033.71
1784592000000,62.431,62.793,62.243,62.457,48484.37
1784595600000,62.457,62.631,62.27,62.306,26284.67
1784599200000,62.306,62.54,62.244,62.466,29005.27
1784602800000,62.466,62.808,62.464,62.627,61739.02
1784606400000,62.627,62.984,62.569,62.849,45810.61
1784610000000,62.849,63.183,62.804,63.018,83773.54
1784613600000,63.018,63.254,62.873,63.1,69450.69
1784617200000,63.1,63.407,62.902,62.939,99276.11
1784620800000,62.939,63.047,62.735,62.975,75436.3
1784624400000,62.975,63.268,62.806,63.078,84189.92
1784628000000,63.078,63.198,62.555,62.709,71213.6
1784631600000,62.709,62.934,62.501,62.838,64143.49
1784635200000,62.838,62.871,62.49,62.76,61905.04
1784638800000,62.76,62.869,62.105,62.555,153329.73
1784642400000,62.555,62.655,61.853,61.924,148679.52
1784646000000,61.924,62.098,61.525,61.792,150248.97
1784649600000,61.792,61.948,61.42,61.884,112813.29
1784653200000,61.884,61.924,60.165,60.48,467521.1
1784656800000,60.48,60.669,60.285,60.483,106383.93
1784660400000,60.483,60.738,59.874,60.28,273804.06
1784664000000,60.28,60.473,59.8,60.406,140609.38
1784667600000,60.406,60.947,60.307,60.726,79519.98
1784671200000,60.726,60.895,60.631,60.757,35697.72
1784674800000,60.757,60.859,60.533,60.859,31329.69
1784678400000,60.859,61.178,60.761,61.134,131661.58
1784682000000,61.134,61.166,60.744,60.797,77601.86
1784685600000,60.797,60.914,60.662,60.717,36733.1
1784689200000,60.717,60.85,60.083,60.12,99175.56
1784692800000,60.12,60.62,59.917,60.299,177855.48
1784696400000,60.299,60.299,58.7,59.063,466821.5
1784700000000,59.063,59.098,57.997,58.723,445644.22
1784703600000,58.723,58.725,58.2,58.542,160904.51
1784707200000,58.542,58.941,58.508,58.816,124672.28
1784710800000,58.816,58.97,58.602,58.961,57880.67
1784714400000,58.961,59.188,58.848,59.058,79922.26
1784718000000,59.058,59.211,58.483,58.66,112013.67
1784721600000,58.66,58.686,58.203,58.46,158279.47
1784725200000,58.46,58.953,58.126,58.673,211709.56
1784728800000,58.673,59.145,58.212,58.483,258553.62
1784732400000,58.483,58.83,57.971,58.063,184666.14
1784736000000,58.063,58.301,57.372,58.22,381312.8
1784739600000,58.22,59.55,57.77,58.997,591533.76
1784743200000,58.997,59.735,58.647,59.518,239289.76
1784746800000,59.518,59.91,59.069,59.167,214996.4
1784750400000,59.167,60.072,59.087,59.268,125771.37
1784754000000,59.268,59.488,59.004,59.178,62689.11
1784757600000,59.178,59.295,58.751,59.191,95731.52
1784761200000,59.191,59.422,58.816,59.355,214837.54
1784764800000,59.355,59.774,59.301,59.36,55578.4
1784768400000,59.36,59.407,58.833,58.945,78235.15
1784772000000,58.945,58.994,58.415,58.932,122225.51
1784775600000,58.932,59.153,58.727,59.043,66972.17
1784779200000,59.043,59.518,58.978,59.101,58131.18
1784782800000,59.101,59.35,58.8,58.839,70190.88
1784786400000,58.839,59.146,58.643,59.062,82697.16
1784790000000,59.062,59.065,58.225,58.608,120774.15
1784793600000,58.608,59.07,58.595,59.036,52371.86
1784797200000,59.036,59.251,58.936,59.146,57028.86
1784800800000,59.146,59.304,59.028,59.117,58979.8
1784804400000,59.117,59.494,58.941,59.264,65109.61
1784808000000,59.264,59.591,58.826,59.318,192027.61
1784811600000,59.318,60.057,59.103,59.11,251425.02
1784815200000,59.11,59.984,58.923,59.85,204950.34
1784818800000,59.85,59.936,59.349,59.507,123334.66
1784822400000,59.507,59.516,58.457,58.746,211039.66
1784826000000,58.746,58.825,58.155,58.253,160386.26
1784829600000,58.253,58.784,57.679,58.37,245238.57
1784833200000,58.37,58.66,57.601,57.931,125389.76
1784836800000,57.931,58.432,57.905,58.082,85657.43
1784840400000,58.082,58.458,57.432,57.649,115260.15
1784844000000,57.649,57.658,57.111,57.548,200135.55
1784847600000,57.548,57.976,57.441,57.444,90914.46
1784851200000,57.444,57.563,57.162,57.431,92239.98
1784854800000,57.431,58.194,57.415,57.99,75224.67
1784858400000,57.99,58.122,57.555,57.736,64848.94
1784862000000,57.736,58.35,57.554,58.18,74544.07
1784865600000,58.18,58.515,58.164,58.396,60603.84
1784869200000,58.396,58.542,58.308,58.41,70395.2
1784872800000,58.41,58.89,58.41,58.749,109423.59
1784876400000,58.749,59.022,58.521,58.66,120198.29
1784880000000,58.66,59.058,58.652,58.754,69173.89
1784883600000,58.754,58.948,58.493,58.836,107369.07
1784887200000,58.836,58.844,58.244,58.439,83105.44
1784890800000,58.439,58.629,58.227,58.542,99545.54
1784894400000,58.542,58.595,58.211,58.352,63016.21
1784898000000,58.352,58.571,57.945,58.379,257990.77
1784901600000,58.379,58.986,57.864,58.908,256220.01
1784905200000,58.908,59.353,58.585,58.784,202272.43
1784908800000,58.784,59.143,58.641,58.727,91194.08
1784912400000,58.727,59.091,58.614,58.977,58490.58
1784916000000,58.977,58.982,58.191,58.605,152496.75
1784919600000,58.605,58.682,58.044,58.14,132163.13
1784923200000,58.14,58.283,57.901,58.017,116186.82
1784926800000,58.017,58.036,56.596,56.708,336726.9
1784930400000,56.708,57.405,56.473,57.2,165388.7
1784934000000,57.2,57.536,57.186,57.419,47208.23
1784937600000,57.419,57.579,57.259,57.356,44304.51
1784941200000,57.356,57.731,57.033,57.428,97634.49
1784944800000,57.428,57.518,57.141,57.235,35787.6
1784948400000,57.235,57.53,57.235,57.408,50500.76
1784952000000,57.408,57.481,57.308,57.415,22052.82
1784955600000,57.415,57.495,57.15,57.229,40129.87
1784959200000,57.229,57.288,57.069,57.277,37929.02
1784962800000,57.277,57.37,57.083,57.146,44304.38
1784966400000,57.146,57.289,56.93,57.077,55585.42
1784970000000,57.077,57.973,56.945,57.754,110366.46
1784973600000,57.754,57.792,57.444,57.56,43331.42
1784977200000,57.56,57.72,57.378,57.705,44463.03
1784980800000,57.705,57.716,57.386,57.56,38630.59
1784984400000,57.56,57.781,57.255,57.348,73878.36
1784988000000,57.348,57.545,57.189,57.478,62935.41
1784991600000,57.478,57.992,57.462,57.745,64194.88
1784995200000,57.745,57.932,57.615,57.907,41465.36
1784998800000,57.907,58.52,57.814,58.247,116433.98
1785002400000,58.247,58.486,58.244,58.345,41909.45
1785006000000,58.345,58.458,57.842,58.058,119995.87
1785009600000,58.058,58.235,57.812,58.091,196196.59
1785013200000,58.091,58.129,57.836,58.089,59604.87
1785016800000,58.089,58.194,57.977,58.136,40776.4
1785020400000,58.136,58.277,57.984,58.109,52455.23
1785024000000,58.109,58.373,58.048,58.252,46032.55
1785027600000,58.252,58.413,58.159,58.355,29926.8
1785031200000,58.355,58.58,58.235,58.528,123289.97
1785034800000,58.528,58.628,58.421,58.564,63583.54
1785038400000,58.564,58.685,58.42,58.536,44874.1
1785042000000,58.536,58.698,58.371,58.641,57026.33
1785045600000,58.641,58.922,58.241,58.621,241720.97
1785049200000,58.621,58.777,58.551,58.585,21981.76
1785052800000,58.585,58.59,58.299,58.505,131752.01
1785056400000,58.505,58.745,58.505,58.665,58615.5
1785060000000,58.665,58.917,58.629,58.749,47155.18
1785063600000,58.749,58.862,58.531,58.598,58856.48
1785067200000,58.598,58.779,58.544,58.66,56625.75
1785070800000,58.66,58.715,58.452,58.584,30912.92
1785074400000,58.584,58.958,58.525,58.719,96063.12
1785078000000,58.719,59.145,58.673,58.977,81308.83
1785081600000,58.977,59.584,58.88,59.413,108905.41
1785085200000,59.413,59.529,59.058,59.165,46455.01
1785088800000,59.165,59.185,58.932,59.013,31296.63
1785092400000,59.013,59.043,58.764,58.987,31128.72
1785096000000,58.987,59.02,58.787,58.878,25870.39
1785099600000,58.878,59.219,58.846,59.108,48510.77
1785103200000,59.108,59.75,59.108,59.734,161175.67
1785106800000,59.734,59.886,59.519,59.593,105419.88
1785110400000,59.593,59.656,59.193,59.31,68289.63
1785114000000,59.31,59.596,59.085,59.487,81568.69
1785117600000,59.487,59.715,59.382,59.557,49504.97
1785121200000,59.557,59.959,59.45,59.895,50465.54
1785124800000,59.895,60.456,59.821,60.184,122618.26
1785128400000,60.184,60.432,59.991,60.1,100012.07
1785132000000,60.1,60.337,59.976,60.08,66757.96
1785135600000,60.08,60.145,59.819,59.943,76416.17
1785139200000,59.943,60.296,59.706,60.133,105770.81
1785142800000,60.133,60.256,59.919,60.039,58749.36
1785146400000,60.039,60.384,59.943,60.364,61063.17
1785150000000,60.364,60.384,59.765,59.787,119376.9
1785153600000,59.787,60.07,59.422,59.778,105182.49
1785157200000,59.778,59.989,59.262,59.534,155304.78
1785160800000,59.534,59.557,57.521,58.185,672382.24
1785164400000,58.185,58.4,57.308,57.433,283961.44
1785168000000,57.433,57.917,57.207,57.575,184026.29
1785171600000,57.575,57.85,57.063,57.237,128159.08
1785175200000,57.237,57.258,56.26,56.672,347895.75
1785178800000,56.672,57.419,56.548,57.27,245907.04
1785182400000,57.27,57.278,56.902,57.219,65314.44
1785186000000,57.219,57.237,56.672,56.692,46524.36
1785189600000,56.692,56.699,55.89,56.179,194174.2
1785193200000,56.179,56.496,55.725,56.088,252811.42
1785196800000,56.088,56.256,55.887,56.187,78164.71
1785200400000,56.187,56.413,55.578,56.276,144986.69
1785204000000,56.276,56.427,55.6,55.819,71570.96
1785207600000,55.819,56.212,55.764,56.188,63125.2
1785211200000,56.188,56.34,56.036,56.205,55922.57
1785214800000,56.205,56.399,55.168,55.204,178983.28
1785218400000,55.204,55.632,54.715,55.496,316057.34
1785222000000,55.496,55.536,55.004,55.341,81855.83
1785225600000,55.341,55.42,55.103,55.255,66534.24
1785229200000,55.255,55.329,54.929,55.049,67556.33
1785232800000,55.049,55.137,54.665,54.666,84271.5
1785236400000,54.666,54.766,54.302,54.372,241841.02
1785240000000,54.372,54.585,54.271,54.312,94839.33
1785243600000,54.312,54.39,53.976,54.265,182588.44
1785247200000,54.265,55.279,54.105,54.86,225662.37
1785250800000,54.86,55.6,54.648,55.295,242975.17
1785254400000,55.295,55.876,55.21,55.684,181659.52
1785258000000,55.684,55.796,54.625,54.861,231464.0
1785261600000,54.861,55.156,54.689,55.11,148601.29
1785265200000,55.11,55.632,55.005,55.409,121163.72
1785268800000,55.409,55.594,55.262,55.46,49240.13
1785272400000,55.46,55.738,55.196,55.677,42625.51
1785276000000,55.677,55.744,54.814,54.865,52848.99
1785279600000,54.865,55.189,54.504,55.175,115150.03
1785283200000,55.175,55.392,54.951,55.005,82466.05
1785286800000,55.005,55.121,54.36,54.406,82273.5
1785290400000,54.406,54.909,54.337,54.621,82068.57
1785294000000,54.621,54.722,54.225,54.357,66219.57
1785297600000,54.357,54.468,54.061,54.402,97717.15
1785301200000,54.402,55.074,54.376,55.017,72529.31
1785304800000,55.017,55.591,54.819,55.411,81760.97
1785308400000,55.411,55.471,55.208,55.431,70109.89
1785312000000,55.431,55.436,54.626,54.81,93474.73
1785315600000,54.81,55.251,54.757,55.188,59747.33
1785319200000,55.188,55.218,54.68,54.768,70544.59
1785322800000,54.768,54.952,54.547,54.915,83159.04
1785326400000,54.915,55.07,54.563,55.038,85579.05
1785330000000,55.038,55.486,54.836,55.335,147982.36
1785333600000,55.335,55.534,54.752,54.967,105713.47
1785337200000,54.967,55.17,54.563,54.77,87785.5
1785340800000,54.77,54.851,54.282,54.819,130754.71
1785344400000,54.819,55.036,54.61,55.013,75539.63
1785348000000,55.013,55.531,54.528,55.264,219369.95
1785351600000,55.264,55.44,53.076,53.113,555292.46
1785355200000,53.113,53.826,53.084,53.546,190716.39
1785358800000,53.546,53.607,53.111,53.538,100790.63
1785362400000,53.538,53.854,53.501,53.842,51804.88
1785366000000,53.842,54.151,53.761,53.918,98762.52
1785369600000,53.918,54.291,53.77,53.967,62699.83
1785373200000,53.967,54.392,53.858,54.174,47556.85
1785376800000,54.174,54.269,53.846,53.866,34059.91
1785380400000,53.866,54.161,53.801,54.072,35380.0
1785384000000,54.072,54.122,53.457,53.65,60960.1
1785387600000,53.65,53.841,53.571,53.833,36133.79
1785391200000,53.833,53.918,53.697,53.73,33406.43
1785394800000,53.73,53.946,53.598,53.7,48790.85
1785398400000,53.7,54.088,53.599,53.963,77953.1
1785402000000,53.963,54.148,53.88,54.024,47904.0
1785405600000,54.024,54.169,53.468,53.468,93543.28
1785409200000,53.468,53.549,52.855,53.169,257277.77
1785412800000,53.169,53.572,52.926,53.231,185497.22
1785416400000,53.231,53.726,52.782,53.667,259206.38
1785420000000,53.667,54.033,53.439,53.729,183079.36
1785423600000,53.729,54.589,53.64,54.426,195202.55
1785427200000,54.426,54.898,54.37,54.832,142341.42
1785430800000,54.832,55.167,54.59,54.801,90531.02
1785434400000,54.801,55.05,54.633,54.937,53226.08
1785438000000,54.937,55.423,54.936,55.378,89382.04
1785441600000,55.378,55.489,54.921,55.019,97375.4
1785445200000,55.019,55.737,55.01,55.641,81983.0
1785448800000,55.641,56.13,55.541,55.981,88232.19
1785452400000,55.981,56.006,55.62,55.837,119639.76
1785456000000,55.837,56.071,55.62,55.624,134081.22
1785459600000,55.624,56.125,55.553,55.587,127450.23
1785463200000,55.587,55.738,54.956,55.099,125032.94
1785466800000,55.099,55.228,54.715,55.044,97079.02
1785470400000,55.044,55.196,54.811,55.115,60576.5
1785474000000,55.115,55.572,54.974,55.228,67443.33
1785477600000,55.228,55.664,55.196,55.598,92642.44
1785481200000,55.598,55.598,54.424,54.55,209631.02
1785484800000,54.55,54.975,54.489,54.849,84903.54
1785488400000,54.849,54.964,54.15,54.264,136313.95
1785492000000,54.264,54.805,54.117,54.756,66511.46
1785495600000,54.756,54.952,54.538,54.949,56681.24
1785499200000,54.949,55.434,54.773,55.321,143350.61
1785502800000,55.321,55.513,54.62,54.912,201966.33
1785506400000,54.912,55.414,54.259,54.517,291321.64
1785510000000,54.517,54.622,54.0,54.29,149451.73
1785513600000,54.29,54.537,53.129,53.395,310310.5
1785517200000,53.395,53.684,53.307,53.642,111827.44
1785520800000,53.642,53.694,52.912,53.066,113910.6
1785524400000,53.066,53.148,52.153,52.343,326926.56
1785528000000,52.343,53.005,51.86,52.751,303733.18
1785531600000,52.751,52.924,52.009,52.254,208900.27
1785535200000,52.254,52.714,52.226,52.479,82232.98
1785538800000,52.479,52.699,52.435,52.539,44969.72
1785542400000,52.539,52.692,52.284,52.471,80463.1
1785546000000,52.471,52.683,52.457,52.565,29074.88
1785549600000,52.565,52.616,52.246,52.248,79498.72
1785553200000,52.248,52.349,52.1,52.304,60309.26
1785556800000,52.304,52.419,52.221,52.278,31646.97
1785560400000,52.278,52.375,51.477,51.693,290980.26
1785564000000,51.693,52.041,51.62,51.873,90319.21
1785567600000,51.873,52.069,51.627,51.878,107157.22
1785571200000,51.878,52.508,51.85,52.2,122543.64
1785574800000,52.2,52.359,52.033,52.074,63840.69
1785578400000,52.074,52.267,52.007,52.086,56411.92
1785582000000,52.086,52.152,51.839,52.15,76273.7
1785585600000,52.15,52.4,52.065,52.14,77888.76
1785589200000,52.14,52.667,52.087,52.224,75334.81
1785592800000,52.224,52.471,52.153,52.349,52259.63
1785596400000,52.349,52.6,52.215,52.421,111183.98
1785600000000,52.421,52.632,52.309,52.507,51290.01
1785603600000,52.507,52.594,52.021,52.15,114901.51
1785607200000,52.15,52.175,51.625,52.152,274496.82
1785610800000,52.152,52.196,51.858,52.065,86591.59
1785614400000,52.065,52.183,51.879,52.042,81707.27
1785618000000,52.042,52.313,52.042,52.18,70912.09
1785621600000,52.18,52.249,52.071,52.092,26509.67
1785625200000,52.092,52.194,52.06,52.193,21877.36
1785628800000,52.193,52.508,52.193,52.403,79389.42
1785632400000,52.403,52.642,52.346,52.414,83641.14
1785636000000,52.414,53.015,52.283,52.929,123944.24
1785639600000,52.929,53.042,52.725,52.783,70473.95
1785643200000,52.783,52.895,52.543,52.603,75011.47
1785646800000,52.603,52.711,52.458,52.492,42755.58
1785650400000,52.492,52.495,52.142,52.23,86476.7
1785654000000,52.23,52.303,51.866,51.914,62688.08
1785657600000,51.914,52.173,51.765,52.058,92384.05
1785661200000,52.058,52.098,51.813,51.839,68772.07
1785664800000,51.839,51.915,51.122,51.499,349776.15
1785668400000,51.499,51.605,51.222,51.315,82115.77
1785672000000,51.315,51.71,51.161,51.507,105669.57
1785675600000,51.507,51.729,51.477,51.624,71829.33
1785679200000,51.624,51.624,51.317,51.432,68635.46
1785682800000,51.432,51.668,51.298,51.381,77912.42
1785686400000,51.381,52.472,51.295,52.184,185538.93
1785690000000,52.184,52.338,51.958,52.225,107672.09
1785693600000,52.225,52.757,52.225,52.555,99288.63
1785697200000,52.555,52.862,52.363,52.726,97761.17
1785700800000,52.726,52.779,52.404,52.588,74842.36
1785704400000,52.588,53.025,52.437,52.816,90029.82
1785708000000,52.816,53.014,52.526,52.59,107846.34
1785711600000,52.59,52.728,52.461,52.582,46954.44
1785715200000,52.582,52.729,52.322,52.669,80481.33
1785718800000,52.669,52.687,52.249,52.546,78344.71
1785722400000,52.546,52.613,52.174,52.353,54431.21
1785726000000,52.353,52.446,52.018,52.221,44926.58
1785729600000,52.221,52.719,52.094,52.268,81161.94
1785733200000,52.268,52.832,52.184,52.809,69644.65
1785736800000,52.809,52.85,51.911,52.241,116407.78
1785740400000,52.241,52.539,52.213,52.371,67407.16
1785744000000,52.371,52.495,51.984,52.472,115925.81
1785747600000,52.472,52.919,52.417,52.801,137542.84
1785751200000,52.801,52.876,52.613,52.797,69815.27
1785754800000,52.797,53.273,52.622,52.743,202149.12
1785758400000,52.743,52.983,52.613,52.84,92697.5
1785762000000,52.84,53.75,52.773,53.709,235183.02
1785765600000,53.709,54.281,53.356,54.174,316091.53
1785769200000,54.174,54.439,53.848,54.331,192048.35
1785772800000,54.331,54.833,54.329,54.59,181581.95
1785776400000,54.59,54.828,54.347,54.632,104467.95
1785780000000,54.632,54.805,54.22,54.237,86846.07
1785783600000,54.237,54.596,54.057,54.501,87755.74
1785787200000,54.501,54.755,54.212,54.224,62550.12
1785790800000,54.224,54.393,53.835,53.928,85000.65
1785794400000,53.928,54.059,53.76,54.033,43910.0
1785798000000,54.033,54.058,53.829,53.993,36585.59
1785801600000,53.993,53.996,53.542,53.583,71284.14
1785805200000,53.583,54.352,53.542,54.294,76174.05
1785808800000,54.294,54.537,54.2,54.302,95248.07
1785812400000,54.302,54.367,54.064,54.149,43922.18
1785816000000,54.149,54.608,54.149,54.535,41835.97
1785819600000,54.535,54.571,54.36,54.43,42439.46
1785823200000,54.43,54.484,54.1,54.282,77484.2
1785826800000,54.282,54.939,54.274,54.753,125617.56
1785830400000,54.753,55.033,54.52,54.764,143634.39
1785834000000,54.764,54.797,54.49,54.774,82961.25
1785837600000,54.774,55.313,54.679,55.237,144955.4
1785841200000,55.237,55.55,55.164,55.53,112334.27
1785844800000,55.53,55.786,55.378,55.67,131554.57
1785848400000,55.67,55.879,55.159,55.252,158768.62
1785852000000,55.252,55.51,55.021,55.427,146987.68
1785855600000,55.427,55.583,55.02,55.42,114881.72
1785859200000,55.42,55.49,55.189,55.271,82971.0
1785862800000,55.271,55.78,55.256,55.577,77620.95
1785866400000,55.577,55.837,55.276,55.33,76401.16
1785870000000,55.33,55.613,55.23,55.571,70274.63
1785873600000,55.571,55.773,55.318,55.454,74764.52
1785877200000,55.454,55.511,55.064,55.241,65698.68
1785880800000,55.241,55.309,55.052,55.149,40470.76
1785884400000,55.149,55.364,54.992,55.04,46355.31
1785888000000,55.04,55.119,54.717,54.753,77092.38
1785891600000,54.753,55.435,54.652,55.32,97998.44
1785895200000,55.32,56.449,55.285,56.376,191715.11
1785898800000,56.376,56.549,55.712,55.979,145787.6
1785902400000,55.979,56.348,55.931,56.216,73684.66
1785906000000,56.216,56.942,56.199,56.89,117464.85
1785909600000,56.89,57.282,56.713,57.028,132749.58
1785913200000,57.028,57.253,56.551,57.103,140749.1
1785916800000,57.103,57.932,57.046,57.598,326763.15
1785920400000,57.598,57.675,57.255,57.271,100806.01
1785924000000,57.271,57.414,56.766,57.405,167148.89
1785927600000,57.405,57.476,56.841,57.06,113797.02
1785931200000,57.06,57.376,56.879,57.09,116053.54
1785934800000,57.09,57.313,56.542,57.183,155073.11
1785938400000,57.183,57.516,56.909,57.286,181218.18
1785942000000,57.286,57.744,57.018,57.067,122250.66
1785945600000,57.067,57.835,57.066,57.522,152515.79
1785949200000,57.522,57.984,57.341,57.743,128472.82
1785952800000,57.743,57.901,57.1,57.24,97135.98
1785956400000,57.24,57.541,57.153,57.219,86230.89
1785960000000,57.219,57.303,56.772,57.143,88893.49
1785963600000,57.143,57.174,56.707,56.808,77221.06
1785967200000,56.808,56.863,56.658,56.732,36248.76
1785970800000,56.732,57.04,56.673,56.948,42630.15
1785974400000,56.948,57.204,56.814,56.94,58040.08
1785978000000,56.94,56.972,56.385,56.509,93430.15
1785981600000,56.509,56.531,56.048,56.172,143980.48
1785985200000,56.172,56.418,56.069,56.35,60612.63
1785988800000,56.35,56.691,56.26,56.386,70115.07
1785992400000,56.386,56.663,56.355,56.485,44722.11
1785996000000,56.485,56.495,56.079,56.157,68524.73
1785999600000,56.157,56.157,55.762,56.029,111220.97
1786003200000,56.029,56.21,55.792,56.124,70231.76
1786006800000,56.124,56.138,55.568,55.593,154108.33
1786010400000,55.593,55.703,55.357,55.556,152107.47
1786014000000,55.556,55.591,55.313,55.369,64164.21
1786017600000,55.369,55.428,54.885,54.984,151598.09
1786021200000,54.984,55.409,54.646,55.156,215639.93
1786024800000,55.156,56.119,55.107,55.893,315935.39
1786028400000,55.893,56.139,55.534,55.586,127394.36
1786032000000,55.586,56.312,55.304,56.265,171478.42
1786035600000,56.265,56.632,56.083,56.214,228650.34
1786039200000,56.214,56.248,55.925,56.054,83740.18
1786042800000,56.054,56.337,55.998,56.059,77503.87
1786046400000,56.059,56.291,55.795,55.875,61907.18
1786050000000,55.875,56.112,55.823,56.011,34507.05
1786053600000,56.011,56.328,55.933,56.208,23297.33
1786057200000,56.208,56.291,55.83,56.201,55548.63
1786060800000,56.201,56.212,55.627,55.825,51575.43
1786064400000,55.825,55.964,55.596,55.82,42818.17
1786068000000,55.82,55.961,55.452,55.703,52306.96
1786071600000,55.703,55.773,55.501,55.636,43891.85
1786075200000,55.636,55.79,55.101,55.301,87775.69
1786078800000,55.301,55.437,55.049,55.399,72557.63
1786082400000,55.399,55.754,55.301,55.596,63191.02
1786086000000,55.596,55.731,55.536,55.617,38711.86
1786089600000,55.617,56.425,55.572,56.297,139413.4
1786093200000,56.297,56.585,56.214,56.57,100821.52
1786096800000,56.57,56.829,56.465,56.813,101623.3
1786100400000,56.813,57.027,56.62,56.957,116189.59
1786104000000,56.957,57.037,56.512,56.574,258568.22
1786107600000,56.574,56.864,56.25,56.267,201952.85
1786111200000,56.267,56.289,55.65,55.878,226121.95
1786114800000,55.878,55.894,55.5,55.767,154053.38
1786118400000,55.767,55.805,54.898,55.121,177456.26
1786122000000,55.121,55.189,53.3,54.168,653980.74
1786125600000,54.168,54.629,53.785,54.042,221966.9
1786129200000,54.042,54.639,54.042,54.627,137974.26
1786132800000,54.627,54.64,54.279,54.358,77906.17
1786136400000,54.358,54.429,53.924,54.036,92144.64
1786140000000,54.036,54.333,53.966,54.212,66630.92
1786143600000,54.212,54.225,53.839,54.092,51301.82
1786147200000,54.092,54.192,53.857,53.979,36626.43
1786150800000,53.979,54.284,53.95,54.178,35022.03
1786154400000,54.178,54.254,53.949,54.114,52126.53
1786158000000,54.114,54.419,54.112,54.335,36276.43
1786161600000,54.335,54.439,54.171,54.226,24295.73
1786165200000,54.226,54.465,54.12,54.413,36362.39
1786168800000,54.413,54.447,54.32,54.344,30870.24
1786172400000,54.344,54.4,54.261,54.385,15956.24
1786176000000,54.385,54.682,54.347,54.625,41391.21
1786179600000,54.625,54.771,54.56,54.611,52441.2
1786183200000,54.611,54.83,54.606,54.804,102502.38
1786186800000,54.804,54.846,54.466,54.519,66463.13
1786190400000,54.519,54.65,54.348,54.624,46053.61
1786194000000,54.624,54.74,54.3,54.351,80065.1
1786197600000,54.351,54.713,54.309,54.625,94500.01
1786201200000,54.625,54.993,54.625,54.73,95093.59
1786204800000,54.73,55.041,54.722,55.021,55979.17
1786208400000,55.021,55.188,54.822,55.0,86358.75
1786212000000,55.0,55.031,54.672,54.807,48044.73
1786215600000,54.807,55.0,54.75,54.939,26995.89
1786219200000,54.939,55.258,54.935,55.157,35801.01
1786222800000,55.157,55.232,55.007,55.161,39522.96
1786226400000,55.161,55.167,54.892,55.033,30141.35
1786230000000,55.033,55.156,54.956,55.099,31117.38
1786233600000,55.099,55.206,55.063,55.17,21864.5
1786237200000,55.17,55.328,55.009,55.161,48183.29
1786240800000,55.161,55.242,54.797,54.875,45800.12
1786244400000,54.875,54.926,54.527,54.75,79856.06
1786248000000,54.75,55.045,54.546,54.822,53888.93
1786251600000,54.822,54.886,54.534,54.699,59414.66
1786255200000,54.699,54.783,54.601,54.728,35611.49
1786258800000,54.728,54.809,54.631,54.77,36152.94
1786262400000,54.77,54.919,54.423,54.619,66764.29
1786266000000,54.619,54.716,54.442,54.593,36444.2
1786269600000,54.593,54.64,54.481,54.522,37584.33
1786273200000,54.522,54.567,54.125,54.261,80623.18
1786276800000,54.261,54.339,54.15,54.164,42182.82
1786280400000,54.164,54.582,54.157,54.492,85099.11
1786284000000,54.492,54.737,54.416,54.643,88942.68
1786287600000,54.643,54.904,54.511,54.821,76153.65
1786291200000,54.821,55.021,54.746,54.861,73303.33
1786294800000,54.861,54.981,54.662,54.713,38891.42
1786298400000,54.713,54.803,54.549,54.621,42600.07
1786302000000,54.621,54.743,54.552,54.677,38207.17
1786305600000,54.677,54.817,54.592,54.69,37004.12
1786309200000,54.69,54.697,54.327,54.386,63897.37
1786312800000,54.386,54.626,53.8,54.055,143154.34
1786316400000,54.055,54.176,53.715,53.848,121461.89
1786320000000,53.848,54.245,53.796,54.025,73576.35
1786323600000,54.025,54.471,53.886,54.417,66611.62
1786327200000,54.417,54.525,54.095,54.351,64249.66
1786330800000,54.351,54.422,54.023,54.086,40888.36
1786334400000,54.086,54.275,53.924,53.966,34784.38
1786338000000,53.966,54.334,53.962,54.298,30629.82
1786341600000,54.298,54.696,54.073,54.681,70490.16
1786345200000,54.681,54.844,54.561,54.759,88442.91
1786348800000,54.759,54.895,54.661,54.747,57467.88
1786352400000,54.747,54.754,54.48,54.486,42913.01
1786356000000,54.486,54.562,54.339,54.484,54025.98
1786359600000,54.484,54.798,54.223,54.798,76632.2
1786363200000,54.798,55.302,54.66,54.732,156532.11
1786366800000,54.732,54.963,54.317,54.622,131323.85
1786370400000,54.622,54.916,54.27,54.332,110307.75
1786374000000,54.332,54.538,54.021,54.326,136961.03
1786377600000,54.326,54.457,53.951,54.258,103983.39
1786381200000,54.258,55.226,54.212,54.996,254541.58
1786384800000,54.996,55.483,54.749,54.915,230253.41
1786388400000,54.915,55.905,54.883,55.865,260042.52
1786392000000,55.865,56.111,55.392,55.449,130235.54
1786395600000,55.449,55.57,55.181,55.233,54019.82
1786399200000,55.233,55.386,55.007,55.191,95964.21
1786402800000,55.191,55.199,55.001,55.071,26890.69
1786406400000,55.071,55.083,54.841,54.884,68636.97
1786410000000,54.884,55.518,54.761,55.37,243690.6
1786413600000,55.37,55.431,55.148,55.232,39509.67
1786417200000,55.232,55.47,55.218,55.407,36111.92
1786420800000,55.407,55.632,55.354,55.566,53673.46
1786424400000,55.566,55.573,55.242,55.321,31131.24
1786428000000,55.321,55.5,54.984,55.095,64908.57
1786431600000,55.095,55.163,54.81,55.062,81074.49
1786435200000,55.062,55.23,54.888,55.21,52540.94
1786438800000,55.21,55.35,55.08,55.26,33452.08
1786442400000,55.26,55.28,55.05,55.14,25236.56
1786446000000,55.14,55.405,55.14,55.3,28406.27
1786449600000,55.3,55.35,54.88,54.96,88830.25
1786453200000,54.96,55.1,54.54,54.7,91109.75
1786456800000,54.7,54.7,54.21,54.34,143931.69
1786460400000,54.34,54.48,53.7,53.88,183478.85
1786464000000,53.88,54.06,53.77,53.91,121609.32
1786467600000,53.91,54.02,53.77,53.94,61623.03
1786471200000,53.94,54.29,53.92,54.07,64368.71
1786474800000,54.07,54.62,53.79,54.54,93808.72
1786478400000,54.54,54.74,54.42,54.64,67446.02
1786482000000,54.64,54.75,54.43,54.63,52893.87
1786485600000,54.63,54.76,54.31,54.35,56609.65
1786489200000,54.35,54.57,54.24,54.48,64948.96
1786492800000,54.48,54.66,54.3,54.38,85137.81
1786496400000,54.38,54.74,54.27,54.55,131072.02
1786500000000,54.55,54.67,54.47,54.55,17143.59
1786503600000,54.55,54.78,54.5,54.65,25012.67
1786507200000,54.65,54.84,54.42,54.5,28909.13
1786510800000,54.5,54.67,54.46,54.65,21835.06
1786514400000,54.65,54.94,54.62,54.81,39972.56
1786518000000,54.81,55.22,54.81,55.15,145045.01
1786521600000,55.15,55.19,54.87,55.03,66354.23
1786525200000,55.03,55.39,54.88,55.31,87809.32
1786528800000,55.31,55.58,55.18,55.53,58298.51
1786532400000,55.53,55.82,55.52,55.78,109803.86
1786536000000,55.78,55.98,55.49,55.8,218649.54
1786539600000,55.8,56.46,55.74,55.99,315203.95
1786543200000,55.99,56.06,55.45,55.84,199461.18
1786546800000,55.84,56.59,55.79,56.53,128266.95
1786550400000,56.53,56.63,56.27,56.6,103776.25
1786554000000,56.6,56.94,56.43,56.88,141779.23
1786557600000,56.88,56.95,56.32,56.59,81958.83
1786561200000,56.59,56.67,56.16,56.23,67447.11
1786564800000,56.23,56.41,56.1,56.2,33163.38
1786568400000,56.2,56.25,56.01,56.02,35999.06
1786572000000,56.02,56.6,55.92,56.11,65201.58
1786575600000,56.11,56.13,55.89,56.05,30568.88
1786579200000,56.05,56.5,56.0,56.41,53025.49
1786582800000,56.41,56.55,56.16,56.32,86936.69
1786586400000,56.32,56.65,56.26,56.49,47497.89
1786590000000,56.49,56.67,56.38,56.43,47459.75
1786593600000,56.43,56.95,56.36,56.78,66126.1
1786597200000,56.78,57.4,56.76,57.19,168391.02
1786600800000,57.19,57.38,57.13,57.36,46480.74
1786604400000,57.36,57.46,57.24,57.3,65653.0
1786608000000,57.3,57.41,56.82,57.12,109185.1
1786611600000,57.12,57.75,56.9,57.74,120542.69
1786615200000,57.74,57.75,57.41,57.42,102289.56
1786618800000,57.42,57.48,56.95,57.06,110727.35
1786622400000,57.06,57.7,56.99,57.68,137348.41
1786626000000,57.68,58.09,57.4,57.66,205016.36
1786629600000,57.66,58.39,57.49,58.16,207724.59
1786633200000,58.16,58.467,57.77,57.8,221027.26
1786636800000,57.8,58.06,57.33,57.56,280411.51
1786640400000,57.56,57.8,57.4,57.41,86734.69
1786644000000,57.41,57.85,57.39,57.77,83045.93
1786647600000,57.77,57.94,57.43,57.46,50564.47
1786651200000,57.46,57.58,57.05,57.46,113482.56
1786654800000,57.46,57.62,57.07,57.18,54740.04
1786658400000,57.18,57.63,57.18,57.43,67215.67
1786662000000,57.43,57.5,57.26,57.47,28926.84
1786665600000,57.47,57.62,57.35,57.57,44889.8
1786669200000,57.57,57.6,57.16,57.21,35300.09
1786672800000,57.21,57.33,57.02,57.03,55649.05
1786676400000,57.03,57.08,56.53,56.56,118335.43
1786680000000,56.56,56.86,56.52,56.8,27715.13
1786683600000,56.8,56.94,56.61,56.81,55513.46
1786687200000,56.81,56.81,56.26,56.34,110155.24
1786690800000,56.34,56.52,56.32,56.44,56549.44
1786694400000,56.44,56.81,56.36,56.7,87371.59
1786698000000,56.7,56.76,56.4,56.41,44871.15
1786701600000,56.41,56.63,56.36,56.53,33987.29
1786705200000,56.53,56.68,56.1,56.2,109180.53
1786708800000,56.2,56.31,56.0,56.15,97978.2
1786712400000,56.15,56.28,55.93,56.15,117872.19
1786716000000,56.15,56.15,55.49,55.52,195606.28
1786719600000,55.52,55.99,55.48,55.63,109893.04
1786723200000,55.63,56.1,55.62,55.91,100526.95
1786726800000,55.91,56.04,55.68,55.74,51465.61
1786730400000,55.74,55.79,55.53,55.65,66517.56
1786734000000,55.65,55.74,55.31,55.7,55640.81
1786737600000,55.7,55.76,55.39,55.5,44922.9
1786741200000,55.5,56.02,55.5,55.92,54017.18
1786744800000,55.92,56.47,55.92,56.39,81848.51
1786748400000,56.39,56.51,56.19,56.48,48673.07
1786752000000,56.48,56.51,56.28,56.31,30188.79
1786755600000,56.31,56.52,56.21,56.39,28164.59
1786759200000,56.39,56.64,56.33,56.6,38960.35
1786762800000,56.6,56.7,56.49,56.55,54782.39
1786766400000,56.55,56.62,56.2,56.25,33004.5
1786770000000,56.25,56.32,55.82,56.24,69327.06
1786773600000,56.24,56.34,56.1,56.26,21657.56
1786777200000,56.26,56.48,56.12,56.46,21253.96
1786780800000,56.46,56.49,56.01,56.07,30260.76
1786784400000,56.07,56.2,55.97,56.02,43379.03
1786788000000,56.02,56.05,55.87,55.99,20287.73
1786791600000,55.99,56.08,55.87,56.04,30394.87
1786795200000,56.04,56.3,55.9,56.28,59170.36
1786798800000,56.28,56.64,56.24,56.39,68371.37
1786802400000,56.39,56.52,56.26,56.3,54241.53
1786806000000,56.3,56.84,56.29,56.8,69919.73
1786809600000,56.8,57.21,56.62,57.18,122182.67
1786813200000,57.18,57.22,56.88,57.03,75822.52
1786816800000,57.03,57.18,56.88,57.04,40255.67
1786820400000,57.04,57.36,56.94,57.3,58953.58
1786824000000,57.3,57.3,56.99,57.04,34697.89
1786827600000,57.04,57.12,56.95,57.0,34789.38
1786831200000,57.0,57.09,56.89,56.92,19283.63
1786834800000,56.92,57.01,56.74,56.9,50557.27
1786838400000,56.9,56.96,56.73,56.79,39694.11
1786842000000,56.79,57.13,56.76,57.08,32940.67
1786845600000,57.08,57.29,56.87,57.17,70792.46
1786849200000,57.17,57.19,56.91,56.93,29067.65
1786852800000,56.93,57.21,56.89,57.08,48343.67
1786856400000,57.08,57.2,56.84,56.86,35839.96
1786860000000,56.86,57.16,56.76,57.05,39607.19
1786863600000,57.05,57.49,57.04,57.45,83513.99
1786867200000,57.45,57.53,57.3,57.53,58716.11
1786870800000,57.53,57.61,57.29,57.45,54546.36
1786874400000,57.45,57.49,57.25,57.35,48379.52
1786878000000,57.35,57.5,57.31,57.37,22954.04
1786881600000,57.37,57.38,57.17,57.21,35748.5
1786885200000,57.21,57.26,57.1,57.22,33055.25
1786888800000,57.22,57.31,57.05,57.23,44067.66
1786892400000,57.23,57.51,57.14,57.42,48162.06
1786896000000,57.42,57.97,57.42,57.8,155614.75
1786899600000,57.8,58.04,57.65,57.74,80530.02
1786903200000,57.74,57.74,57.38,57.63,71496.22
1786906800000,57.63,57.93,57.62,57.69,53216.81
1786910400000,57.69,57.8,57.51,57.59,34838.85
1786914000000,57.59,57.61,57.2,57.34,63279.79
1786917600000,57.34,57.34,57.14,57.25,52489.69
1786921200000,57.25,57.31,57.07,57.13,38680.17
1786924800000,57.13,57.36,57.05,57.33,50407.56
1786928400000,57.33,58.44,57.32,58.37,211025.19
1786932000000,58.37,58.96,58.2,58.92,213734.13
1786935600000,58.92,59.18,58.72,59.13,124281.64
1786939200000,59.13,59.17,58.82,58.86,81182.22
1786942800000,58.86,59.04,58.66,58.66,102080.88
1786946400000,58.66,59.4,58.66,59.29,167233.09
1786950000000,59.29,59.66,59.17,59.54,183061.86
1786953600000,59.54,59.57,59.03,59.09,221810.73
1786957200000,59.09,59.34,59.08,59.31,52270.71
1786960800000,59.31,59.84,59.17,59.8,138713.95
1786964400000,59.8,59.9,59.43,59.5,124421.78
1786968000000,59.5,59.5,59.03,59.16,93004.82
1786971600000,59.16,59.43,58.8,59.29,160656.37
1786975200000,59.29,59.53,58.89,59.53,94336.44
1786978800000,59.53,59.6,59.12,59.3,92438.85
1786982400000,59.3,59.31,59.02,59.18,54769.35
1786986000000,59.18,59.2,58.72,58.97,81150.76
1786989600000,58.97,59.28,58.95,59.05,69244.73
1786993200000,59.05,59.1,58.79,58.97,48716.29
1786996800000,58.97,58.97,58.41,58.72,117272.14
1787000400000,58.72,59.02,58.68,58.96,60470.57
1787004000000,58.96,59.18,58.87,59.04,54086.19
1787007600000,59.04,59.49,59.04,59.43,72239.25
1787011200000,59.43,59.68,59.38,59.59,78236.63
1787014800000,59.59,59.64,59.05,59.12,69471.49
1787018400000,59.12,59.34,59.01,59.2,62570.54
1787022000000,59.2,59.42,58.95,59.37,77154.63
1787025600000,59.37,59.41,59.07,59.26,40736.23
1787029200000,59.26,59.62,58.85,59.1,99882.75
1787032800000,59.1,60.28,59.01,59.95,203692.85
1787036400000,59.95,60.471,59.58,59.63,207854.02
1787040000000,59.63,59.68,59.18,59.6,164075.2
1787043600000,59.6,59.72,59.33,59.61,78106.6
1787047200000,59.61,59.94,59.56,59.79,76211.04
1787050800000,59.79,59.98,59.72,59.85,55451.55
1787054400000,59.85,59.95,59.23,59.32,102164.1
1787058000000,59.32,59.57,59.1,59.21,188309.51
1787061600000,59.21,59.83,58.99,59.13,219496.4
1787065200000,59.13,59.55,59.1,59.36,71650.69
1787068800000,59.36,59.41,58.25,58.78,316154.89
1787072400000,58.78,58.82,58.23,58.63,163937.94
1787076000000,58.63,58.78,58.53,58.71,62724.99
1787079600000,58.71,59.07,58.66,58.92,104349.52
1787083200000,58.92,59.13,58.51,58.55,135687.13
1787086800000,58.55,58.72,58.5,58.72,42381.54
1787090400000,58.72,58.81,58.33,58.39,92959.67
1787094000000,58.39,58.65,58.3,58.5,53975.44
1787097600000,58.5,58.72,58.14,58.53,74264.21
1787101200000,58.53,58.84,58.52,58.53,82231.26
1787104800000,58.53,58.53,58.23,58.39,54870.01
1787108400000,58.39,58.5,58.23,58.4,42497.55
1787112000000,58.4,58.58,58.34,58.56,33435.95
1787115600000,58.56,58.67,58.2,58.23,76446.98
1787119200000,58.23,58.59,58.03,58.46,124376.94
1787122800000,58.46,58.51,58.15,58.15,63081.59
1787126400000,58.15,58.49,58.08,58.28,105559.24
1787130000000,58.28,58.46,58.2,58.25,50761.96
1787133600000,58.25,58.53,58.14,58.53,59737.78
1787137200000,58.53,58.96,58.49,58.73,76682.65
1787140800000,58.73,59.38,58.66,59.27,126457.66
1787144400000,59.27,59.42,58.58,58.65,205994.03
1787148000000,58.65,59.94,58.62,59.88,390994.52
1787151600000,59.88,61.88,59.62,61.84,1119457.48
1787155200000,61.84,62.64,61.52,61.95,608563.47
1787158800000,61.95,62.41,61.56,62.19,271098.77
1787162400000,62.19,62.5,61.74,62.23,94826.99
1787166000000,62.23,72.25,62.02,70.3,4084652.38
1787169600000,70.3,71.15,68.34,71.11,850022.38
1787173200000,71.11,72.62,69.87,71.32,774540.06
1787176800000,71.32,71.96,70.27,70.88,635625.51
1787180400000,70.88,71.29,69.12,69.73,604961.08
1787184000000,69.73,71.05,69.04,69.73,410976.12
1787187600000,69.73,69.88,68.41,69.49,367894.31
1787191200000,69.49,70.0,69.23,69.72,156982.81
1787194800000,69.72,69.74,68.92,69.46,166286.77
1787198400000,69.46,70.85,69.41,70.83,191294.05
1787202000000,70.83,71.49,70.73,71.19,224931.03
1787205600000,71.19,72.56,71.04,71.96,300954.87
1787209200000,71.96,72.12,71.41,72.08,233020.46
1787212800000,72.08,73.21,70.59,73.11,735319.08
1787216400000,73.11,74.57,72.72,73.18,527550.36
1787220000000,73.18,73.78,72.11,72.2,337983.33
1787223600000,72.2,72.99,71.53,71.94,442238.44
1787227200000,71.94,72.03,70.95,71.66,325980.49
1787230800000,71.66,72.34,71.17,71.83,467168.89
1787234400000,71.83,72.69,71.59,72.07,317090.25
1787238000000,72.07,73.47,71.98,73.22,383957.76
1787241600000,73.22,74.23,72.75,73.77,396289.17
1787245200000,73.77,74.39,73.1,73.63,322425.81
1787248800000,73.63,73.8,71.65,72.13,635577.05
1787252400000,72.13,73.03,72.12,72.59,188465.86
1787256000000,72.59,73.95,72.56,73.89,147421.61
1787259600000,73.89,75.19,73.77,74.93,388296.95
1787263200000,74.93,75.12,73.47,73.59,343812.31
1787266800000,73.59,74.33,73.52,73.74,363216.66
1787270400000,73.74,74.43,73.32,73.39,349633.35
1787274000000,73.39,75.1,73.27,74.61,279366.74
1787277600000,74.61,74.93,73.66,73.72,207490.58
1787281200000,73.72,73.93,71.29,72.28,796007.98
1787284800000,72.28,72.97,72.11,72.61,149298.06
1787288400000,72.61,73.29,72.32,73.11,190774.01
1787292000000,73.11,73.47,72.45,72.92,188951.38
1787295600000,72.92,74.04,72.77,73.83,313696.19
1787299200000,73.83,76.12,73.55,75.82,678301.62
1787302800000,75.82,75.87,73.13,74.2,739730.15
1787306400000,74.2,75.55,73.93,75.05,344246.6
1787310000000,75.05,75.49,73.61,74.3,333494.35
1787313600000,74.3,74.69,73.72,74.2,285434.37
1787317200000,74.2,77.92,74.12,76.92,1152490.26
1787320800000,76.92,77.72,75.11,77.64,672940.28
1787324400000,77.64,77.66,76.43,76.68,329630.31
1787328000000,76.68,76.84,75.84,76.49,228601.8
1787331600000,76.49,76.69,74.15,75.12,504283.9
1787335200000,75.12,75.51,74.02,74.54,363364.7
1787338800000,74.54,75.11,73.88,74.88,282394.12
1787342400000,74.88,75.79,74.75,75.65,203616.67
1787346000000,75.65,77.04,75.58,77.01,228393.78
1787349600000,77.01,77.17,75.34,76.18,399487.77
1787353200000,76.18,76.48,75.05,75.58,288599.03
1787356800000,75.58,76.18,74.69,75.97,195067.92
1787360400000,75.97,76.77,75.58,76.6,198952.75
1787364000000,76.6,81.15,76.53,80.8,1075960.89
1787367600000,80.8,82.59,80.36,82.16,582777.1
1787371200000,82.16,82.51,80.74,81.24,451622.92
1787374800000,81.24,81.78,72.37,79.31,2355747.5
1787378400000,79.31,80.76,78.34,80.38,442547.19
1787382000000,80.38,80.77,78.82,78.89,236027.42
1787385600000,78.89,79.29,76.81,77.16,524836.74
1787389200000,77.16,78.32,75.94,78.04,471728.31
1787392800000,78.04,78.11,74.8,76.97,608331.96
1787396400000,76.97,77.99,76.16,77.9,198244.62
1787400000000,77.9,78.65,77.42,77.55,187955.18
1787403600000,77.55,78.08,77.11,77.89,128667.51
1787407200000,77.89,77.99,77.02,77.49,124269.28
1787410800000,77.49,78.2,77.09,77.45,132852.46
1787414400000,77.45,78.36,77.26,78.1,154460.79
1787418000000,78.1,79.69,77.78,79.13,196345.76
1787421600000,79.13,79.63,78.43,79.0,116339.46
1787425200000,79.0,79.48,78.73,79.2,117675.44
1787428800000,79.2,79.93,78.98,79.21,164783.52
1787432400000,79.21,79.21,78.01,78.17,177575.26
1787436000000,78.17,79.71,77.81,78.9,269195.74
1787439600000,78.9,79.94,78.36,79.36,171893.83
1787443200000,79.36,81.1,78.94,80.51,294806.38
1787446800000,80.51,81.09,79.61,80.11,213205.5
1787450400000,80.11,80.19,78.54,78.83,247515.78
1787454000000,78.83,78.97,77.46,77.94,200131.19
1787457600000,77.94,78.56,76.96,77.43,217193.56
1787461200000,77.43,78.81,77.31,77.76,176243.19
1787464800000,77.76,78.86,77.28,78.25,180768.73
1787468400000,78.25,79.07,78.13,78.76,128274.65
1787472000000,78.76,79.46,78.61,79.21,163752.93
1787475600000,79.21,79.44,78.76,78.95,92399.06
1787479200000,78.95,79.55,78.88,79.44,118314.87
1787482800000,79.44,81.17,79.38,80.58,274553.04
1787486400000,80.58,80.86,79.85,80.63,176729.64
1787490000000,80.63,81.64,79.25,80.58,464222.77
1787493600000,80.58,80.8,78.3,79.55,389057.08
1787497200000,79.55,79.84,79.06,79.71,131759.09
1787500800000,79.71,80.74,79.35,80.22,154275.97
1787504400000,80.22,80.6,79.68,79.94,89826.84
1787508000000,79.94,81.32,79.88,81.13,207412.91
1787511600000,81.13,81.4,80.63,80.96,164700.76
1787515200000,80.96,81.11,80.4,80.87,162847.98
1787518800000,80.87,82.45,80.86,82.08,385029.09
1787522400000,82.08,83.31,81.58,82.51,317568.38
1787526000000,82.51,83.52,81.73,82.35,285792.51
1787529600000,82.35,82.37,80.72,81.69,242618.88
1787533200000,81.69,81.9,79.81,80.16,242229.84
1787536800000,80.16,81.39,79.85,80.99,190063.23
1787540400000,80.99,81.03,79.21,79.5,195076.39
1787544000000,79.5,80.45,79.49,79.92,132717.18
1787547600000,79.92,80.43,79.23,79.63,171821.24
1787551200000,79.63,79.93,78.87,79.75,163497.04
1787554800000,79.75,80.38,79.37,79.5,98150.66
1787558400000,79.5,79.52,77.19,77.89,413886.57
1787562000000,77.89,78.64,77.84,78.58,142216.71
1787565600000,78.58,79.15,78.37,78.42,133134.39
1787569200000,78.42,80.36,78.06,80.17,299937.94
1787572800000,80.17,80.97,79.44,80.5,277238.04
1787576400000,80.5,81.0,78.32,78.86,570445.19
1787580000000,78.86,80.48,78.79,79.41,407385.47
1787583600000,79.41,80.12,78.09,78.51,311558.36
1787587200000,78.51,79.4,78.31,78.35,158567.8
1787590800000,78.35,78.92,76.6,77.54,485933.01
1787594400000,77.54,77.94,76.95,77.65,165720.38
1787598000000,77.65,77.87,77.26,77.75,174581.45
1787601600000,77.75,78.19,77.45,78.14,107653.38
1787605200000,78.14,78.4,77.67,77.93,102918.97
1787608800000,77.93,78.31,77.71,77.73,53653.9
1787612400000,77.73,78.96,77.61,78.95,106512.68
1787616000000,78.95,79.72,78.11,79.68,202218.97
1787619600000,79.68,80.0,79.06,79.89,166311.42
1787623200000,79.89,80.81,79.57,80.6,339768.53
1787626800000,80.6,81.29,80.31,80.72,291793.73
1787630400000,80.72,81.26,80.59,81.01,130505.79
1787634000000,81.01,81.36,80.59,80.67,134750.1
1787637600000,80.67,81.31,80.56,80.83,108731.29
1787641200000,80.83,81.87,80.19,81.05,290231.1
1787644800000,81.05,81.98,80.68,81.23,257805.04
1787648400000,81.23,82.08,80.76,80.97,227476.33
1787652000000,80.97,81.35,80.46,80.87,189264.61
1787655600000,80.87,81.13,79.6,79.87,276626.08
1787659200000,79.87,80.33,79.3,79.91,211133.64
1787662800000,79.91,80.29,78.79,80.13,310394.04
1787666400000,80.13,81.56,79.8,80.89,404481.32
1787670000000,80.89,81.68,80.3,81.57,219163.2
1787673600000,81.57,81.91,80.98,81.61,225502.3
1787677200000,81.61,81.75,80.96,81.64,198374.15
1787680800000,81.64,82.93,81.59,82.35,375043.97
1787684400000,82.35,83.39,80.79,81.76,423782.02
1787688000000,81.76,81.78,78.34,78.45,578100.57
1787691600000,78.45,79.68,78.27,79.56,317534.73
1787695200000,79.56,80.31,79.38,80.13,171209.03
1787698800000,80.13,80.37,78.94,79.65,170357.33
1787702400000,79.65,80.75,79.41,80.52,173923.87
1787706000000,80.52,81.53,80.43,81.36,159687.5
1787709600000,81.36,81.98,81.0,81.82,97384.34
1787713200000,81.82,81.99,81.36,81.64,100365.25
1787716800000,81.64,82.32,81.52,82.08,224367.55
1787720400000,82.08,83.12,81.43,82.49,284797.83
1787724000000,82.49,82.66,81.71,81.98,145185.74
1787727600000,81.98,82.51,81.66,81.91,146546.22
1787731200000,81.91,82.75,81.59,81.99,163340.73
1787734800000,81.99,82.18,81.29,81.91,165074.98
1787738400000,81.91,83.9,81.75,83.16,335373.63
1787742000000,83.16,83.61,81.43,81.8,324810.68
1787745600000,81.8,82.78,80.99,81.85,317974.48
1787749200000,81.85,82.11,80.55,81.65,335569.1
1787752800000,81.65,82.44,80.86,81.11,214318.67
1787756400000,81.11,81.42,80.36,80.46,229018.3
1787760000000,80.46,80.93,79.15,79.65,441872.98
1787763600000,79.65,81.21,79.48,80.75,347159.16
1787767200000,80.75,81.25,80.38,81.03,112914.52
1787770800000,81.03,81.37,80.7,81.05,103578.63
1787774400000,81.05,81.48,80.01,80.4,123389.58
1787778000000,80.4,82.23,80.37,82.09,189449.03
1787781600000,82.09,82.9,81.18,81.36,221805.09
1787785200000,81.36,82.5,81.31,82.27,136930.14
1787788800000,82.27,82.29,81.15,81.18,109312.03
1787792400000,81.18,82.14,81.1,81.8,121362.15
1787796000000,81.8,82.21,80.76,81.06,161149.95
1787799600000,81.06,81.39,80.58,80.76,71461.74
1787803200000,80.76,81.12,80.45,80.7,78810.54
1787806800000,80.7,81.76,80.57,81.57,110196.26
1787810400000,81.57,81.64,80.92,81.6,71615.52
1787814000000,81.6,81.88,81.26,81.74,65591.13
1787817600000,81.74,82.51,81.38,82.49,238792.4
1787821200000,82.49,83.83,82.23,83.09,420236.22
1787824800000,83.09,83.63,81.74,82.25,361509.26
1787828400000,82.25,82.84,81.52,82.01,227664.57
1787832000000,82.01,82.47,81.92,82.23,72704.34
1787835600000,82.23,82.96,81.95,82.9,252623.06
1787839200000,82.9,84.84,82.11,84.19,624039.07
1787842800000,84.19,85.5,84.02,84.65,500453.99
1787846400000,84.65,85.44,83.17,84.67,564117.76
1787850000000,84.67,86.4,84.47,85.66,378083.02
1787853600000,85.66,86.33,84.71,86.31,295915.07
1787857200000,86.31,86.76,84.83,84.86,381161.24
1787860800000,84.86,85.47,84.29,85.32,216400.41
1787864400000,85.32,85.36,84.15,84.72,136928.72
1787868000000,84.72,85.28,84.47,84.89,85969.24
1787871600000,84.89,85.22,84.54,84.61,63307.53
1787875200000,84.61,84.62,83.79,84.08,127980.53
1787878800000,84.08,84.98,83.76,83.94,132198.13
1787882400000,83.94,84.08,83.18,83.31,130613.2
1787886000000,83.31,83.77,82.93,83.58,108823.16
1787889600000,83.58,83.74,82.77,83.18,109494.6
1787893200000,83.18,83.42,82.83,82.95,68754.77
1787896800000,82.95,83.65,82.94,83.52,85076.68
1787900400000,83.52,84.23,83.02,84.0,164956.4
1787904000000,84.0,84.71,83.18,83.34,124795.53
1787907600000,83.34,83.35,82.37,82.65,183708.87
1787911200000,82.65,83.57,82.21,83.41,155911.56
1787914800000,83.41,83.64,82.92,82.96,76021.68
1787918400000,82.96,83.26,82.59,82.99,69082.93
1787922000000,82.99,84.3,82.93,83.89,216621.71
1787925600000,83.89,85.18,82.51,84.71,749513.79
1787929200000,84.71,85.04,81.23,81.68,506694.47
1787932800000,81.68,82.15,80.1,81.5,621753.02
1787936400000,81.5,82.11,80.61,80.8,259255.48
1787940000000,80.8,80.94,78.51,79.27,541102.83
1787943600000,79.27,80.1,79.16,79.61,265882.95
1787947200000,79.61,80.44,79.42,79.78,145900.85
1787950800000,79.78,80.69,79.43,79.83,118168.99
1787954400000,79.83,81.15,79.82,81.04,145938.62
1787958000000,81.04,81.12,80.64,80.89,75772.71
1787961600000,80.89,81.16,80.06,80.15,109031.35
1787965200000,80.15,80.51,80.07,80.48,60984.71
1787968800000,80.48,80.83,80.12,80.7,48578.48
1787972400000,80.7,82.17,80.67,81.48,211527.22
1787976000000,81.48,82.1,81.34,81.8,128127.28
1787979600000,81.8,82.12,81.69,81.86,75874.76
1787983200000,81.86,81.89,80.75,81.39,147707.98
1787986800000,81.39,81.78,81.13,81.37,106270.55
1787990400000,81.37,81.43,80.97,81.2,91692.46
1787994000000,81.2,81.59,81.01,81.35,68617.35
1787997600000,81.35,81.47,80.98,81.25,55660.37
1788001200000,81.25,81.43,80.81,80.89,42436.9
1788004800000,80.89,81.44,80.88,81.4,70649.44
1788008400000,81.4,81.92,81.22,81.85,84739.84
1788012000000,81.85,82.83,81.66,82.7,217368.3
1788015600000,82.7,83.17,82.44,82.9,186233.53
1788019200000,82.9,83.49,82.84,82.95,175535.9
1788022800000,82.95,83.29,82.71,83.16,103404.97
1788026400000,83.16,83.28,82.51,83.12,91472.92
1788030000000,83.12,83.21,82.71,82.81,66468.42
1788033600000,82.81,82.97,82.72,82.75,58949.97
1788037200000,82.75,83.4,82.66,83.14,56377.72
1788040800000,83.14,83.55,83.07,83.41,63361.24
1788044400000,83.41,83.51,83.04,83.34,57702.82
1788048000000,83.34,83.44,82.96,83.15,71753.21
1788051600000,83.15,83.38,82.96,83.24,61141.21
1788055200000,83.24,83.32,82.86,82.89,42123.73
1788058800000,82.89,83.09,82.72,82.77,33195.09
1788062400000,82.77,83.04,82.3,82.79,68209.4
1788066000000,82.79,83.26,82.77,83.1,44899.72
1788069600000,83.1,83.44,82.92,83.34,32130.98
1788073200000,83.34,83.35,82.6,82.83,76710.67
1788076800000,82.83,83.96,82.74,83.35,143345.82
1788080400000,83.35,83.56,83.01,83.23,94733.4
1788084000000,83.23,83.55,83.13,83.47,73494.85
1788087600000,83.47,83.6,83.15,83.55,43831.8
1788091200000,83.55,83.84,83.14,83.72,105475.86
1788094800000,83.72,83.94,83.48,83.82,68296.69
1788098400000,83.82,84.08,83.29,83.49,110005.81
1788102000000,83.49,83.73,83.01,83.12,92630.56
1788105600000,83.12,83.94,83.09,83.93,117515.13
1788109200000,83.93,84.02,82.53,83.28,202266.23
1788112800000,83.28,83.57,82.95,83.29,84097.39
1788116400000,83.29,83.4,82.48,82.65,76468.51
1788120000000,82.65,82.79,81.5,81.67,201283.0
1788123600000,81.67,82.2,81.28,81.86,142383.96
1788127200000,81.86,82.08,80.6,80.82,194124.44
1788130800000,80.82,80.83,78.96,79.98,368256.91
1788134400000,79.98,80.61,79.52,80.16,177301.95
1788138000000,80.16,80.38,79.91,79.98,117471.76
1788141600000,79.98,80.93,79.76,80.01,170271.51
1788145200000,80.01,80.6,79.86,80.35,78567.35
1788148800000,80.35,80.37,79.94,80.23,101609.15
1788152400000,80.23,81.18,80.15,81.06,122530.15
1788156000000,81.06,81.06,80.72,80.88,90424.88
1788159600000,80.88,81.29,80.74,81.15,107177.02
1788163200000,81.15,81.49,80.91,81.33,116849.26
1788166800000,81.33,81.51,81.1,81.25,72415.86
1788170400000,81.25,82.14,81.12,81.75,136886.22
1788174000000,81.75,82.06,81.51,81.8,97755.77
1788177600000,81.8,82.08,80.87,81.14,202188.31
1788181200000,81.14,81.55,80.44,80.59,212165.49
1788184800000,80.59,81.79,80.59,81.57,187141.96
1788188400000,81.57,82.54,81.24,82.12,202919.47
1788192000000,82.12,85.0,81.65,83.75,1152373.22
1788195600000,83.75,84.41,83.43,84.01,323740.59
1788199200000,84.01,84.66,83.73,83.8,199507.25
1788202800000,83.8,84.03,83.33,83.6,181936.9
1788206400000,83.6,84.73,83.55,84.6,160716.46
1788210000000,84.6,85.34,84.2,84.8,164443.09
1788213600000,84.8,85.19,84.38,84.41,100266.45
1788217200000,84.41,84.43,83.92,84.16,158509.12
1788220800000,84.16,84.59,83.91,84.06,115644.04
1788224400000,84.06,84.3,83.57,84.24,121481.56
1788228000000,84.24,84.3,83.6,83.96,119180.78
1788231600000,83.96,84.5,83.63,84.29,114279.71
1788235200000,84.29,84.46,83.8,83.89,96855.54
1788238800000,83.89,84.41,83.86,84.36,89974.4
1788242400000,84.36,84.46,83.98,84.02,81833.37
1788246000000,84.02,84.16,83.1,83.48,160383.31
1788249600000,83.48,83.58,82.63,83.03,241036.71
1788253200000,83.03,83.56,82.89,83.06,104605.3
1788256800000,83.06,83.78,82.7,83.49,114075.39
1788260400000,83.49,83.99,83.31,83.89,130906.7
1788264000000,83.89,83.91,82.64,83.16,175676.58
1788267600000,83.16,83.88,82.88,83.64,204193.11
1788271200000,83.64,84.47,83.52,83.81,205908.62
1788274800000,83.81,83.84,83.07,83.23,159762.57
1788278400000,83.23,83.32,81.86,82.28,282479.42
1788282000000,82.28,82.44,81.53,81.72,155821.51
1788285600000,81.72,81.89,80.57,81.54,305834.56
1788289200000,81.54,82.76,81.37,82.68,164414.93
1788292800000,82.68,82.98,82.25,82.53,166949.48
1788296400000,82.53,82.77,81.76,82.33,172271.74
1788300000000,82.33,82.56,81.95,82.41,102871.63
1788303600000,82.41,82.84,82.36,82.75,52388.11
1788307200000,82.75,83.24,82.51,82.51,101541.36
1788310800000,82.51,82.83,81.92,81.96,81507.48
1788314400000,81.96,83.13,81.69,82.93,113997.66
1788318000000,82.93,83.35,82.82,82.89,78072.88
1788321600000,82.89,83.11,82.54,83.07,51229.23
1788325200000,83.07,83.68,82.83,83.67,65754.87
1788328800000,83.67,83.71,82.83,83.16,105380.59
1788332400000,83.16,83.38,82.25,82.33,78829.86
1788336000000,82.33,82.49,81.26,81.47,151279.85
1788339600000,81.47,81.76,80.96,81.28,149338.82
1788343200000,81.28,81.4,80.79,81.31,124410.13
1788346800000,81.31,81.31,80.22,81.2,144218.79
1788350400000,81.2,81.62,80.92,80.97,138516.95
1788354000000,80.97,81.72,80.72,81.37,156954.83
1788357600000,81.37,81.9,80.93,80.93,137395.77
1788361200000,80.93,81.78,80.44,81.66,194757.77
1788364800000,81.66,82.01,81.35,81.41,132434.29
1788368400000,81.41,81.82,80.97,81.71,110526.7
1788372000000,81.71,81.89,81.17,81.63,104547.57
1788375600000,81.63,81.76,80.76,81.06,102233.61
1788379200000,81.06,81.59,80.91,81.45,99811.69
1788382800000,81.45,81.91,81.37,81.59,68518.88
1788386400000,81.59,81.69,80.99,81.25,76252.5
1788390000000,81.25,81.99,81.16,81.88,73569.63
1788393600000,81.88,82.09,81.23,81.28,116482.56
1788397200000,81.28,81.95,81.06,81.63,75926.34
1788400800000,81.63,82.48,81.49,82.27,108477.47
1788404400000,82.27,82.43,81.94,82.29,70485.52
1788408000000,82.29,82.54,82.06,82.49,89434.85
1788411600000,82.49,82.65,81.5,82.13,107750.01
1788415200000,82.13,82.26,81.93,82.08,58129.28
1788418800000,82.08,82.41,81.85,81.95,89969.45
1788422400000,81.95,82.35,81.82,81.96,72832.94
1788426000000,81.96,82.19,81.65,81.69,95766.5
1788429600000,81.69,81.86,81.18,81.52,89832.65
1788433200000,81.52,82.16,81.46,82.1,97333.81
1788436800000,82.1,82.84,81.86,82.72,141890.07
1788440400000,82.72,83.22,82.41,82.89,222010.93
1788444000000,82.89,84.0,82.66,83.9,293198.09
1788447600000,83.9,84.66,83.39,84.51,413813.83
1788451200000,84.51,84.61,83.12,84.08,346139.03
1788454800000,84.08,84.34,83.79,84.0,115092.18
1788458400000,84.0,84.57,83.75,84.49,155685.66
1788462000000,84.49,86.17,84.25,85.82,385062.93
1788465600000,85.82,86.46,85.2,85.3,301962.76
1788469200000,85.3,85.69,85.04,85.4,91705.37
1788472800000,85.4,86.08,85.26,85.86,195020.81
1788476400000,85.86,88.21,85.78,87.46,404217.14
1788480000000,87.46,87.88,86.43,86.47,228120.53
1788483600000,86.47,87.48,86.4,87.22,132819.77
1788487200000,87.22,87.62,86.68,87.02,113977.39
1788490800000,87.02,87.51,86.84,87.22,50290.23
1788494400000,87.22,87.29,86.33,86.43,108759.24
1788498000000,86.43,86.62,85.61,86.16,145992.97
1788501600000,86.16,86.19,85.65,85.98,53819.57
1788505200000,85.98,86.66,85.82,86.25,137577.7
1788508800000,86.25,86.91,85.63,86.86,171892.71
1788512400000,86.86,87.09,86.36,86.9,178800.44
1788516000000,86.9,87.26,86.42,86.99,121042.41
1788519600000,86.99,87.23,86.82,87.19,85378.95
1788523200000,87.19,87.42,84.48,85.49,585330.43
1788526800000,85.49,85.89,84.63,85.04,263026.33
1788530400000,85.04,85.35,83.5,83.69,314131.39
1788534000000,83.69,84.78,83.48,84.64,188895.54
1788537600000,84.64,85.43,84.5,85.04,101318.6
1788541200000,85.04,85.51,84.84,84.93,60697.15
1788544800000,84.93,85.35,84.71,85.11,68433.08
1788548400000,85.11,85.39,84.76,84.82,64274.23
1788552000000,84.82,85.13,84.24,84.28,116277.93
1788555600000,84.28,84.35,83.39,83.85,98865.41
1788559200000,83.85,84.19,83.73,83.81,79419.19
1788562800000,83.81,84.51,83.8,84.36,31847.96
1788566400000,84.36,84.6,84.22,84.3,55721.68
1788570000000,84.3,84.39,83.96,84.0,65385.64
1788573600000,84.0,84.21,83.94,84.09,36810.32
1788577200000,84.09,84.16,83.72,83.91,39939.29
1788580800000,83.91,84.06,83.69,83.95,43228.0
1788584400000,83.95,84.27,83.61,84.13,77062.48
1788588000000,84.13,84.36,83.9,84.26,48629.97
1788591600000,84.26,84.69,84.22,84.51,60384.62
1788595200000,84.51,84.77,84.35,84.72,50878.27
1788598800000,84.72,84.87,84.6,84.84,23653.71
1788602400000,84.84,84.87,84.55,84.57,41273.53
1788606000000,84.57,85.0,84.57,84.81,39382.86
1788609600000,84.81,85.21,84.71,85.17,46593.63
1788613200000,85.17,85.67,84.97,85.04,97484.46
1788616800000,85.04,85.37,85.04,85.13,34536.45
1788620400000,85.13,85.6,84.99,85.35,72431.34
1788624000000,85.35,86.12,85.29,85.99,84175.38
1788627600000,85.99,86.12,85.33,85.66,103918.81
1788631200000,85.66,85.76,85.43,85.76,53831.75
1788634800000,85.76,86.06,85.19,85.33,85169.95
1788638400000,85.33,85.63,85.11,85.2,82637.42
1788642000000,85.2,85.92,85.16,85.52,37481.68
1788645600000,85.52,85.7,85.23,85.31,61245.64
1788649200000,85.31,85.45,85.1,85.36,44770.16
1788652800000,85.36,85.57,85.27,85.36,36458.54
1788656400000,85.36,86.38,84.62,85.36,215947.61
1788660000000,85.36,85.63,85.03,85.5,73733.61
1788663600000,85.5,86.08,85.5,85.84,55828.46
1788667200000,85.84,86.69,85.77,86.61,98091.76
1788670800000,86.61,87.3,86.45,86.75,168089.64
1788674400000,86.75,86.77,85.97,86.24,130180.35
1788678000000,86.24,86.68,85.79,86.53,91310.16
1788681600000,86.53,87.1,86.31,86.62,77991.55
1788685200000,86.62,87.86,86.62,87.77,153411.0
1788688800000,87.77,87.97,87.48,87.86,105286.53
1788692400000,87.86,88.73,87.56,88.52,197816.29
1788696000000,88.52,89.61,88.11,89.15,209540.57
1788699600000,89.15,89.49,88.48,89.4,149535.34
1788703200000,89.4,89.47,88.02,88.96,251283.5
1788706800000,88.96,89.5,88.26,88.42,169056.54
1788710400000,88.42,88.51,87.14,88.01,217393.75
1788714000000,88.01,88.33,87.57,88.15,115467.93
1788717600000,88.15,88.27,87.43,87.65,59491.59
1788721200000,87.65,87.75,87.03,87.23,65559.58
1788724800000,87.23,88.26,86.99,88.13,95295.72
1788728400000,88.13,88.42,87.54,87.75,92236.97
1788732000000,87.75,87.84,86.52,87.38,214452.81
1788735600000,87.38,88.0,87.24,87.94,98651.62
1788739200000,87.94,88.06,87.44,87.63,61757.27
1788742800000,87.63,87.71,86.36,86.77,116076.84
1788746400000,86.77,87.68,86.48,86.94,121662.66
1788750000000,86.94,86.95,85.86,86.26,138980.78
1788753600000,86.26,86.35,86.0,86.25,62155.24
1788757200000,86.25,86.8,86.16,86.57,76041.85
1788760800000,86.57,86.93,86.53,86.89,44780.77
1788764400000,86.89,86.98,86.0,86.33,136509.85
1788768000000,86.33,86.87,86.29,86.84,77260.04
1788771600000,86.84,87.49,86.76,87.21,96166.22
1788775200000,87.21,87.85,87.21,87.75,124940.28
1788778800000,87.75,88.0,87.47,87.78,66558.27
1788782400000,87.78,88.32,87.74,88.07,78624.3
1788786000000,88.07,88.25,87.31,87.5,117789.48
1788789600000,87.5,87.76,86.23,86.75,217063.19
1788793200000,86.75,86.79,84.67,85.08,384683.13
1788796800000,85.08,85.69,85.08,85.4,104561.0
1788800400000,85.4,85.64,84.93,84.97,89158.16
1788804000000,84.97,85.31,84.79,84.99,98914.78
1788807600000,84.99,85.65,84.77,85.64,101650.45
1788811200000,85.64,85.73,85.24,85.26,65635.81
1788814800000,85.26,85.39,85.11,85.17,36554.45
1788818400000,85.17,85.3,84.44,85.04,86546.58
1788822000000,85.04,85.44,85.0,85.13,81611.02
1788825600000,85.13,85.26,84.6,85.22,80124.18
1788829200000,85.22,85.43,84.87,85.36,63344.92
1788832800000,85.36,85.45,84.07,84.15,134096.02
1788836400000,84.15,84.28,83.76,84.06,120135.64
1788840000000,84.06,84.4,83.88,84.23,62912.55
1788843600000,84.23,84.49,84.07,84.09,69173.6
1788847200000,84.09,84.27,83.18,83.86,125428.36
1788850800000,83.86,84.31,83.78,84.08,67483.08
1788854400000,84.08,84.47,83.75,84.04,97548.68
1788858000000,84.04,84.43,83.92,84.36,70965.77
1788861600000,84.36,84.57,83.67,83.67,83296.5
1788865200000,83.67,83.74,82.94,83.17,148209.63
1788868800000,83.17,83.31,82.57,83.26,121668.82
1788872400000,83.26,83.36,81.46,82.62,332419.68
1788876000000,82.62,83.9,82.38,83.6,235975.63
1788879600000,83.6,84.1,83.47,83.94,127650.71
1788883200000,83.94,84.76,83.53,84.2,224007.61
1788886800000,84.2,84.38,83.74,83.85,96287.36
1788890400000,83.85,84.49,83.79,84.35,77851.28
1788894000000,84.35,84.61,83.98,84.15,80664.12
1788897600000,84.15,84.49,84.06,84.19,50202.64
1788901200000,84.19,84.49,84.19,84.33,42330.18
1788904800000,84.33,84.94,84.33,84.93,112765.2
1788908400000,84.93,85.14,84.6,85.12,75798.13
1788912000000,85.12,85.8,85.07,85.67,107382.93
1788915600000,85.67,85.81,85.13,85.57,85087.72
1788919200000,85.57,85.96,85.24,85.61,91794.91
1788922800000,85.61,85.71,85.01,85.21,89897.32
1788926400000,85.21,86.15,85.21,86.15,111905.55
1788930000000,86.15,86.18,85.45,85.62,112068.93
1788933600000,85.62,86.75,85.61,86.72,113483.85
1788937200000,86.72,86.88,86.57,86.86,76845.95
1788940800000,86.86,86.99,86.21,86.55,90053.83
1788944400000,86.55,86.6,85.56,85.6,110671.28
1788948000000,85.6,86.15,85.5,86.14,88659.24
1788951600000,86.14,86.32,85.51,86.3,71608.28
1788955200000,86.3,87.0,86.22,86.73,128906.42
1788958800000,86.73,86.82,85.82,86.51,121379.9
1788962400000,86.51,86.58,85.81,86.06,114868.61
1788966000000,86.06,86.4,83.8,84.97,371987.71
1788969600000,84.97,85.74,84.7,85.66,148700.58
1788973200000,85.66,87.04,85.43,86.95,268858.57
1788976800000,86.95,86.99,85.85,85.91,138831.34
1788980400000,85.91,86.13,84.53,84.78,167128.71
1788984000000,84.78,85.45,84.07,85.39,219337.98
1788987600000,85.39,85.51,84.16,84.34,157736.79
1788991200000,84.34,84.45,82.38,82.54,325407.18
1788994800000,82.54,83.63,82.54,83.51,118562.09
1788998400000,83.51,83.64,82.65,82.7,68377.77
1789002000000,82.7,83.6,82.7,83.21,92281.0
1789005600000,83.21,84.09,83.18,84.01,57773.6
1789009200000,84.01,84.26,83.91,84.01,68991.66
1789012800000,84.01,84.4,83.96,84.23,53675.75
1789016400000,84.23,84.36,83.71,84.04,70562.93
1789020000000,84.04,84.04,83.36,83.83,70547.42
1789023600000,83.83,83.83,82.73,83.24,89143.07
1789027200000,83.24,83.39,82.94,83.0,79884.7
1789030800000,83.0,83.4,82.61,82.84,73727.12
1789034400000,82.84,83.07,82.51,82.66,86201.56
1789038000000,82.66,83.25,82.09,82.8,154761.19
1789041600000,82.8,82.92,80.16,80.67,477441.18
1789045200000,80.67,81.38,80.62,81.03,295375.2
1789048800000,81.03,81.46,80.31,81.24,240348.52
1789052400000,81.24,81.24,80.36,80.64,197127.25
1789056000000,80.64,80.89,78.64,79.95,406657.25
1789059600000,79.95,80.85,79.82,80.21,233681.18
1789063200000,80.21,80.96,79.62,80.87,152984.41
1789066800000,80.87,80.87,79.92,80.13,117293.37
1789070400000,80.13,80.7,80.13,80.38,71260.3
1789074000000,80.38,80.6,80.06,80.13,37731.46
1789077600000,80.13,80.41,79.34,79.42,70370.33
1789081200000,79.42,79.57,78.04,78.54,287478.88
1789084800000,78.54,79.22,78.47,79.19,227677.4
1789088400000,79.19,79.52,78.57,79.12,135634.65
1789092000000,79.12,79.21,78.33,78.61,97130.05
1789095600000,78.61,78.77,78.12,78.72,64283.95
1789099200000,78.72,79.58,78.63,79.25,87764.21
1789102800000,79.25,79.83,79.17,79.81,78548.44
1789106400000,79.81,80.0,79.45,79.96,83846.27
1789110000000,79.96,80.39,79.76,79.81,87126.12
1789113600000,79.81,80.35,79.6,80.3,66822.53
1789117200000,80.3,80.3,79.16,79.47,76930.0
1789120800000,79.47,79.67,79.03,79.06,72978.32
1789124400000,79.06,79.3,78.5,79.21,154148.0
1789128000000,79.21,82.13,78.58,81.96,632867.1
1789131600000,81.96,83.46,80.54,83.4,463560.73
1789135200000,83.4,83.8,82.27,82.88,496634.33
1789138800000,82.88,83.64,81.58,81.93,315662.99
1789142400000,81.93,82.6,81.15,82.01,253307.09
1789146000000,82.01,82.08,81.4,81.51,75423.24
1789149600000,81.51,81.68,79.7,79.89,263893.63
1789153200000,79.89,80.92,79.68,80.72,137991.2
1789156800000,80.72,81.29,80.27,80.59,129492.64
1789160400000,80.59,80.87,79.76,79.87,37594.05
1789164000000,79.87,80.03,78.6,78.94,182132.22
1789167600000,78.94,79.53,78.84,79.43,78382.7
1789171200000,79.43,79.51,78.68,78.76,64882.68
1789174800000,78.76,79.06,78.57,78.72,64872.74
1789178400000,78.72,79.21,78.69,79.05,83646.65
1789182000000,79.05,79.05,78.51,78.86,82035.93
1789185600000,78.86,78.91,78.41,78.49,88264.35
1789189200000,78.49,78.76,78.34,78.56,60196.15
1789192800000,78.56,78.89,78.44,78.77,42196.02
1789196400000,78.77,79.11,78.72,79.06,59214.99
1789200000000,79.06,79.43,78.91,79.36,93374.05
1789203600000,79.36,79.47,79.19,79.47,86227.1
1789207200000,79.47,79.9,79.46,79.82,96704.0
1789210800000,79.82,80.39,79.6,80.22,106795.65
1789214400000,80.22,80.4,79.93,80.27,66059.51
1789218000000,80.27,80.48,80.01,80.14,83417.19
1789221600000,80.14,80.48,80.09,80.26,53645.14
1789225200000,80.26,80.47,80.06,80.22,101738.69
1789228800000,80.22,80.38,79.95,80.3,63939.73
1789232400000,80.3,80.79,80.18,80.49,70132.78
1789236000000,80.49,80.55,79.88,80.08,77180.51
1789239600000,80.08,80.12,79.33,79.64,108569.98
1789243200000,79.64,79.96,79.64,79.76,44849.1
1789246800000,79.76,79.96,79.43,79.5,55120.53
1789250400000,79.5,79.78,79.4,79.62,37373.4
1789254000000,79.62,79.82,79.58,79.63,40176.92
1789257600000,79.63,79.64,79.03,79.24,66549.7
1789261200000,79.24,79.49,79.17,79.35,55687.72
1789264800000,79.35,79.54,79.16,79.21,42293.42
1789268400000,79.21,79.42,78.93,79.01,63830.91
1789272000000,79.01,79.19,78.92,79.11,42901.63
1789275600000,79.11,79.51,79.1,79.39,31420.73
1789279200000,79.39,79.43,78.62,78.77,82147.21
1789282800000,78.77,78.92,78.47,78.52,79312.3
1789286400000,78.52,78.59,77.65,77.82,211498.89
1789290000000,77.82,78.03,77.24,77.93,168743.43
1789293600000,77.93,77.95,76.75,77.27,228905.28
1789297200000,77.27,77.66,77.11,77.5,222502.61
1789300800000,77.5,77.76,77.29,77.75,88283.9
1789304400000,77.75,78.22,76.39,78.0,515563.37
1789308000000,78.0,78.6,77.86,78.42,191766.14
1789311600000,78.42,78.44,77.91,77.94,116986.66
1789315200000,77.94,78.61,77.93,78.43,96474.18
1789318800000,78.43,78.75,78.06,78.41,117516.99
1789322400000,78.41,78.44,78.19,78.33,39401.93
1789326000000,78.33,78.63,77.75,78.09,102700.75
1789329600000,78.09,78.91,78.08,78.88,112981.14
1789333200000,78.88,78.94,78.46,78.53,64719.07
1789336800000,78.53,78.53,76.91,77.41,212163.41
1789340400000,77.41,77.7,77.19,77.28,96720.13
1789344000000,77.28,77.99,76.9,77.79,151030.65
1789347600000,77.79,78.05,77.5,77.68,68177.57
1789351200000,78.22,79.51,78.03,79.39,182466.83
1789354800000,79.39,80.11,79.31,79.86,191005.21
1789358400000,79.86,80.33,79.8,79.99,124184.69
1789362000000,79.99,80.05,79.42,79.56,98900.54
1789365600000,79.56,80.13,79.41,79.65,104530.01
1789369200000,79.65,80.18,79.53,79.92,71277.89
1789372800000,79.92,80.03,79.42,79.8,83838.39
1789376400000,79.8,80.48,79.06,80.04,433173.42
1789380000000,80.04,80.05,79.53,79.81,106873.3
1789383600000,79.81,80.5,79.49,80.09,137848.6
1789387200000,80.09,80.81,79.65,79.78,151898.18
1789390800000,79.78,80.87,79.05,80.26,293556.06
1789394400000,80.26,81.05,79.43,79.73,314520.07
1789398000000,79.73,80.32,79.25,79.83,195012.96
1789401600000,79.83,80.93,79.52,80.46,204143.02
1789405200000,80.46,81.27,80.36,81.27,144577.08
1789408800000,81.27,82.05,80.95,81.64,228497.69
1789412400000,81.64,81.64,80.97,81.22,129274.91
1789416000000,81.22,82.46,81.08,81.41,218810.47
1789419600000,81.41,81.46,80.47,80.55,173919.25
1789423200000,80.55,80.64,80.01,80.03,88452.14
1789426800000,80.03,80.38,79.87,80.31,96177.66
1789430400000,80.31,80.52,79.95,80.15,122749.81
1789434000000,80.15,80.48,79.84,80.22,99766.8
1789437600000,80.22,80.38,79.93,79.93,89173.77
1789441200000,79.93,79.94,79.27,79.47,92422.84
1789444800000,79.47,79.61,79.26,79.35,44683.55
1789448400000,79.35,79.86,78.77,79.71,112778.51
1789452000000,79.71,79.98,79.01,79.22,85803.04
1789455600000,79.22,79.29,78.42,78.65,127041.49
1789459200000,78.65,79.05,78.48,79.03,87090.34
1789462800000,79.03,79.31,78.72,79.19,66517.01
1789466400000,79.19,79.49,79.06,79.4,75165.92
1789470000000,79.4,79.49,78.76,79.02,61002.33
1789473600000,79.02,79.45,78.96,79.42,48738.5
