ts,open,high,low,close,volume
1767225600000,124.64,125.24,124.58,125.12,118632.4
1767229200000,125.12,125.81,124.92,124.97,326976.0
1767232800000,124.97,125.26,124.76,125.17,185502.6
1767236400000,125.17,125.4,125.0,125.2,72380.0
1767240000000,125.2,125.27,124.78,124.94,163630.2
1767243600000,124.94,125.3,124.93,125.29,63211.4
1767247200000,125.29,125.3,124.85,124.86,64311.9
1767250800000,124.86,124.98,124.21,124.23,240647.0
1767254400000,124.23,124.73,124.13,124.67,146769.5
1767258000000,124.67,125.07,124.55,125.0,196229.7
1767261600000,125.0,125.25,124.91,124.99,80179.0
1767265200000,124.99,125.22,124.72,125.22,205627.3
1767268800000,125.22,125.26,124.95,124.96,109484.7
1767272400000,124.96,125.15,124.67,124.72,170997.9
1767276000000,124.72,124.91,124.4,124.69,149274.2
1767279600000,124.69,125.2,124.52,124.91,243325.6
1767283200000,124.91,124.98,124.23,124.42,245096.4
1767286800000,124.42,125.6,124.27,125.15,596693.1
1767290400000,125.15,125.34,124.96,125.3,277613.7
1767294000000,125.3,125.77,125.16,125.72,168276.6
1767297600000,125.72,125.94,125.27,125.34,149820.1
1767301200000,125.34,125.66,125.27,125.38,77212.1
1767304800000,125.38,126.24,125.34,126.05,217035.2
1767308400000,126.05,127.26,125.71,126.87,670137.3
1767312000000,126.87,127.13,126.41,126.74,279445.8
1767315600000,126.74,126.9,126.02,126.15,243000.0
1767319200000,126.15,126.65,125.81,126.52,178635.6
1767322800000,126.52,127.97,126.4,127.51,637941.4
1767326400000,127.51,127.67,126.89,126.93,228321.4
1767330000000,126.93,127.37,126.7,127.28,165609.4
1767333600000,127.28,127.73,127.2,127.29,249511.9
1767337200000,127.29,127.54,126.87,127.1,148926.2
1767340800000,127.1,127.93,127.08,127.91,227161.9
1767344400000,127.91,129.84,127.79,129.35,854141.9
1767348000000,129.35,129.95,128.81,128.9,432760.4
1767351600000,128.9,128.93,127.97,128.16,307319.7
1767355200000,128.16,128.6,127.83,128.36,338938.6
1767358800000,128.36,128.73,128.18,128.3,265791.4
1767362400000,128.3,129.59,126.74,128.65,1311412.1
1767366000000,128.65,129.47,127.33,128.92,774035.9
1767369600000,128.92,131.75,128.6,130.84,1601432.7
1767373200000,130.84,132.32,130.62,131.37,814437.8
1767376800000,131.37,131.98,130.26,130.73,424035.9
1767380400000,130.73,131.75,130.57,131.56,223466.8
1767384000000,131.56,132.06,130.76,131.05,276036.1
1767387600000,131.05,132.07,131.05,131.86,206691.4
1767391200000,131.86,133.28,131.84,132.58,614290.1
1767394800000,132.58,132.81,131.81,132.24,405266.4
1767398400000,132.24,132.89,132.2,132.48,209820.2
1767402000000,132.48,132.94,132.29,132.59,167154.9
1767405600000,132.59,133.07,132.02,132.8,189293.1
1767409200000,132.8,133.13,132.15,132.79,182664.1
1767412800000,132.79,132.87,132.12,132.32,118157.9
1767416400000,132.32,132.48,131.59,131.83,188051.6
1767420000000,131.83,132.23,131.01,131.11,230637.6
1767423600000,131.11,131.33,129.51,130.04,558202.1
1767427200000,130.04,130.96,129.72,130.63,293145.6
1767430800000,130.63,131.38,130.32,131.09,231787.5
1767434400000,131.09,131.16,130.72,130.87,132094.6
1767438000000,130.87,130.91,130.36,130.61,175797.2
1767441600000,130.61,130.88,130.41,130.84,143824.2
1767445200000,130.84,131.36,130.72,131.24,173622.3
1767448800000,131.24,132.14,131.07,131.95,293631.5
1767452400000,131.95,131.97,131.0,131.42,225301.8
1767456000000,131.42,131.93,131.41,131.69,150895.2
1767459600000,131.69,131.97,131.56,131.82,88006.1
1767463200000,131.82,132.0,131.5,131.88,122579.2
1767466800000,131.88,131.88,131.59,131.71,51937.5
1767470400000,131.71,131.97,131.27,131.91,126587.5
1767474000000,131.91,132.99,131.72,132.81,450150.3
1767477600000,132.81,133.91,132.52,133.37,353172.8
1767481200000,133.37,133.73,133.04,133.32,174102.1
1767484800000,133.32,134.97,133.24,134.5,674774.2
1767488400000,134.5,134.68,133.36,133.89,295749.3
1767492000000,133.89,133.95,133.38,133.68,163598.7
1767495600000,133.68,134.65,133.6,134.53,318925.6
1767499200000,134.53,134.83,134.18,134.25,185676.0
1767502800000,134.25,134.54,134.22,134.49,65369.0
1767506400000,134.49,135.04,133.55,133.69,452317.8
1767510000000,133.69,134.07,133.62,133.75,169423.0
1767513600000,133.75,134.1,133.14,134.04,306403.7
1767517200000,134.04,134.51,133.77,134.24,229790.0
1767520800000,134.24,134.83,134.14,134.61,191446.3
1767524400000,134.61,134.62,134.11,134.32,156306.8
1767528000000,134.32,134.82,134.14,134.27,251805.4
1767531600000,134.27,134.48,133.68,134.47,216418.6
1767535200000,134.47,134.95,134.09,134.93,377783.6
1767538800000,134.93,135.29,134.23,134.8,419587.7
1767542400000,134.8,135.48,134.66,135.04,245527.8
1767546000000,135.04,135.29,134.72,134.75,146228.7
1767549600000,134.75,134.8,133.6,134.11,318272.0
1767553200000,134.11,134.11,132.94,133.47,614675.4
1767556800000,133.47,134.15,133.31,133.93,177593.0
1767560400000,133.93,134.49,133.59,133.85,200820.1
1767564000000,133.85,134.36,133.7,134.09,148975.2
1767567600000,134.09,134.79,133.58,134.03,255410.5
1767571200000,134.03,135.75,133.91,135.46,579063.5
1767574800000,135.46,137.72,135.21,136.69,1046776.7
1767578400000,136.69,137.17,135.63,136.81,365133.9
1767582000000,136.81,137.27,136.52,136.59,288489.6
1767585600000,136.59,136.72,134.92,135.6,378700.0
1767589200000,135.6,136.24,134.94,134.99,342646.9
1767592800000,134.99,135.63,134.51,135.52,394117.9
1767596400000,135.52,135.68,135.03,135.35,226162.1
1767600000000,135.35,135.86,135.1,135.13,255731.5
1767603600000,135.13,135.59,134.65,135.38,223894.3
1767607200000,135.38,135.98,135.2,135.75,238679.9
1767610800000,135.75,135.76,135.16,135.66,219071.3
1767614400000,135.66,135.74,134.82,135.04,211953.9
1767618000000,135.04,135.31,133.15,133.72,656505.8
1767621600000,133.72,135.56,133.1,134.93,1372150.0
1767625200000,134.93,136.45,134.1,136.09,737849.1
1767628800000,136.09,136.31,134.9,135.34,460687.8
1767632400000,135.34,136.84,134.22,136.47,621722.9
1767636000000,136.47,137.59,135.66,137.33,562841.5
1767639600000,137.33,138.81,137.05,138.21,895070.6
1767643200000,138.21,139.85,137.7,137.84,671117.9
1767646800000,137.84,138.68,137.84,138.32,233030.1
1767650400000,138.32,139.12,138.21,138.73,189149.0
1767654000000,138.73,138.9,137.82,137.85,214883.1
1767657600000,137.85,138.16,136.82,137.64,353737.2
1767661200000,137.64,138.47,137.27,137.5,351087.5
1767664800000,137.5,137.96,137.22,137.52,220602.6
1767668400000,137.52,138.57,137.46,138.3,212005.9
1767672000000,138.3,138.93,138.11,138.38,318166.4
1767675600000,138.38,140.0,138.02,139.5,523223.0
1767679200000,139.5,139.72,138.76,138.94,323163.6
1767682800000,138.94,139.01,137.24,137.49,422524.4
1767686400000,137.49,138.02,137.3,137.51,203100.4
1767690000000,137.51,138.32,137.39,137.69,232815.1
1767693600000,137.69,138.0,137.29,137.62,268408.7
1767697200000,137.62,139.63,137.52,139.44,548734.1
1767700800000,139.44,139.59,138.72,138.99,415743.3
1767704400000,138.99,139.41,138.63,139.03,317022.4
1767708000000,139.03,143.46,139.03,141.93,2094249.8
1767711600000,141.93,143.15,141.01,141.51,952522.4
1767715200000,141.51,141.92,137.92,138.82,1407921.3
1767718800000,138.82,139.1,136.29,136.44,1209696.4
1767722400000,136.44,138.0,136.08,137.48,794288.6
1767726000000,137.48,137.98,137.17,137.47,239493.0
1767729600000,137.47,139.15,137.43,138.88,388791.2
1767733200000,138.88,141.99,138.61,140.16,1104864.4
1767736800000,140.16,140.97,139.48,139.97,323033.1
1767740400000,139.97,141.31,139.95,141.03,290858.4
1767744000000,141.03,141.34,139.7,139.78,346794.9
1767747600000,139.78,140.59,138.74,138.82,386988.7
1767751200000,138.82,140.13,138.43,139.87,549292.8
1767754800000,139.87,140.49,139.31,139.51,322890.5
1767758400000,139.51,139.65,138.63,138.71,170932.6
1767762000000,138.71,139.24,137.99,138.44,447941.4
1767765600000,138.44,139.0,138.37,138.7,123457.3
1767769200000,138.7,139.37,138.7,139.3,133806.6
1767772800000,139.3,139.73,138.99,139.31,299715.1
1767776400000,139.31,139.4,136.46,136.79,788953.9
1767780000000,136.79,137.64,136.65,137.49,303557.4
1767783600000,137.49,138.13,137.42,137.85,244471.3
1767787200000,137.85,138.12,137.53,137.86,180852.2
1767790800000,137.86,138.45,137.47,138.06,271969.2
1767794400000,138.06,138.14,136.5,137.96,838056.0
1767798000000,137.96,138.03,135.13,135.59,1162674.3
1767801600000,135.59,136.57,135.21,135.6,341232.3
1767805200000,135.6,136.38,135.27,135.48,310591.8
1767808800000,135.48,135.8,134.62,135.16,522705.8
1767812400000,135.16,135.93,134.33,135.66,352568.6
1767816000000,135.66,135.94,134.9,135.72,293290.9
1767819600000,135.72,136.28,135.57,136.11,122399.7
1767823200000,136.11,136.8,135.66,136.4,182410.2
1767826800000,136.4,137.01,135.76,136.32,280770.1
1767830400000,136.32,136.88,135.9,136.75,147355.2
1767834000000,136.75,137.33,136.6,136.75,185438.4
1767837600000,136.75,137.92,136.51,137.82,632354.4
1767841200000,137.82,138.23,136.45,136.66,335911.1
1767844800000,136.66,138.29,136.33,137.57,401248.2
1767848400000,137.57,138.03,136.41,136.54,312056.6
1767852000000,136.54,136.67,134.59,134.75,777973.8
1767855600000,134.75,135.93,133.69,135.8,697433.3
1767859200000,135.8,136.14,134.98,135.04,235973.0
1767862800000,135.04,135.45,134.25,134.37,285125.6
1767866400000,134.37,135.36,133.8,135.04,477604.0
1767870000000,135.04,135.21,134.2,134.72,263332.7
1767873600000,134.72,134.77,133.63,134.07,370036.2
1767877200000,134.07,134.53,133.64,134.42,285374.6
1767880800000,134.42,134.44,132.67,133.96,1154685.3
1767884400000,133.96,136.46,133.31,136.32,908014.1
1767888000000,136.32,138.22,136.16,138.12,926398.3
1767891600000,138.12,138.79,137.19,138.65,664042.3
1767895200000,138.65,139.0,137.83,138.05,385929.2
1767898800000,138.05,138.36,137.14,137.47,309188.9
1767902400000,137.47,137.83,136.44,137.64,429366.5
1767906000000,137.64,139.8,137.64,139.56,438505.0
1767909600000,139.56,140.03,138.21,138.79,405775.9
1767913200000,138.79,139.15,138.15,138.26,239078.6
1767916800000,138.26,139.27,138.21,139.02,161433.8
1767920400000,139.02,139.54,137.63,138.2,539014.9
1767924000000,138.2,139.5,138.14,138.89,359872.2
1767927600000,138.89,141.11,138.85,140.74,550502.7
1767931200000,140.74,141.0,139.57,139.67,238116.0
1767934800000,139.67,140.09,139.38,139.87,210384.3
1767938400000,139.87,140.78,139.56,140.61,229050.6
1767942000000,140.61,140.64,139.43,139.49,368188.4
1767945600000,139.49,139.64,136.98,137.86,929853.6
1767949200000,137.86,139.02,137.82,138.38,472147.8
1767952800000,138.38,138.95,138.05,138.62,198366.3
1767956400000,138.62,138.82,137.98,138.2,242460.8
1767960000000,138.2,138.58,137.5,137.63,192324.7
1767963600000,137.63,139.46,137.55,138.55,651440.0
1767967200000,138.55,138.56,136.34,136.81,755367.1
1767970800000,136.81,140.89,136.07,138.78,1803734.1
1767974400000,138.78,140.21,138.66,139.91,634400.7
1767978000000,139.91,140.04,137.25,138.37,598649.5
1767981600000,138.37,138.4,135.71,136.75,761332.2
1767985200000,136.75,136.76,135.33,135.7,432034.9
1767988800000,135.7,135.97,134.87,135.53,478584.7
1767992400000,135.53,136.36,135.32,135.93,248235.1
1767996000000,135.93,136.16,135.48,136.08,93356.6
1767999600000,136.08,136.35,135.71,135.91,178393.2
1768003200000,135.91,136.04,135.59,135.83,98848.0
1768006800000,135.83,136.44,135.67,136.4,245303.1
1768010400000,136.4,136.69,135.85,136.34,182713.0
1768014000000,136.34,136.35,135.85,136.08,61887.3
1768017600000,136.08,136.13,135.66,135.79,92879.1
1768021200000,135.79,136.29,135.7,135.88,74317.6
1768024800000,135.88,136.16,135.71,135.92,98324.7
1768028400000,135.92,136.22,135.89,136.04,63947.1
1768032000000,136.04,136.38,135.94,136.17,89784.2
1768035600000,136.17,136.6,136.04,136.58,90315.2
1768039200000,136.58,137.04,136.37,136.96,183069.1
1768042800000,136.96,136.96,136.35,136.55,140758.0
1768046400000,136.55,137.0,136.5,136.56,122164.9
1768050000000,136.56,136.59,136.03,136.3,126489.2
1768053600000,136.3,136.43,135.97,136.11,107562.2
1768057200000,136.11,136.55,136.02,136.39,96778.0
1768060800000,136.39,136.66,136.13,136.38,65882.9
1768064400000,136.38,136.65,136.06,136.09,110860.4
1768068000000,136.09,136.28,135.81,136.09,172349.6
1768071600000,136.09,136.23,135.91,136.18,93452.1
1768075200000,136.18,136.22,135.94,136.03,40485.0
1768078800000,136.03,136.04,135.65,135.68,138426.5
1768082400000,135.68,135.85,135.2,135.49,209731.8
1768086000000,135.49,135.98,135.41,135.77,138706.5
1768089600000,135.77,136.35,135.67,136.31,105676.8
1768093200000,136.31,136.4,136.03,136.22,65987.9
1768096800000,136.22,136.39,135.89,135.96,75961.8
1768100400000,135.96,136.29,135.77,136.2,98883.1
1768104000000,136.2,136.32,135.92,136.14,74188.5
1768107600000,136.14,136.36,135.91,136.22,91228.9
1768111200000,136.22,136.35,135.79,136.09,70688.2
1768114800000,136.09,136.2,135.9,136.11,62657.1
1768118400000,136.11,136.82,136.01,136.7,162900.1
1768122000000,136.7,136.74,136.27,136.38,83476.7
1768125600000,136.38,136.65,136.2,136.49,75569.0
1768129200000,136.49,136.7,136.41,136.5,51061.0
1768132800000,136.5,137.25,136.44,137.0,176197.1
1768136400000,137.0,137.29,136.83,137.18,163748.9
1768140000000,137.18,139.4,137.18,139.16,536693.9
1768143600000,139.16,139.51,137.75,138.39,754589.2
1768147200000,138.39,141.56,138.39,139.97,1327564.0
1768150800000,139.97,140.15,138.65,139.62,362022.2
1768154400000,139.62,140.14,139.04,139.96,185227.9
1768158000000,139.96,140.1,138.99,139.37,202544.4
1768161600000,139.37,139.37,137.87,138.46,716715.6
1768165200000,138.46,138.87,137.89,138.61,182219.3
1768168800000,138.61,138.61,137.62,138.14,258041.3
1768172400000,138.14,139.69,137.44,139.61,601325.4
1768176000000,139.61,141.3,138.82,141.25,877402.4
1768179600000,141.25,141.87,140.63,140.97,965381.0
1768183200000,140.97,142.67,140.85,142.33,754786.1
1768186800000,142.33,144.32,142.32,142.45,806316.2
1768190400000,142.45,143.0,142.37,142.66,237378.9
1768194000000,142.66,143.14,142.4,142.71,160383.0
1768197600000,142.71,143.24,141.79,141.94,394724.8
1768201200000,141.94,142.43,141.29,141.34,504025.7
1768204800000,141.34,141.99,138.93,139.97,1201823.5
1768208400000,139.97,140.2,139.08,139.47,622009.7
1768212000000,139.47,140.12,138.94,139.17,331685.2
1768215600000,139.17,140.07,139.1,139.9,231989.9
1768219200000,139.9,140.2,139.6,139.68,401034.0
1768222800000,139.68,140.06,139.27,139.67,285627.0
1768226400000,139.67,140.79,138.59,140.39,886372.8
1768230000000,140.39,142.72,139.98,142.56,1006722.0
1768233600000,142.56,144.25,142.04,142.95,1269950.8
1768237200000,142.95,143.69,141.09,141.9,1088546.4
1768240800000,141.9,142.85,140.52,141.16,1022560.4
1768244400000,141.16,141.44,140.5,140.93,559758.0
1768248000000,140.93,141.81,139.86,140.14,654623.8
1768251600000,140.14,140.14,138.22,138.71,798826.8
1768255200000,138.71,139.78,138.66,139.07,429592.6
1768258800000,139.07,139.43,138.53,139.12,248075.5
1768262400000,139.12,139.31,138.59,139.19,363390.7
1768266000000,139.19,139.48,138.39,138.82,270726.4
1768269600000,138.82,139.26,138.01,138.31,311072.1
1768273200000,138.31,138.71,137.75,138.67,259266.5
1768276800000,138.67,139.07,138.3,139.06,143378.7
1768280400000,139.06,140.44,138.71,139.88,877220.2
1768284000000,139.88,140.71,139.76,140.55,310858.1
1768287600000,140.55,140.63,139.88,139.9,307607.8
1768291200000,139.9,141.83,139.89,141.54,405306.1
1768294800000,141.54,143.08,141.18,141.89,782904.4
1768298400000,141.89,142.59,141.66,142.05,443735.6
1768302000000,142.05,142.2,141.48,141.83,379418.7
1768305600000,141.83,142.34,141.3,142.18,348792.2
1768309200000,142.18,143.4,141.73,142.36,1180975.4
1768312800000,142.36,143.79,141.57,141.96,1048292.6
1768316400000,141.96,143.46,140.89,143.44,1169158.8
1768320000000,143.44,144.55,142.78,143.07,920355.7
1768323600000,143.07,143.57,142.37,142.81,447938.2
1768327200000,142.81,143.79,142.6,143.4,306874.6
1768330800000,143.4,144.4,142.97,144.16,526511.9
1768334400000,144.16,144.4,142.97,143.74,497151.8
1768338000000,143.74,144.29,143.31,143.33,442151.9
1768341600000,143.33,148.95,143.33,146.93,2525253.4
1768345200000,146.93,147.57,144.6,145.46,788354.9
1768348800000,145.46,145.87,144.3,145.03,574010.6
1768352400000,145.03,146.16,144.89,145.65,375579.6
1768356000000,145.65,146.74,145.27,145.44,504465.4
1768359600000,145.44,146.31,145.04,146.21,454690.7
1768363200000,146.21,146.38,144.72,144.85,376993.5
1768366800000,144.85,145.12,144.26,144.41,308666.1
1768370400000,144.41,144.64,143.8,144.64,315962.5
1768374000000,144.64,145.0,144.09,144.8,292327.6
1768377600000,144.8,145.14,144.56,144.85,151860.7
1768381200000,144.85,145.58,144.8,145.43,148786.8
1768384800000,145.43,145.69,144.38,144.66,288809.5
1768388400000,144.66,144.66,143.43,143.67,398600.6
1768392000000,143.67,144.69,143.22,144.47,284987.6
1768395600000,144.47,144.87,143.96,144.17,268432.1
1768399200000,144.17,147.5,144.17,146.58,1244802.6
1768402800000,146.58,147.49,145.86,146.99,1023249.5
1768406400000,146.99,148.4,146.75,147.01,920323.1
1768410000000,147.01,147.65,145.57,145.89,566419.9
1768413600000,145.89,147.36,145.17,146.27,504199.8
1768417200000,146.27,147.5,146.04,146.71,383686.6
1768420800000,146.71,147.7,146.47,147.46,410100.7
1768424400000,147.46,147.46,146.13,146.82,298765.6
1768428000000,146.82,147.08,145.72,146.06,288418.3
1768431600000,146.06,147.04,145.95,146.62,247629.1
1768435200000,146.62,146.64,145.4,145.96,243930.1
1768438800000,145.96,146.43,144.66,145.09,365711.7
1768442400000,145.09,145.43,144.2,144.44,303591.1
1768446000000,144.44,144.62,143.11,143.41,649420.1
1768449600000,143.41,144.38,143.2,144.36,312620.8
1768453200000,144.36,144.75,144.21,144.5,165979.3
1768456800000,144.5,144.81,143.97,144.12,219409.6
1768460400000,144.12,145.22,144.0,144.93,199119.9
1768464000000,144.93,145.15,143.92,144.78,259133.1
1768467600000,144.78,145.96,144.36,145.53,409082.9
1768471200000,145.53,145.59,145.12,145.34,132299.2
1768474800000,145.34,145.62,144.67,144.78,176633.2
1768478400000,144.78,145.0,144.22,144.8,287488.7
1768482000000,144.8,145.26,144.4,145.12,278240.8
1768485600000,145.12,145.59,143.13,143.83,816372.2
1768489200000,143.83,144.26,141.65,143.37,1239753.1
1768492800000,143.37,143.96,142.66,143.45,516848.6
1768496400000,143.45,144.18,142.4,142.58,586987.3
1768500000000,142.58,142.96,141.34,141.48,494391.8
1768503600000,141.48,141.76,140.81,141.44,469062.6
1768507200000,141.44,141.83,140.94,141.36,218973.4
1768510800000,141.36,142.21,141.21,142.04,173421.6
1768514400000,142.04,142.51,141.89,142.32,117345.7
1768518000000,142.32,142.6,141.97,142.34,104387.5
1768521600000,142.34,142.77,142.15,142.36,128006.0
1768525200000,142.36,142.66,141.89,142.28,127539.1
1768528800000,142.28,142.28,141.6,142.13,131502.7
1768532400000,142.13,142.41,141.79,141.85,67970.2
1768536000000,141.85,142.69,141.39,141.6,250650.6
1768539600000,141.6,143.73,141.41,143.12,514668.5
1768543200000,143.12,143.31,142.65,143.25,132850.2
1768546800000,143.25,143.26,142.53,142.88,145073.1
1768550400000,142.88,143.4,142.84,143.08,203364.0
1768554000000,143.08,143.38,142.77,142.98,187303.9
1768557600000,142.98,143.08,142.61,143.0,142748.3
1768561200000,143.0,143.48,142.68,143.03,186216.9
1768564800000,143.03,143.77,143.01,143.58,240329.6
1768568400000,143.58,143.59,142.55,142.99,184315.8
1768572000000,142.99,143.66,142.72,142.93,287434.8
1768575600000,142.93,143.57,140.14,140.69,1455192.2
1768579200000,140.69,141.93,140.55,141.83,380389.5
1768582800000,141.83,143.36,141.32,143.25,531779.7
1768586400000,143.25,144.16,142.92,143.46,472504.8
1768590000000,143.46,144.48,142.94,144.12,358062.8
1768593600000,144.12,144.98,143.4,144.92,473858.6
1768597200000,144.92,145.56,144.67,144.99,425430.1
1768600800000,144.99,145.11,144.54,144.91,244066.9
1768604400000,144.91,145.17,144.67,144.86,132310.5
1768608000000,144.86,144.95,144.16,144.29,133220.1
1768611600000,144.29,144.77,144.15,144.59,124598.9
1768615200000,144.59,144.61,144.18,144.52,62517.7
1768618800000,144.52,144.57,144.16,144.3,51027.9
1768622400000,144.3,144.44,144.13,144.27,54912.8
1768626000000,144.27,144.29,143.86,143.9,89982.2
1768629600000,143.9,144.01,143.66,143.77,96633.1
1768633200000,143.77,143.91,143.54,143.56,78497.8
1768636800000,143.56,144.22,143.53,144.13,122069.9
1768640400000,144.13,144.59,143.92,144.41,96658.9
1768644000000,144.41,144.57,143.84,143.9,102517.3
1768647600000,143.9,144.13,143.25,143.92,292203.4
1768651200000,143.92,144.0,143.57,143.68,97900.1
1768654800000,143.68,143.95,143.5,143.9,141720.5
1768658400000,143.9,144.17,143.64,143.82,126858.8
1768662000000,143.82,144.24,143.58,144.23,188912.5
1768665600000,144.23,144.23,143.45,143.77,248033.2
1768669200000,143.77,144.14,143.7,143.99,89702.8
1768672800000,143.99,144.18,143.89,144.16,60260.5
1768676400000,144.16,144.45,144.02,144.18,110515.3
1768680000000,144.18,144.5,144.1,144.42,44151.9
1768683600000,144.42,144.52,144.14,144.17,63050.0
1768687200000,144.17,144.18,143.41,143.69,158362.5
1768690800000,143.69,143.98,143.57,143.63,83971.7
1768694400000,143.63,143.92,143.01,143.17,232905.0
1768698000000,143.17,143.3,141.96,142.7,583829.6
1768701600000,142.7,142.99,141.86,142.46,234578.7
1768705200000,142.46,142.84,142.25,142.75,119476.1
1768708800000,142.75,142.87,142.45,142.74,88271.5
1768712400000,142.74,142.92,142.46,142.78,86295.0
1768716000000,142.78,142.96,142.46,142.62,127479.8
1768719600000,142.62,142.66,141.98,142.05,142056.0
1768723200000,142.05,142.41,141.87,142.37,129832.3
1768726800000,142.37,142.6,142.27,142.45,75485.3
1768730400000,142.45,142.48,142.11,142.35,93405.9
1768734000000,142.35,142.43,142.14,142.34,73655.2
1768737600000,142.34,142.44,142.09,142.16,85164.8
1768741200000,142.16,142.43,141.91,142.32,136644.1
1768744800000,142.32,142.71,141.52,141.64,242402.2
1768748400000,141.64,142.09,141.41,141.93,156057.6
1768752000000,141.93,142.17,141.67,141.95,69369.1
1768755600000,141.95,142.44,141.76,142.28,166269.5
1768759200000,142.28,142.9,142.0,142.69,182434.0
1768762800000,142.69,143.18,141.99,142.19,202624.7
1768766400000,142.19,142.49,141.83,142.41,90514.3
1768770000000,142.41,142.71,142.33,142.56,43301.9
1768773600000,142.56,142.95,142.41,142.79,126355.2
1768777200000,142.79,142.79,137.69,137.82,1713472.7
1768780800000,137.82,137.82,129.69,133.68,5042223.2
1768784400000,133.68,134.4,133.28,133.72,420521.5
1768788000000,133.72,134.0,133.28,133.73,234591.5
1768791600000,133.73,134.04,133.51,133.83,195341.9
1768795200000,133.83,133.98,133.41,133.61,143102.0
1768798800000,133.61,133.89,133.22,133.27,290208.7
1768802400000,133.27,133.36,132.63,133.2,234270.0
1768806000000,133.2,133.52,133.12,133.4,121755.7
1768809600000,133.4,133.98,133.2,133.79,243035.2
1768813200000,133.79,133.96,133.46,133.68,136552.3
1768816800000,133.68,133.77,133.44,133.74,134327.2
1768820400000,133.74,134.32,133.55,134.04,166416.7
1768824000000,134.04,134.16,133.63,134.08,188661.6
1768827600000,134.08,134.09,133.5,133.67,134539.8
1768831200000,133.67,133.72,133.2,133.44,145720.8
1768834800000,133.44,133.87,133.35,133.46,153145.0
1768838400000,133.46,134.58,133.4,134.39,204644.0
1768842000000,134.39,134.47,134.01,134.23,179367.5
1768845600000,134.23,134.36,133.8,134.19,124915.4
1768849200000,134.19,134.65,134.16,134.39,111341.7
1768852800000,134.39,135.12,134.38,134.63,188063.3
1768856400000,134.63,134.93,134.01,134.01,139351.6
1768860000000,134.01,134.14,132.8,132.9,351658.3
1768863600000,132.9,133.85,132.67,133.37,316279.1
1768867200000,133.37,133.88,133.0,133.66,222795.4
1768870800000,133.66,134.22,133.23,133.83,145465.5
1768874400000,133.83,134.1,133.28,133.79,190181.5
1768878000000,133.79,134.62,133.45,134.21,320025.4
1768881600000,134.21,134.22,133.11,133.35,263210.3
1768885200000,133.35,133.48,132.3,132.97,469872.1
1768888800000,132.97,132.97,130.97,131.16,889786.4
1768892400000,131.16,131.72,130.5,130.56,459084.5
1768896000000,130.56,130.76,128.29,129.05,1306375.6
1768899600000,129.05,129.1,128.42,128.85,289341.4
1768903200000,128.85,129.29,128.68,128.84,260621.8
1768906800000,128.84,129.41,128.65,128.72,226632.4
1768910400000,128.72,129.41,128.62,129.25,238019.1
1768914000000,129.25,129.28,128.3,128.37,321226.8
1768917600000,128.37,129.7,127.8,128.79,961716.0
1768921200000,128.79,128.89,127.17,127.8,970167.8
1768924800000,127.8,128.52,126.22,127.03,863950.1
1768928400000,127.03,127.92,126.3,126.94,532248.7
1768932000000,126.94,127.69,126.78,126.93,284257.0
1768935600000,126.93,127.49,126.54,127.18,224578.2
1768939200000,127.18,128.02,126.94,127.75,330902.5
1768942800000,127.75,127.9,126.86,126.89,158556.8
1768946400000,126.89,127.44,124.37,126.02,974752.5
1768950000000,126.02,126.47,125.52,125.74,290076.2
1768953600000,125.74,127.45,125.68,127.24,313608.3
1768957200000,127.24,127.79,127.12,127.29,239017.6
1768960800000,127.29,127.72,126.72,126.89,226108.1
1768964400000,126.89,127.76,126.83,127.54,163213.9
1768968000000,127.54,127.97,127.35,127.69,147007.3
1768971600000,127.69,128.69,127.65,128.44,267863.3
1768975200000,128.44,128.55,127.95,128.18,134585.1
1768978800000,128.18,128.39,127.45,127.54,212135.7
1768982400000,127.54,127.64,126.91,127.09,205843.9
1768986000000,127.09,127.74,126.99,127.4,221952.0
1768989600000,127.4,128.15,127.36,127.68,179375.0
1768993200000,127.68,127.87,126.73,126.89,287115.3
1768996800000,126.89,127.42,126.1,127.38,561676.6
1769000400000,127.38,127.6,126.75,127.06,263652.4
1769004000000,127.06,129.69,126.91,129.47,1283881.1
1769007600000,129.47,131.13,129.28,130.36,959154.7
1769011200000,130.36,130.4,125.42,125.49,1343804.9
1769014800000,125.49,126.96,125.16,126.83,792149.1
1769018400000,126.83,127.8,126.23,127.53,369328.5
1769022000000,127.53,131.64,127.1,131.48,1417538.8
1769025600000,131.48,131.62,129.96,131.09,516394.8
1769029200000,131.09,132.17,130.69,131.0,380723.2
1769032800000,131.0,131.78,130.51,130.52,238317.8
1769036400000,130.52,130.99,129.08,129.46,312793.9
1769040000000,129.46,130.29,129.46,129.93,141039.9
1769043600000,129.93,130.56,129.81,130.16,179367.2
1769047200000,130.16,130.52,129.62,129.71,177478.4
1769050800000,129.71,130.21,129.43,129.76,81798.5
1769054400000,129.76,130.41,129.71,130.25,86207.9
1769058000000,130.25,130.36,129.88,130.03,46142.6
1769061600000,130.03,130.35,129.62,130.27,122661.0
1769065200000,130.27,130.35,129.64,129.71,101160.8
1769068800000,129.71,130.03,129.26,129.87,214471.2
1769072400000,129.87,130.2,129.53,130.07,220832.3
1769076000000,130.07,130.25,129.92,130.07,102222.7
1769079600000,130.07,130.25,129.63,130.01,227959.7
1769083200000,130.01,130.37,129.89,130.02,187128.6
1769086800000,130.02,130.91,129.01,129.3,478322.5
1769090400000,129.3,129.45,127.74,127.84,792860.7
1769094000000,127.84,128.45,126.65,127.32,857415.5
1769097600000,127.32,128.24,126.8,127.81,379427.8
1769101200000,127.81,128.77,127.46,128.64,250802.8
1769104800000,128.64,128.75,127.54,127.68,219606.4
1769108400000,127.68,129.3,127.38,129.18,368116.3
1769112000000,129.18,129.7,128.24,128.4,311521.2
1769115600000,128.4,129.01,128.13,128.24,189385.3
1769119200000,128.24,128.69,127.93,128.63,141984.9
1769122800000,128.63,128.65,128.04,128.39,99583.5
1769126400000,128.39,128.43,127.98,128.27,47006.9
1769130000000,128.27,128.87,128.2,128.83,108438.0
1769133600000,128.83,128.91,128.1,128.11,82173.2
1769137200000,128.11,128.72,128.06,128.7,115189.3
1769140800000,128.7,129.24,128.56,129.05,173072.6
1769144400000,129.05,129.06,128.3,128.6,158249.3
1769148000000,128.6,129.09,127.15,127.43,338468.4
1769151600000,127.43,128.03,127.43,127.83,141639.0
1769155200000,127.83,127.94,126.9,127.03,196171.9
1769158800000,127.03,127.31,126.84,126.98,156011.5
1769162400000,126.98,127.42,126.94,127.22,170375.4
1769166000000,127.22,127.71,127.15,127.46,127749.7
1769169600000,127.46,127.47,127.1,127.11,83559.3
1769173200000,127.11,127.35,126.71,126.78,173882.4
1769176800000,126.78,127.31,125.19,126.03,816399.0
1769180400000,126.03,128.11,125.41,127.83,504390.7
1769184000000,127.83,129.12,127.33,128.38,619340.3
1769187600000,128.38,130.13,127.79,128.38,704028.8
1769191200000,128.38,129.51,128.18,128.98,329032.9
1769194800000,128.98,129.1,127.71,128.03,465057.0
1769198400000,128.03,128.2,126.43,126.88,465390.0
1769202000000,126.88,127.51,126.8,127.05,123381.0
1769205600000,127.05,127.82,127.01,127.58,118197.6
1769209200000,127.58,127.58,127.18,127.34,78295.6
1769212800000,127.34,127.66,127.26,127.32,91834.0
1769216400000,127.32,127.49,127.19,127.47,37609.7
1769220000000,127.47,127.72,127.42,127.64,42105.1
1769223600000,127.64,128.06,127.51,127.83,77495.1
1769227200000,127.83,128.02,127.61,127.76,82507.2
1769230800000,127.76,127.8,127.56,127.74,34691.4
1769234400000,127.74,127.75,127.45,127.57,40948.1
1769238000000,127.57,127.61,126.89,127.05,116585.0
1769241600000,127.05,127.34,126.88,127.31,96902.8
1769245200000,127.31,127.33,126.94,127.05,70141.7
1769248800000,127.05,127.2,126.88,127.11,40020.6
1769252400000,127.11,127.32,127.04,127.09,33829.6
1769256000000,127.09,127.32,127.02,127.25,48253.3
1769259600000,127.25,127.25,126.89,126.89,67387.9
1769263200000,126.89,127.23,126.76,127.11,112072.6
1769266800000,127.11,127.37,126.72,126.77,123565.9
1769270400000,126.77,127.07,126.56,126.94,95002.7
1769274000000,126.94,127.25,126.9,127.18,68436.7
1769277600000,127.18,127.41,127.1,127.32,58762.1
1769281200000,127.32,127.45,127.16,127.24,61607.5
1769284800000,127.24,127.43,127.21,127.25,27371.7
1769288400000,127.25,127.29,127.04,127.11,58402.7
1769292000000,127.11,127.68,127.08,127.58,103063.1
1769295600000,127.58,127.72,127.1,127.15,55519.4
1769299200000,127.15,127.43,126.75,127.25,144455.5
1769302800000,127.25,127.36,126.88,127.08,56361.3
1769306400000,127.08,127.38,126.85,126.97,41679.1
1769310000000,126.97,127.09,126.26,126.56,156500.4
1769313600000,126.56,126.95,126.32,126.7,97785.2
1769317200000,126.7,126.88,126.53,126.85,52773.6
1769320800000,126.85,126.86,126.35,126.64,60478.3
1769324400000,126.64,126.64,126.27,126.39,74590.5
1769328000000,126.39,126.76,125.8,126.17,314214.1
1769331600000,126.17,126.85,126.05,126.66,143739.4
1769335200000,126.66,127.15,126.57,126.89,94218.6
1769338800000,126.89,126.92,126.49,126.71,85466.1
1769342400000,126.71,127.01,126.52,126.98,73103.6
1769346000000,126.98,127.08,126.43,126.92,75977.4
1769349600000,126.92,126.94,125.55,126.01,279749.2
1769353200000,126.01,126.24,125.35,125.47,289177.6
1769356800000,125.47,125.48,122.01,122.66,2367028.1
1769360400000,122.66,122.88,121.46,122.1,543166.8
1769364000000,122.1,122.2,120.61,121.58,879367.0
1769367600000,121.58,121.75,117.02,117.85,2248585.1
1769371200000,117.85,118.59,117.34,118.25,1094762.1
1769374800000,118.25,118.85,117.54,118.73,719842.4
1769378400000,118.73,118.75,117.76,118.32,229019.9
1769382000000,118.32,119.38,117.4,118.79,747517.5
1769385600000,118.79,119.76,118.45,119.57,482185.9
1769389200000,119.57,122.7,119.5,122.3,641778.7
1769392800000,122.3,122.6,121.22,121.97,316006.6
1769396400000,121.97,122.25,121.04,121.52,311793.6
1769400000000,121.52,123.57,121.5,122.52,456305.8
1769403600000,122.52,122.85,122.34,122.39,144647.4
1769407200000,122.39,122.71,122.11,122.41,145422.1
1769410800000,122.41,122.98,122.14,122.84,182248.8
1769414400000,122.84,123.53,122.19,122.66,285373.2
1769418000000,122.66,122.69,121.72,121.88,250319.3
1769421600000,121.88,122.63,121.87,122.39,179997.6
1769425200000,122.39,122.62,122.34,122.45,103586.0
1769428800000,122.45,122.9,122.29,122.63,147531.1
1769432400000,122.63,123.24,122.46,123.11,186365.0
1769436000000,123.11,124.29,122.57,123.71,926108.3
1769439600000,123.71,125.16,123.01,123.47,1013204.1
1769443200000,123.47,124.83,123.11,124.25,612107.0
1769446800000,124.25,124.62,122.92,124.2,513387.1
1769450400000,124.2,125.59,123.9,124.85,605914.3
1769454000000,124.85,125.08,124.09,124.23,190880.3
1769457600000,124.23,124.39,123.36,123.61,245736.7
1769461200000,123.61,124.73,123.44,124.45,289030.0
1769464800000,124.45,124.82,124.17,124.45,150278.8
1769468400000,124.45,124.82,124.06,124.17,172688.2
1769472000000,124.17,124.35,123.78,124.04,141509.6
1769475600000,124.04,124.52,123.67,124.28,150583.9
1769479200000,124.28,125.09,124.26,124.98,184770.9
1769482800000,124.98,125.09,124.33,124.44,130136.4
1769486400000,124.44,125.11,124.19,124.35,111475.5
1769490000000,124.35,124.47,124.08,124.42,96741.1
1769493600000,124.42,124.68,123.91,124.13,95401.8
1769497200000,124.13,124.56,124.02,124.44,131515.4
1769500800000,124.44,124.73,123.96,124.01,136342.2
1769504400000,124.01,124.01,123.49,123.67,211351.6
1769508000000,123.67,124.06,123.61,123.65,116131.7
1769511600000,123.65,124.2,123.55,124.06,180136.9
1769515200000,124.06,124.29,123.77,123.82,137566.2
1769518800000,123.82,123.88,123.06,123.14,222225.1
1769522400000,123.14,124.46,123.12,123.59,509218.1
1769526000000,123.59,124.99,123.39,124.96,355571.1
1769529600000,124.96,126.77,124.89,126.26,1020611.0
1769533200000,126.26,126.28,123.42,123.95,827569.0
1769536800000,123.95,126.26,123.73,125.74,418400.3
1769540400000,125.74,126.27,125.34,125.8,273412.2
1769544000000,125.8,127.49,125.66,127.31,531011.6
1769547600000,127.31,127.78,126.83,126.99,386896.4
1769551200000,126.99,127.73,126.91,127.56,223504.8
1769554800000,127.56,127.6,127.01,127.11,137195.8
1769558400000,127.11,127.25,126.55,127.17,251057.1
1769562000000,127.17,127.44,126.62,127.0,127097.8
1769565600000,127.0,127.32,126.59,127.0,90913.5
1769569200000,127.0,127.16,126.63,126.87,79779.2
1769572800000,126.87,126.98,126.37,126.76,106378.2
1769576400000,126.76,126.92,126.36,126.67,133164.3
1769580000000,126.67,127.47,126.67,127.33,156276.4
1769583600000,127.33,127.46,126.88,127.02,123028.4
1769587200000,127.02,127.2,126.55,126.6,151856.0
1769590800000,126.6,127.56,125.87,127.54,333669.4
1769594400000,127.54,128.07,127.23,127.26,242376.2
1769598000000,127.26,128.3,127.11,128.1,284807.5
1769601600000,128.1,128.16,126.95,127.17,324607.0
1769605200000,127.17,127.77,126.78,127.27,347363.9
1769608800000,127.27,127.29,126.37,126.77,334027.4
1769612400000,126.77,127.09,125.42,125.99,450600.3
1769616000000,125.99,126.59,125.49,126.0,295753.7
1769619600000,126.0,126.99,125.17,126.47,313734.5
1769623200000,126.47,126.48,125.61,126.02,256777.3
1769626800000,126.02,126.65,125.18,125.92,379062.9
1769630400000,125.92,126.62,125.27,125.37,252310.5
1769634000000,125.37,125.78,124.68,125.42,393290.1
1769637600000,125.42,125.82,125.1,125.65,127622.6
1769641200000,125.65,125.74,124.98,125.29,164784.7
1769644800000,125.29,125.43,124.51,125.06,160072.6
1769648400000,125.06,125.18,124.01,124.24,246881.6
1769652000000,124.24,124.73,123.04,123.45,564870.4
1769655600000,123.45,123.67,122.56,122.97,449884.7
1769659200000,122.97,123.45,122.39,123.35,215397.7
1769662800000,123.35,123.75,123.06,123.18,227096.5
1769666400000,123.18,123.67,123.03,123.63,135196.4
1769670000000,123.63,123.94,123.58,123.75,151014.2
1769673600000,123.75,123.86,123.1,123.21,191816.0
1769677200000,123.21,123.32,122.9,122.96,107883.0
1769680800000,122.96,123.23,122.84,123.17,88680.0
1769684400000,123.17,123.26,122.61,122.69,243176.5
1769688000000,122.69,123.13,122.37,122.79,194350.3
1769691600000,122.79,123.11,122.61,122.86,134351.0
1769695200000,122.86,123.01,120.24,120.27,1069609.4
1769698800000,120.27,120.37,116.05,117.59,2744162.9
1769702400000,117.59,118.9,116.68,118.87,944417.5
1769706000000,118.87,119.87,117.61,117.81,885005.7
1769709600000,117.81,118.08,115.29,115.67,1643971.4
1769713200000,115.67,117.14,115.32,116.74,830504.9
1769716800000,116.74,117.44,116.47,116.88,409485.7
1769720400000,116.88,117.66,116.85,117.39,222463.6
1769724000000,117.39,117.73,117.25,117.51,107951.5
1769727600000,117.51,117.86,117.18,117.75,169240.7
1769731200000,117.75,118.06,117.42,117.56,208791.9
1769734800000,117.56,117.85,111.82,115.13,3056502.0
1769738400000,115.13,115.29,112.68,114.04,1018411.3
1769742000000,114.04,114.57,113.46,114.33,337142.3
1769745600000,114.33,115.76,114.18,115.49,486149.6
1769749200000,115.49,116.03,115.34,115.39,215347.4
1769752800000,115.39,115.4,112.95,113.78,677304.9
1769756400000,113.78,116.07,113.78,115.72,670557.8
1769760000000,115.72,116.12,115.11,115.33,316733.8
1769763600000,115.33,116.0,114.61,115.33,544200.2
1769767200000,115.33,115.92,115.03,115.84,254748.4
1769770800000,115.84,117.21,115.71,117.0,427261.2
1769774400000,117.0,117.23,115.88,116.2,337086.3
1769778000000,116.2,116.33,115.12,115.73,595772.3
1769781600000,115.73,117.58,115.72,116.28,747840.0
1769785200000,116.28,117.08,114.47,116.74,875927.1
1769788800000,116.74,117.95,116.14,117.06,711276.0
1769792400000,117.06,117.72,116.47,116.57,380646.7
1769796000000,116.57,118.57,114.22,118.04,1349906.1
1769799600000,118.04,119.11,118.04,118.22,776210.4
1769803200000,118.22,118.4,116.45,116.92,800772.6
1769806800000,116.92,117.93,116.78,117.29,349872.0
1769810400000,117.29,117.48,116.51,117.33,170324.2
1769814000000,117.33,117.57,116.81,117.53,126651.0
1769817600000,117.53,117.91,117.31,117.45,129622.6
1769821200000,117.45,118.3,117.45,118.09,140108.0
1769824800000,118.09,118.49,117.51,118.24,118994.1
1769828400000,118.24,118.57,118.05,118.3,117639.6
1769832000000,118.3,118.77,118.19,118.36,122308.8
1769835600000,118.36,118.72,117.92,118.53,163580.4
1769839200000,118.53,118.73,117.78,118.47,191574.3
1769842800000,118.47,118.54,117.12,117.3,264488.9
1769846400000,117.3,117.45,114.13,115.53,1562237.5
1769850000000,115.53,116.78,115.31,116.28,326643.1
1769853600000,116.28,116.86,115.96,116.7,159196.1
1769857200000,116.7,116.71,115.88,115.97,201969.6
1769860800000,115.97,116.11,114.95,115.11,216206.4
1769864400000,115.11,115.15,113.52,114.07,490440.8
1769868000000,114.07,114.35,108.15,109.06,3205552.6
1769871600000,109.06,110.14,108.29,108.56,964223.2
1769875200000,108.56,109.79,105.51,106.22,2525413.1
1769878800000,106.22,106.62,100.1,103.24,4697263.4
1769882400000,103.24,103.82,96.21,101.88,4631583.0
1769886000000,101.88,103.4,101.41,101.66,1451901.6
1769889600000,101.66,102.46,100.24,101.86,911679.9
1769893200000,101.86,103.66,101.18,103.35,927966.4
1769896800000,103.35,104.27,103.17,103.99,526025.6
1769900400000,103.99,106.44,103.73,105.47,1069654.1
1769904000000,105.47,106.32,105.2,105.58,477594.8
1769907600000,105.58,105.71,104.13,104.92,422329.9
1769911200000,104.92,105.89,104.7,105.49,232579.1
1769914800000,105.49,105.61,104.43,104.91,200481.0
1769918400000,104.91,105.45,104.7,105.14,181147.3
1769922000000,105.14,105.7,104.41,104.63,382658.0
1769925600000,104.63,105.41,104.46,105.02,398537.1
1769929200000,105.02,105.98,103.92,105.14,552242.9
1769932800000,105.14,106.0,104.75,105.48,394870.9
1769936400000,105.48,105.88,104.87,105.74,249810.3
1769940000000,105.74,105.8,103.52,103.69,651766.7
1769943600000,103.69,105.35,103.68,104.98,438469.6
1769947200000,104.98,105.14,104.03,104.99,463809.2
1769950800000,104.99,106.63,104.01,104.39,794170.0
1769954400000,104.39,104.75,101.65,102.88,1876079.3
1769958000000,102.88,102.89,100.12,101.62,1218484.4
1769961600000,101.62,102.82,100.86,101.65,931526.9
1769965200000,101.65,102.41,101.05,102.36,415312.6
1769968800000,102.36,104.21,102.33,103.38,1049235.3
1769972400000,103.38,103.71,101.46,101.91,396016.2
1769976000000,101.91,102.79,100.12,101.52,820312.0
1769979600000,101.52,101.62,100.03,100.78,533703.2
1769983200000,100.78,102.8,100.74,101.74,597476.9
1769986800000,101.74,102.01,97.93,100.73,2372643.8
1769990400000,100.73,102.85,99.57,102.23,968723.4
1769994000000,102.23,103.11,100.33,102.03,693693.2
1769997600000,102.03,102.69,100.52,100.68,389723.4
1770001200000,100.68,100.85,95.86,100.0,2775485.9
1770004800000,100.0,101.76,98.56,100.26,1083437.3
1770008400000,100.26,100.42,97.6,98.21,1011838.5
1770012000000,98.21,101.33,96.89,100.64,1996561.3
1770015600000,100.64,102.39,100.37,101.37,957696.6
1770019200000,101.37,102.42,101.34,101.65,507634.6
1770022800000,101.65,103.15,101.36,102.73,681113.0
1770026400000,102.73,103.45,102.56,102.84,345867.3
1770030000000,102.84,103.36,102.58,102.7,244020.6
1770033600000,102.7,103.7,102.7,103.24,267520.2
1770037200000,103.24,103.63,102.74,103.25,282354.1
1770040800000,103.25,105.09,102.3,103.93,1167905.9
1770044400000,103.93,106.07,103.48,104.62,987424.9
1770048000000,104.62,105.68,104.17,104.94,438871.4
1770051600000,104.94,105.52,104.36,104.75,287599.0
1770055200000,104.75,104.97,103.79,104.66,395894.4
1770058800000,104.66,104.77,103.42,103.8,287824.7
1770062400000,103.8,104.19,103.23,103.75,319799.0
1770066000000,103.75,104.91,103.72,104.75,272109.0
1770069600000,104.75,105.14,104.5,104.93,177708.6
1770073200000,104.93,104.99,104.34,104.47,146463.5
1770076800000,104.47,104.6,103.6,104.1,428217.1
1770080400000,104.1,104.32,103.46,104.31,223399.3
1770084000000,104.31,104.33,102.24,102.33,459785.5
1770087600000,102.33,104.37,102.07,104.1,544035.1
1770091200000,104.1,105.08,103.8,104.62,265107.5
1770094800000,104.62,104.67,103.57,103.65,163095.8
1770098400000,103.65,104.03,102.84,103.91,290044.9
1770102000000,103.91,104.85,103.68,104.63,200507.0
1770105600000,104.63,104.99,103.98,104.05,284556.9
1770109200000,104.05,104.14,102.45,103.02,778072.1
1770112800000,103.02,103.25,102.39,102.8,286663.9
1770116400000,102.8,103.36,102.75,102.92,255089.3
1770120000000,102.92,103.3,102.42,103.06,303025.0
1770123600000,103.06,103.5,102.67,103.34,245422.0
1770127200000,103.34,103.56,100.67,100.77,1040174.6
1770130800000,100.77,102.75,100.33,102.52,1575037.5
1770134400000,102.52,102.53,99.85,100.66,1073425.3
1770138000000,100.66,100.91,98.94,99.03,902116.5
1770141600000,99.03,99.36,96.54,96.76,1778454.5
1770145200000,96.76,100.04,96.61,98.94,1916894.9
1770148800000,98.94,102.07,98.24,101.06,1601772.9
1770152400000,101.06,101.77,99.92,100.12,1079091.8
1770156000000,100.12,100.2,98.05,98.38,926114.4
1770159600000,98.38,98.5,97.11,97.78,1002240.5
1770163200000,97.78,98.7,97.07,97.88,599830.1
1770166800000,97.88,99.58,97.88,99.02,532551.9
1770170400000,99.02,99.11,97.31,97.83,418046.1
1770174000000,97.83,99.54,97.82,99.03,500888.6
1770177600000,99.03,99.27,97.96,98.01,350297.8
1770181200000,98.01,98.38,96.25,96.86,972157.0
1770184800000,96.86,98.68,96.64,98.13,760224.4
1770188400000,98.13,98.15,97.29,97.82,497114.2
1770192000000,97.82,97.87,96.68,97.63,641092.6
1770195600000,97.63,97.7,96.6,97.06,538086.4
1770199200000,97.06,97.22,96.68,96.95,200411.1
1770202800000,96.95,97.0,94.49,96.02,2405556.7
1770206400000,96.02,96.65,95.75,96.38,427610.1
1770210000000,96.38,96.39,94.01,94.29,1086323.1
1770213600000,94.29,94.95,92.87,93.05,1897840.2
1770217200000,93.05,94.14,91.19,92.69,2202718.8
1770220800000,92.69,93.04,90.83,91.88,1698710.2
1770224400000,91.88,92.54,89.81,91.35,1697121.3
1770228000000,91.35,93.23,90.25,92.23,2146703.7
1770231600000,92.23,94.71,92.21,94.31,1468215.2
1770235200000,94.31,94.48,92.93,93.19,592814.7
1770238800000,93.19,93.35,90.69,91.3,1178220.1
1770242400000,91.3,92.86,89.22,90.78,1738678.3
1770246000000,90.78,92.88,90.21,92.08,895107.0
1770249600000,92.08,92.75,91.32,91.7,446223.8
1770253200000,91.7,92.86,90.48,91.89,948462.9
1770256800000,91.89,92.7,90.65,90.89,949826.7
1770260400000,90.89,91.66,90.19,91.1,758032.0
1770264000000,91.1,91.89,90.28,91.09,911136.3
1770267600000,91.09,92.06,89.84,91.14,1342308.4
1770271200000,91.14,91.21,89.66,90.2,962011.3
1770274800000,90.2,91.66,90.13,90.51,673052.1
1770278400000,90.51,92.45,90.51,91.75,688102.0
1770282000000,91.75,93.45,91.71,92.48,665311.4
1770285600000,92.48,92.63,89.8,90.26,976663.2
1770289200000,90.26,90.82,88.58,89.95,2100074.1
1770292800000,89.95,90.74,88.68,89.49,1393930.8
1770296400000,89.49,90.03,88.16,88.45,894419.8
1770300000000,88.45,91.4,88.3,88.58,1746740.2
1770303600000,88.58,88.95,83.36,84.54,4847742.1
1770307200000,84.54,86.19,83.6,85.51,2080370.1
1770310800000,85.51,85.68,82.31,82.64,2179561.9
1770314400000,82.64,83.3,81.13,82.91,1766632.0
1770318000000,82.91,83.25,81.35,81.64,961664.6
1770321600000,81.64,82.25,77.58,78.78,4749612.3
1770325200000,78.78,81.17,78.32,78.96,2270991.4
1770328800000,78.96,80.65,77.43,79.75,1649705.3
1770332400000,79.75,81.6,78.02,78.3,1467042.4
1770336000000,78.3,78.78,67.31,75.45,13328462.7
1770339600000,75.45,79.72,75.42,79.51,1799273.2
1770343200000,79.51,80.2,76.35,76.9,1933963.4
1770346800000,76.9,77.33,75.69,76.67,1152128.8
1770350400000,76.67,77.98,76.17,77.71,651633.9
1770354000000,77.71,81.58,77.52,81.08,1342733.9
1770357600000,81.08,81.52,79.32,79.42,1176175.7
1770361200000,79.42,80.51,78.65,79.52,927355.0
1770364800000,79.52,80.17,78.61,79.03,875998.9
1770368400000,79.03,81.62,78.89,81.25,833883.0
1770372000000,81.25,81.99,80.67,80.75,891145.0
1770375600000,80.75,81.66,80.35,81.27,695217.9
1770379200000,81.27,81.88,80.77,81.8,469219.2
1770382800000,81.8,83.76,81.6,83.01,1389021.4
1770386400000,83.01,85.13,81.82,84.11,2125832.7
1770390000000,84.11,84.97,83.32,84.39,1411649.4
1770393600000,84.39,87.1,83.5,86.6,1909834.3
1770397200000,86.6,88.57,86.04,86.59,1985202.6
1770400800000,86.59,86.74,85.11,86.06,1279630.7
1770404400000,86.06,87.48,85.44,87.06,1937301.6
1770408000000,87.06,87.94,86.58,86.88,965657.6
1770411600000,86.88,88.16,86.5,88.01,682760.5
1770415200000,88.01,89.8,87.88,89.14,1012581.7
1770418800000,89.14,89.57,87.21,87.41,1209568.6
1770422400000,87.41,87.42,86.06,86.52,1041154.5
1770426000000,86.52,87.42,85.83,87.06,612609.1
1770429600000,87.06,87.54,86.72,87.25,254175.2
1770433200000,87.25,88.34,87.17,88.03,427458.7
1770436800000,88.03,88.98,87.22,87.65,695267.7
1770440400000,87.65,88.55,87.48,87.74,406556.6
1770444000000,87.74,88.17,86.17,86.21,598692.6
1770447600000,86.21,86.61,84.14,85.25,1906363.1
1770451200000,85.25,85.7,84.71,85.3,466020.4
1770454800000,85.3,85.69,84.76,85.22,349599.0
1770458400000,85.22,85.45,84.46,84.96,407885.6
1770462000000,84.96,85.17,84.54,84.87,284565.0
1770465600000,84.87,87.21,84.8,86.17,1277127.2
1770469200000,86.17,86.59,85.51,86.06,512791.8
1770472800000,86.06,86.56,85.46,85.71,598092.6
1770476400000,85.71,86.93,85.6,86.54,664840.9
1770480000000,86.54,88.16,86.12,87.02,6121860.5
1770483600000,87.02,87.67,86.44,87.59,468795.3
1770487200000,87.59,89.17,87.38,88.67,814758.7
1770490800000,88.67,88.75,87.96,88.23,463103.8
1770494400000,88.23,89.18,87.94,88.84,350071.8
1770498000000,88.84,89.12,88.04,88.15,410058.8
1770501600000,88.15,88.74,88.1,88.21,274438.1
1770505200000,88.21,88.29,86.71,87.5,578750.4
1770508800000,87.5,87.62,87.03,87.29,273289.3
1770512400000,87.29,87.93,87.23,87.82,213285.4
1770516000000,87.82,88.17,86.86,87.2,402937.3
1770519600000,87.2,87.47,86.63,86.74,304439.2
1770523200000,86.74,87.33,86.53,87.32,203573.4
1770526800000,87.32,87.47,86.96,87.21,118372.1
1770530400000,87.21,87.45,86.85,87.08,144898.6
1770534000000,87.08,87.34,86.6,87.34,344423.7
1770537600000,87.34,88.78,86.84,88.56,899661.0
1770541200000,88.56,88.92,87.45,87.52,460611.4
1770544800000,87.52,88.05,86.33,86.81,636150.6
1770548400000,86.81,88.25,86.69,88.19,502994.5
1770552000000,88.19,88.33,87.63,88.09,378891.9
1770555600000,88.09,88.83,87.7,88.51,493294.0
1770559200000,88.51,88.7,87.97,88.38,320463.5
1770562800000,88.38,88.73,87.28,87.71,526662.7
1770566400000,87.71,87.85,85.59,86.14,727607.1
1770570000000,86.14,87.02,86.09,86.85,359683.9
1770573600000,86.85,88.55,86.84,87.77,557800.9
1770577200000,87.77,88.51,87.73,88.36,302121.8
1770580800000,88.36,88.37,86.7,86.85,421257.6
1770584400000,86.85,87.33,86.17,86.55,485442.6
1770588000000,86.55,87.22,86.39,87.08,256612.5
1770591600000,87.08,89.09,85.97,86.9,1438276.5
1770595200000,86.9,87.39,86.27,87.0,330192.6
1770598800000,87.0,87.92,85.56,86.34,647714.8
1770602400000,86.34,87.8,86.13,86.96,402402.5
1770606000000,86.96,87.89,86.78,87.61,239207.3
1770609600000,87.61,87.67,86.89,87.06,169570.4
1770613200000,87.06,87.41,86.82,87.19,157931.0
1770616800000,87.19,87.19,85.89,86.38,361073.3
1770620400000,86.38,86.52,85.06,85.43,669405.8
1770624000000,85.43,85.55,83.77,84.5,899691.7
1770627600000,84.5,84.84,83.87,84.27,365354.8
1770631200000,84.27,84.42,82.81,83.18,970684.3
1770634800000,83.18,83.67,83.16,83.42,355044.7
1770638400000,83.42,84.32,83.38,83.99,539479.5
1770642000000,83.99,84.57,83.69,83.72,435313.4
1770645600000,83.72,85.19,83.51,84.91,1062818.9
1770649200000,84.91,85.77,84.27,85.22,1175651.6
1770652800000,85.22,86.84,84.74,86.03,826788.9
1770656400000,86.03,88.17,85.58,87.77,1267370.6
1770660000000,87.77,88.8,87.04,87.47,1245681.8
1770663600000,87.47,88.21,87.1,87.91,401485.7
1770667200000,87.91,88.29,87.16,87.72,312520.3
1770670800000,87.72,87.85,86.47,87.28,463104.2
1770674400000,87.28,87.52,86.9,87.05,247147.6
1770678000000,87.05,87.35,86.58,86.71,159988.9
1770681600000,86.71,86.89,86.21,86.34,209975.9
1770685200000,86.34,87.44,86.31,87.24,252433.8
1770688800000,87.24,87.27,86.35,86.62,240883.6
1770692400000,86.62,86.8,85.2,85.79,631050.1
1770696000000,85.79,86.61,85.72,86.5,309808.5
1770699600000,86.5,86.54,85.56,85.89,276642.3
1770703200000,85.89,85.98,84.24,84.56,784457.6
1770706800000,84.56,85.08,84.36,84.57,459588.1
1770710400000,84.57,84.82,84.11,84.58,457729.2
1770714000000,84.58,85.03,84.26,84.53,357028.2
1770717600000,84.53,84.69,84.12,84.17,190233.4
1770721200000,84.17,84.57,83.71,83.79,426826.3
1770724800000,83.79,84.32,83.63,83.9,329180.4
1770728400000,83.9,84.76,83.62,84.63,626262.0
1770732000000,84.63,85.19,83.17,83.69,1084942.2
1770735600000,83.69,84.52,83.38,84.26,697448.9
1770739200000,84.26,84.93,83.73,84.42,442023.3
1770742800000,84.42,85.12,84.16,84.87,302590.7
1770746400000,84.87,84.93,82.59,82.88,885605.4
1770750000000,82.88,83.48,82.36,83.04,403247.0
1770753600000,83.04,83.18,82.24,82.58,535040.8
1770757200000,82.58,82.9,81.86,82.41,404122.0
1770760800000,82.41,82.93,82.3,82.53,291193.4
1770764400000,82.53,82.96,82.31,82.96,190282.4
1770768000000,82.96,83.69,82.88,83.41,279331.6
1770771600000,83.41,83.73,83.14,83.72,160283.3
1770775200000,83.72,84.36,83.49,83.5,613181.7
1770778800000,83.5,83.81,82.53,83.29,430068.2
1770782400000,83.29,83.49,81.64,81.92,684245.2
1770786000000,81.92,82.35,81.67,81.83,250942.2
1770789600000,81.83,81.93,80.54,80.83,1112085.4
1770793200000,80.83,81.31,80.23,80.95,448394.0
1770796800000,80.95,81.15,80.5,81.02,319567.8
1770800400000,81.02,81.24,80.62,80.76,272945.0
1770804000000,80.76,80.97,80.34,80.66,325863.3
1770807600000,80.66,81.43,80.63,81.22,321904.9
1770811200000,81.22,81.43,80.89,81.13,563884.3
1770814800000,81.13,81.81,80.61,81.61,858482.0
1770818400000,81.61,83.18,79.68,79.91,2301957.9
1770822000000,79.91,80.28,78.51,79.63,1505483.5
1770825600000,79.63,80.88,78.61,78.65,1618042.6
1770829200000,78.65,79.95,77.88,78.92,1067592.2
1770832800000,78.92,79.92,78.42,79.74,524880.5
1770836400000,79.74,80.27,79.24,79.66,620858.5
1770840000000,79.66,79.94,78.88,79.57,366181.9
1770843600000,79.57,81.05,79.57,80.09,759106.2
1770847200000,80.09,80.17,79.35,79.43,278922.0
1770850800000,79.43,79.67,78.66,79.25,580765.0
1770854400000,79.25,80.17,79.22,79.92,283306.2
1770858000000,79.92,80.76,79.92,80.38,615930.5
1770861600000,80.38,80.69,79.88,80.28,216866.0
1770865200000,80.28,80.63,80.04,80.58,157495.7
1770868800000,80.58,80.94,80.25,80.27,396032.6
1770872400000,80.27,80.59,79.44,80.55,533745.9
1770876000000,80.55,80.98,80.33,80.54,192085.3
1770879600000,80.54,80.91,80.24,80.72,173306.9
1770883200000,80.72,80.89,80.28,80.71,216341.0
1770886800000,80.71,81.87,80.52,81.76,811141.6
1770890400000,81.76,82.2,81.31,82.13,433500.1
1770894000000,82.13,82.2,81.65,81.81,356683.9
1770897600000,81.81,81.9,80.8,81.06,417095.3
1770901200000,81.06,82.12,80.64,81.94,1128831.2
1770904800000,81.94,81.96,80.97,81.1,603347.9
1770908400000,81.1,81.5,80.03,80.06,1014887.1
1770912000000,80.06,80.16,78.13,78.29,1585190.5
1770915600000,78.29,78.68,77.46,77.87,907316.1
1770919200000,77.87,78.45,77.14,77.58,682258.8
1770922800000,77.58,78.62,76.91,77.58,863944.8
1770926400000,77.58,77.9,76.56,76.89,707164.2
1770930000000,76.89,77.53,76.88,77.3,237356.0
1770933600000,77.3,78.07,76.92,78.06,280978.2
1770937200000,78.06,78.47,77.77,78.35,410405.5
1770940800000,78.35,78.73,77.46,77.97,423454.2
1770944400000,77.97,78.8,77.95,78.54,308117.2
1770948000000,78.54,79.26,78.38,79.07,340172.9
1770951600000,79.07,79.43,78.74,78.99,233573.2
1770955200000,78.99,79.22,78.39,78.46,203044.4
1770958800000,78.46,78.72,78.11,78.24,251847.0
1770962400000,78.24,78.63,77.76,78.57,333488.2
1770966000000,78.57,79.21,78.48,78.94,377986.1
1770969600000,78.94,79.86,78.8,79.67,380227.8
1770973200000,79.67,79.94,79.37,79.83,252611.9
1770976800000,79.83,80.59,79.72,80.32,658681.4
1770980400000,80.32,80.37,79.74,80.27,401516.1
1770984000000,80.27,80.27,79.82,79.92,231401.3
1770987600000,79.92,80.95,79.67,80.24,857365.7
1770991200000,80.24,81.92,79.79,81.29,1287112.1
1770994800000,81.29,84.32,81.04,83.15,1592770.3
1770998400000,83.15,84.98,82.88,84.15,896367.0
1771002000000,84.15,84.69,83.49,84.29,524032.2
1771005600000,84.29,85.55,84.06,85.36,770403.3
1771009200000,85.36,85.58,84.48,84.6,486589.6
1771012800000,84.6,85.03,84.11,84.74,514442.6
1771016400000,84.74,85.16,84.51,84.8,346830.0
1771020000000,84.8,84.88,84.39,84.63,153928.2
1771023600000,84.63,84.63,84.07,84.28,197481.6
1771027200000,84.28,85.06,84.16,84.92,244165.7
1771030800000,84.92,85.16,84.74,84.94,195898.5
1771034400000,84.94,84.96,84.53,84.85,138524.9
1771038000000,84.85,85.28,84.76,85.02,155286.9
1771041600000,85.02,85.05,84.73,84.76,83494.2
1771045200000,84.76,84.97,84.56,84.56,100260.8
1771048800000,84.56,84.9,84.27,84.8,188447.7
1771052400000,84.8,85.22,84.72,85.13,179146.8
1771056000000,85.13,86.37,85.1,86.14,866013.8
1771059600000,86.14,86.31,85.79,85.94,345355.8
1771063200000,85.94,85.94,85.66,85.76,128119.9
1771066800000,85.76,87.29,85.75,87.22,721390.2
1771070400000,87.22,87.26,86.2,86.35,483060.7
1771074000000,86.35,86.84,85.97,86.37,537486.3
1771077600000,86.37,87.5,86.31,87.2,519222.0
1771081200000,87.2,87.67,87.04,87.39,369387.4
1771084800000,87.39,88.19,86.93,88.07,629565.7
1771088400000,88.07,88.41,87.77,87.98,344481.3
1771092000000,87.98,88.23,87.73,87.95,266569.0
1771095600000,87.95,88.27,87.48,88.14,275340.3
1771099200000,88.14,88.45,87.6,88.09,342517.8
1771102800000,88.09,88.37,87.2,88.0,471548.4
1771106400000,88.0,88.88,87.83,88.44,541312.4
1771110000000,88.44,88.84,87.98,88.01,371522.5
1771113600000,88.01,88.39,87.75,88.14,257335.9
1771117200000,88.14,88.68,87.56,88.24,356775.4
1771120800000,88.24,88.48,87.45,87.96,355048.6
1771124400000,87.96,88.77,87.29,88.57,391339.5
1771128000000,88.57,89.78,88.34,88.75,939152.0
1771131600000,88.75,90.08,88.7,89.63,593738.8
1771135200000,89.63,90.15,89.28,89.56,497843.4
1771138800000,89.56,90.98,89.35,90.69,769014.2
1771142400000,90.69,91.22,89.18,89.61,1005021.5
1771146000000,89.61,90.5,89.41,89.95,462029.2
1771149600000,89.95,90.06,89.04,89.48,379850.8
1771153200000,89.48,89.78,88.94,89.11,216522.9
1771156800000,89.11,89.6,87.25,87.28,966048.7
1771160400000,87.28,88.34,86.76,86.9,828713.2
1771164000000,86.9,87.56,86.6,87.31,437576.5
1771167600000,87.31,87.64,86.87,87.36,285734.8
1771171200000,87.36,87.65,86.66,87.5,469431.0
1771174800000,87.5,87.87,85.71,86.35,1372840.1
1771178400000,86.35,86.8,85.94,86.16,617334.0
1771182000000,86.16,86.29,85.14,85.28,813112.6
1771185600000,85.28,85.92,84.83,85.81,769350.0
1771189200000,85.81,86.39,85.81,86.11,487188.7
1771192800000,86.11,86.64,85.97,86.29,329520.8
1771196400000,86.29,86.3,85.03,86.09,601728.1
1771200000000,86.09,86.46,85.51,86.11,328975.7
1771203600000,86.11,86.57,85.33,85.69,339213.6
1771207200000,85.69,86.16,85.17,85.33,267956.2
1771210800000,85.33,85.49,84.65,85.09,280851.9
1771214400000,85.09,85.76,85.02,85.73,166213.3
1771218000000,85.73,85.86,84.43,84.64,504828.4
1771221600000,84.64,85.16,84.48,85.0,195942.8
1771225200000,85.0,85.46,84.76,85.02,443433.0
1771228800000,85.02,85.45,85.0,85.33,247730.4
1771232400000,85.33,86.25,85.33,85.95,531925.1
1771236000000,85.95,85.99,85.56,85.71,222613.9
1771239600000,85.71,85.91,84.41,85.46,675607.8
1771243200000,85.46,86.36,85.21,86.12,667072.8
1771246800000,86.12,86.89,83.79,84.1,1731592.5
1771250400000,84.1,84.63,83.4,83.98,1077637.7
1771254000000,83.98,84.54,82.5,83.14,1298182.0
1771257600000,83.14,84.05,83.03,83.92,1085110.8
1771261200000,83.92,84.76,83.83,84.46,732568.4
1771264800000,84.46,85.12,84.43,84.46,460072.0
1771268400000,84.46,85.07,84.18,84.56,354927.4
1771272000000,84.56,85.46,84.44,85.31,325919.0
1771275600000,85.31,86.09,85.06,85.99,641819.9
1771279200000,85.99,86.22,85.54,85.66,329937.0
1771282800000,85.66,86.65,85.62,86.41,642430.4
1771286400000,86.41,87.13,86.25,86.59,563351.6
1771290000000,86.59,87.04,86.06,86.15,321585.2
1771293600000,86.15,87.69,85.72,87.26,516726.3
1771297200000,87.26,87.35,86.29,86.32,290847.4
1771300800000,86.32,86.63,85.87,86.33,218364.4
1771304400000,86.33,86.45,85.4,86.18,313943.1
1771308000000,86.18,86.75,86.17,86.43,174540.9
1771311600000,86.43,86.49,85.87,86.42,243872.5
1771315200000,86.42,86.71,85.85,85.91,402670.6
1771318800000,85.91,86.13,85.6,85.87,206735.3
1771322400000,85.87,85.99,84.81,85.0,531987.1
1771326000000,85.0,85.24,84.66,85.03,263902.5
1771329600000,85.03,85.53,84.47,84.59,333152.4
1771333200000,84.59,85.44,84.33,84.91,517404.5
1771336800000,84.91,85.39,82.93,83.19,1071111.4
1771340400000,83.19,83.86,82.78,83.76,899213.3
1771344000000,83.76,85.42,83.66,84.13,869469.7
1771347600000,84.13,84.28,83.08,83.66,506958.3
1771351200000,83.66,85.37,83.49,85.08,564920.7
1771354800000,85.08,85.72,84.56,84.81,591783.3
1771358400000,84.81,85.22,84.44,84.94,578858.2
1771362000000,84.94,85.41,84.78,85.17,289905.2
1771365600000,85.17,85.41,84.92,84.99,142255.0
1771369200000,84.99,85.29,84.85,85.03,253577.3
1771372800000,85.03,85.46,84.77,84.81,265464.1
1771376400000,84.81,84.94,83.88,84.22,342486.0
1771380000000,84.22,84.96,84.19,84.6,166814.4
1771383600000,84.6,85.45,84.49,85.26,166465.2
1771387200000,85.26,85.53,84.9,85.09,173598.6
1771390800000,85.09,85.21,84.69,84.84,141861.6
1771394400000,84.84,85.26,84.75,84.86,120131.0
1771398000000,84.86,85.39,84.63,85.23,209604.7
1771401600000,85.23,86.04,85.18,85.42,376968.5
1771405200000,85.42,85.73,85.28,85.28,289967.7
1771408800000,85.28,85.36,84.13,84.24,518978.6
1771412400000,84.24,84.24,82.73,82.79,1084944.1
1771416000000,82.79,83.28,82.26,82.92,771930.4
1771419600000,82.92,83.22,82.22,82.54,548522.0
1771423200000,82.54,82.81,81.62,82.49,804782.5
1771426800000,82.49,83.98,82.45,82.95,1222251.9
1771430400000,82.95,83.02,81.95,82.23,660620.1
1771434000000,82.23,82.94,82.03,82.13,331077.1
1771437600000,82.13,82.31,80.85,81.22,852061.9
1771441200000,81.22,81.54,80.43,80.86,593578.1
1771444800000,80.86,81.54,80.8,81.25,349033.1
1771448400000,81.25,81.58,80.96,81.22,250919.9
1771452000000,81.22,81.51,80.99,81.4,162230.0
1771455600000,81.4,81.58,81.18,81.55,148303.1
1771459200000,81.55,81.7,81.19,81.45,176348.3
1771462800000,81.45,82.0,81.45,81.82,169443.0
1771466400000,81.82,82.0,81.27,81.61,178879.5
1771470000000,81.61,81.89,81.38,81.72,77045.5
1771473600000,81.72,81.96,81.37,81.46,190244.0
1771477200000,81.46,81.92,81.31,81.82,211602.5
1771480800000,81.82,82.45,81.75,82.32,283411.5
1771484400000,82.32,82.63,81.96,82.35,315870.1
1771488000000,82.35,82.36,81.5,81.67,301458.5
1771491600000,81.67,81.97,81.07,81.15,330585.0
1771495200000,81.15,81.77,80.86,81.49,351811.2
1771498800000,81.49,81.84,81.07,81.2,202779.2
1771502400000,81.2,81.26,80.64,80.76,355576.3
1771506000000,80.76,80.89,79.58,79.96,786760.9
1771509600000,79.96,81.29,79.9,80.72,717613.1
1771513200000,80.72,81.26,79.91,80.59,616655.6
1771516800000,80.59,80.94,79.87,80.75,544366.9
1771520400000,80.75,81.91,80.17,80.42,831088.3
1771524000000,80.42,81.99,80.34,81.94,512933.7
1771527600000,81.94,82.16,81.01,81.9,510475.1
1771531200000,81.9,82.33,81.63,82.06,440606.3
1771534800000,82.06,82.14,81.7,82.02,243438.2
1771538400000,82.02,82.5,81.86,82.29,260937.2
1771542000000,82.29,82.51,82.06,82.44,146613.9
1771545600000,82.44,83.5,82.27,82.85,571412.3
1771549200000,82.85,83.12,82.65,82.96,208699.5
1771552800000,82.96,83.28,82.76,82.87,218626.5
1771556400000,82.87,83.32,82.78,82.98,145180.7
1771560000000,82.98,83.07,82.35,82.64,351400.3
1771563600000,82.64,83.71,82.46,83.22,493658.9
1771567200000,83.22,83.68,83.09,83.66,254001.3
1771570800000,83.66,83.89,83.36,83.41,364272.9
1771574400000,83.41,83.8,83.25,83.62,323475.3
1771578000000,83.62,84.47,83.6,84.17,459811.0
1771581600000,84.17,84.82,83.97,84.05,580599.7
1771585200000,84.05,84.22,83.25,83.53,662678.2
1771588800000,83.53,84.0,83.32,83.67,554245.3
1771592400000,83.67,83.68,81.69,82.14,1571406.9
1771596000000,82.14,83.32,82.05,83.02,925445.0
1771599600000,83.02,84.75,82.61,84.33,1754027.2
1771603200000,84.33,84.91,83.67,84.44,893496.6
1771606800000,84.44,84.57,82.74,84.45,1072627.4
1771610400000,84.45,85.47,83.92,85.23,1232060.7
1771614000000,85.23,85.35,84.35,84.75,579066.5
1771617600000,84.75,85.22,84.39,84.59,257838.4
1771621200000,84.59,84.76,84.3,84.54,299965.8
1771624800000,84.54,84.77,84.08,84.56,365918.1
1771628400000,84.56,84.71,84.26,84.65,183811.5
1771632000000,84.65,84.75,84.31,84.4,215623.8
1771635600000,84.4,84.83,84.4,84.65,88372.4
1771639200000,84.65,84.99,84.51,84.77,93332.7
1771642800000,84.77,84.8,84.2,84.31,237124.7
1771646400000,84.31,84.46,84.1,84.36,128835.8
1771650000000,84.36,84.55,84.33,84.42,78585.4
1771653600000,84.42,84.74,84.0,84.09,214620.4
1771657200000,84.09,84.28,83.92,84.18,195844.4
1771660800000,84.18,84.7,84.14,84.68,132727.3
1771664400000,84.68,85.16,84.62,84.88,307225.1
1771668000000,84.88,85.25,84.85,85.11,151171.1
1771671600000,85.11,85.68,85.1,85.38,411932.1
1771675200000,85.38,85.52,84.97,85.29,224536.3
1771678800000,85.29,85.97,85.13,85.82,221858.3
1771682400000,85.82,86.65,85.59,86.27,769245.6
1771686000000,86.27,86.76,86.14,86.53,345922.9
1771689600000,86.53,86.65,85.83,86.09,400220.3
1771693200000,86.09,86.42,85.77,86.2,250973.6
1771696800000,86.2,86.7,86.14,86.53,259703.2
1771700400000,86.53,86.65,86.11,86.17,263338.5
1771704000000,86.17,86.17,85.19,85.41,899700.6
1771707600000,85.41,85.8,85.34,85.78,149480.8
1771711200000,85.78,85.83,85.29,85.41,221943.0
1771714800000,85.41,85.51,85.07,85.11,171167.6
1771718400000,85.11,85.17,84.67,85.01,378729.6
1771722000000,85.01,85.36,84.96,85.25,187208.5
1771725600000,85.25,85.53,84.77,84.9,222446.3
1771729200000,84.9,85.11,84.65,85.02,162363.9
1771732800000,85.02,85.28,84.9,85.09,92700.9
1771736400000,85.09,85.16,84.72,84.93,93315.4
1771740000000,84.93,85.27,84.88,85.25,172889.8
1771743600000,85.25,85.5,85.06,85.19,261694.3
1771747200000,85.19,85.2,84.79,84.9,220179.2
1771750800000,84.9,85.13,84.87,84.97,119607.2
1771754400000,84.97,85.24,84.93,85.15,130227.7
1771758000000,85.15,85.4,85.1,85.21,180523.2
1771761600000,85.21,85.27,84.27,84.4,467658.1
1771765200000,84.4,84.57,83.66,83.94,586020.4
1771768800000,83.94,84.02,83.36,83.61,504239.7
1771772400000,83.61,83.65,82.96,83.44,573307.6
1771776000000,83.44,83.56,83.13,83.52,163821.6
1771779600000,83.52,83.54,82.75,83.01,446021.8
1771783200000,83.01,83.23,82.89,83.16,206192.3
1771786800000,83.16,83.37,82.96,83.24,130104.8
1771790400000,83.24,83.32,82.86,82.97,220443.5
1771794000000,82.97,83.52,82.97,83.43,127427.1
1771797600000,83.43,83.69,83.01,83.52,350895.2
1771801200000,83.52,83.59,82.42,82.74,767593.6
1771804800000,82.74,82.81,81.26,81.32,661301.6
1771808400000,81.32,81.32,77.42,77.9,2914033.9
1771812000000,77.9,78.38,77.46,77.79,838418.8
1771815600000,77.79,78.24,77.21,77.59,627997.7
1771819200000,77.59,77.67,77.05,77.3,562896.6
1771822800000,77.3,77.98,77.27,77.75,570429.1
1771826400000,77.75,79.1,77.59,79.01,800140.1
1771830000000,79.01,79.63,78.85,79.32,456256.9
1771833600000,79.32,79.33,78.45,78.71,500722.8
1771837200000,78.71,80.5,78.71,80.42,792210.4
1771840800000,80.42,80.64,80.04,80.21,481714.2
1771844400000,80.21,80.5,79.92,80.01,357929.3
1771848000000,80.01,80.92,79.8,80.69,741145.1
1771851600000,80.69,81.06,80.38,80.48,626373.2
1771855200000,80.48,80.75,79.35,80.08,1130103.8
1771858800000,80.08,80.28,79.16,79.34,782785.2
1771862400000,79.34,79.75,78.56,78.92,799675.4
1771866000000,78.92,79.1,77.19,78.27,942508.8
1771869600000,78.27,79.25,77.98,78.58,807127.8
1771873200000,78.58,78.87,77.93,78.24,512206.2
1771876800000,78.24,78.5,77.78,78.25,389854.6
1771880400000,78.25,78.68,78.12,78.32,340916.2
1771884000000,78.32,78.86,78.18,78.2,278172.5
1771887600000,78.2,78.5,77.58,77.85,325629.1
1771891200000,77.85,78.47,77.84,78.39,407536.8
1771894800000,78.39,78.4,75.67,77.62,1762617.8
1771898400000,77.62,78.38,77.44,77.59,337970.0
1771902000000,77.59,77.59,76.44,76.83,687614.0
1771905600000,76.83,77.03,76.07,76.83,580194.4
1771909200000,76.83,77.29,76.17,76.58,446075.2
1771912800000,76.58,76.9,76.33,76.54,250035.7
1771916400000,76.54,77.18,76.45,76.79,494568.6
1771920000000,76.79,77.15,76.4,76.97,318538.0
1771923600000,76.97,77.09,75.92,76.61,497027.2
1771927200000,76.61,76.78,76.36,76.71,177424.8
1771930800000,76.71,76.87,76.43,76.72,212777.4
1771934400000,76.72,77.0,76.46,76.55,218249.5
1771938000000,76.55,76.76,75.96,76.51,633835.8
1771941600000,76.51,77.39,75.51,76.82,1425578.6
1771945200000,76.82,77.46,76.54,77.26,542055.9
1771948800000,77.26,78.2,77.18,78.08,973191.9
1771952400000,78.08,78.45,77.73,77.91,646277.5
1771956000000,77.91,78.28,77.51,78.12,365781.3
1771959600000,78.12,78.47,77.83,78.31,470875.6
1771963200000,78.31,78.83,78.27,78.61,562072.3
1771966800000,78.61,78.69,78.06,78.48,439748.6
1771970400000,78.48,79.34,78.39,79.01,391347.6
1771974000000,79.01,79.57,78.58,78.94,429727.3
1771977600000,78.94,79.37,78.68,79.14,249846.1
1771981200000,79.14,82.54,79.04,81.97,2010040.0
1771984800000,81.97,82.96,81.95,82.42,885550.5
1771988400000,82.42,82.54,81.58,81.72,556395.2
1771992000000,81.72,82.39,81.26,81.93,430941.1
1771995600000,81.93,82.15,80.95,81.26,702106.8
1771999200000,81.26,81.91,81.11,81.54,543965.7
1772002800000,81.54,82.38,81.45,82.14,593877.1
1772006400000,82.14,82.52,81.88,82.44,377570.9
1772010000000,82.44,82.66,82.18,82.49,258630.3
1772013600000,82.49,82.92,82.41,82.51,279647.7
1772017200000,82.51,83.39,82.29,83.35,576255.6
1772020800000,83.35,84.13,82.86,83.65,931241.3
1772024400000,83.65,84.43,83.38,83.81,770766.2
1772028000000,83.81,85.77,83.76,85.6,1314690.4
1772031600000,85.6,86.45,84.97,85.93,1582605.5
1772035200000,85.93,87.63,85.89,87.52,1358836.8
1772038800000,87.52,88.91,87.34,88.51,1391984.5
1772042400000,88.51,89.14,87.95,88.91,853472.3
1772046000000,88.91,89.61,88.29,89.38,736463.0
1772049600000,89.38,90.09,88.91,89.35,1152105.8
1772053200000,89.35,92.11,89.32,89.81,1988494.5
1772056800000,89.81,90.49,88.33,89.05,894651.8
1772060400000,89.05,89.29,87.04,88.0,1041334.9
1772064000000,88.0,89.23,87.78,88.56,821759.6
1772067600000,88.56,89.11,88.16,88.39,348763.1
1772071200000,88.39,88.45,87.52,88.15,439710.3
1772074800000,88.15,88.34,87.73,87.9,191164.9
1772078400000,87.9,89.02,87.81,88.69,327007.7
1772082000000,88.69,88.7,87.18,87.74,557094.2
1772085600000,87.74,87.98,87.34,87.6,247486.6
1772089200000,87.6,87.84,87.17,87.2,232032.6
1772092800000,87.2,87.84,87.2,87.26,373392.2
1772096400000,87.26,88.66,87.16,88.27,512028.5
1772100000000,88.27,88.53,87.23,87.43,467222.0
1772103600000,87.43,87.58,86.54,86.78,576676.9
1772107200000,86.78,87.75,86.67,87.66,295572.5
1772110800000,87.66,88.05,87.42,87.57,320416.6
1772114400000,87.57,88.22,86.24,86.96,958127.7
1772118000000,86.96,87.06,85.21,86.51,1553686.5
1772121600000,86.51,86.71,84.25,84.52,1241499.2
1772125200000,84.52,85.31,84.42,84.84,481142.4
1772128800000,84.84,85.64,84.38,85.33,600778.0
1772132400000,85.33,86.61,85.28,86.4,831146.8
1772136000000,86.4,86.86,85.81,85.99,392576.1
1772139600000,85.99,86.25,85.66,85.88,283964.6
1772143200000,85.88,86.21,85.74,86.08,123852.2
1772146800000,86.08,86.11,85.71,85.85,137930.8
1772150400000,85.85,85.99,85.11,85.78,354996.5
1772154000000,85.78,86.1,85.24,86.08,340083.4
1772157600000,86.08,86.74,85.88,86.53,326358.7
1772161200000,86.53,87.83,86.3,87.6,477642.9
1772164800000,87.6,88.29,87.44,87.51,634786.1
1772168400000,87.51,87.83,87.33,87.49,242805.2
1772172000000,87.49,87.58,86.81,87.29,378667.7
1772175600000,87.29,87.4,86.74,87.27,305940.8
1772179200000,87.27,87.89,87.18,87.52,427407.8
1772182800000,87.52,87.78,86.16,86.28,573684.7
1772186400000,86.28,86.45,84.46,84.66,942980.4
1772190000000,84.66,84.92,83.26,83.54,947801.6
1772193600000,83.54,83.7,82.59,83.06,686313.7
1772197200000,83.06,83.49,81.9,83.0,1264957.2
1772200800000,83.0,83.31,82.03,82.33,806879.1
1772204400000,82.33,83.02,82.24,82.64,434501.3
1772208000000,82.64,82.64,81.25,81.31,950974.9
1772211600000,81.31,81.85,81.05,81.79,589756.1
1772215200000,81.79,81.98,81.33,81.43,312729.8
1772218800000,81.43,81.68,81.07,81.53,259600.8
1772222400000,81.53,81.83,81.15,81.4,330091.3
1772226000000,81.4,81.78,80.78,81.16,492789.7
1772229600000,81.16,81.56,80.23,81.38,611012.3
1772233200000,81.38,82.05,81.28,81.78,385386.3
1772236800000,81.78,82.11,81.54,82.05,216260.9
1772240400000,82.05,82.2,81.67,81.74,162630.4
1772244000000,81.74,82.15,81.65,82.08,109452.3
1772247600000,82.08,82.08,81.48,81.7,147824.5
1772251200000,81.7,81.85,81.15,81.6,219400.7
1772254800000,81.6,81.76,81.23,81.51,108958.0
1772258400000,81.51,81.51,77.01,77.48,3020484.4
1772262000000,77.48,79.56,77.05,78.65,1900061.0
1772265600000,78.65,78.67,77.77,77.94,598276.6
1772269200000,77.94,78.65,77.67,78.37,469500.8
1772272800000,78.37,79.12,77.92,79.05,684900.0
1772276400000,79.05,79.54,78.6,78.71,491652.0
1772280000000,78.71,79.17,78.49,78.88,340790.4
1772283600000,78.88,80.93,78.64,80.76,1213939.5
1772287200000,80.76,81.46,79.97,80.19,1246835.5
1772290800000,80.19,81.05,79.56,80.87,744823.7
1772294400000,80.87,81.29,80.45,81.03,450510.8
1772298000000,81.03,81.49,80.56,81.34,598568.0
1772301600000,81.34,82.87,81.05,82.31,1039550.5
1772305200000,82.31,82.75,81.39,82.15,877632.0
1772308800000,82.15,84.97,81.92,84.8,1194847.5
1772312400000,84.8,84.99,83.53,84.44,699257.9
1772316000000,84.44,85.64,84.17,84.23,578576.7
1772319600000,84.23,84.71,83.88,84.29,431223.5
1772323200000,84.29,84.97,84.25,84.82,389012.7
1772326800000,84.82,87.48,84.19,86.69,1285394.7
1772330400000,86.69,88.96,86.69,87.95,1522022.1
1772334000000,87.95,88.31,87.62,88.01,475277.4
1772337600000,88.01,88.25,86.87,87.54,797263.6
1772341200000,87.54,88.03,87.2,87.26,296052.4
1772344800000,87.26,87.38,86.14,86.67,796886.9
1772348400000,86.67,86.89,86.29,86.62,262075.2
1772352000000,86.62,86.81,85.05,85.2,817557.6
1772355600000,85.2,85.82,84.76,84.96,784595.6
1772359200000,84.96,85.62,84.67,85.2,379684.6
1772362800000,85.2,85.49,84.95,85.13,210614.0
1772366400000,85.13,85.36,84.73,84.83,259211.5
1772370000000,84.83,86.97,84.47,86.04,1227918.1
1772373600000,86.04,86.84,85.37,85.75,717705.7
1772377200000,85.75,86.69,85.6,85.64,642966.2
1772380800000,85.64,86.09,83.59,83.98,1266468.1
1772384400000,83.98,84.25,83.14,83.87,813660.8
1772388000000,83.87,84.98,83.8,83.9,617255.8
1772391600000,83.9,83.99,82.96,83.19,450134.7
1772395200000,83.19,83.24,81.63,81.92,1046347.9
1772398800000,81.92,82.99,81.87,82.89,605270.7
1772402400000,82.89,84.07,82.3,82.65,1382036.8
1772406000000,82.65,84.0,82.45,83.56,617438.2
1772409600000,83.56,85.19,83.43,84.96,788077.5
1772413200000,84.96,86.16,84.37,84.57,710228.6
1772416800000,84.57,84.74,83.42,84.1,470483.3
1772420400000,84.1,85.08,83.79,84.75,357549.0
1772424000000,84.75,84.8,84.05,84.27,272701.3
1772427600000,84.27,84.67,83.72,84.17,317956.4
1772431200000,84.17,84.2,82.85,83.18,837455.4
1772434800000,83.18,83.24,82.33,82.89,472293.2
1772438400000,82.89,83.58,82.31,83.38,787080.8
1772442000000,83.38,84.08,83.28,83.59,526550.1
1772445600000,83.59,84.07,83.31,83.85,478249.1
1772449200000,83.85,84.24,83.41,83.84,437221.9
1772452800000,83.84,84.1,83.51,83.63,275538.3
1772456400000,83.63,83.84,82.85,83.01,613947.9
1772460000000,83.01,85.92,82.72,85.64,1909873.4
1772463600000,85.64,88.96,85.43,88.8,3318481.2
1772467200000,88.8,90.35,88.45,88.85,2173492.8
1772470800000,88.85,89.01,86.39,87.62,1453224.8
1772474400000,87.62,87.85,86.7,87.3,752707.8
1772478000000,87.3,87.8,86.83,87.64,721304.4
1772481600000,87.64,88.07,86.82,87.56,756437.9
1772485200000,87.56,87.72,87.13,87.53,440669.0
1772488800000,87.53,88.26,87.26,88.01,424529.6
1772492400000,88.01,88.06,86.26,86.6,779088.0
1772496000000,86.6,87.28,86.02,86.87,786222.3
1772499600000,86.87,87.14,86.1,86.11,276010.0
1772503200000,86.11,86.29,85.17,86.13,885905.4
1772506800000,86.13,86.57,85.83,86.23,281200.5
1772510400000,86.23,86.4,85.57,85.79,272927.2
1772514000000,85.79,86.79,85.33,85.72,602370.7
1772517600000,85.72,85.94,85.32,85.76,390364.6
1772521200000,85.76,86.24,85.34,85.53,530873.1
1772524800000,85.53,85.72,83.87,84.18,1082262.3
1772528400000,84.18,84.93,83.95,84.25,718610.5
1772532000000,84.25,84.52,83.62,83.87,840951.3
1772535600000,83.87,84.35,83.69,84.17,752425.7
1772539200000,84.17,85.33,84.09,84.37,1037913.9
1772542800000,84.37,84.43,83.1,83.59,744162.5
1772546400000,83.59,84.4,82.43,83.2,1419577.5
1772550000000,83.2,85.14,83.0,85.0,1633078.9
1772553600000,85.0,87.32,84.28,85.35,2511508.7
1772557200000,85.35,85.43,84.1,85.15,880229.9
1772560800000,85.15,86.0,84.48,85.34,731915.3
1772564400000,85.34,85.73,84.63,85.03,781823.9
1772568000000,85.03,85.42,84.61,84.83,450891.7
1772571600000,84.83,85.15,84.13,85.08,448949.7
1772575200000,85.08,86.63,85.07,86.24,555035.5
1772578800000,86.24,87.42,86.14,86.94,947167.0
1772582400000,86.94,87.39,86.26,86.6,570743.1
1772586000000,86.6,88.09,86.45,87.24,757472.4
1772589600000,87.24,87.46,86.49,87.03,392323.7
1772593200000,87.03,87.03,85.09,85.7,916606.6
1772596800000,85.7,85.86,84.74,85.33,557520.7
1772600400000,85.33,85.92,84.71,85.61,601645.3
1772604000000,85.61,86.01,84.9,85.55,575552.6
1772607600000,85.55,87.49,85.43,87.35,590587.2
1772611200000,87.35,89.9,86.95,89.68,1347894.4
1772614800000,89.68,91.49,89.2,90.53,1708513.1
1772618400000,90.53,91.03,89.88,90.15,1204758.3
1772622000000,90.15,90.65,89.39,89.76,752839.8
1772625600000,89.76,89.86,88.67,89.41,794900.0
1772629200000,89.41,90.17,89.29,89.97,666423.6
1772632800000,89.97,91.73,89.44,90.14,2088272.5
1772636400000,90.14,93.09,90.1,92.87,2349755.0
1772640000000,92.87,93.08,90.87,91.47,1701599.9
1772643600000,91.47,92.18,90.54,91.48,932267.0
1772647200000,91.48,92.44,91.07,92.34,494044.2
1772650800000,92.34,94.03,92.23,93.13,1167066.9
1772654400000,93.13,93.71,92.69,92.81,915536.9
1772658000000,92.81,92.96,92.1,92.29,543008.3
1772661600000,92.29,92.8,91.01,91.29,454539.8
1772665200000,91.29,91.39,90.22,90.81,470292.7
1772668800000,90.81,91.34,90.66,90.72,269565.0
1772672400000,90.72,91.37,89.67,89.92,845109.3
1772676000000,89.92,90.64,89.89,90.13,397435.6
1772679600000,90.13,90.47,89.52,89.97,369863.0
1772683200000,89.97,90.68,89.84,90.34,415111.8
1772686800000,90.34,90.58,89.96,90.11,286088.0
1772690400000,90.11,90.95,89.6,90.82,567359.9
1772694000000,90.82,91.28,89.66,90.09,650227.6
1772697600000,90.09,90.67,89.62,90.59,390783.8
1772701200000,90.59,91.9,90.55,91.14,632074.8
1772704800000,91.14,92.92,90.95,92.6,770741.3
1772708400000,92.6,92.72,91.59,91.77,531113.5
1772712000000,91.77,92.16,91.25,91.93,435823.0
1772715600000,91.93,92.01,90.34,90.77,1091256.4
1772719200000,90.77,91.45,89.72,90.96,1166415.0
1772722800000,90.96,91.11,88.76,89.58,1414622.5
1772726400000,89.58,89.59,87.85,88.9,1158958.4
1772730000000,88.9,89.39,87.86,88.08,787715.9
1772733600000,88.08,88.86,87.94,88.77,448599.5
1772737200000,88.77,89.36,88.62,88.68,420664.5
1772740800000,88.68,89.55,88.46,89.16,513116.9
1772744400000,89.16,89.82,88.83,89.08,434659.1
1772748000000,89.08,89.36,88.79,89.03,269936.3
1772751600000,89.03,89.15,88.56,88.73,223854.4
1772755200000,88.73,88.99,88.5,88.81,127626.2
1772758800000,88.81,89.22,87.96,89.06,512433.4
1772762400000,89.06,89.26,88.12,88.3,775013.0
1772766000000,88.3,88.64,88.06,88.34,237658.6
1772769600000,88.34,88.53,87.61,88.09,371855.0
1772773200000,88.09,88.21,87.45,87.84,399050.5
1772776800000,87.84,88.41,87.6,88.04,322581.0
1772780400000,88.04,88.88,87.75,88.64,545655.3
1772784000000,88.64,88.65,88.13,88.3,281849.6
1772787600000,88.3,88.43,87.08,87.43,755378.6
1772791200000,87.43,87.9,87.35,87.64,361967.2
1772794800000,87.64,87.94,87.05,87.2,371105.5
1772798400000,87.2,87.21,85.8,86.42,1162542.7
1772802000000,86.42,87.04,85.48,85.52,1378471.5
1772805600000,85.52,85.68,83.88,84.28,1618452.5
1772809200000,84.28,85.27,84.13,84.57,802688.9
1772812800000,84.57,84.95,84.02,84.28,550369.7
1772816400000,84.28,84.63,83.56,84.12,733954.0
1772820000000,84.12,85.55,84.1,85.21,563926.7
1772823600000,85.21,85.83,85.06,85.14,407142.4
1772827200000,85.14,85.41,84.5,84.97,487819.8
1772830800000,84.97,85.07,84.39,84.67,227133.3
1772834400000,84.67,85.03,84.47,84.91,178860.3
1772838000000,84.91,85.0,84.58,84.64,233538.4
1772841600000,84.64,85.02,84.44,84.7,177537.6
1772845200000,84.7,84.85,84.53,84.68,84042.8
1772848800000,84.68,84.7,84.26,84.61,147574.0
1772852400000,84.61,85.02,84.24,84.5,466644.2
1772856000000,84.5,84.52,83.92,84.21,314877.6
1772859600000,84.21,84.47,84.05,84.3,91942.8
1772863200000,84.3,84.3,83.84,83.99,144668.9
1772866800000,83.99,84.42,83.84,84.26,252660.7
1772870400000,84.26,84.69,84.07,84.31,268887.2
1772874000000,84.31,84.65,84.15,84.5,124155.1
1772877600000,84.5,84.73,84.35,84.44,139902.5
1772881200000,84.44,84.89,84.2,84.61,304174.3
1772884800000,84.61,84.73,84.21,84.24,125148.8
1772888400000,84.24,84.5,84.04,84.23,158531.3
1772892000000,84.23,84.35,83.51,84.17,551600.3
1772895600000,84.17,84.17,83.33,83.68,334348.6
1772899200000,83.68,83.73,83.42,83.52,200531.7
1772902800000,83.52,84.03,83.48,83.55,198674.2
1772906400000,83.55,83.57,82.94,83.33,393055.8
1772910000000,83.33,83.33,82.19,82.47,1053419.8
1772913600000,82.47,83.07,82.45,82.97,226537.2
1772917200000,82.97,83.24,82.83,83.23,201721.5
1772920800000,83.23,83.29,82.57,82.92,179730.1
1772924400000,82.92,83.22,82.84,83.18,65257.0
1772928000000,83.18,83.45,82.87,83.02,179096.3
1772931600000,83.02,83.17,82.65,82.92,147670.5
1772935200000,82.92,83.05,82.05,82.32,379837.6
1772938800000,82.32,82.69,82.21,82.28,205748.9
1772942400000,82.28,82.5,81.67,81.91,316693.5
1772946000000,81.91,82.72,81.89,82.44,244376.5
1772949600000,82.44,82.56,82.21,82.41,120805.5
1772953200000,82.41,83.09,82.35,82.89,368602.4
1772956800000,82.89,83.05,82.45,83.03,299423.2
1772960400000,83.03,83.31,82.69,83.09,562705.7
1772964000000,83.09,84.05,83.09,83.59,574433.8
1772967600000,83.59,83.59,82.56,82.75,660172.7
1772971200000,82.75,82.95,81.56,82.27,747507.7
1772974800000,82.27,82.42,81.1,82.02,725219.9
1772978400000,82.02,82.37,81.89,82.26,328783.7
1772982000000,82.26,82.37,81.77,82.02,187942.7
1772985600000,82.02,82.12,81.28,81.46,433185.0
1772989200000,81.46,81.94,81.3,81.62,302813.5
1772992800000,81.62,81.73,81.22,81.54,209303.1
1772996400000,81.54,82.6,81.43,82.42,594764.3
1773000000000,82.42,82.89,82.03,82.27,352674.4
1773003600000,82.27,82.36,81.64,82.2,320731.4
1773007200000,82.2,82.45,80.16,81.93,1832914.2
1773010800000,81.93,82.38,81.4,81.54,512931.8
1773014400000,81.54,83.25,81.49,82.29,755076.8
1773018000000,82.29,82.86,81.82,82.05,427555.0
1773021600000,82.05,82.9,81.6,82.61,391730.0
1773025200000,82.61,84.48,82.57,83.1,911417.2
1773028800000,83.1,83.85,83.03,83.17,313577.8
1773032400000,83.17,84.57,83.08,84.23,618947.2
1773036000000,84.23,84.26,83.03,83.05,388317.2
1773039600000,83.05,83.23,82.25,83.1,423756.4
1773043200000,83.1,83.81,82.87,83.67,421379.5
1773046800000,83.67,84.56,83.27,83.97,528249.5
1773050400000,83.97,84.2,83.42,83.69,337514.5
1773054000000,83.69,83.86,83.02,83.5,300710.2
1773057600000,83.5,84.18,83.36,83.97,709054.7
1773061200000,83.97,85.73,83.94,85.13,1594025.9
1773064800000,85.13,85.71,84.53,85.26,1186591.7
1773068400000,85.26,85.42,84.58,85.01,436391.5
1773072000000,85.01,85.63,84.68,85.08,498082.6
1773075600000,85.08,85.37,84.26,85.04,568158.5
1773079200000,85.04,85.51,84.42,85.14,851044.8
1773082800000,85.14,87.06,85.0,85.92,1702594.2
1773086400000,85.92,86.15,85.23,85.74,844598.3
1773090000000,85.74,86.32,85.63,85.95,559531.9
1773093600000,85.95,86.25,85.52,85.67,505483.6
1773097200000,85.67,85.96,84.76,84.92,468226.8
1773100800000,84.92,85.94,84.79,85.53,397921.7
1773104400000,85.53,85.94,85.07,85.7,232892.1
1773108000000,85.7,86.88,85.42,86.58,713972.5
1773111600000,86.58,86.7,85.44,85.51,400805.6
1773115200000,85.51,86.6,85.32,86.5,421812.1
1773118800000,86.5,86.92,86.26,86.36,425643.0
1773122400000,86.36,86.65,85.92,86.29,283033.4
1773126000000,86.29,86.86,86.13,86.65,424874.6
1773129600000,86.65,87.38,86.52,86.66,792627.4
1773133200000,86.66,87.47,86.6,87.2,733485.7
1773136800000,87.2,87.71,86.77,87.07,357577.5
1773140400000,87.07,87.18,86.59,86.75,354550.6
1773144000000,86.75,86.82,86.25,86.66,338788.2
1773147600000,86.66,87.29,85.71,86.04,1153202.0
1773151200000,86.04,88.22,84.82,88.08,2137270.9
1773154800000,88.08,88.63,87.22,88.34,1573742.8
1773158400000,88.34,88.68,87.62,88.36,751127.1
1773162000000,88.36,88.8,87.57,87.9,528744.2
1773165600000,87.9,87.96,86.01,86.18,1043332.7
1773169200000,86.18,86.43,85.59,85.96,547067.2
1773172800000,85.96,86.35,85.89,86.19,463328.5
1773176400000,86.19,86.38,85.18,85.66,591119.3
1773180000000,85.66,85.8,84.94,85.48,537800.2
1773183600000,85.48,85.83,85.29,85.8,389847.8
1773187200000,85.8,86.18,85.54,85.97,372712.5
1773190800000,85.97,86.23,85.57,86.05,253680.7
1773194400000,86.05,86.17,85.41,85.86,226557.7
1773198000000,85.86,86.13,85.48,85.56,158135.4
1773201600000,85.56,86.83,85.43,86.68,390890.2
1773205200000,86.68,86.85,85.54,85.65,419709.6
1773208800000,85.65,86.12,85.6,85.98,279250.8
1773212400000,85.98,86.09,85.07,85.38,324625.4
1773216000000,85.38,85.58,85.02,85.43,472111.2
1773219600000,85.43,85.55,84.67,84.83,381430.4
1773223200000,84.83,85.51,84.8,85.22,223024.4
1773226800000,85.22,85.29,84.32,84.5,550083.3
1773230400000,84.5,85.7,84.3,85.14,643249.5
1773234000000,85.14,87.39,85.06,85.9,2104024.3
1773237600000,85.9,87.13,85.67,86.48,1222117.7
1773241200000,86.48,86.6,84.48,85.35,1022868.4
1773244800000,85.35,86.59,85.23,86.4,755642.3
1773248400000,86.4,87.84,86.4,87.24,1481961.2
1773252000000,87.24,88.08,87.12,87.77,704764.1
1773255600000,87.77,87.83,86.98,87.27,388944.3
1773259200000,87.27,87.43,86.96,87.26,225581.7
1773262800000,87.26,87.61,87.08,87.51,242746.8
1773266400000,87.51,87.91,86.8,87.01,422316.1
1773270000000,87.01,87.19,86.41,86.53,262086.6
1773273600000,86.53,86.74,86.31,86.61,181944.1
1773277200000,86.61,86.66,85.88,86.0,331046.0
1773280800000,86.0,86.11,85.09,85.14,509829.3
1773284400000,85.14,85.34,84.61,84.94,584058.0
1773288000000,84.94,85.35,84.82,85.04,464289.3
1773291600000,85.04,85.26,84.81,85.08,190978.9
1773295200000,85.08,85.38,84.9,85.34,218896.9
1773298800000,85.34,85.86,84.92,85.77,513572.0
1773302400000,85.77,86.12,85.33,85.92,543599.8
1773306000000,85.92,86.69,85.39,86.17,592871.0
1773309600000,86.17,87.05,85.99,86.74,642477.7
1773313200000,86.74,87.13,86.62,86.79,440473.4
1773316800000,86.79,87.5,86.54,87.24,749388.2
1773320400000,87.24,87.68,86.32,86.7,1149638.8
1773324000000,86.7,87.66,85.12,85.45,1523147.2
1773327600000,85.45,86.98,85.01,86.52,1100688.6
1773331200000,86.52,87.07,85.72,86.77,905375.6
1773334800000,86.77,86.97,86.28,86.56,431259.1
1773338400000,86.56,86.78,85.76,85.82,273399.0
1773342000000,85.82,86.93,85.61,86.75,325223.3
1773345600000,86.75,86.92,86.38,86.42,276466.0
1773349200000,86.42,86.66,86.11,86.49,191757.8
1773352800000,86.49,86.56,85.88,86.24,218672.4
1773356400000,86.24,87.18,86.23,86.79,382641.8
1773360000000,86.79,91.14,86.67,89.77,2559057.3
1773363600000,89.77,90.75,89.76,90.46,686756.4
1773367200000,90.46,90.58,88.92,89.06,637732.2
1773370800000,89.06,89.96,88.84,89.69,642368.8
1773374400000,89.69,89.72,89.17,89.34,268251.1
1773378000000,89.34,89.46,88.85,89.04,426826.1
1773381600000,89.04,89.19,88.22,88.37,464288.4
1773385200000,88.37,88.91,88.1,88.64,540476.6
1773388800000,88.64,89.63,88.26,89.1,627825.5
1773392400000,89.1,89.61,88.71,89.46,419394.2
1773396000000,89.46,90.27,89.37,90.14,746394.2
1773399600000,90.14,90.42,89.94,90.28,413572.3
1773403200000,90.28,91.4,90.11,90.95,670336.2
1773406800000,90.95,92.31,90.89,91.84,1511566.1
1773410400000,91.84,92.97,90.41,90.65,2011410.3
1773414000000,90.65,91.21,89.22,89.41,1559728.6
1773417600000,89.41,89.91,88.77,89.54,896882.9
1773421200000,89.54,90.08,88.45,88.82,812798.5
1773424800000,88.82,89.1,88.28,88.76,722454.7
1773428400000,88.76,88.97,88.33,88.85,527783.2
1773432000000,88.85,89.06,88.45,88.83,423817.3
1773435600000,88.83,89.09,88.21,88.49,300120.4
1773439200000,88.49,88.6,87.68,87.95,561281.0
1773442800000,87.95,88.19,87.73,88.12,207668.1
1773446400000,88.12,88.32,87.78,87.89,242652.6
1773450000000,87.89,88.31,87.74,88.17,205636.6
1773453600000,88.17,88.26,87.9,88.16,154726.5
1773457200000,88.16,88.55,88.15,88.33,234905.0
1773460800000,88.33,88.64,88.14,88.2,242927.4
1773464400000,88.2,88.35,87.82,88.03,221691.0
1773468000000,88.03,88.03,86.82,87.19,622182.6
1773471600000,87.19,87.37,87.1,87.26,181566.5
1773475200000,87.26,87.53,87.0,87.08,248243.9
1773478800000,87.08,87.24,86.54,86.77,341582.0
1773482400000,86.77,86.86,86.44,86.59,234202.5
1773486000000,86.59,86.93,86.56,86.87,264166.0
1773489600000,86.87,87.06,86.69,87.06,308059.3
1773493200000,87.06,87.31,86.96,87.04,290069.3
1773496800000,87.04,87.17,86.55,86.66,242865.2
1773500400000,86.66,86.87,86.58,86.67,139204.1
1773504000000,86.67,87.09,86.57,87.02,192844.9
1773507600000,87.02,87.06,86.78,86.83,103281.7
1773511200000,86.83,87.07,86.73,86.97,81030.2
1773514800000,86.97,87.04,86.84,86.95,98997.7
1773518400000,86.95,87.15,86.8,87.03,111963.5
1773522000000,87.03,87.27,86.8,87.22,106959.8
1773525600000,87.22,87.39,87.15,87.26,95367.7
1773529200000,87.26,88.13,87.26,87.99,518721.5
1773532800000,87.99,88.18,87.62,87.7,199864.1
1773536400000,87.7,87.86,87.52,87.63,102753.8
1773540000000,87.63,88.63,87.63,88.24,392773.3
1773543600000,88.24,88.4,87.66,87.82,239804.4
1773547200000,87.82,88.28,87.81,88.27,139574.7
1773550800000,88.27,88.6,88.07,88.27,229053.5
1773554400000,88.27,88.54,88.03,88.32,189334.0
1773558000000,88.32,88.49,88.07,88.18,131920.5
1773561600000,88.18,88.49,88.09,88.45,135853.8
1773565200000,88.45,88.84,88.36,88.49,326644.0
1773568800000,88.49,88.66,88.34,88.42,89127.9
1773572400000,88.42,88.65,88.19,88.52,188362.8
1773576000000,88.52,88.53,88.14,88.23,172572.9
1773579600000,88.23,88.36,87.31,87.79,586534.3
1773583200000,87.79,87.96,87.52,87.93,214313.5
1773586800000,87.93,88.08,87.72,87.86,146771.1
1773590400000,87.86,88.01,87.4,87.5,248874.8
1773594000000,87.5,88.77,87.43,88.37,357037.6
1773597600000,88.37,88.64,87.78,87.85,323184.3
1773601200000,87.85,88.24,87.74,88.13,180230.7
1773604800000,88.13,88.98,87.91,88.7,416331.7
1773608400000,88.7,90.26,88.51,89.98,844561.0
1773612000000,89.98,92.9,89.8,92.63,1888462.3
1773615600000,92.63,93.24,91.59,92.29,1410954.3
1773619200000,92.29,93.04,91.83,91.98,695395.8
1773622800000,91.98,92.23,91.47,92.08,371573.9
1773626400000,92.08,92.25,91.13,91.46,441400.7
1773630000000,91.46,93.93,91.24,93.13,1198260.8
1773633600000,93.13,94.27,92.88,93.59,845041.0
1773637200000,93.59,94.31,93.18,94.01,701706.4
1773640800000,94.01,94.01,93.11,93.36,434558.7
1773644400000,93.36,93.97,93.28,93.52,514374.7
1773648000000,93.52,93.99,92.53,92.83,719140.1
1773651600000,92.83,93.43,92.69,93.27,462431.8
1773655200000,93.27,93.94,93.22,93.88,450449.9
1773658800000,93.88,93.96,93.46,93.71,367720.4
1773662400000,93.71,94.2,93.36,93.71,625423.1
1773666000000,93.71,95.15,93.34,93.61,1500493.6
1773669600000,93.61,94.49,92.28,93.55,1467821.3
1773673200000,93.55,94.29,93.01,93.13,741464.6
1773676800000,93.13,93.98,93.07,93.75,454995.5
1773680400000,93.75,94.35,93.65,94.03,363143.3
1773684000000,94.03,95.06,94.0,94.34,588805.6
1773687600000,94.34,95.45,94.12,95.16,641073.6
1773691200000,95.16,95.96,95.0,95.74,593016.9
1773694800000,95.74,96.89,95.43,96.12,768393.8
1773698400000,96.12,97.68,96.09,96.33,873707.4
1773702000000,96.33,96.43,95.39,96.14,507151.6
1773705600000,96.14,96.92,95.07,95.45,714728.3
1773709200000,95.45,96.05,94.88,95.66,441008.5
1773712800000,95.66,95.72,94.82,95.09,252892.4
1773716400000,95.09,95.23,93.65,93.99,613896.6
1773720000000,93.99,94.2,93.1,93.72,516320.7
1773723600000,93.72,94.02,93.27,93.75,275588.2
1773727200000,93.75,94.25,93.41,93.81,226666.2
1773730800000,93.81,94.6,93.78,94.36,309160.6
1773734400000,94.36,94.92,94.22,94.35,363615.7
1773738000000,94.35,95.08,93.65,93.84,582618.0
1773741600000,93.84,94.0,93.17,93.51,441445.2
1773745200000,93.51,93.86,93.33,93.59,302000.3
1773748800000,93.59,94.04,93.06,93.35,349101.8
1773752400000,93.35,94.53,93.29,93.73,665912.5
1773756000000,93.73,94.66,93.43,94.44,526356.3
1773759600000,94.44,95.11,93.18,93.78,912995.3
1773763200000,93.78,94.77,93.66,94.34,401493.7
1773766800000,94.34,94.7,94.09,94.52,204855.2
1773770400000,94.52,95.65,94.39,95.29,607077.9
1773774000000,95.29,95.53,94.56,94.6,312930.1
1773777600000,94.6,95.0,94.3,94.84,259733.8
1773781200000,94.84,95.41,94.78,95.21,232937.7
1773784800000,95.21,95.58,94.51,95.25,500447.0
1773788400000,95.25,95.37,94.52,94.55,301835.6
1773792000000,94.55,94.86,94.01,94.48,295240.8
1773795600000,94.48,94.88,94.23,94.35,181420.6
1773799200000,94.35,95.16,94.32,94.88,155015.9
1773802800000,94.88,95.63,94.76,95.0,273420.2
1773806400000,95.0,95.06,93.92,94.07,511045.6
1773810000000,94.07,94.32,93.66,93.86,391513.1
1773813600000,93.86,94.6,93.85,94.17,181308.2
1773817200000,94.17,94.25,93.75,93.89,236061.5
1773820800000,93.89,94.2,93.88,93.96,155125.7
1773824400000,93.96,94.38,93.88,94.21,147508.4
1773828000000,94.21,94.38,93.4,93.79,285095.3
1773831600000,93.79,94.0,91.74,91.95,1592488.2
1773835200000,91.95,91.98,90.22,90.34,1212152.4
1773838800000,90.34,90.69,89.8,90.23,959970.1
1773842400000,90.23,90.34,88.78,88.9,911684.0
1773846000000,88.9,89.4,88.5,89.29,886562.7
1773849600000,89.29,89.3,88.57,88.9,505026.2
1773853200000,88.9,90.29,88.74,89.84,789950.8
1773856800000,89.84,90.81,89.32,89.53,854087.3
1773860400000,89.53,90.01,89.38,89.65,333384.9
1773864000000,89.65,90.1,88.92,89.93,478706.5
1773867600000,89.93,90.6,89.87,90.42,289656.9
1773871200000,90.42,90.44,89.87,89.97,352651.6
1773874800000,89.97,90.12,89.62,90.02,152654.2
1773878400000,90.02,90.28,89.77,90.06,155674.6
1773882000000,90.06,90.33,89.86,90.11,175089.4
1773885600000,90.11,90.34,89.71,89.93,163987.4
1773889200000,89.93,91.38,89.85,90.68,688585.6
1773892800000,90.68,90.68,89.67,89.82,550871.2
1773896400000,89.82,90.05,89.6,89.7,181125.7
1773900000000,89.7,90.08,89.43,89.81,401887.6
1773903600000,89.81,89.99,88.56,89.35,981903.3
1773907200000,89.35,89.57,89.02,89.29,245238.8
1773910800000,89.29,90.36,89.09,90.15,473676.3
1773914400000,90.15,90.43,89.73,89.76,416407.5
1773918000000,89.76,89.99,89.43,89.56,166603.5
1773921600000,89.56,89.58,87.96,88.05,843145.2
1773925200000,88.05,88.69,87.46,88.45,1188382.6
1773928800000,88.45,88.86,87.33,88.16,519432.2
1773932400000,88.16,88.69,87.09,87.57,670702.6
1773936000000,87.57,87.79,86.92,87.65,420983.7
1773939600000,87.65,88.32,87.0,88.1,385352.9
1773943200000,88.1,88.28,87.61,88.08,191996.7
1773946800000,88.08,89.32,88.07,88.66,883913.2
1773950400000,88.66,89.15,88.61,88.95,173346.8
1773954000000,88.95,89.3,88.81,89.08,183957.4
1773957600000,89.08,89.13,88.33,88.72,223468.8
1773961200000,88.72,89.17,88.54,88.86,348804.1
1773964800000,88.86,89.4,88.82,89.37,216005.3
1773968400000,89.37,89.77,89.27,89.44,218086.1
1773972000000,89.44,89.55,88.83,89.27,250656.1
1773975600000,89.27,89.68,89.19,89.52,169183.3
1773979200000,89.52,89.72,88.66,89.21,384422.7
1773982800000,89.21,89.47,88.8,89.29,294685.6
1773986400000,89.29,89.3,88.84,89.03,235768.1
1773990000000,89.03,89.45,88.42,89.32,403386.9
1773993600000,89.32,90.42,89.24,89.73,802892.6
1773997200000,89.73,89.73,88.57,88.91,460243.5
1774000800000,88.91,89.44,88.55,89.25,271142.0
1774004400000,89.25,89.54,88.76,89.08,334238.0
1774008000000,89.08,89.49,88.94,89.07,204828.2
1774011600000,89.07,89.58,88.52,88.75,653956.8
1774015200000,88.75,89.71,88.42,88.87,909924.1
1774018800000,88.87,89.27,88.54,88.9,543026.9
1774022400000,88.9,89.19,88.56,88.86,256821.5
1774026000000,88.86,89.0,88.06,88.85,447004.0
1774029600000,88.85,88.95,88.07,88.49,346256.3
1774033200000,88.49,89.02,88.14,88.94,275002.6
1774036800000,88.94,89.35,88.61,88.96,415017.3
1774040400000,88.96,90.01,88.88,89.53,393968.3
1774044000000,89.53,90.24,89.53,90.06,272973.5
1774047600000,90.06,90.12,89.69,89.81,159281.6
1774051200000,89.81,90.21,89.8,89.97,108558.2
1774054800000,89.97,90.29,89.68,89.83,238376.3
1774058400000,89.83,90.64,89.71,90.41,272179.6
1774062000000,90.41,90.57,90.28,90.4,87328.5
1774065600000,90.4,90.77,90.11,90.22,206509.7
1774069200000,90.22,90.48,89.91,89.92,160379.9
1774072800000,89.92,90.31,89.84,90.13,187895.0
1774076400000,90.13,90.37,89.88,90.1,123739.3
1774080000000,90.1,90.11,89.76,89.96,120236.7
1774083600000,89.96,90.4,89.92,90.18,174247.7
1774087200000,90.18,90.22,89.84,89.95,120299.0
1774090800000,89.95,90.0,89.79,89.91,112959.8
1774094400000,89.91,90.17,89.84,90.15,86264.0
1774098000000,90.15,90.27,89.91,89.96,112144.5
1774101600000,89.96,90.39,89.57,89.6,266866.1
1774105200000,89.6,89.89,89.32,89.75,247553.5
1774108800000,89.75,89.93,89.5,89.63,183223.3
1774112400000,89.63,89.64,89.33,89.49,202539.5
1774116000000,89.49,89.88,89.47,89.72,73540.6
1774119600000,89.72,89.85,89.64,89.74,43218.9
1774123200000,89.74,90.29,89.71,90.09,208692.2
1774126800000,90.09,90.15,89.84,89.93,83385.0
1774130400000,89.93,90.01,89.74,89.82,106162.5
1774134000000,89.82,89.83,87.07,87.5,1153961.9
1774137600000,87.5,87.7,86.17,87.24,1394711.8
1774141200000,87.24,87.64,86.9,87.38,382985.5
1774144800000,87.38,88.41,87.36,88.09,534981.3
1774148400000,88.09,89.11,87.69,88.61,558364.6
1774152000000,88.61,89.15,88.52,88.97,408051.3
1774155600000,88.97,88.97,88.39,88.41,226720.8
1774159200000,88.41,88.42,88.08,88.14,165027.3
1774162800000,88.14,88.27,87.61,87.65,193318.6
1774166400000,87.65,87.69,86.79,87.3,556626.8
1774170000000,87.3,87.6,87.09,87.24,291730.3
1774173600000,87.24,87.45,87.15,87.26,197123.2
1774177200000,87.26,87.39,86.76,86.78,281742.4
1774180800000,86.78,87.41,86.75,87.21,272932.8
1774184400000,87.21,87.69,86.96,87.26,272609.2
1774188000000,87.26,87.55,86.99,87.16,167443.8
1774191600000,87.16,87.55,87.13,87.53,158041.2
1774195200000,87.53,87.66,87.21,87.43,165646.7
1774198800000,87.43,87.52,87.14,87.22,80629.7
1774202400000,87.22,87.27,86.43,86.95,312490.4
1774206000000,86.95,86.97,86.47,86.81,177268.1
1774209600000,86.81,87.12,86.48,86.52,164986.2
1774213200000,86.52,86.58,85.07,85.92,1104748.9
1774216800000,85.92,86.73,85.41,86.7,727267.3
1774220400000,86.7,86.98,85.96,86.16,254523.3
1774224000000,86.16,86.59,85.4,85.83,306592.1
1774227600000,85.83,86.56,85.69,86.03,329538.8
1774231200000,86.03,86.93,85.98,86.66,296606.9
1774234800000,86.66,87.19,86.32,86.35,238954.7
1774238400000,86.35,86.88,86.26,86.87,126580.7
1774242000000,86.87,87.29,86.78,87.14,395468.4
1774245600000,87.14,87.14,85.35,85.67,628568.9
1774249200000,85.67,86.18,85.01,85.94,649143.3
1774252800000,85.94,86.41,85.72,85.88,306309.6
1774256400000,85.88,85.96,85.11,85.69,294225.4
1774260000000,85.69,86.26,85.59,86.0,260320.9
1774263600000,86.0,92.04,85.98,88.72,5629654.4
1774267200000,88.72,90.45,88.28,90.18,1090853.8
1774270800000,90.18,91.47,89.83,91.3,1026917.4
1774274400000,91.3,91.72,91.03,91.47,737322.1
1774278000000,91.47,92.25,89.75,89.9,1267655.4
1774281600000,89.9,90.44,89.35,90.3,708336.1
1774285200000,90.3,91.37,89.63,91.23,773700.1
1774288800000,91.23,91.79,90.88,91.57,445293.4
1774292400000,91.57,91.87,91.22,91.35,317515.3
1774296000000,91.35,92.0,91.2,91.73,302931.4
1774299600000,91.73,91.93,91.47,91.58,126272.5
1774303200000,91.58,91.88,91.14,91.47,239497.5
1774306800000,91.47,91.53,90.93,91.38,214736.9
1774310400000,91.38,91.64,90.55,90.95,314730.4
1774314000000,90.95,91.01,90.1,90.37,298840.5
1774317600000,90.37,90.73,90.05,90.1,242561.1
1774321200000,90.1,90.3,89.86,90.29,270340.6
1774324800000,90.29,90.77,90.08,90.3,264847.4
1774328400000,90.3,90.36,89.91,90.07,342558.5
1774332000000,90.07,90.49,89.98,90.41,317857.4
1774335600000,90.41,91.94,90.34,91.69,651043.0
1774339200000,91.69,91.9,91.14,91.54,652768.8
1774342800000,91.54,92.13,91.08,92.09,474755.6
1774346400000,92.09,92.23,91.67,91.8,351768.6
1774350000000,91.8,92.14,91.3,91.72,512268.6
1774353600000,91.72,91.82,91.32,91.54,256995.6
1774357200000,91.54,91.72,89.5,89.81,1431194.6
1774360800000,89.81,90.21,88.64,89.51,1484207.8
1774364400000,89.51,90.26,89.45,89.68,554872.4
1774368000000,89.68,89.94,89.02,89.24,333229.4
1774371600000,89.24,89.38,88.65,89.15,536491.1
1774375200000,89.15,89.67,88.8,88.83,598256.8
1774378800000,88.83,89.25,88.35,88.46,558044.1
1774382400000,88.46,90.2,88.42,90.0,748339.4
1774386000000,90.0,90.57,89.62,90.33,439640.4
1774389600000,90.33,90.74,90.04,90.27,262280.8
1774393200000,90.27,91.12,90.19,90.75,452239.2
1774396800000,90.75,91.58,90.67,91.28,395772.9
1774400400000,91.28,91.44,90.9,90.91,235543.2
1774404000000,90.91,91.52,90.77,91.11,374439.3
1774407600000,91.11,91.98,90.76,91.68,532022.6
1774411200000,91.68,92.15,91.57,92.04,282787.4
1774414800000,92.04,92.98,91.94,92.42,877276.3
1774418400000,92.42,92.9,92.25,92.37,320905.8
1774422000000,92.37,92.5,91.75,91.8,358037.4
1774425600000,91.8,92.75,91.79,92.34,470330.2
1774429200000,92.34,92.65,92.12,92.55,307173.9
1774432800000,92.55,92.69,92.37,92.65,293681.7
1774436400000,92.65,93.46,92.44,92.96,625377.2
1774440000000,92.96,93.41,92.3,93.01,660128.2
1774443600000,93.01,93.39,92.66,92.71,290404.2
1774447200000,92.71,92.88,91.86,91.91,858374.8
1774450800000,91.91,92.03,90.95,91.7,701597.0
1774454400000,91.7,92.68,91.53,92.17,602667.8
1774458000000,92.17,92.32,91.56,91.68,278139.1
1774461600000,91.68,92.15,91.39,91.65,167353.9
1774465200000,91.65,91.96,91.35,91.71,182943.0
1774468800000,91.71,91.71,91.05,91.43,362594.8
1774472400000,91.43,91.58,91.07,91.2,226559.3
1774476000000,91.2,91.9,90.97,91.69,389863.3
1774479600000,91.69,91.8,91.42,91.66,132236.2
1774483200000,91.66,91.92,91.44,91.64,266308.5
1774486800000,91.64,91.91,91.54,91.76,151597.0
1774490400000,91.76,91.79,90.59,90.87,403510.5
1774494000000,90.87,91.08,90.5,91.01,212853.8
1774497600000,91.01,91.01,90.6,90.75,122647.9
1774501200000,90.75,90.78,89.05,89.19,1008095.5
1774504800000,89.19,89.23,88.77,88.99,656738.3
1774508400000,88.99,89.29,88.73,89.03,431363.5
1774512000000,89.03,89.03,88.59,88.79,370433.2
1774515600000,88.79,88.93,87.67,88.05,814719.2
1774519200000,88.05,88.27,87.71,87.86,375431.6
1774522800000,87.86,88.05,87.36,87.51,574729.5
1774526400000,87.51,87.77,87.32,87.52,387415.9
1774530000000,87.52,88.19,87.25,87.85,955969.6
1774533600000,87.85,88.12,87.11,87.47,512598.8
1774537200000,87.47,87.77,86.64,87.48,732737.2
1774540800000,87.48,87.68,87.05,87.16,354420.0
1774544400000,87.16,87.45,86.47,86.58,381707.8
1774548000000,86.58,86.78,85.64,85.99,964245.3
1774551600000,85.99,86.03,85.38,85.42,399141.4
1774555200000,85.42,87.07,85.38,86.29,1068753.0
1774558800000,86.29,87.12,86.15,86.77,439942.5
1774562400000,86.77,86.84,86.19,86.78,251281.7
1774566000000,86.78,86.9,86.17,86.48,285088.2
1774569600000,86.48,86.75,86.13,86.51,223393.4
1774573200000,86.51,86.86,86.39,86.84,159181.7
1774576800000,86.84,87.0,86.47,86.65,120884.7
1774580400000,86.65,86.73,86.29,86.37,156223.1
1774584000000,86.37,86.39,85.68,86.11,313420.8
1774587600000,86.11,86.71,85.88,86.05,249320.3
1774591200000,86.05,86.34,85.84,86.01,184137.9
1774594800000,86.01,86.3,85.64,85.87,369607.4
1774598400000,85.87,86.09,84.29,85.04,1188725.3
1774602000000,85.04,85.2,84.33,85.0,382683.6
1774605600000,85.0,85.1,82.55,82.96,1772500.8
1774609200000,82.96,83.55,82.57,83.31,482372.0
1774612800000,83.31,83.36,82.98,83.03,350601.3
1774616400000,83.03,83.49,82.37,82.87,753544.3
1774620000000,82.87,83.29,82.54,83.12,392874.5
1774623600000,83.12,83.94,82.91,83.26,670800.2
1774627200000,83.26,83.29,82.57,82.96,456647.6
1774630800000,82.96,83.39,82.02,82.17,592352.5
1774634400000,82.17,82.44,81.76,82.32,389242.1
1774638000000,82.32,82.87,81.99,82.73,514812.8
1774641600000,82.73,82.91,82.31,82.72,277889.0
1774645200000,82.72,83.1,82.63,82.7,184681.2
1774648800000,82.7,82.8,82.47,82.69,190393.5
1774652400000,82.69,83.08,82.4,83.04,161082.9
1774656000000,83.04,83.06,82.67,82.79,130969.8
1774659600000,82.79,82.83,82.19,82.6,194181.5
1774663200000,82.6,82.87,82.32,82.52,92264.6
1774666800000,82.52,82.68,82.44,82.56,64389.4
1774670400000,82.56,82.74,82.35,82.52,165141.2
1774674000000,82.52,82.74,82.31,82.7,178468.6
1774677600000,82.7,83.24,82.61,83.13,305375.1
1774681200000,83.13,83.64,83.13,83.57,226816.7
1774684800000,83.57,83.69,83.31,83.34,225583.0
1774688400000,83.34,83.34,82.88,83.01,190550.7
1774692000000,83.01,83.31,82.67,82.97,158716.6
1774695600000,82.97,83.03,82.85,82.9,79578.6
1774699200000,82.9,83.15,82.53,82.62,333844.7
1774702800000,82.62,84.06,82.62,83.3,730812.8
1774706400000,83.3,83.46,82.91,83.17,308830.9
1774710000000,83.17,84.23,83.11,83.75,556501.0
1774713600000,83.75,83.87,83.35,83.48,345348.0
1774717200000,83.48,83.66,83.03,83.23,172121.0
1774720800000,83.23,83.45,83.22,83.31,89923.6
1774724400000,83.31,83.36,82.9,83.21,185450.8
1774728000000,83.21,83.44,83.21,83.33,116704.2
1774731600000,83.33,83.36,82.26,82.63,439061.9
1774735200000,82.63,82.84,82.4,82.73,133459.5
1774738800000,82.73,82.73,81.62,82.03,450368.6
1774742400000,82.03,82.23,81.8,82.14,162239.5
1774746000000,82.14,82.48,82.02,82.41,231103.3
1774749600000,82.41,82.78,82.35,82.71,117203.6
1774753200000,82.71,83.21,82.63,82.96,181588.6
1774756800000,82.96,82.98,82.66,82.73,99608.9
1774760400000,82.73,82.82,82.35,82.66,213263.0
1774764000000,82.66,82.77,82.24,82.43,166705.5
1774767600000,82.43,82.56,82.16,82.38,104113.6
1774771200000,82.38,82.56,82.28,82.4,84630.3
1774774800000,82.4,82.49,82.07,82.3,132072.8
1774778400000,82.3,82.3,81.92,82.06,227593.3
1774782000000,82.06,82.86,82.06,82.54,318630.3
1774785600000,82.54,82.6,82.15,82.42,146896.1
1774789200000,82.42,82.43,81.64,81.87,345291.5
1774792800000,81.87,82.39,81.6,81.87,365168.2
1774796400000,81.87,82.1,81.21,81.78,455473.0
1774800000000,81.78,82.1,81.56,81.64,178025.0
1774803600000,81.64,81.8,81.09,81.49,324670.9
1774807200000,81.49,81.89,81.34,81.74,182222.1
1774810800000,81.74,81.82,81.5,81.55,120260.3
1774814400000,81.55,82.19,81.54,81.87,176624.7
1774818000000,81.87,82.15,81.77,82.09,181859.8
1774821600000,82.09,82.09,78.72,80.85,2097756.7
1774825200000,80.85,81.66,80.81,81.36,566609.7
1774828800000,81.36,82.94,81.07,81.82,752599.6
1774832400000,81.82,82.83,81.82,82.65,274073.4
1774836000000,82.65,83.9,82.39,83.3,848843.0
1774839600000,83.3,83.5,82.89,83.23,318582.3
1774843200000,83.23,83.84,83.22,83.73,252421.8
1774846800000,83.73,84.14,83.43,83.59,434046.9
1774850400000,83.59,83.83,83.37,83.42,202966.2
1774854000000,83.42,84.24,83.3,83.98,287435.2
1774857600000,83.98,84.93,83.95,84.46,595159.5
1774861200000,84.46,84.49,84.08,84.1,249482.5
1774864800000,84.1,84.18,83.53,83.88,314982.1
1774868400000,83.88,84.62,83.82,84.22,450657.1
1774872000000,84.22,84.59,84.08,84.47,346158.9
1774875600000,84.47,84.98,83.89,83.97,619636.6
1774879200000,83.97,84.64,83.61,84.36,808879.8
1774882800000,84.36,84.72,83.85,84.45,393079.9
1774886400000,84.45,84.51,83.86,84.16,336077.9
1774890000000,84.16,84.38,83.03,83.2,498513.0
1774893600000,83.2,83.39,82.4,82.65,394392.2
1774897200000,82.65,82.66,81.93,82.34,490711.2
1774900800000,82.34,82.87,82.3,82.74,242356.4
1774904400000,82.74,83.72,82.63,83.11,347992.2
1774908000000,83.11,83.45,82.59,82.76,279604.0
1774911600000,82.76,82.76,82.07,82.5,257662.7
1774915200000,82.5,82.93,82.11,82.69,296074.3
1774918800000,82.69,84.57,82.55,83.8,618103.5
1774922400000,83.8,84.04,83.55,83.78,199433.9
1774926000000,83.78,83.88,83.23,83.56,177496.9
1774929600000,83.56,83.88,83.23,83.28,250331.5
1774933200000,83.28,83.76,82.82,83.72,353509.1
1774936800000,83.72,83.79,83.01,83.38,316836.6
1774940400000,83.38,83.39,82.64,83.07,275212.5
1774944000000,83.07,83.31,82.18,82.19,394338.8
1774947600000,82.19,82.42,79.94,80.48,1329921.8
1774951200000,80.48,80.88,80.27,80.41,690354.4
1774954800000,80.41,80.9,80.19,80.79,920296.9
1774958400000,80.79,81.05,80.33,80.73,556623.4
1774962000000,80.73,81.99,80.68,81.79,700602.6
1774965600000,81.79,82.54,80.35,80.56,1128574.6
1774969200000,80.56,81.65,80.56,80.83,628929.1
1774972800000,80.83,82.87,80.81,82.33,828448.6
1774976400000,82.33,83.43,82.13,82.34,978314.3
1774980000000,82.34,83.05,82.34,82.84,344211.5
1774983600000,82.84,82.94,82.41,82.66,284696.8
1774987200000,82.66,83.36,82.55,83.13,400171.4
1774990800000,83.13,83.15,82.52,82.81,312351.0
1774994400000,82.81,82.87,82.28,82.72,201735.9
1774998000000,82.72,83.23,82.63,83.15,165936.9
1775001600000,83.15,83.57,82.8,83.36,243117.6
1775005200000,83.36,83.43,82.65,82.68,219875.2
1775008800000,82.68,82.86,82.42,82.6,189391.4
1775012400000,82.6,83.48,82.6,83.38,424888.9
1775016000000,83.38,83.8,83.2,83.69,240820.5
1775019600000,83.69,84.28,83.32,84.09,568278.9
1775023200000,84.09,84.7,83.99,84.4,453085.5
1775026800000,84.4,84.7,83.76,83.8,411624.8
1775030400000,83.8,84.02,83.36,83.57,461952.4
1775034000000,83.57,83.72,83.09,83.34,336581.4
1775037600000,83.34,83.44,83.02,83.32,247741.4
1775041200000,83.32,83.53,83.11,83.31,194116.2
1775044800000,83.31,83.67,82.76,82.98,885346.9
1775048400000,82.98,83.39,82.31,82.63,749077.2
1775052000000,82.63,83.52,82.46,83.34,448936.3
1775055600000,83.34,83.85,83.03,83.56,331196.9
1775059200000,83.56,85.27,82.95,85.21,1073544.3
1775062800000,85.21,86.6,84.15,84.38,1870309.8
1775066400000,84.38,84.43,83.5,83.61,843419.9
1775070000000,83.61,84.4,83.6,83.79,490968.3
1775073600000,83.79,83.85,82.28,82.54,856328.0
1775077200000,82.54,83.15,81.28,81.81,980359.0
1775080800000,81.81,81.92,80.73,81.12,1283895.8
1775084400000,81.12,81.4,80.94,81.14,343044.0
1775088000000,81.14,81.73,80.86,81.57,483822.2
1775091600000,81.57,81.57,78.88,79.26,2003783.4
1775095200000,79.26,79.26,78.22,78.78,916580.6
1775098800000,78.78,79.37,78.61,78.95,599643.3
1775102400000,78.95,79.13,78.66,78.78,636877.1
1775106000000,78.78,79.41,78.55,79.21,417298.9
1775109600000,79.21,79.39,78.9,79.09,235185.4
1775113200000,79.09,79.62,78.94,79.59,292735.3
1775116800000,79.59,79.59,78.99,79.06,233058.3
1775120400000,79.06,79.31,78.86,79.21,342340.9
1775124000000,79.21,79.25,78.73,78.83,337976.2
1775127600000,78.83,78.93,78.07,78.27,592018.9
1775131200000,78.27,78.54,77.81,77.91,605360.8
1775134800000,77.91,78.19,76.64,77.7,1345936.6
1775138400000,77.7,79.68,77.45,79.01,1975387.3
1775142000000,79.01,79.21,78.32,79.0,655064.1
1775145600000,79.0,79.91,78.67,79.39,734044.0
1775149200000,79.39,79.65,78.51,78.54,480825.0
1775152800000,78.54,79.25,78.38,79.09,511245.5
1775156400000,79.09,79.21,78.65,78.94,306455.1
1775160000000,78.94,79.34,78.74,79.11,255221.7
1775163600000,79.11,79.19,78.56,78.91,160296.4
1775167200000,78.91,79.09,78.68,78.93,115381.3
1775170800000,78.93,79.12,78.74,78.9,120234.4
1775174400000,78.9,79.35,78.82,79.16,207767.9
1775178000000,79.16,79.77,78.93,79.13,376609.8
1775181600000,79.13,79.56,78.82,79.31,289378.2
1775185200000,79.31,79.41,78.94,78.95,216720.2
1775188800000,78.95,79.5,78.93,79.27,312741.5
1775192400000,79.27,79.63,79.01,79.29,221597.8
1775196000000,79.29,79.68,79.15,79.61,259093.5
1775199600000,79.61,80.13,79.4,79.9,514798.1
1775203200000,79.9,80.09,79.58,79.73,416346.8
1775206800000,79.73,80.21,79.65,79.9,398633.2
1775210400000,79.9,80.15,79.65,80.13,263028.7
1775214000000,80.13,80.43,79.83,80.13,543496.0
1775217600000,80.13,80.89,79.13,79.3,957935.5
1775221200000,79.3,79.58,79.11,79.55,376948.3
1775224800000,79.55,80.29,79.38,80.2,466310.2
1775228400000,80.2,80.67,80.1,80.31,606878.1
1775232000000,80.31,80.66,80.2,80.52,382603.2
1775235600000,80.52,80.53,79.86,80.14,242979.9
1775239200000,80.14,80.43,80.05,80.08,164166.0
1775242800000,80.08,80.26,79.82,80.17,185514.0
1775246400000,80.17,80.29,80.12,80.15,84467.9
1775250000000,80.15,80.68,80.08,80.36,223988.7
1775253600000,80.36,80.48,79.89,80.1,202830.3
1775257200000,80.1,80.52,80.07,80.36,165332.3
1775260800000,80.36,80.37,80.1,80.19,105463.6
1775264400000,80.19,80.28,80.0,80.1,81936.6
1775268000000,80.1,80.25,80.02,80.13,202412.3
1775271600000,80.13,80.26,80.11,80.12,79115.5
1775275200000,80.12,80.3,80.09,80.2,90733.6
1775278800000,80.2,80.25,80.06,80.14,87672.3
1775282400000,80.14,80.5,80.1,80.43,62436.5
1775286000000,80.43,80.45,80.17,80.28,49266.3
1775289600000,80.28,80.36,79.86,79.94,134890.2
1775293200000,79.94,80.05,79.86,79.98,142797.0
1775296800000,79.98,80.24,79.96,80.18,106987.8
1775300400000,80.18,80.24,80.0,80.14,283630.2
1775304000000,80.14,80.2,80.0,80.06,152347.8
1775307600000,80.06,80.21,79.89,80.0,229448.9
1775311200000,80.0,80.35,79.53,80.32,344095.1
1775314800000,80.32,81.6,80.22,81.04,1261119.5
1775318400000,81.04,81.31,80.66,80.69,305758.3
1775322000000,80.69,80.99,80.57,80.88,241453.4
1775325600000,80.88,81.09,80.68,80.8,222044.1
1775329200000,80.8,81.31,80.71,80.8,380440.8
1775332800000,80.8,80.83,80.58,80.76,176874.3
1775336400000,80.76,81.0,80.72,80.87,307478.5
1775340000000,80.87,81.02,80.84,80.95,128782.0
1775343600000,80.95,80.95,80.67,80.8,65396.5
1775347200000,80.8,80.82,80.5,80.65,153378.7
1775350800000,80.65,80.75,80.43,80.46,90561.2
1775354400000,80.46,80.59,80.31,80.53,213913.0
1775358000000,80.53,80.58,80.36,80.51,67801.8
1775361600000,80.51,80.52,80.23,80.29,96362.0
1775365200000,80.29,80.39,80.1,80.25,116174.1
1775368800000,80.25,80.33,79.33,79.54,650099.6
1775372400000,79.54,79.86,79.46,79.54,288405.6
1775376000000,79.54,79.67,79.49,79.58,120381.3
1775379600000,79.58,79.83,79.58,79.79,97384.5
1775383200000,79.79,80.24,79.72,79.79,216178.5
1775386800000,79.79,79.89,79.7,79.87,90127.6
1775390400000,79.87,79.91,78.75,78.98,757825.3
1775394000000,78.98,79.21,78.47,79.16,568767.2
1775397600000,79.16,79.45,79.08,79.24,214479.3
1775401200000,79.24,80.29,78.95,79.56,740569.9
1775404800000,79.56,79.77,79.32,79.4,199997.1
1775408400000,79.4,79.87,79.31,79.83,243747.7
1775412000000,79.83,80.07,79.63,79.9,158756.5
1775415600000,79.9,80.18,79.47,79.75,243147.2
1775419200000,79.75,80.15,79.73,80.12,149431.8
1775422800000,80.12,80.14,79.45,79.69,289361.9
1775426400000,79.69,80.66,79.04,80.53,871801.7
1775430000000,80.53,82.11,80.42,81.88,1155929.7
1775433600000,81.88,82.96,81.87,82.31,874391.0
1775437200000,82.31,82.41,81.64,81.67,337840.9
1775440800000,81.67,82.8,81.64,82.39,335315.9
1775444400000,82.39,82.45,81.92,82.08,220279.5
1775448000000,82.08,82.32,81.76,81.97,236386.3
1775451600000,81.97,82.06,81.81,81.86,114403.5
1775455200000,81.86,82.1,80.91,81.47,578948.9
1775458800000,81.47,82.0,81.28,81.77,511595.4
1775462400000,81.77,82.24,81.66,81.96,345223.8
1775466000000,81.96,83.16,81.83,82.43,898191.5
1775469600000,82.43,82.86,82.43,82.64,388465.0
1775473200000,82.64,82.65,82.27,82.41,186027.2
1775476800000,82.41,82.5,82.16,82.27,258334.6
1775480400000,82.27,82.65,82.2,82.45,332833.8
1775484000000,82.45,82.82,81.67,82.21,946381.4
1775487600000,82.21,82.44,81.85,82.25,577087.4
1775491200000,82.25,82.44,81.53,81.56,276027.9
1775494800000,81.56,81.75,81.1,81.58,490170.5
1775498400000,81.58,82.19,81.49,81.83,272463.8
1775502000000,81.83,81.93,81.49,81.86,146463.0
1775505600000,81.86,82.1,81.76,81.94,125684.3
1775509200000,81.94,81.94,81.32,81.43,128956.0
1775512800000,81.43,81.45,80.08,80.1,555629.1
1775516400000,80.1,80.19,79.52,79.96,757623.0
1775520000000,79.96,80.16,79.53,79.83,425203.7
1775523600000,79.83,80.08,79.31,79.45,336357.7
1775527200000,79.45,79.85,79.39,79.65,340382.8
1775530800000,79.65,79.84,79.62,79.73,139304.7
1775534400000,79.73,80.11,79.59,79.86,207679.7
1775538000000,79.86,79.9,79.38,79.55,272553.5
1775541600000,79.55,79.59,79.24,79.47,221048.2
1775545200000,79.47,79.89,79.38,79.8,224578.1
1775548800000,79.8,80.3,79.75,80.08,446977.6
1775552400000,80.08,80.54,80.07,80.33,351444.7
1775556000000,80.33,80.41,79.13,79.31,619405.5
1775559600000,79.31,79.5,78.89,79.16,792954.7
1775563200000,79.16,79.33,78.6,79.1,761074.6
1775566800000,79.1,79.2,78.78,78.83,303651.3
1775570400000,78.83,79.06,78.34,78.54,561058.6
1775574000000,78.54,78.96,78.32,78.82,399695.8
1775577600000,78.82,79.17,78.61,78.86,218550.4
1775581200000,78.86,80.95,78.79,80.0,1144716.3
1775584800000,80.0,80.14,79.46,79.87,347260.9
1775588400000,79.87,81.76,79.82,81.56,1225120.5
1775592000000,81.56,82.39,81.56,81.91,873189.6
1775595600000,81.91,83.38,81.83,82.88,955947.7
1775599200000,82.88,85.28,82.88,85.26,1913127.6
1775602800000,85.26,87.0,85.07,85.53,1780352.4
1775606400000,85.53,85.88,84.25,84.74,599152.3
1775610000000,84.74,84.95,84.42,84.66,244123.0
1775613600000,84.66,84.93,84.36,84.58,223442.1
1775617200000,84.58,84.66,84.34,84.53,159810.6
1775620800000,84.53,85.01,84.44,84.47,401680.9
1775624400000,84.47,84.73,84.1,84.18,273574.6
1775628000000,84.18,84.7,83.84,84.51,392669.3
1775631600000,84.51,84.68,84.17,84.48,233599.7
1775635200000,84.48,84.86,84.38,84.82,206172.8
1775638800000,84.82,85.0,84.5,84.62,428340.0
1775642400000,84.62,84.77,84.46,84.48,132200.8
1775646000000,84.48,84.83,84.12,84.44,441302.1
1775649600000,84.44,84.66,84.07,84.53,306584.0
1775653200000,84.53,84.96,83.87,84.02,757696.4
1775656800000,84.02,84.12,82.48,82.88,920323.3
1775660400000,82.88,83.44,82.76,83.31,400369.5
1775664000000,83.31,83.57,83.01,83.45,227428.6
1775667600000,83.45,84.14,83.27,83.94,366891.8
1775671200000,83.94,84.0,82.76,82.9,399209.4
1775674800000,82.9,83.2,82.73,83.16,194390.7
1775678400000,83.16,83.39,82.99,83.24,207863.1
1775682000000,83.24,83.59,83.15,83.39,172664.8
1775685600000,83.39,83.41,82.54,82.58,278921.5
1775689200000,82.58,83.01,82.21,82.53,477825.1
1775692800000,82.53,82.64,82.04,82.16,274221.2
1775696400000,82.16,82.28,81.65,82.2,737501.6
1775700000000,82.2,82.4,82.01,82.09,153188.7
1775703600000,82.09,82.14,81.81,81.97,347064.3
1775707200000,81.97,81.98,81.74,81.78,179172.9
1775710800000,81.78,82.26,81.67,82.11,215140.8
1775714400000,82.11,82.3,81.79,82.12,132347.2
1775718000000,82.12,82.46,82.12,82.24,285284.1
1775721600000,82.24,82.59,82.11,82.41,241700.4
1775725200000,82.41,82.65,82.06,82.55,468526.5
1775728800000,82.55,82.62,82.32,82.54,123602.6
1775732400000,82.54,82.7,81.96,82.14,381569.9
1775736000000,82.14,82.33,81.92,82.24,452512.8
1775739600000,82.24,82.37,81.54,81.82,389215.7
1775743200000,81.82,82.27,81.34,82.15,439595.4
1775746800000,82.15,83.9,81.87,83.7,1484192.6
1775750400000,83.7,84.21,82.87,83.66,821345.6
1775754000000,83.66,84.69,83.64,84.66,852945.6
1775757600000,84.66,84.69,83.41,83.8,650359.0
1775761200000,83.8,84.29,83.36,84.13,353188.6
1775764800000,84.13,84.51,84.06,84.23,280110.6
1775768400000,84.23,84.74,84.12,84.25,291058.6
1775772000000,84.25,85.93,83.92,83.96,843792.9
1775775600000,83.96,84.03,83.11,83.28,369363.3
1775779200000,83.28,83.32,82.83,83.09,299589.5
1775782800000,83.09,83.75,82.78,83.11,680842.9
1775786400000,83.11,83.41,82.99,83.23,227966.5
1775790000000,83.23,83.26,82.64,82.85,297127.1
1775793600000,82.85,83.5,82.85,83.31,185965.2
1775797200000,83.31,83.55,83.08,83.36,264684.9
1775800800000,83.36,83.43,83.06,83.16,154109.0
1775804400000,83.16,83.23,82.83,82.92,194905.1
1775808000000,82.92,83.09,82.65,82.89,499321.9
1775811600000,82.89,83.55,82.87,83.5,509654.4
1775815200000,83.5,83.5,83.05,83.26,195457.8
1775818800000,83.26,83.7,83.26,83.49,381046.4
1775822400000,83.49,84.39,83.31,84.06,879023.7
1775826000000,84.06,84.34,83.53,84.23,383112.1
1775829600000,84.23,85.21,84.14,85.05,661658.9
1775833200000,85.05,85.55,84.03,84.21,599289.5
1775836800000,84.21,84.87,84.09,84.8,317617.0
1775840400000,84.8,84.86,84.41,84.83,187577.3
1775844000000,84.83,85.24,84.58,85.18,205879.1
1775847600000,85.18,85.47,85.06,85.42,353629.0
1775851200000,85.42,85.66,85.0,85.41,289446.4
1775854800000,85.41,85.42,84.93,85.2,146934.0
1775858400000,85.2,85.26,84.59,84.85,188517.8
1775862000000,84.85,84.92,84.71,84.79,68910.5
1775865600000,84.79,84.82,84.42,84.63,138485.4
1775869200000,84.63,84.68,84.34,84.63,96025.4
1775872800000,84.63,84.88,84.54,84.75,100029.2
1775876400000,84.75,84.85,84.23,84.36,133464.1
1775880000000,84.36,84.56,84.15,84.31,145959.9
1775883600000,84.31,84.35,84.02,84.04,246693.9
1775887200000,84.04,84.11,83.82,84.07,174012.8
1775890800000,84.07,84.29,84.02,84.21,159735.6
1775894400000,84.21,84.38,84.09,84.09,131132.9
1775898000000,84.09,84.75,84.07,84.43,294848.3
1775901600000,84.43,84.46,83.9,84.0,146196.1
1775905200000,84.0,84.21,83.72,84.19,225672.0
1775908800000,84.19,84.47,84.01,84.17,218950.9
1775912400000,84.17,84.26,83.76,84.05,410477.7
1775916000000,84.05,84.39,83.98,84.34,130903.9
1775919600000,84.34,84.87,84.19,84.65,258537.3
1775923200000,84.65,85.4,84.57,84.96,388557.4
1775926800000,84.96,84.99,84.65,84.78,172188.0
1775930400000,84.78,85.8,84.61,85.45,546092.8
1775934000000,85.45,86.27,85.38,85.99,492434.4
1775937600000,85.99,86.05,85.08,85.36,321290.3
1775941200000,85.36,85.49,85.13,85.28,134371.4
1775944800000,85.28,86.13,85.01,85.22,380292.0
1775948400000,85.22,85.22,84.45,84.87,293490.0
1775952000000,84.87,84.97,84.65,84.83,171507.6
1775955600000,84.83,84.92,81.94,82.24,1472445.7
1775959200000,82.24,83.14,81.8,82.62,881301.2
1775962800000,82.62,82.81,82.29,82.3,385455.3
1775966400000,82.3,82.43,82.11,82.19,235422.6
1775970000000,82.19,82.44,82.03,82.35,241395.6
1775973600000,82.35,82.47,82.15,82.22,247564.1
1775977200000,82.22,82.4,82.19,82.21,243207.2
1775980800000,82.21,82.24,82.09,82.24,235212.0
1775984400000,82.24,82.35,82.07,82.14,186471.7
1775988000000,82.14,82.27,81.9,81.99,257318.7
1775991600000,81.99,82.33,81.9,82.15,246097.7
1775995200000,82.15,82.53,81.82,81.95,531299.3
1775998800000,81.95,82.19,81.7,81.84,523564.3
1776002400000,81.84,82.05,81.25,81.52,751649.4
1776006000000,81.52,81.78,81.27,81.55,300335.5
1776009600000,81.55,81.84,81.48,81.83,162222.4
1776013200000,81.83,82.29,81.7,82.13,219510.1
1776016800000,82.13,82.29,81.98,82.09,202363.1
1776020400000,82.09,82.28,81.88,81.93,87775.0
1776024000000,81.93,82.88,81.89,82.63,357681.1
1776027600000,82.63,82.85,82.4,82.76,239247.4
1776031200000,82.76,82.78,81.33,81.95,703474.3
1776034800000,81.95,81.95,81.15,81.49,214823.8
1776038400000,81.49,82.18,81.36,82.11,166886.6
1776042000000,82.11,82.3,81.73,82.27,544968.6
1776045600000,82.27,82.39,81.81,81.88,155406.4
1776049200000,81.88,82.0,81.67,81.86,103671.3
1776052800000,81.86,82.2,81.79,81.86,167177.2
1776056400000,81.86,81.95,81.47,81.79,158160.1
1776060000000,81.79,82.55,81.76,82.3,509307.6
1776063600000,82.3,82.35,81.8,82.11,184453.5
1776067200000,82.11,82.23,81.67,81.81,359222.1
1776070800000,81.81,82.17,81.75,81.82,242051.0
1776074400000,81.82,81.93,81.59,81.69,140324.8
1776078000000,81.69,82.02,81.64,81.81,161780.5
1776081600000,81.81,82.74,81.77,82.49,475684.8
1776085200000,82.49,83.65,82.23,83.57,919797.7
1776088800000,83.57,83.81,82.71,83.73,658913.0
1776092400000,83.73,83.86,82.29,82.62,716133.8
1776096000000,82.62,83.59,82.29,83.31,579081.8
1776099600000,83.31,83.8,82.95,83.01,348270.3
1776103200000,83.01,83.24,82.54,83.17,273682.7
1776106800000,83.17,84.2,83.05,84.06,929027.4
1776110400000,84.06,84.33,83.78,83.9,499468.8
1776114000000,83.9,84.1,83.81,83.92,192587.3
1776117600000,83.92,86.46,83.91,86.21,1530958.6
1776121200000,86.21,86.84,85.88,86.5,769080.4
1776124800000,86.5,86.73,85.73,85.9,627772.1
1776128400000,85.9,86.12,85.67,85.93,312966.0
1776132000000,85.93,86.39,85.85,86.2,424961.0
1776135600000,86.2,86.26,85.97,86.04,144642.8
1776139200000,86.04,86.05,85.56,85.88,259379.0
1776142800000,85.88,85.92,85.41,85.49,156015.8
1776146400000,85.49,86.08,85.49,85.93,263365.1
1776150000000,85.93,86.17,85.77,85.88,331262.6
1776153600000,85.88,86.35,85.71,86.09,224102.0
1776157200000,86.09,86.23,85.95,86.07,114967.8
1776160800000,86.07,86.55,85.97,86.0,350455.7
1776164400000,86.0,86.08,85.56,85.76,506583.2
1776168000000,85.76,85.99,85.57,85.93,305349.2
1776171600000,85.93,87.39,85.88,87.27,869191.8
1776175200000,87.27,87.62,85.94,85.95,1222994.1
1776178800000,85.95,86.28,85.17,85.92,1173533.3
1776182400000,85.92,86.13,84.72,85.0,664946.0
1776186000000,85.0,85.41,84.66,85.2,488556.2
1776189600000,85.2,85.37,83.84,84.02,542220.2
1776193200000,84.02,84.27,83.66,83.89,594411.0
1776196800000,83.89,84.11,83.35,83.56,407197.1
1776200400000,83.56,83.91,83.47,83.76,213142.8
1776204000000,83.76,83.89,83.25,83.46,411055.6
1776207600000,83.46,84.01,83.4,83.67,278231.9
1776211200000,83.67,84.02,83.46,83.73,496176.5
1776214800000,83.73,83.98,83.5,83.85,248498.5
1776218400000,83.85,83.97,83.06,83.34,282449.9
1776222000000,83.34,83.47,83.23,83.4,102234.1
1776225600000,83.4,83.6,83.28,83.55,135308.1
1776229200000,83.55,83.74,82.87,83.07,428970.3
1776232800000,83.07,83.09,82.8,82.94,181993.4
1776236400000,82.94,83.17,82.59,82.9,389249.4
1776240000000,82.9,83.24,82.68,83.09,446194.0
1776243600000,83.09,83.21,82.81,83.12,176072.8
1776247200000,83.12,83.59,82.87,83.12,758367.1
1776250800000,83.12,83.62,83.0,83.54,466611.5
1776254400000,83.54,83.85,83.32,83.66,302201.5
1776258000000,83.66,83.75,83.15,83.59,547220.9
1776261600000,83.59,84.46,83.36,84.27,648042.9
1776265200000,84.27,84.44,83.47,83.97,613944.4
1776268800000,83.97,84.68,83.88,84.52,484311.3
1776272400000,84.52,85.16,84.42,84.69,493646.8
1776276000000,84.69,85.05,84.56,85.0,185773.8
1776279600000,85.0,85.81,84.91,85.48,442287.9
1776283200000,85.48,85.56,84.57,84.76,547521.9
1776286800000,84.76,84.86,84.15,84.75,423353.9
1776290400000,84.75,85.61,84.69,85.0,417515.2
1776294000000,85.0,85.01,84.61,84.87,246050.9
1776297600000,84.87,85.05,84.46,84.91,202499.5
1776301200000,84.91,84.92,84.43,84.83,111379.7
1776304800000,84.83,85.56,84.67,85.08,284185.5
1776308400000,85.08,85.48,85.04,85.25,197912.4
1776312000000,85.25,85.52,84.92,85.21,282084.7
1776315600000,85.21,85.49,85.01,85.35,218116.8
1776319200000,85.35,85.49,85.13,85.42,150117.7
1776322800000,85.42,85.61,85.04,85.14,222424.8
1776326400000,85.14,85.28,84.83,84.99,339120.6
1776330000000,84.99,85.46,84.91,85.16,446423.2
1776333600000,85.16,85.2,84.58,85.01,410097.4
1776337200000,85.01,85.14,84.88,85.03,162899.7
1776340800000,85.03,85.48,85.01,85.35,269182.3
1776344400000,85.35,86.26,83.68,84.73,1473021.8
1776348000000,84.73,85.66,83.99,85.33,1101964.1
1776351600000,85.33,87.13,85.25,86.58,1596217.2
1776355200000,86.58,87.06,85.57,85.89,1144220.9
1776358800000,85.89,86.75,85.66,86.6,505643.0
1776362400000,86.6,89.03,86.46,88.94,1739646.0
1776366000000,88.94,90.12,88.6,90.05,883650.9
1776369600000,90.05,90.45,89.2,89.52,807772.9
1776373200000,89.52,89.72,88.68,88.9,438533.0
1776376800000,88.9,89.43,88.82,88.95,244573.9
1776380400000,88.95,89.19,88.78,89.02,181497.3
1776384000000,89.02,89.16,88.51,88.76,230229.1
1776387600000,88.76,88.98,87.87,88.19,404033.9
1776391200000,88.19,88.31,87.46,87.81,419785.4
1776394800000,87.81,87.91,87.42,87.66,242171.8
1776398400000,87.66,88.23,87.64,87.93,302947.2
1776402000000,87.93,87.94,87.29,87.34,472447.3
1776405600000,87.34,88.05,87.29,87.96,263692.6
1776409200000,87.96,88.45,87.91,88.1,355172.2
1776412800000,88.1,89.05,88.07,88.91,570260.4
1776416400000,88.91,89.49,88.28,88.68,571354.4
1776420000000,88.68,88.71,87.32,87.63,646093.2
1776423600000,87.63,88.29,87.58,88.17,364863.8
1776427200000,88.17,88.9,87.86,88.84,669183.8
1776430800000,88.84,90.49,88.5,90.09,2318390.6
1776434400000,90.09,90.72,89.58,89.97,1246231.8
1776438000000,89.97,90.14,89.43,89.9,709746.3
1776441600000,89.9,90.58,89.84,90.38,505037.7
1776445200000,90.38,90.39,89.01,89.69,563338.9
1776448800000,89.69,89.79,88.82,89.12,425243.1
1776452400000,89.12,89.45,88.86,89.16,190607.5
1776456000000,89.16,89.31,88.41,88.93,271891.6
1776459600000,88.93,89.22,88.72,89.06,242148.8
1776463200000,89.06,89.42,88.87,89.15,176328.2
1776466800000,89.15,89.16,88.38,88.7,359732.6
1776470400000,88.7,89.1,88.59,88.91,148314.0
1776474000000,88.91,89.11,88.63,88.81,92466.5
1776477600000,88.81,89.05,88.61,88.87,89513.8
1776481200000,88.87,88.87,88.18,88.27,212445.1
1776484800000,88.27,88.49,88.18,88.29,154792.6
1776488400000,88.29,88.6,88.12,88.36,154866.4
1776492000000,88.36,88.6,88.26,88.46,103208.6
1776495600000,88.46,88.54,88.26,88.42,97943.4
1776499200000,88.42,88.47,87.03,87.49,738598.8
1776502800000,87.49,87.7,87.08,87.57,561617.0
1776506400000,87.57,87.59,86.72,86.93,571286.7
1776510000000,86.93,86.94,86.24,86.5,458151.6
1776513600000,86.5,86.93,86.47,86.87,296184.2
1776517200000,86.87,86.94,86.36,86.71,218037.6
1776520800000,86.71,86.83,86.39,86.77,357224.6
1776524400000,86.77,86.9,86.52,86.7,139416.3
1776528000000,86.7,86.94,86.41,86.65,297902.6
1776531600000,86.65,86.8,86.5,86.7,159354.9
1776535200000,86.7,86.72,85.73,85.92,596391.1
1776538800000,85.92,86.24,85.89,86.08,139302.4
1776542400000,86.08,86.26,85.97,86.12,135294.0
1776546000000,86.12,86.23,85.97,86.17,91776.7
1776549600000,86.17,86.33,85.87,86.24,136124.2
1776553200000,86.24,86.43,86.07,86.1,106089.0
1776556800000,86.1,86.33,85.81,85.97,103730.8
1776560400000,85.97,86.19,85.54,85.7,187318.5
1776564000000,85.7,85.81,85.17,85.48,337848.2
1776567600000,85.48,85.75,85.27,85.56,142057.8
1776571200000,85.56,85.93,85.1,85.53,265876.6
1776574800000,85.53,85.77,85.34,85.43,187721.6
1776578400000,85.43,85.62,85.09,85.4,196508.2
1776582000000,85.4,85.4,84.36,84.82,588873.3
1776585600000,84.82,85.08,84.54,84.74,449992.5
1776589200000,84.74,84.97,84.51,84.52,272388.9
1776592800000,84.52,84.84,84.32,84.73,218550.4
1776596400000,84.73,85.64,84.69,85.54,395366.1
1776600000000,85.54,85.88,85.49,85.74,281486.1
1776603600000,85.74,86.9,85.68,86.3,625329.2
1776607200000,86.3,87.07,85.92,86.48,433472.9
1776610800000,86.48,86.62,85.55,86.32,359343.4
1776614400000,86.32,86.47,85.67,85.81,244480.9
1776618000000,85.81,85.96,84.97,85.11,620226.5
1776621600000,85.11,85.26,84.82,85.08,271803.2
1776625200000,85.08,85.52,85.08,85.29,176233.1
1776628800000,85.29,85.34,84.71,84.92,308146.3
1776632400000,84.92,85.21,84.55,84.67,225389.7
1776636000000,84.67,84.67,82.86,83.72,1464129.8
1776639600000,83.72,83.73,83.28,83.42,230828.9
1776643200000,83.42,84.16,83.28,83.95,305150.4
1776646800000,83.95,84.49,83.89,84.29,155610.7
1776650400000,84.29,84.34,83.63,84.15,231659.7
1776654000000,84.15,84.6,84.07,84.54,136190.0
1776657600000,84.54,84.55,84.2,84.51,123535.7
1776661200000,84.51,84.54,83.68,83.82,232513.6
1776664800000,83.82,84.72,83.73,84.42,296253.4
1776668400000,84.42,85.72,84.39,84.68,782946.8
1776672000000,84.68,85.08,84.49,84.62,294853.9
1776675600000,84.62,85.2,84.56,85.02,242488.7
1776679200000,85.02,85.36,84.76,84.82,185880.9
1776682800000,84.82,85.32,84.7,85.01,208974.8
1776686400000,85.01,85.52,84.8,85.27,427924.5
1776690000000,85.27,85.51,84.82,85.26,328504.6
1776693600000,85.26,85.84,84.48,84.74,645166.2
1776697200000,84.74,85.87,84.36,85.82,525881.2
1776700800000,85.82,85.85,85.23,85.27,271916.7
1776704400000,85.27,86.1,85.21,85.65,283383.7
1776708000000,85.65,86.2,85.65,86.02,349533.2
1776711600000,86.02,86.07,85.72,85.77,120029.4
1776715200000,85.77,86.14,85.6,85.91,172820.4
1776718800000,85.91,86.19,85.54,85.77,213502.2
1776722400000,85.77,86.04,85.5,85.67,124773.0
1776726000000,85.67,85.67,85.16,85.25,208295.8
1776729600000,85.25,85.75,85.21,85.63,166045.4
1776733200000,85.63,85.79,85.31,85.39,115694.3
1776736800000,85.39,85.42,85.12,85.23,118593.1
1776740400000,85.23,85.47,84.94,85.13,336429.1
1776744000000,85.13,85.42,84.94,85.39,170647.9
1776747600000,85.39,85.81,85.36,85.63,218763.8
1776751200000,85.63,85.91,85.13,85.62,241019.3
1776754800000,85.62,85.93,85.36,85.66,195019.5
1776758400000,85.66,86.3,85.57,85.75,331778.8
1776762000000,85.75,85.85,85.45,85.84,191952.0
1776765600000,85.84,86.28,85.8,86.11,127406.9
1776769200000,86.11,86.13,85.64,85.78,226169.3
1776772800000,85.78,86.09,85.15,85.48,507872.1
1776776400000,85.48,85.83,85.26,85.79,285181.8
1776780000000,85.79,86.86,85.57,85.73,790815.3
1776783600000,85.73,86.24,85.33,86.0,407198.1
1776787200000,86.0,86.27,85.6,85.65,227312.0
1776790800000,85.65,85.77,84.64,85.27,624779.5
1776794400000,85.27,85.36,84.66,85.2,301687.0
1776798000000,85.2,85.69,84.24,84.52,582749.0
1776801600000,84.52,85.73,84.37,85.38,606032.9
1776805200000,85.38,85.53,84.94,85.09,151561.3
1776808800000,85.09,85.41,84.92,85.32,188397.9
1776812400000,85.32,86.09,85.29,86.0,275200.7
1776816000000,86.0,86.5,85.96,86.45,382616.2
1776819600000,86.45,86.5,86.05,86.24,173956.7
1776823200000,86.24,87.54,86.17,87.38,788586.7
1776826800000,87.38,87.83,87.07,87.2,361088.8
1776830400000,87.2,87.3,86.92,87.03,168902.9
1776834000000,87.03,88.29,86.96,87.98,883389.8
1776837600000,87.98,88.16,87.76,87.91,266589.4
1776841200000,87.91,88.24,87.66,88.02,402445.5
1776844800000,88.02,88.25,87.57,87.95,437020.3
1776848400000,87.95,88.9,87.8,88.26,473808.6
1776852000000,88.26,88.43,88.09,88.3,150693.9
1776855600000,88.3,88.45,88.12,88.27,156540.8
1776859200000,88.27,88.62,88.17,88.53,266967.5
1776862800000,88.53,89.13,88.37,89.05,547471.7
1776866400000,89.05,89.28,88.41,88.69,553634.6
1776870000000,88.69,88.74,87.96,88.11,640312.0
1776873600000,88.11,88.4,87.48,87.62,440409.9
1776877200000,87.62,87.98,87.58,87.79,210809.9
1776880800000,87.79,88.34,87.74,87.77,210655.1
1776884400000,87.77,87.79,87.03,87.33,412392.2
1776888000000,87.33,87.45,87.02,87.08,145868.5
1776891600000,87.08,87.63,87.06,87.53,128308.2
1776895200000,87.53,87.67,87.24,87.38,126059.2
1776898800000,87.38,87.43,86.74,86.82,205016.6
1776902400000,86.82,87.12,85.91,86.8,659712.5
1776906000000,86.8,86.82,86.07,86.39,294659.4
1776909600000,86.39,86.39,85.67,85.89,407624.9
1776913200000,85.89,86.04,85.42,85.73,319266.3
1776916800000,85.73,85.96,85.6,85.93,241896.8
1776920400000,85.93,86.08,85.45,85.83,325290.5
1776924000000,85.83,86.18,85.79,86.14,256650.8
1776927600000,86.14,86.17,85.8,85.86,219077.9
1776931200000,85.86,85.9,85.51,85.66,315840.8
1776934800000,85.66,85.66,85.19,85.47,250032.6
1776938400000,85.47,85.57,85.13,85.38,348483.2
1776942000000,85.38,85.85,85.32,85.75,286954.6
1776945600000,85.75,86.05,85.66,85.91,391635.2
1776949200000,85.91,85.99,85.51,85.72,327455.0
1776952800000,85.72,86.14,85.5,86.0,365748.4
1776956400000,86.0,86.59,85.74,86.31,856184.8
1776960000000,86.31,86.37,85.73,85.77,430658.9
1776963600000,85.77,85.83,84.38,85.28,1366136.9
1776967200000,85.28,85.63,85.15,85.19,445724.2
1776970800000,85.19,85.51,85.08,85.25,317377.3
1776974400000,85.25,85.81,85.23,85.56,199653.3
1776978000000,85.56,85.98,85.47,85.75,185871.9
1776981600000,85.75,86.22,85.75,85.93,214938.3
1776985200000,85.93,86.15,85.56,86.09,238344.4
1776988800000,86.09,86.33,86.0,86.16,166672.5
1776992400000,86.16,86.28,85.77,86.23,134945.0
1776996000000,86.23,86.31,85.7,85.84,94246.8
1776999600000,85.84,85.91,85.31,85.64,316954.7
1777003200000,85.64,85.65,85.12,85.27,212402.7
1777006800000,85.27,85.78,85.1,85.65,429540.7
1777010400000,85.65,85.69,85.27,85.38,219982.9
1777014000000,85.38,85.57,85.27,85.44,177226.7
1777017600000,85.44,85.69,85.22,85.3,183593.1
1777021200000,85.3,85.42,84.84,85.4,267012.7
1777024800000,85.4,85.7,85.13,85.64,213302.3
1777028400000,85.64,86.28,85.64,86.14,547220.7
1777032000000,86.14,86.76,86.01,86.3,1140117.0
1777035600000,86.3,86.5,85.79,86.02,435874.8
1777039200000,86.02,86.17,85.6,86.0,373994.0
1777042800000,86.0,86.5,85.44,86.46,564720.4
1777046400000,86.46,86.53,86.03,86.29,228299.6
1777050000000,86.29,86.51,86.06,86.42,196370.0
1777053600000,86.42,86.49,85.88,86.31,238825.8
1777057200000,86.31,86.47,86.18,86.27,97887.2
1777060800000,86.27,86.87,86.16,86.81,377682.7
1777064400000,86.81,86.88,86.29,86.4,158794.5
1777068000000,86.4,86.4,86.04,86.13,148355.2
1777071600000,86.13,86.26,86.08,86.14,79352.0
1777075200000,86.14,86.22,85.97,86.2,195291.1
1777078800000,86.2,86.33,86.07,86.25,91648.0
1777082400000,86.25,86.36,86.11,86.25,125542.6
1777086000000,86.25,86.46,86.23,86.42,88255.9
1777089600000,86.42,86.47,86.25,86.29,94673.1
1777093200000,86.29,86.29,86.08,86.17,122779.7
1777096800000,86.17,86.6,86.17,86.39,289628.6
1777100400000,86.39,86.48,86.2,86.32,356393.4
1777104000000,86.32,86.76,86.27,86.57,362870.6
1777107600000,86.57,86.74,86.5,86.52,93181.1
1777111200000,86.52,86.68,86.51,86.57,110261.2
1777114800000,86.57,86.57,86.19,86.32,330298.5
1777118400000,86.32,86.41,86.15,86.33,105481.5
1777122000000,86.33,86.65,86.33,86.55,108468.6
1777125600000,86.55,86.63,86.4,86.42,119606.6
1777129200000,86.42,86.6,86.04,86.17,162269.6
1777132800000,86.17,86.3,85.56,85.84,333077.7
1777136400000,85.84,85.84,85.47,85.52,257915.4
1777140000000,85.52,85.77,85.48,85.64,261824.7
1777143600000,85.64,85.67,85.52,85.62,128369.7
1777147200000,85.62,85.86,85.55,85.85,112711.0
1777150800000,85.85,86.05,85.66,85.85,98900.5
1777154400000,85.85,86.12,85.8,86.04,63197.8
1777158000000,86.04,86.13,85.97,86.13,47235.4
1777161600000,86.13,86.16,85.86,85.96,95372.8
1777165200000,85.96,86.09,85.91,85.92,84255.2
1777168800000,85.92,86.35,85.91,86.35,129027.7
1777172400000,86.35,86.41,85.77,85.95,264725.7
1777176000000,85.95,86.69,85.89,86.4,437863.1
1777179600000,86.4,86.65,86.1,86.4,284787.5
1777183200000,86.4,86.54,86.34,86.45,64309.2
1777186800000,86.45,86.59,86.39,86.59,74131.9
1777190400000,86.59,86.72,86.45,86.52,180618.8
1777194000000,86.52,86.55,86.39,86.49,98348.1
1777197600000,86.49,86.57,86.38,86.43,56748.6
1777201200000,86.43,86.6,86.41,86.42,101451.9
1777204800000,86.42,86.44,85.84,86.05,446158.3
1777208400000,86.05,86.2,85.93,86.07,246238.5
1777212000000,86.07,86.47,86.01,86.36,168130.7
1777215600000,86.36,86.55,86.31,86.51,104152.5
1777219200000,86.51,86.55,86.33,86.37,190815.8
1777222800000,86.37,86.55,86.21,86.51,119711.5
1777226400000,86.51,86.96,86.39,86.77,434511.4
1777230000000,86.77,87.2,86.62,86.82,265025.3
1777233600000,86.82,86.88,86.54,86.62,154574.2
1777237200000,86.62,87.07,86.11,86.76,425105.2
1777240800000,86.76,87.28,86.25,86.67,432109.6
1777244400000,86.67,87.12,86.45,86.87,130251.2
1777248000000,86.87,87.37,86.49,87.3,445360.8
1777251600000,87.3,87.83,87.22,87.78,515925.7
1777255200000,87.78,88.07,87.32,87.78,317208.4
1777258800000,87.78,88.04,87.63,87.69,157110.2
1777262400000,87.69,87.8,87.37,87.47,129374.1
1777266000000,87.47,87.5,85.72,85.91,1156496.5
1777269600000,85.91,86.01,85.34,85.66,524924.7
1777273200000,85.66,85.72,85.2,85.22,551400.6
1777276800000,85.22,85.47,84.95,85.45,309855.1
1777280400000,85.45,85.58,85.09,85.41,458550.2
1777284000000,85.41,85.52,85.1,85.13,337439.0
1777287600000,85.13,85.23,85.0,85.2,118580.4
1777291200000,85.2,85.21,84.85,85.04,241278.5
1777294800000,85.04,85.32,84.66,85.07,417959.6
1777298400000,85.07,85.78,84.93,85.18,502569.3
1777302000000,85.18,85.2,83.57,84.1,941997.8
1777305600000,84.1,84.34,83.97,84.22,210284.6
1777309200000,84.22,84.63,84.22,84.43,218134.0
1777312800000,84.43,84.65,84.35,84.51,78729.2
1777316400000,84.51,84.61,83.78,84.15,262024.0
1777320000000,84.15,84.31,84.11,84.24,92826.1
1777323600000,84.24,84.46,84.06,84.22,93228.4
1777327200000,84.22,84.56,84.15,84.49,77181.3
1777330800000,84.49,84.86,84.42,84.76,167955.8
1777334400000,84.76,84.89,84.53,84.77,121599.9
1777338000000,84.77,84.83,84.34,84.35,125469.2
1777341600000,84.35,84.6,83.84,84.11,255838.7
1777345200000,84.11,84.15,83.97,84.13,75491.4
1777348800000,84.13,84.38,83.76,84.01,306889.4
1777352400000,84.01,84.39,84.01,84.15,283858.1
1777356000000,84.15,84.27,83.63,83.89,277320.3
1777359600000,83.89,84.03,83.58,83.98,186261.4
1777363200000,83.98,84.15,83.71,83.91,190388.9
1777366800000,83.91,83.93,83.35,83.59,203182.0
1777370400000,83.59,83.78,83.58,83.76,86945.6
1777374000000,83.76,83.8,83.22,83.36,248525.6
1777377600000,83.36,83.71,83.19,83.65,215457.7
1777381200000,83.65,83.97,83.12,83.5,476420.5
1777384800000,83.5,83.5,82.93,83.37,452236.6
1777388400000,83.37,83.49,83.17,83.43,204629.7
1777392000000,83.43,83.65,83.28,83.55,190257.8
1777395600000,83.55,83.77,83.33,83.58,142340.6
1777399200000,83.58,83.8,83.55,83.77,115527.4
1777402800000,83.77,83.99,83.66,83.84,338184.0
1777406400000,83.84,83.95,83.72,83.72,76430.2
1777410000000,83.72,83.9,83.59,83.69,200527.5
1777413600000,83.69,83.89,83.53,83.68,184015.9
1777417200000,83.68,84.1,83.6,84.05,465277.3
1777420800000,84.05,84.15,83.79,84.02,317557.3
1777424400000,84.02,84.21,83.75,84.05,346116.8
1777428000000,84.05,84.18,83.89,84.01,67465.6
1777431600000,84.01,84.72,84.01,84.57,355239.8
1777435200000,84.57,85.04,84.41,84.93,317801.6
1777438800000,84.93,84.98,84.63,84.82,180685.1
1777442400000,84.82,84.96,84.49,84.59,170277.7
1777446000000,84.59,84.84,84.58,84.66,129950.3
1777449600000,84.66,84.73,84.3,84.48,171471.5
1777453200000,84.48,85.51,84.43,85.26,738321.2
1777456800000,85.26,85.53,85.09,85.12,316984.9
1777460400000,85.12,85.13,84.74,84.88,257361.4
1777464000000,84.88,84.88,83.86,84.19,805822.7
1777467600000,84.19,84.23,83.58,83.94,591104.4
1777471200000,83.94,83.98,83.58,83.78,356716.9
1777474800000,83.78,83.86,82.94,83.22,1153978.6
1777478400000,83.22,83.62,82.9,83.08,639783.6
1777482000000,83.08,83.36,82.7,83.36,445566.0
1777485600000,83.36,83.42,81.35,82.24,1533270.8
1777489200000,82.24,82.32,81.93,82.14,279049.5
1777492800000,82.14,82.78,82.12,82.59,482313.8
1777496400000,82.59,83.19,82.49,82.88,306426.6
1777500000000,82.88,83.12,82.76,83.03,168641.6
1777503600000,83.03,83.1,82.79,83.02,148732.8
1777507200000,83.02,84.02,83.02,83.78,545590.6
1777510800000,83.78,83.99,83.63,83.73,197148.3
1777514400000,83.73,83.95,82.66,82.95,394191.2
1777518000000,82.95,83.21,82.82,83.03,118575.7
1777521600000,83.03,83.06,82.34,82.37,218905.6
1777525200000,82.37,82.76,82.12,82.53,256657.2
1777528800000,82.53,83.01,82.49,82.9,158019.9
1777532400000,82.9,83.38,82.85,83.32,162659.8
1777536000000,83.32,83.39,83.08,83.09,190299.3
1777539600000,83.09,83.53,83.02,83.1,152878.2
1777543200000,83.1,83.19,82.9,82.96,112277.0
1777546800000,82.96,83.39,82.74,82.98,251827.1
1777550400000,82.98,83.46,82.97,83.18,237974.7
1777554000000,83.18,83.54,82.83,83.17,196355.1
1777557600000,83.17,83.38,82.65,83.2,278544.2
1777561200000,83.2,83.8,82.99,83.3,368817.7
1777564800000,83.3,83.4,82.87,82.97,117730.1
1777568400000,82.97,83.1,82.82,82.99,129095.6
1777572000000,82.99,83.26,82.93,83.02,95439.5
1777575600000,83.02,83.25,82.96,82.99,93722.6
1777579200000,82.99,83.16,82.93,83.04,52400.6
1777582800000,83.04,83.1,82.79,82.82,98205.3
1777586400000,82.82,82.99,82.74,82.82,84041.2
1777590000000,82.82,83.06,82.8,83.04,84549.5
1777593600000,83.04,83.38,83.02,83.16,118477.3
1777597200000,83.16,83.66,83.15,83.57,112464.0
1777600800000,83.57,83.84,83.4,83.58,206477.5
1777604400000,83.58,84.39,83.53,83.86,730681.6
1777608000000,83.86,84.04,83.65,83.77,120772.0
1777611600000,83.77,84.22,83.72,84.02,265155.5
1777615200000,84.02,84.17,83.65,83.8,149218.2
1777618800000,83.8,83.95,83.63,83.92,456113.6
1777622400000,83.92,84.29,83.85,84.13,177197.7
1777626000000,84.13,84.15,83.89,83.94,137458.3
1777629600000,83.94,84.07,83.7,83.91,118016.6
1777633200000,83.91,84.19,83.82,83.99,84087.8
1777636800000,83.99,84.57,83.88,84.23,364831.9
1777640400000,84.23,84.8,84.2,84.55,689938.9
1777644000000,84.55,84.68,83.82,84.15,381711.0
1777647600000,84.15,84.58,83.96,84.43,480761.5
1777651200000,84.43,84.64,83.96,83.98,259885.6
1777654800000,83.98,84.25,83.89,84.21,143105.6
1777658400000,84.21,84.28,83.94,83.95,161919.8
1777662000000,83.95,84.04,83.74,83.85,158064.9
1777665600000,83.85,83.9,83.27,83.45,279864.1
1777669200000,83.45,83.77,83.39,83.68,149484.1
1777672800000,83.68,83.86,83.54,83.73,145434.3
1777676400000,83.73,83.85,83.52,83.72,161678.4
1777680000000,83.72,83.84,83.41,83.8,203233.0
1777683600000,83.8,84.02,83.72,84.01,99638.8
1777687200000,84.01,84.15,83.82,83.9,204033.1
1777690800000,83.9,83.93,83.67,83.77,85513.4
1777694400000,83.77,83.79,83.52,83.59,96732.4
1777698000000,83.59,83.69,83.49,83.65,73560.9
1777701600000,83.65,83.81,83.52,83.78,68820.8
1777705200000,83.78,83.81,83.65,83.67,39833.2
1777708800000,83.67,83.83,83.57,83.79,58195.5
1777712400000,83.79,84.13,83.76,83.95,183147.0
1777716000000,83.95,83.97,83.82,83.9,70059.8
1777719600000,83.9,83.9,83.46,83.65,145477.7
1777723200000,83.65,84.06,83.63,83.82,314408.5
1777726800000,83.82,84.04,83.82,83.9,85630.3
1777730400000,83.9,84.05,83.85,83.91,60905.4
1777734000000,83.91,84.02,83.88,83.99,48965.2
1777737600000,83.99,84.22,83.96,84.14,123521.9
1777741200000,84.14,84.16,83.95,83.99,52554.4
1777744800000,83.99,84.17,83.9,84.12,51681.4
1777748400000,84.12,84.28,84.11,84.17,60224.1
1777752000000,84.17,84.19,84.05,84.16,51705.2
1777755600000,84.16,85.0,84.11,84.5,419374.6
1777759200000,84.5,84.61,84.02,84.42,193926.4
1777762800000,84.42,84.47,84.19,84.23,140532.9
1777766400000,84.23,84.27,83.72,84.06,280213.9
1777770000000,84.06,84.06,83.67,83.7,106635.3
1777773600000,83.7,83.78,83.56,83.63,98494.5
1777777200000,83.63,83.69,83.53,83.6,70241.0
1777780800000,83.6,83.69,83.53,83.64,97393.2
1777784400000,83.64,83.78,83.59,83.7,79040.3
1777788000000,83.7,83.82,83.53,83.69,106847.0
1777791600000,83.69,83.96,83.68,83.82,101775.9
1777795200000,83.82,84.0,83.76,83.84,83468.9
1777798800000,83.84,84.01,83.82,84.0,272708.2
1777802400000,84.0,84.0,83.74,83.75,95382.2
1777806000000,83.75,84.13,83.67,83.87,199454.7
1777809600000,83.87,84.18,83.87,84.04,89357.3
1777813200000,84.04,84.15,83.92,84.04,85869.8
1777816800000,84.04,84.39,84.03,84.31,145727.0
1777820400000,84.31,84.38,84.06,84.11,79833.4
1777824000000,84.11,84.24,83.93,84.09,103424.1
1777827600000,84.09,84.33,83.95,84.15,131242.1
1777831200000,84.15,84.28,84.05,84.23,36173.4
1777834800000,84.23,84.47,84.21,84.34,48955.3
1777838400000,84.34,84.71,84.21,84.3,234014.2
1777842000000,84.3,84.43,83.77,84.09,185488.6
1777845600000,84.09,84.93,84.09,84.64,373801.4
1777849200000,84.64,84.75,83.82,83.85,362016.5
1777852800000,83.85,83.86,83.3,83.76,450784.8
1777856400000,83.76,84.91,83.4,84.75,655660.1
1777860000000,84.75,85.61,84.7,85.23,1042758.1
1777863600000,85.23,85.57,85.08,85.39,184417.7
1777867200000,85.39,85.89,85.35,85.72,418965.1
1777870800000,85.72,85.77,85.29,85.34,250756.2
1777874400000,85.34,85.38,84.45,84.82,494439.0
1777878000000,84.82,84.97,84.63,84.83,162369.6
1777881600000,84.83,84.88,84.57,84.71,271491.2
1777885200000,84.71,85.15,84.64,84.98,218444.8
1777888800000,84.98,85.03,83.22,83.98,1883690.9
1777892400000,83.98,84.1,83.77,83.89,235144.5
1777896000000,83.89,84.11,83.8,83.84,126288.0
1777899600000,83.84,84.3,83.52,83.94,313160.9
1777903200000,83.94,85.29,83.73,84.95,928804.2
1777906800000,84.95,85.14,83.92,84.44,913520.0
1777910400000,84.44,84.77,83.91,84.45,406058.6
1777914000000,84.45,85.17,84.44,84.91,360564.5
1777917600000,84.91,85.01,84.56,84.72,164550.6
1777921200000,84.72,84.74,84.33,84.42,134529.2
1777924800000,84.42,84.42,83.99,84.05,144609.7
1777928400000,84.05,84.48,84.04,84.39,109253.4
1777932000000,84.39,84.54,84.13,84.17,141667.0
1777935600000,84.17,84.19,83.96,84.04,117826.4
1777939200000,84.04,84.32,84.0,84.27,156546.5
1777942800000,84.27,84.43,84.08,84.37,103467.8
1777946400000,84.37,84.75,84.31,84.46,267445.2
1777950000000,84.46,84.93,84.34,84.72,256886.7
1777953600000,84.72,84.88,84.52,84.75,390570.4
1777957200000,84.75,85.09,84.68,84.9,319657.6
1777960800000,84.9,84.96,84.52,84.95,258587.7
1777964400000,84.95,85.04,84.74,84.83,281319.3
1777968000000,84.83,84.87,84.66,84.76,98896.8
1777971600000,84.76,84.77,84.41,84.52,127260.4
1777975200000,84.52,84.91,84.41,84.88,156731.2
1777978800000,84.88,84.98,84.66,84.95,211514.2
1777982400000,84.95,85.33,84.86,85.28,205670.2
1777986000000,85.28,86.07,85.27,85.58,809850.1
1777989600000,85.58,85.71,85.14,85.45,366321.9
1777993200000,85.45,85.86,85.3,85.47,272969.7
1777996800000,85.47,85.67,84.96,85.29,306505.9
1778000400000,85.29,85.49,85.08,85.43,121219.5
1778004000000,85.43,85.86,85.39,85.85,182601.7
1778007600000,85.85,86.54,85.79,86.47,464497.7
1778011200000,86.47,86.9,86.39,86.62,422002.0
1778014800000,86.62,86.92,86.25,86.7,291494.9
1778018400000,86.7,86.98,86.17,86.54,455483.5
1778022000000,86.54,86.65,86.13,86.27,360246.2
1778025600000,86.27,86.6,86.07,86.35,446353.7
1778029200000,86.35,86.99,86.28,86.82,393471.1
1778032800000,86.82,86.91,86.34,86.86,426463.6
1778036400000,86.86,87.44,86.84,87.29,658613.4
1778040000000,87.29,87.38,86.64,86.77,226812.9
1778043600000,86.77,87.44,86.72,87.39,596898.7
1778047200000,87.39,87.55,87.14,87.47,251308.5
1778050800000,87.47,87.88,87.44,87.68,367663.0
1778054400000,87.68,89.19,87.62,89.02,874335.4
1778058000000,89.02,89.54,88.56,89.45,665133.0
1778061600000,89.45,89.72,89.18,89.36,446704.6
1778065200000,89.36,90.06,89.29,89.86,416621.4
1778068800000,89.86,89.96,89.46,89.64,376041.6
1778072400000,89.64,89.64,88.01,88.28,1062383.6
1778076000000,88.28,88.81,87.42,88.35,1009245.9
1778079600000,88.35,89.03,88.25,88.93,374084.9
1778083200000,88.93,89.48,88.53,89.13,514072.2
1778086800000,89.13,89.39,88.49,88.78,424034.9
1778090400000,88.78,89.09,88.41,88.92,293090.4
1778094000000,88.92,89.26,88.84,89.21,186122.7
1778097600000,89.21,89.55,88.85,89.13,318917.8
1778101200000,89.13,89.54,89.0,89.43,300366.2
1778104800000,89.43,89.52,88.98,89.03,151972.4
1778108400000,89.03,89.12,88.6,89.1,447503.5
1778112000000,89.1,89.2,88.15,88.28,470463.8
1778115600000,88.28,88.48,87.81,88.26,506913.5
1778119200000,88.26,88.33,87.8,88.12,288065.9
1778122800000,88.12,88.13,87.62,87.72,316862.1
1778126400000,87.72,88.34,87.66,88.34,209812.4
1778130000000,88.34,88.88,88.31,88.64,361866.8
1778133600000,88.64,89.2,88.18,89.19,730590.1
1778137200000,89.19,90.38,89.06,90.1,758478.6
1778140800000,90.1,90.2,89.42,89.53,366359.8
1778144400000,89.53,89.7,89.14,89.41,569433.7
1778148000000,89.41,89.5,88.75,89.13,465561.8
1778151600000,89.13,89.67,89.13,89.53,331748.3
1778155200000,89.53,90.05,89.48,89.72,382683.8
1778158800000,89.72,89.73,88.4,88.63,821683.9
1778162400000,88.63,88.88,87.8,88.12,1000793.6
1778166000000,88.12,88.55,87.72,88.27,448608.8
1778169600000,88.27,88.74,88.04,88.38,479385.4
1778173200000,88.38,88.81,87.86,88.75,298468.0
1778176800000,88.75,89.04,88.17,88.52,917141.1
1778180400000,88.52,88.67,88.15,88.39,186117.4
1778184000000,88.39,88.8,87.97,87.99,243688.8
1778187600000,87.99,88.18,87.6,87.91,548813.1
1778191200000,87.91,88.19,87.64,88.05,321535.6
1778194800000,88.05,88.44,88.01,88.39,202806.1
1778198400000,88.39,88.62,88.03,88.24,214293.9
1778202000000,88.24,88.33,87.87,88.09,100548.6
1778205600000,88.09,88.33,87.6,88.03,358992.1
1778209200000,88.03,88.36,87.6,88.18,244380.5
1778212800000,88.18,88.34,87.97,88.14,151841.1
1778216400000,88.14,88.39,87.99,88.0,212204.0
1778220000000,88.0,88.24,87.77,88.01,233136.7
1778223600000,88.01,88.19,87.56,88.19,235805.7
1778227200000,88.19,88.59,87.95,88.31,388188.5
1778230800000,88.31,88.66,88.17,88.36,267241.4
1778234400000,88.36,88.68,88.22,88.56,321593.5
1778238000000,88.56,88.68,88.4,88.59,192791.5
1778241600000,88.59,88.75,88.31,88.42,324234.1
1778245200000,88.42,88.51,87.95,88.29,457533.0
1778248800000,88.29,89.36,88.29,89.12,633146.1
1778252400000,89.12,89.58,88.38,89.56,638294.0
1778256000000,89.56,89.76,89.31,89.55,384247.0
1778259600000,89.55,91.93,89.53,91.61,2047170.7
1778263200000,91.61,92.5,91.59,92.26,827002.4
1778266800000,92.26,92.76,91.99,92.53,669049.9
1778270400000,92.53,92.6,91.94,92.05,330180.6
1778274000000,92.05,92.32,91.69,92.25,383828.1
1778277600000,92.25,92.66,92.2,92.24,267113.0
1778281200000,92.24,92.26,91.71,91.97,175542.0
1778284800000,91.97,92.56,91.79,92.42,222323.6
1778288400000,92.42,93.83,92.39,93.43,851136.6
1778292000000,93.43,93.72,93.21,93.43,313508.2
1778295600000,93.43,93.7,93.34,93.58,214076.8
1778299200000,93.58,94.14,93.05,93.16,428701.0
1778302800000,93.16,93.71,92.77,93.66,335969.0
1778306400000,93.66,94.07,93.15,93.48,349925.7
1778310000000,93.48,93.97,93.3,93.69,293783.8
1778313600000,93.69,93.89,93.6,93.63,193602.8
1778317200000,93.63,93.65,93.0,93.24,367909.9
1778320800000,93.24,93.55,93.04,93.33,151118.5
1778324400000,93.33,93.62,93.26,93.56,83713.4
1778328000000,93.56,93.68,93.22,93.41,188218.8
1778331600000,93.41,93.42,92.95,93.41,361471.8
1778335200000,93.41,93.42,92.73,92.84,258295.0
1778338800000,92.84,92.99,92.35,92.95,404295.0
1778342400000,92.95,93.29,92.63,92.72,297631.8
1778346000000,92.72,93.44,92.72,93.17,237631.9
1778349600000,93.17,93.6,93.1,93.31,201802.6
1778353200000,93.31,93.54,93.16,93.47,140091.6
1778356800000,93.47,93.48,93.08,93.19,91127.8
1778360400000,93.19,93.49,93.19,93.42,94049.3
1778364000000,93.42,93.46,93.15,93.28,88897.6
1778367600000,93.28,93.43,92.97,93.07,165974.1
1778371200000,93.07,93.3,92.86,92.97,261509.6
1778374800000,92.97,92.98,92.56,92.93,284703.9
1778378400000,92.93,93.07,92.76,92.99,180123.3
1778382000000,92.99,93.4,92.96,93.34,421922.2
1778385600000,93.34,93.43,93.17,93.28,122417.8
1778389200000,93.28,93.43,93.17,93.25,69641.1
1778392800000,93.25,93.4,93.18,93.34,85276.2
1778396400000,93.34,93.58,93.3,93.39,145349.2
1778400000000,93.39,94.03,93.35,94.01,372219.4
1778403600000,94.01,94.81,94.01,94.23,735373.5
1778407200000,94.23,94.33,93.43,93.79,505871.9
1778410800000,93.79,93.97,92.84,93.52,756102.3
1778414400000,93.52,93.59,93.17,93.27,174372.8
1778418000000,93.27,93.93,93.2,93.73,333123.8
1778421600000,93.73,94.11,93.65,93.85,256421.1
1778425200000,93.85,94.7,93.85,94.49,524629.4
1778428800000,94.49,95.0,94.12,94.78,582304.6
1778432400000,94.78,96.48,94.78,96.46,1070339.2
1778436000000,96.46,96.88,96.07,96.38,615050.5
1778439600000,96.38,96.84,95.7,96.44,521525.0
1778443200000,96.44,96.56,93.37,94.46,1481568.1
1778446800000,94.46,95.59,94.4,95.02,716203.6
1778450400000,95.02,96.35,94.83,96.21,509253.1
1778454000000,96.21,96.84,95.94,96.44,491440.8
1778457600000,96.44,96.66,95.26,95.76,594428.3
1778461200000,95.76,96.36,95.29,96.02,361102.2
1778464800000,96.02,96.11,95.1,95.28,243942.1
1778468400000,95.28,95.31,94.43,94.74,516428.0
1778472000000,94.74,95.16,94.37,94.91,210951.2
1778475600000,94.91,95.83,94.89,95.66,301929.4
1778479200000,95.66,96.14,95.37,95.43,197389.1
1778482800000,95.43,95.53,95.11,95.3,261631.6
1778486400000,95.3,95.33,94.52,94.75,422680.1
1778490000000,94.75,95.33,94.72,95.26,168563.1
1778493600000,95.26,95.55,95.0,95.03,289466.7
1778497200000,95.03,95.5,94.88,95.23,251094.7
1778500800000,95.23,95.36,94.64,94.76,314748.0
1778504400000,94.76,95.45,94.5,95.2,557329.0
1778508000000,95.2,95.85,94.23,95.12,989116.7
1778511600000,95.12,96.78,94.84,96.74,1139957.9
1778515200000,96.74,97.95,96.43,97.27,1409196.4
1778518800000,97.27,97.9,96.81,97.71,632689.5
1778522400000,97.71,98.0,97.2,97.24,542114.3
1778526000000,97.24,98.36,96.98,98.13,599604.1
1778529600000,98.13,98.33,97.53,97.58,337899.0
1778533200000,97.58,97.76,97.27,97.34,143945.9
1778536800000,97.34,97.79,97.3,97.59,102733.3
1778540400000,97.59,97.69,97.04,97.32,311079.8
1778544000000,97.32,97.62,97.12,97.47,136767.3
1778547600000,97.47,97.62,95.44,96.21,1210690.2
1778551200000,96.21,96.65,96.09,96.5,252949.4
1778554800000,96.5,96.58,96.0,96.09,163229.4
1778558400000,96.09,96.44,96.01,96.3,159498.6
1778562000000,96.3,96.72,96.17,96.51,163599.4
1778565600000,96.51,96.94,96.08,96.12,239110.2
1778569200000,96.12,96.27,95.78,96.0,406385.4
1778572800000,96.0,96.1,95.33,95.62,489227.2
1778576400000,95.62,96.03,95.28,95.75,279721.4
1778580000000,95.75,95.94,94.89,94.97,446833.6
1778583600000,94.97,95.02,94.55,94.94,366834.4
1778587200000,94.94,95.55,94.29,95.17,1050799.8
1778590800000,95.17,95.35,94.5,94.68,412673.4
1778594400000,94.68,95.2,94.35,94.52,395960.5
1778598000000,94.52,94.77,93.56,93.82,1019283.2
1778601600000,93.82,94.28,93.55,93.79,437735.3
1778605200000,93.79,94.64,93.78,94.47,314771.1
1778608800000,94.47,94.75,94.31,94.51,192301.6
1778612400000,94.51,94.94,94.49,94.86,304667.0
1778616000000,94.86,94.96,94.56,94.7,131583.2
1778619600000,94.7,94.81,94.47,94.62,95953.1
1778623200000,94.62,94.99,94.59,94.63,82953.6
1778626800000,94.63,94.71,94.17,94.24,93418.5
1778630400000,94.24,94.61,93.98,94.43,188105.4
1778634000000,94.43,95.39,94.42,95.12,292324.6
1778637600000,95.12,95.54,94.96,95.18,125791.8
1778641200000,95.18,95.51,95.03,95.51,83531.7
1778644800000,95.51,95.94,95.37,95.43,244699.2
1778648400000,95.43,95.45,94.96,95.19,252838.6
1778652000000,95.19,95.64,95.05,95.08,188403.8
1778655600000,95.08,95.25,94.82,95.08,160352.6
1778659200000,95.08,95.73,94.95,95.54,312045.5
1778662800000,95.54,95.86,95.52,95.66,321159.6
1778666400000,95.66,95.72,94.68,94.77,348454.4
1778670000000,94.77,94.8,94.2,94.28,400955.7
1778673600000,94.28,94.59,92.14,93.11,1900708.3
1778677200000,93.11,93.4,91.86,92.25,1003233.9
1778680800000,92.25,92.3,91.35,91.74,1197002.4
1778684400000,91.74,91.91,90.25,90.4,927649.7
1778688000000,90.4,91.24,90.38,90.83,611980.1
1778691600000,90.83,91.11,90.67,90.85,394846.6
1778695200000,90.85,91.38,90.71,90.89,357677.7
1778698800000,90.89,90.98,90.43,90.91,247980.7
1778702400000,90.91,91.29,90.88,91.19,186659.9
1778706000000,91.19,91.22,90.67,90.83,195264.6
1778709600000,90.83,91.19,90.55,91.1,154815.5
1778713200000,91.1,91.27,91.0,91.1,104257.3
1778716800000,91.1,91.39,91.02,91.16,345676.0
1778720400000,91.16,91.31,90.94,91.1,123937.4
1778724000000,91.1,91.21,90.36,90.52,272072.1
1778727600000,90.52,90.73,89.75,89.89,667774.2
1778731200000,89.89,90.58,89.82,90.43,140567.7
1778734800000,90.43,91.46,90.36,91.24,325330.3
1778738400000,91.24,91.42,91.1,91.35,215254.1
1778742000000,91.35,91.68,90.64,90.85,484932.2
1778745600000,90.85,91.26,90.63,91.02,161593.3
1778749200000,91.02,91.1,90.52,90.8,211509.2
1778752800000,90.8,91.09,90.58,91.01,254326.7
1778756400000,91.01,91.05,90.56,90.58,162766.9
1778760000000,90.58,91.23,90.47,91.16,319655.6
1778763600000,91.16,91.42,90.67,90.73,343718.7
1778767200000,90.73,92.25,90.56,92.21,819771.3
1778770800000,92.21,93.18,91.87,93.1,753616.3
1778774400000,93.1,93.63,92.24,93.27,1134605.1
1778778000000,93.27,93.55,92.22,92.96,578787.3
1778781600000,92.96,93.59,92.64,93.39,394469.2
1778785200000,93.39,93.61,92.73,92.86,274543.3
1778788800000,92.86,92.96,92.3,92.68,232176.0
1778792400000,92.68,92.89,92.5,92.66,136804.5
1778796000000,92.66,92.86,92.56,92.6,65244.1
1778799600000,92.6,92.61,92.1,92.14,375860.4
1778803200000,92.14,92.63,92.05,92.38,270395.6
1778806800000,92.38,92.51,91.66,91.71,450619.6
1778810400000,91.71,92.42,91.39,92.33,676833.8
1778814000000,92.33,92.44,91.82,92.02,141558.9
1778817600000,92.02,92.02,91.22,91.25,298482.8
1778821200000,91.25,91.5,90.18,90.54,760328.1
1778824800000,90.54,91.03,90.42,90.95,275620.0
1778828400000,90.95,91.68,90.87,91.56,555041.0
1778832000000,91.56,91.6,90.9,91.21,310505.7
1778835600000,91.21,91.31,90.87,91.11,288513.4
1778839200000,91.11,91.53,90.94,91.42,245388.8
1778842800000,91.42,91.5,91.14,91.21,105721.0
1778846400000,91.21,91.23,90.5,90.63,376254.9
1778850000000,90.63,90.63,88.59,88.83,1437871.0
1778853600000,88.83,89.5,88.46,89.02,924059.9
1778857200000,89.02,89.24,88.64,89.0,260949.2
1778860800000,89.0,89.69,88.74,89.48,317337.1
1778864400000,89.48,89.88,89.45,89.79,192273.1
1778868000000,89.79,90.07,89.4,89.75,225749.0
1778871600000,89.75,89.75,89.31,89.38,174847.0
1778875200000,89.38,89.47,89.03,89.23,187877.0
1778878800000,89.23,89.39,88.95,89.01,111754.5
1778882400000,89.01,89.32,89.01,89.28,73712.2
1778886000000,89.28,89.36,89.16,89.2,106329.8
1778889600000,89.2,89.41,89.11,89.2,72912.9
1778893200000,89.2,89.31,88.9,89.25,129774.5
1778896800000,89.25,89.34,88.92,89.15,127050.4
1778900400000,89.15,89.23,88.95,89.0,33031.0
1778904000000,89.0,89.05,88.1,88.81,510274.9
1778907600000,88.81,88.88,88.24,88.55,225696.2
1778911200000,88.55,88.62,87.75,87.96,459736.3
1778914800000,87.96,87.98,86.65,87.41,1049222.4
1778918400000,87.41,87.61,87.32,87.44,191277.6
1778922000000,87.44,87.47,85.53,85.98,1598229.2
1778925600000,85.98,86.09,85.44,85.95,391661.1
1778929200000,85.95,86.28,85.95,86.04,183419.9
1778932800000,86.04,86.38,85.94,86.19,178121.0
1778936400000,86.19,86.3,86.04,86.19,156654.3
1778940000000,86.19,86.66,86.0,86.32,314890.0
1778943600000,86.32,86.61,86.2,86.44,176314.1
1778947200000,86.44,86.74,86.3,86.58,296404.3
1778950800000,86.58,86.9,86.57,86.74,138351.0
1778954400000,86.74,86.92,86.55,86.76,99055.3
1778958000000,86.76,86.8,86.61,86.64,58192.2
1778961600000,86.64,86.85,86.6,86.62,95615.0
1778965200000,86.62,86.72,86.43,86.54,90767.0
1778968800000,86.54,86.66,86.38,86.49,80475.8
1778972400000,86.49,86.66,86.43,86.49,45445.7
1778976000000,86.49,86.68,85.88,86.08,203530.0
1778979600000,86.08,86.3,85.51,85.71,394059.1
1778983200000,85.71,86.2,85.7,85.94,212858.8
1778986800000,85.94,86.58,85.93,86.46,134536.7
1778990400000,86.46,86.94,86.41,86.81,268990.9
1778994000000,86.81,87.29,86.8,86.87,270454.8
1778997600000,86.87,86.98,86.68,86.82,155858.2
1779001200000,86.82,87.08,86.74,86.95,156432.2
1779004800000,86.95,87.0,86.55,86.79,191611.1
1779008400000,86.79,86.96,86.67,86.83,154205.9
1779012000000,86.83,87.24,86.76,86.94,327237.5
1779015600000,86.94,86.97,86.73,86.85,122595.9
1779019200000,86.85,86.97,86.66,86.71,83273.9
1779022800000,86.71,86.73,86.22,86.36,341076.1
1779026400000,86.36,86.4,85.88,86.26,280796.1
1779030000000,86.26,86.45,86.08,86.4,91987.8
1779033600000,86.4,86.64,86.01,86.25,253978.7
1779037200000,86.25,86.31,85.94,86.2,98837.6
1779040800000,86.2,86.39,85.96,86.37,92277.9
1779044400000,86.37,86.93,86.36,86.75,319384.3
1779048000000,86.75,86.84,86.52,86.64,92652.2
1779051600000,86.64,86.94,86.55,86.9,110182.3
1779055200000,86.9,86.9,85.92,86.18,364845.5
1779058800000,86.18,86.18,83.29,85.18,2779285.9
1779062400000,85.18,85.32,84.35,85.31,634846.8
1779066000000,85.31,85.43,84.49,84.93,355082.8
1779069600000,84.93,85.31,84.65,84.83,239561.4
1779073200000,84.83,85.21,84.67,84.79,118018.0
1779076800000,84.79,85.29,84.53,85.22,189961.7
1779080400000,85.22,85.35,84.58,84.83,347368.8
1779084000000,84.83,84.94,84.17,84.69,603255.4
1779087600000,84.69,85.02,84.35,84.71,228084.4
1779091200000,84.71,84.97,84.55,84.86,174697.4
1779094800000,84.86,84.88,84.38,84.43,188712.6
1779098400000,84.43,84.47,84.13,84.22,339075.7
1779102000000,84.22,85.28,84.02,84.92,574696.5
1779105600000,84.92,85.75,84.92,85.51,562343.3
1779109200000,85.51,85.52,84.23,84.64,583023.9
1779112800000,84.64,84.64,83.66,83.94,729445.7
1779116400000,83.94,84.37,83.54,84.17,545481.7
1779120000000,84.17,84.48,83.92,84.29,275153.9
1779123600000,84.29,84.68,84.2,84.36,104227.6
1779127200000,84.36,84.4,83.42,83.47,357486.3
1779130800000,83.47,85.24,83.45,84.98,1000656.6
1779134400000,84.98,85.39,84.79,84.88,276535.0
1779138000000,84.88,85.65,84.75,85.54,450525.7
1779141600000,85.54,85.74,85.24,85.42,196937.8
1779145200000,85.42,85.6,85.2,85.35,121008.9
1779148800000,85.35,85.95,85.27,85.54,211014.7
1779152400000,85.54,85.57,84.86,84.86,220711.7
1779156000000,84.86,85.25,84.57,84.81,170060.9
1779159600000,84.81,85.2,84.68,85.05,64771.9
1779163200000,85.05,85.28,84.75,85.12,215074.7
1779166800000,85.12,85.25,84.43,85.14,382471.7
1779170400000,85.14,85.55,85.08,85.22,241773.5
1779174000000,85.22,85.64,85.07,85.45,144020.8
1779177600000,85.45,85.57,84.97,85.18,359870.5
1779181200000,85.18,85.26,84.41,84.71,415485.7
1779184800000,84.71,84.82,84.19,84.65,380692.6
1779188400000,84.65,84.78,84.21,84.33,266949.3
1779192000000,84.33,84.75,84.23,84.73,170516.5
1779195600000,84.73,85.07,84.33,84.76,414619.2
1779199200000,84.76,84.92,83.59,84.06,597917.7
1779202800000,84.06,84.55,83.97,84.32,245748.0
1779206400000,84.32,84.9,84.09,84.81,297273.1
1779210000000,84.81,85.01,84.43,84.65,218975.6
1779213600000,84.65,84.8,84.2,84.33,211160.9
1779217200000,84.33,84.71,84.18,84.31,127462.5
1779220800000,84.31,84.58,84.27,84.49,137364.6
1779224400000,84.49,84.64,84.36,84.42,122121.0
1779228000000,84.42,84.42,83.98,84.07,152198.4
1779231600000,84.07,84.58,84.0,84.28,97870.5
1779235200000,84.28,84.4,83.87,84.21,142328.8
1779238800000,84.21,84.54,83.8,84.34,198549.4
1779242400000,84.34,84.47,83.87,83.95,229327.7
1779246000000,83.95,84.23,83.81,84.06,82678.7
1779249600000,84.06,84.19,83.82,84.18,68950.4
1779253200000,84.18,84.93,84.18,84.75,405753.8
1779256800000,84.75,84.99,84.69,84.95,130178.5
1779260400000,84.95,85.1,84.65,84.72,144094.2
1779264000000,84.72,85.16,84.67,84.95,143424.9
1779267600000,84.95,85.06,84.8,84.85,93698.2
1779271200000,84.85,85.19,84.84,84.93,106077.2
1779274800000,84.93,85.02,84.55,84.65,128066.2
1779278400000,84.65,85.3,84.58,85.07,152684.3
1779282000000,85.07,85.12,84.12,84.64,503539.2
1779285600000,84.64,86.14,84.27,85.81,1192045.9
1779289200000,85.81,86.27,85.36,85.87,831590.2
1779292800000,85.87,86.85,85.47,86.42,1171343.1
1779296400000,86.42,87.03,86.25,86.45,465918.1
1779300000000,86.45,86.53,85.63,85.78,340946.3
1779303600000,85.78,86.27,85.57,86.13,196987.7
1779307200000,86.13,86.23,85.5,86.14,351976.9
1779310800000,86.14,86.32,85.88,85.93,170947.5
1779314400000,85.93,86.19,85.57,85.99,179591.9
1779318000000,85.99,86.12,85.82,86.12,44628.9
1779321600000,86.12,86.8,86.05,86.6,192819.1
1779325200000,86.6,87.0,86.42,86.51,208175.1
1779328800000,86.51,86.86,86.41,86.57,126496.2
1779332400000,86.57,86.89,86.46,86.81,208988.6
1779336000000,86.81,87.18,86.71,86.95,399367.6
1779339600000,86.95,87.07,86.31,86.47,247504.3
1779343200000,86.47,86.56,86.15,86.29,235786.6
1779346800000,86.29,86.68,86.21,86.59,150051.5
1779350400000,86.59,87.19,86.58,86.82,427827.3
1779354000000,86.82,87.02,86.42,86.46,191079.5
1779357600000,86.46,86.64,85.67,85.7,653160.6
1779361200000,85.7,85.9,85.54,85.55,234123.9
1779364800000,85.55,85.81,85.36,85.72,270657.0
1779368400000,85.72,86.1,85.26,86.03,631825.4
1779372000000,86.03,86.47,85.58,85.97,648459.7
1779375600000,85.97,86.88,85.86,86.42,439986.5
1779379200000,86.42,86.57,86.02,86.23,303719.2
1779382800000,86.23,87.98,86.14,87.58,1349593.4
1779386400000,87.58,87.78,86.73,87.05,428976.5
1779390000000,87.05,87.87,87.03,87.8,281345.4
1779393600000,87.8,87.92,87.45,87.52,176717.0
1779397200000,87.52,87.68,87.28,87.32,144444.5
1779400800000,87.32,87.47,87.06,87.14,105426.4
1779404400000,87.14,87.34,86.96,87.3,138139.6
1779408000000,87.3,87.31,86.77,86.79,155086.7
1779411600000,86.79,87.07,86.54,87.03,163464.7
1779415200000,87.03,87.28,86.94,87.14,215633.0
1779418800000,87.14,87.28,86.87,87.0,137675.5
1779422400000,87.0,87.36,86.9,86.94,141954.2
1779426000000,86.94,87.12,86.69,86.77,145680.2
1779429600000,86.77,86.82,86.47,86.68,180283.7
1779433200000,86.68,87.11,86.48,86.95,278088.7
1779436800000,86.95,87.5,86.83,87.11,349578.4
1779440400000,87.11,87.37,87.0,87.23,160860.3
1779444000000,87.23,87.25,86.82,86.96,82425.4
1779447600000,86.96,87.32,86.67,87.31,133943.2
1779451200000,87.31,87.77,87.21,87.74,310378.6
1779454800000,87.74,87.83,87.05,87.37,390892.9
1779458400000,87.37,87.37,86.31,86.57,651336.9
1779462000000,86.57,86.95,86.16,86.72,419712.3
1779465600000,86.72,86.99,86.61,86.88,115967.8
1779469200000,86.88,87.16,86.45,86.59,285293.5
1779472800000,86.59,86.65,84.51,85.4,1431082.8
1779476400000,85.4,85.6,83.91,84.51,1098022.4
1779480000000,84.51,85.04,84.51,84.96,408090.0
1779483600000,84.96,85.27,84.89,85.11,144620.3
1779487200000,85.11,85.19,84.72,84.92,295037.1
1779490800000,84.92,85.11,83.92,84.35,560685.7
1779494400000,84.35,84.51,84.01,84.39,339083.0
1779498000000,84.39,84.61,84.27,84.47,94558.4
1779501600000,84.47,84.58,84.15,84.47,158774.3
1779505200000,84.47,84.69,84.42,84.62,112911.2
1779508800000,84.62,84.65,84.28,84.36,81806.9
1779512400000,84.36,84.42,84.12,84.41,120912.3
1779516000000,84.41,84.44,84.12,84.2,137296.8
1779519600000,84.2,84.26,81.35,82.19,2232630.4
1779523200000,82.19,82.31,81.64,82.09,751429.0
1779526800000,82.09,82.24,81.92,81.94,226245.1
1779530400000,81.94,82.33,81.94,82.18,148066.7
1779534000000,82.18,82.41,82.16,82.22,157965.2
1779537600000,82.22,82.49,82.06,82.42,115156.8
1779541200000,82.42,83.46,82.42,83.16,606147.4
1779544800000,83.16,84.46,83.03,84.09,477857.0
1779548400000,84.09,84.5,83.6,84.04,599566.7
1779552000000,84.04,84.26,83.87,84.07,230100.3
1779555600000,84.07,84.32,83.94,84.17,151221.8
1779559200000,84.17,85.11,84.12,84.67,737013.8
1779562800000,84.67,85.08,84.56,84.93,274529.6
1779566400000,84.93,87.05,84.75,87.04,1429428.2
1779570000000,87.04,87.5,85.92,86.25,641163.2
1779573600000,86.25,86.57,85.47,85.77,374362.3
1779577200000,85.77,85.89,85.61,85.73,141521.4
1779580800000,85.73,85.98,85.58,85.86,114422.5
1779584400000,85.86,86.19,85.81,85.97,142902.7
1779588000000,85.97,86.06,85.67,85.91,125195.8
1779591600000,85.91,86.08,85.58,85.76,99827.1
1779595200000,85.76,86.05,85.74,85.89,91898.8
1779598800000,85.89,86.13,85.51,86.12,151821.1
1779602400000,86.12,86.43,85.88,86.42,142003.9
1779606000000,86.42,86.71,85.96,86.03,217001.9
1779609600000,86.03,86.49,85.97,86.47,154069.9
1779613200000,86.47,87.02,86.35,86.5,379096.9
1779616800000,86.5,86.71,86.2,86.45,375123.5
1779620400000,86.45,86.88,86.39,86.63,266764.9
1779624000000,86.63,86.64,86.14,86.31,158247.3
1779627600000,86.31,86.42,85.67,85.86,242644.5
1779631200000,85.86,85.97,84.34,85.21,837896.2
1779634800000,85.21,85.47,85.04,85.25,132245.6
1779638400000,85.25,85.85,85.12,85.6,403781.5
1779642000000,85.6,85.76,85.45,85.6,84222.5
1779645600000,85.6,85.64,85.2,85.35,244333.1
1779649200000,85.35,85.46,85.17,85.33,101581.9
1779652800000,85.33,85.38,84.55,84.74,351302.8
1779656400000,84.74,84.94,83.61,83.89,593572.0
1779660000000,83.89,85.29,83.89,84.92,656770.6
1779663600000,84.92,85.48,84.92,85.21,206982.8
1779667200000,85.21,85.62,85.17,85.44,192177.8
1779670800000,85.44,85.54,84.76,84.79,197100.1
1779674400000,84.79,85.71,84.79,85.02,353980.6
1779678000000,85.02,85.13,84.71,84.89,155023.4
1779681600000,84.89,85.89,84.87,85.81,280489.3
1779685200000,85.81,86.14,85.71,85.96,342567.4
1779688800000,85.96,86.15,85.59,85.95,161119.5
1779692400000,85.95,86.12,85.55,85.94,196579.2
1779696000000,85.94,86.06,85.72,85.99,131975.2
1779699600000,85.99,86.24,85.87,85.89,148581.6
1779703200000,85.89,86.08,85.86,86.04,64816.1
1779706800000,86.04,86.12,85.62,85.75,202922.3
1779710400000,85.75,86.05,85.62,85.84,319804.6
1779714000000,85.84,86.01,85.74,85.99,64518.4
1779717600000,85.99,86.43,85.9,86.31,218115.4
1779721200000,86.31,86.5,86.0,86.2,226928.8
1779724800000,86.2,86.43,85.95,86.23,134320.5
1779728400000,86.23,86.37,86.03,86.1,124275.1
1779732000000,86.1,86.27,85.85,85.87,119791.5
1779735600000,85.87,85.91,85.5,85.6,166096.2
1779739200000,85.6,85.85,85.27,85.38,257965.5
1779742800000,85.38,85.52,85.23,85.34,100105.5
1779746400000,85.34,85.5,84.63,84.76,497751.1
1779750000000,84.76,85.17,84.68,85.0,205183.4
1779753600000,85.0,85.05,83.84,84.32,397775.2
1779757200000,84.32,84.5,83.74,84.06,276093.0
1779760800000,84.06,84.17,83.85,83.94,133804.7
1779764400000,83.94,84.21,83.77,84.16,157943.2
1779768000000,84.16,84.48,83.95,84.31,143493.2
1779771600000,84.31,84.93,84.21,84.6,182847.8
1779775200000,84.6,84.78,84.35,84.56,118647.4
1779778800000,84.56,84.58,84.06,84.3,203349.2
1779782400000,84.3,84.52,84.28,84.39,105615.1
1779786000000,84.39,84.69,84.2,84.44,292590.5
1779789600000,84.44,85.79,84.32,85.52,755055.5
1779793200000,85.52,85.62,85.17,85.18,282989.0
1779796800000,85.18,85.41,84.78,85.29,370945.6
1779800400000,85.29,85.74,84.64,85.48,471998.9
1779804000000,85.48,86.11,84.73,85.18,745842.2
1779807600000,85.18,85.31,83.96,84.43,714178.3
1779811200000,84.43,84.53,83.87,84.2,572086.6
1779814800000,84.2,84.36,83.07,83.52,745261.4
1779818400000,83.52,84.03,83.42,83.56,353876.0
1779822000000,83.56,83.97,83.3,83.74,187798.2
1779825600000,83.74,83.93,83.68,83.88,134920.5
1779829200000,83.88,83.93,83.5,83.65,136480.5
1779832800000,83.65,83.82,83.47,83.61,83076.9
1779836400000,83.61,83.8,83.57,83.65,97919.9
1779840000000,83.65,84.13,83.65,84.1,182280.3
1779843600000,84.1,84.17,83.73,83.8,89358.3
1779847200000,83.8,83.91,83.49,83.9,112784.2
1779850800000,83.9,84.03,83.42,83.57,144907.5
1779854400000,83.57,83.63,82.72,83.59,497682.9
1779858000000,83.59,83.89,83.53,83.84,168368.2
1779861600000,83.84,84.02,83.69,84.0,163856.2
1779865200000,84.0,84.17,83.83,84.17,174184.9
1779868800000,84.17,84.39,83.85,83.9,192417.5
1779872400000,83.9,83.92,83.57,83.73,178942.9
1779876000000,83.73,84.07,83.63,83.91,130084.1
1779879600000,83.91,84.18,83.85,83.9,192850.1
1779883200000,83.9,84.66,83.51,83.88,712118.2
1779886800000,83.88,84.01,82.92,83.59,567410.1
1779890400000,83.59,84.09,83.16,83.87,617354.3
1779894000000,83.87,84.8,83.85,84.4,705054.5
1779897600000,84.4,84.72,83.81,84.13,361461.0
1779901200000,84.13,84.15,83.12,83.36,605504.3
1779904800000,83.36,83.95,83.16,83.91,210220.9
1779908400000,83.91,84.11,83.83,83.88,209947.0
1779912000000,83.88,84.13,83.71,83.8,232922.9
1779915600000,83.8,83.8,82.0,82.44,770234.3
1779919200000,82.44,82.97,82.18,82.4,430881.6
1779922800000,82.4,82.64,82.13,82.38,163422.4
1779926400000,82.38,82.69,82.29,82.67,167070.8
1779930000000,82.67,82.72,81.87,82.23,337607.7
1779933600000,82.23,82.39,81.95,82.06,155779.3
1779937200000,82.06,82.21,80.39,80.66,1538273.4
1779940800000,80.66,80.89,79.86,80.84,1170302.4
1779944400000,80.84,80.93,80.36,80.63,239179.9
1779948000000,80.63,81.04,80.46,80.9,203723.8
1779951600000,80.9,81.23,80.8,81.19,268210.2
1779955200000,81.19,81.24,80.77,80.93,145381.2
1779958800000,80.93,81.26,80.77,81.17,110862.5
1779962400000,81.17,81.27,80.67,80.69,147976.4
1779966000000,80.69,80.88,80.54,80.83,223549.6
1779969600000,80.83,81.23,80.53,81.08,236768.8
1779973200000,81.08,81.31,80.49,80.75,330832.8
1779976800000,80.75,81.63,79.91,81.13,1090525.3
1779980400000,81.13,81.36,80.51,81.09,238211.9
1779984000000,81.09,82.14,80.87,82.03,529295.2
1779987600000,82.03,82.6,81.78,82.25,402433.0
1779991200000,82.25,82.98,82.2,82.86,334308.3
1779994800000,82.86,82.86,82.12,82.13,218007.7
1779998400000,82.13,82.58,81.73,82.26,265888.5
1780002000000,82.26,82.65,82.18,82.39,205688.2
1780005600000,82.39,82.59,81.87,81.99,192906.0
1780009200000,81.99,82.24,81.95,82.08,51334.3
1780012800000,82.08,82.43,82.08,82.29,117553.2
1780016400000,82.29,82.45,82.02,82.16,75486.9
1780020000000,82.16,82.28,81.43,81.51,304435.0
1780023600000,81.51,81.9,81.46,81.59,114202.0
1780027200000,81.59,81.9,81.32,81.89,145526.4
1780030800000,81.89,82.15,81.78,82.03,150740.2
1780034400000,82.03,82.47,81.98,82.25,175212.3
1780038000000,82.25,82.43,81.86,82.19,169254.5
1780041600000,82.19,82.46,82.13,82.18,141351.7
1780045200000,82.18,82.61,82.15,82.41,89126.0
1780048800000,82.41,82.41,82.06,82.12,145448.2
1780052400000,82.12,82.19,81.46,81.73,281301.0
1780056000000,81.73,81.75,81.25,81.44,214216.8
1780059600000,81.44,81.66,81.04,81.39,318797.1
1780063200000,81.39,81.54,80.31,81.3,844986.0
1780066800000,81.3,83.22,81.16,82.53,1493524.7
1780070400000,82.53,83.1,82.16,82.9,489068.0
1780074000000,82.9,83.21,82.64,82.76,262974.1
1780077600000,82.76,82.96,81.68,82.02,526534.8
1780081200000,82.02,82.41,81.53,82.03,258977.4
1780084800000,82.03,82.32,81.95,82.2,149978.0
1780088400000,82.2,82.38,81.67,81.68,219865.3
1780092000000,81.68,81.98,81.57,81.95,165452.5
1780095600000,81.95,82.07,81.72,81.99,158247.6
1780099200000,81.99,82.33,81.9,82.26,116516.5
1780102800000,82.26,82.92,82.15,82.8,265148.4
1780106400000,82.8,83.01,82.75,82.95,90740.7
1780110000000,82.95,83.07,82.59,82.63,218367.5
1780113600000,82.63,82.76,81.82,82.29,464078.9
1780117200000,82.29,82.7,82.16,82.57,267901.4
1780120800000,82.57,82.72,82.35,82.44,78818.2
1780124400000,82.44,82.48,82.19,82.33,64060.7
1780128000000,82.33,82.37,82.15,82.19,53161.4
1780131600000,82.19,82.36,82.16,82.3,33760.9
1780135200000,82.3,82.47,82.28,82.35,43525.3
1780138800000,82.35,82.52,82.17,82.3,60531.0
1780142400000,82.3,82.4,82.22,82.39,40420.5
1780146000000,82.39,82.52,82.2,82.45,107141.3
1780149600000,82.45,82.72,82.4,82.59,122426.9
1780153200000,82.59,82.89,82.44,82.64,153094.9
1780156800000,82.64,82.9,82.57,82.84,149291.7
1780160400000,82.84,83.02,82.59,83.01,123822.8
1780164000000,83.01,83.11,82.82,82.97,99363.5
1780167600000,82.97,83.0,82.73,82.94,53334.8
1780171200000,82.94,83.04,82.81,82.92,43338.2
1780174800000,82.92,83.15,82.87,82.97,86329.7
1780178400000,82.97,82.98,82.39,82.61,205200.8
1780182000000,82.61,82.91,82.47,82.71,149923.4
1780185600000,82.71,82.93,82.58,82.89,58726.7
1780189200000,82.89,83.19,82.88,82.98,116968.5
1780192800000,82.98,83.36,82.83,83.11,147329.8
1780196400000,83.11,83.31,83.06,83.19,43094.1
1780200000000,83.19,83.26,83.04,83.17,41358.7
1780203600000,83.17,83.19,82.96,83.0,69698.8
1780207200000,83.0,83.0,82.8,82.92,47791.3
1780210800000,82.92,82.92,82.47,82.62,117810.5
1780214400000,82.62,82.83,82.55,82.76,94322.1
1780218000000,82.76,83.02,82.6,82.71,86321.7
1780221600000,82.71,82.71,82.43,82.69,133815.3
1780225200000,82.69,82.84,82.64,82.72,58034.4
1780228800000,82.72,82.91,82.53,82.8,80712.8
1780232400000,82.8,83.11,82.62,82.74,106337.8
1780236000000,82.74,82.74,81.73,81.93,704147.2
1780239600000,81.93,82.24,81.78,81.84,139770.1
1780243200000,81.84,81.99,81.37,81.52,372645.7
1780246800000,81.52,81.86,81.42,81.81,81478.3
1780250400000,81.81,81.82,81.57,81.7,76818.3
1780254000000,81.7,81.74,81.28,81.55,107642.3
1780257600000,81.55,81.97,81.55,81.93,86093.0
1780261200000,81.93,82.33,81.82,82.27,127902.3
1780264800000,82.27,82.66,81.99,82.48,257395.7
1780268400000,82.48,82.88,81.9,82.41,245781.0
1780272000000,82.41,83.08,82.32,82.79,257249.9
1780275600000,82.79,82.84,81.68,81.71,200071.2
1780279200000,81.71,82.86,81.57,82.63,244229.6
1780282800000,82.63,82.95,82.51,82.57,143887.3
1780286400000,82.57,82.74,81.72,81.98,242451.7
1780290000000,81.98,82.06,81.58,81.77,123168.4
1780293600000,81.77,81.83,81.07,81.4,394510.3
1780297200000,81.4,81.53,80.57,80.67,387895.9
1780300800000,80.67,81.0,80.39,80.94,377771.1
1780304400000,80.94,81.24,80.93,81.04,236527.7
1780308000000,81.04,81.15,80.78,81.05,237611.2
1780311600000,81.05,81.18,80.58,80.78,180924.4
1780315200000,80.78,81.06,80.14,80.79,669519.1
1780318800000,80.79,80.84,79.25,79.81,1290605.6
1780322400000,79.81,80.07,79.4,79.68,479475.7
1780326000000,79.68,80.01,79.14,79.57,511540.4
1780329600000,79.57,80.41,79.06,80.36,550340.6
1780333200000,80.36,81.17,80.24,80.9,579578.6
1780336800000,80.9,81.18,80.54,80.81,278025.5
1780340400000,80.81,81.28,80.57,81.16,169667.4
1780344000000,81.16,81.21,80.93,81.1,124308.4
1780347600000,81.1,81.11,80.47,80.64,420446.9
1780351200000,80.64,81.45,80.27,81.37,465440.4
1780354800000,81.37,81.6,81.03,81.23,297587.9
1780358400000,81.23,81.26,80.82,80.85,90699.7
1780362000000,80.85,80.98,79.97,80.08,310831.6
1780365600000,80.08,80.78,79.33,80.76,522083.0
1780369200000,80.76,81.01,80.58,80.87,146520.5
1780372800000,80.87,80.98,80.33,80.4,259149.8
1780376400000,80.4,80.55,79.5,79.58,473252.5
1780380000000,79.58,79.77,79.23,79.53,322266.6
1780383600000,79.53,79.88,79.08,79.62,316726.8
1780387200000,79.62,79.77,79.41,79.57,148677.7
1780390800000,79.57,79.59,78.72,79.05,429023.0
1780394400000,79.05,79.46,78.91,79.4,182136.0
1780398000000,79.4,79.4,78.8,78.9,174881.7
1780401600000,78.9,79.13,78.59,78.95,536327.9
1780405200000,78.95,79.19,78.76,78.91,282609.1
1780408800000,78.91,78.95,76.64,77.39,1793712.7
1780412400000,77.39,77.44,75.38,76.33,1488335.7
1780416000000,76.33,77.62,76.09,76.66,567027.1
1780419600000,76.66,77.15,76.42,76.78,378276.4
1780423200000,76.78,77.02,75.75,76.1,410768.5
1780426800000,76.1,76.22,74.35,75.47,1118539.5
1780430400000,75.47,75.89,74.72,75.38,407386.3
1780434000000,75.38,76.04,75.27,75.6,243870.9
1780437600000,75.6,75.6,73.26,73.62,1018335.4
1780441200000,73.62,74.28,72.67,74.17,971313.7
1780444800000,74.17,75.08,73.95,74.78,561303.2
1780448400000,74.78,74.99,74.09,74.7,216023.0
1780452000000,74.7,74.76,74.16,74.36,146455.9
1780455600000,74.36,74.49,72.2,72.65,1121956.3
1780459200000,72.65,74.08,72.62,74.01,620487.0
1780462800000,74.01,74.86,74.01,74.68,428264.9
1780466400000,74.68,75.32,74.62,74.81,717702.0
1780470000000,74.81,75.39,74.71,75.23,219721.6
1780473600000,75.23,75.3,74.82,74.95,274045.1
1780477200000,74.95,75.38,74.67,74.95,485788.3
1780480800000,74.95,75.58,74.92,75.5,257821.3
1780484400000,75.5,75.68,74.95,75.07,381146.2
1780488000000,75.07,75.24,74.6,75.13,474170.8
1780491600000,75.13,75.33,74.31,74.53,479202.1
1780495200000,74.53,74.56,73.78,74.4,507515.1
1780498800000,74.4,74.44,73.19,73.25,525638.0
1780502400000,73.25,73.43,71.96,72.94,1402394.9
1780506000000,72.94,74.08,72.35,73.12,946799.1
1780509600000,73.12,73.46,72.4,73.05,805579.6
1780513200000,73.05,73.12,71.64,71.93,1183821.1
1780516800000,71.93,72.39,70.71,71.17,1353295.4
1780520400000,71.17,72.81,70.97,72.77,818090.2
1780524000000,72.77,73.12,71.81,72.17,557945.3
1780527600000,72.17,72.22,71.51,71.57,309172.3
1780531200000,71.57,72.05,70.27,70.7,755339.3
1780534800000,70.7,70.91,68.34,68.57,1248961.1
1780538400000,68.57,70.4,66.57,70.0,2464058.1
1780542000000,70.0,71.59,70.0,71.43,803684.2
1780545600000,71.43,71.73,70.74,70.85,476801.8
1780549200000,70.85,70.85,69.82,70.28,605088.8
1780552800000,70.28,71.16,70.2,70.31,374322.5
1780556400000,70.31,70.37,69.06,69.09,832801.0
1780560000000,69.09,69.38,68.27,69.17,843032.0
1780563600000,69.17,69.21,67.68,68.81,859449.1
1780567200000,68.81,68.88,67.5,67.83,1087217.3
1780570800000,67.83,68.66,67.33,68.64,764882.0
1780574400000,68.64,70.32,68.26,70.05,1017835.1
1780578000000,70.05,70.54,68.97,70.32,910624.5
1780581600000,70.32,70.58,69.51,69.75,453475.2
1780585200000,69.75,70.47,69.35,69.61,688027.3
1780588800000,69.61,69.63,68.93,69.36,554409.6
1780592400000,69.36,69.7,68.46,69.19,511563.6
1780596000000,69.19,69.87,68.59,69.45,540643.6
1780599600000,69.45,69.66,68.98,69.03,543480.5
1780603200000,69.03,69.08,68.39,68.76,472596.4
1780606800000,68.76,69.0,67.55,67.73,599611.1
1780610400000,67.73,68.53,67.51,68.43,513961.0
1780614000000,68.43,68.88,67.94,68.81,313201.0
1780617600000,68.81,69.07,68.21,68.25,345244.2
1780621200000,68.25,68.78,67.51,68.45,539641.4
1780624800000,68.45,68.56,67.13,67.27,577564.6
1780628400000,67.27,67.81,66.87,67.04,808001.5
1780632000000,67.04,67.97,66.4,67.89,1043034.2
1780635600000,67.89,68.05,66.01,66.18,1098642.3
1780639200000,66.18,66.5,63.76,65.0,3111718.4
1780642800000,65.0,66.27,63.86,66.13,1359612.1
1780646400000,66.13,66.16,65.03,65.26,536770.1
1780650000000,65.26,66.56,65.25,66.5,779001.8
1780653600000,66.5,66.7,66.09,66.36,333470.7
1780657200000,66.36,66.76,65.78,66.03,584107.2
1780660800000,66.03,66.32,65.16,65.78,701139.6
1780664400000,65.78,66.78,64.24,64.26,1528047.8
1780668000000,64.26,65.83,63.88,65.23,1434011.3
1780671600000,65.23,65.29,63.71,64.21,1492561.7
1780675200000,64.21,65.96,63.13,65.84,2458929.4
1780678800000,65.84,66.03,64.76,65.06,556939.2
1780682400000,65.06,65.36,62.59,62.87,1547992.8
1780686000000,62.87,63.82,61.42,63.39,1814232.9
1780689600000,63.39,64.78,62.63,64.61,1251259.5
1780693200000,64.61,65.4,64.49,64.84,567721.8
1780696800000,64.84,64.86,63.75,64.36,893784.4
1780700400000,64.36,64.74,62.59,63.59,673488.8
1780704000000,63.59,64.79,63.57,64.61,389993.7
1780707600000,64.61,64.81,63.73,63.8,368280.9
1780711200000,63.8,63.89,63.21,63.46,309018.3
1780714800000,63.46,63.48,62.5,62.79,422139.2
1780718400000,62.79,63.09,60.27,60.8,1465806.7
1780722000000,60.8,62.7,60.03,62.56,1386468.7
1780725600000,62.56,63.32,62.04,62.19,697210.4
1780729200000,62.19,63.14,62.03,62.74,655297.1
1780732800000,62.74,63.56,62.48,63.12,414472.0
1780736400000,63.12,63.53,62.42,62.66,433406.7
1780740000000,62.66,62.66,61.13,61.77,1091916.6
1780743600000,61.77,62.62,61.7,62.4,452880.1
1780747200000,62.4,63.05,61.97,62.86,791335.8
1780750800000,62.86,63.01,62.12,62.39,309320.5
1780754400000,62.39,62.89,62.26,62.28,349589.2
1780758000000,62.28,62.43,61.26,62.01,845260.0
1780761600000,62.01,62.36,61.32,62.08,562419.0
1780765200000,62.08,62.24,61.4,61.57,467025.7
1780768800000,61.57,62.1,61.38,61.69,346150.6
1780772400000,61.69,62.16,61.58,61.6,368875.5
1780776000000,61.6,61.91,61.3,61.81,524475.5
1780779600000,61.81,62.33,61.78,61.87,319158.8
1780783200000,61.87,61.94,61.42,61.68,287370.7
1780786800000,61.68,62.27,61.63,62.16,151478.1
1780790400000,62.16,62.59,61.91,62.06,306528.5
1780794000000,62.06,63.82,61.99,63.63,1058372.7
1780797600000,63.63,63.75,63.03,63.51,337852.3
1780801200000,63.51,64.19,63.36,63.78,305843.1
1780804800000,63.78,64.09,63.26,64.05,286052.7
1780808400000,64.05,64.45,63.85,64.21,350925.4
1780812000000,64.21,64.94,63.98,64.8,408678.3
1780815600000,64.8,64.97,64.55,64.87,282013.9
1780819200000,64.87,65.9,64.44,65.9,693377.0
1780822800000,65.9,66.06,64.8,64.97,703805.3
1780826400000,64.97,65.03,64.38,64.6,402440.2
1780830000000,64.6,65.17,64.48,64.99,352647.9
1780833600000,64.99,65.04,63.58,64.26,1142431.8
1780837200000,64.26,64.38,64.02,64.28,311096.5
1780840800000,64.28,65.29,64.27,64.86,455780.5
1780844400000,64.86,65.19,64.58,64.92,279804.8
1780848000000,64.92,65.26,64.68,65.1,305494.9
1780851600000,65.1,65.56,65.01,65.26,351345.5
1780855200000,65.26,65.52,64.83,64.89,238871.4
1780858800000,64.89,64.91,63.55,63.89,839429.6
1780862400000,63.89,64.75,63.67,64.64,359837.1
1780866000000,64.64,64.87,64.24,64.56,169761.9
1780869600000,64.56,67.91,64.46,65.77,2932166.9
1780873200000,65.77,66.71,65.71,66.45,675925.2
1780876800000,66.45,67.06,65.97,66.68,557390.9
1780880400000,66.68,66.76,65.35,66.14,600786.7
1780884000000,66.14,66.6,66.01,66.41,284242.5
1780887600000,66.41,66.71,66.12,66.31,246192.0
1780891200000,66.31,66.37,65.31,65.37,410740.9
1780894800000,65.37,65.6,64.92,65.29,271401.5
1780898400000,65.29,65.83,65.22,65.63,217476.6
1780902000000,65.63,66.18,65.32,66.07,272075.0
1780905600000,66.07,66.07,65.4,65.58,185155.8
1780909200000,65.58,66.36,65.55,66.34,429091.4
1780912800000,66.34,66.4,65.75,66.16,304932.5
1780916400000,66.16,67.03,65.99,66.64,631026.2
1780920000000,66.64,67.31,65.95,67.23,807753.2
1780923600000,67.23,67.26,66.36,66.75,395417.2
1780927200000,66.75,67.3,66.4,67.25,457665.6
1780930800000,67.25,67.79,67.02,67.14,577947.9
1780934400000,67.14,67.73,66.85,66.91,399962.2
1780938000000,66.91,67.35,66.5,67.33,495640.0
1780941600000,67.33,67.58,67.1,67.39,285993.4
1780945200000,67.39,67.79,67.23,67.42,398517.9
1780948800000,67.42,67.49,66.9,67.45,384195.4
1780952400000,67.45,68.15,67.39,67.44,521884.0
1780956000000,67.44,67.44,66.79,67.15,379378.0
1780959600000,67.15,67.38,66.6,66.78,352636.4
1780963200000,66.78,66.84,65.23,65.38,1294002.7
1780966800000,65.38,66.02,65.34,65.94,255826.7
1780970400000,65.94,66.04,65.49,65.88,146015.0
1780974000000,65.88,66.06,65.63,65.99,165828.3
1780977600000,65.99,67.39,65.78,66.97,923922.8
1780981200000,66.97,67.37,66.68,67.16,345662.4
1780984800000,67.16,67.46,66.95,67.04,266293.8
1780988400000,67.04,67.32,66.59,66.87,329910.4
1780992000000,66.87,66.9,66.34,66.56,499829.1
1780995600000,66.56,66.8,66.04,66.13,334614.3
1780999200000,66.13,66.45,65.93,66.37,317618.9
1781002800000,66.37,66.43,65.85,66.08,381948.7
1781006400000,66.08,66.48,65.91,66.19,484294.8
1781010000000,66.19,66.35,65.55,65.81,559489.8
1781013600000,65.81,65.97,64.36,65.04,1156002.5
1781017200000,65.04,65.29,64.23,64.29,679051.1
1781020800000,64.29,64.47,63.5,64.1,1131826.7
1781024400000,64.1,65.15,64.05,64.75,744949.7
1781028000000,64.75,65.52,64.63,65.26,480891.2
1781031600000,65.26,65.63,65.01,65.38,398972.0
1781035200000,65.38,65.67,65.26,65.59,208957.5
1781038800000,65.59,65.63,64.8,64.98,268850.9
1781042400000,64.98,65.32,64.78,64.85,156673.3
1781046000000,64.85,65.14,64.66,64.94,213775.5
1781049600000,64.94,65.18,64.42,65.15,216551.4
1781053200000,65.15,65.26,64.76,65.06,158850.4
1781056800000,65.06,65.21,64.2,64.26,215759.9
1781060400000,64.26,64.84,64.23,64.48,134601.3
1781064000000,64.48,64.62,64.08,64.25,145227.3
1781067600000,64.25,64.34,63.86,64.09,266088.4
1781071200000,64.09,64.34,63.78,64.16,205365.4
1781074800000,64.16,64.73,64.1,64.46,243927.2
1781078400000,64.46,64.49,63.37,63.58,737344.6
1781082000000,63.58,63.71,63.01,63.6,588519.2
1781085600000,63.6,63.75,63.22,63.64,217118.0
1781089200000,63.64,63.73,62.88,63.46,782927.2
1781092800000,63.46,64.65,63.26,64.09,1306531.3
1781096400000,64.09,65.52,63.97,65.05,1172280.4
1781100000000,65.05,65.26,64.55,65.03,716276.8
1781103600000,65.03,65.76,64.51,65.41,852316.1
1781107200000,65.41,65.45,64.19,64.58,705024.3
1781110800000,64.58,64.97,63.56,64.01,860342.3
1781114400000,64.01,64.18,63.32,63.8,406124.5
1781118000000,63.8,63.91,63.33,63.51,349945.4
1781121600000,63.51,63.62,63.12,63.27,416674.3
1781125200000,63.27,63.27,62.3,62.54,584951.4
1781128800000,62.54,63.03,62.32,62.74,378837.0
1781132400000,62.74,63.26,62.41,63.15,323246.9
1781136000000,63.15,63.74,63.15,63.62,278178.8
1781139600000,63.62,65.21,63.62,64.9,1687550.0
1781143200000,64.9,64.99,64.35,64.52,397323.9
1781146800000,64.52,65.49,64.3,65.24,672350.5
1781150400000,65.24,65.33,64.95,65.18,240641.5
1781154000000,65.18,65.23,64.93,64.93,154792.8
1781157600000,64.93,65.41,64.79,65.08,306576.1
1781161200000,65.08,65.16,64.73,65.03,268691.5
1781164800000,65.03,65.51,65.01,65.29,259955.4
1781168400000,65.29,65.54,64.99,65.36,345549.5
1781172000000,65.36,65.64,65.25,65.48,284751.5
1781175600000,65.48,66.29,65.3,65.86,782559.2
1781179200000,65.86,65.9,64.88,65.23,988378.1
1781182800000,65.23,65.71,65.03,65.49,529221.3
1781186400000,65.49,65.75,64.95,65.32,380689.7
1781190000000,65.32,65.84,64.97,65.52,536703.9
1781193600000,65.52,65.79,65.27,65.34,276200.5
1781197200000,65.34,67.17,65.01,67.14,1609162.7
1781200800000,67.14,67.3,66.64,66.77,454351.3
1781204400000,66.77,67.36,66.57,66.9,559135.5
1781208000000,66.9,67.01,66.34,66.55,315192.8
1781211600000,66.55,67.09,66.54,66.89,231171.8
1781215200000,66.89,67.13,66.84,66.86,134831.1
1781218800000,66.86,67.08,66.66,66.88,171157.4
1781222400000,66.88,67.07,66.71,66.84,151978.4
1781226000000,66.84,66.84,66.37,66.65,394626.3
1781229600000,66.65,67.28,66.63,67.11,378235.5
1781233200000,67.11,67.14,66.64,67.0,140755.8
1781236800000,67.0,67.22,66.8,67.03,97878.3
1781240400000,67.03,67.05,66.6,66.7,212526.9
1781244000000,66.7,66.78,65.9,66.08,522931.0
1781247600000,66.08,66.44,66.08,66.27,201604.6
1781251200000,66.27,67.03,66.27,66.88,344538.2
1781254800000,66.88,67.46,66.81,67.14,348635.4
1781258400000,67.14,67.32,66.55,66.76,213716.0
1781262000000,66.76,67.08,66.75,66.89,146722.9
1781265600000,66.89,66.97,66.6,66.75,263637.9
1781269200000,66.75,66.99,66.32,66.69,649569.5
1781272800000,66.69,67.97,66.61,67.9,884493.5
1781276400000,67.9,68.8,67.12,67.2,1791854.5
1781280000000,67.2,67.97,67.04,67.97,546528.6
1781283600000,67.97,68.19,67.22,67.35,382007.9
1781287200000,67.35,67.44,66.96,67.03,283393.8
1781290800000,67.03,67.37,66.64,66.74,327460.8
1781294400000,66.74,66.8,66.47,66.65,308878.1
1781298000000,66.65,66.99,66.38,66.52,260832.0
1781301600000,66.52,66.72,66.4,66.59,135260.8
1781305200000,66.59,66.79,66.43,66.78,136749.0
1781308800000,66.78,67.05,66.72,66.94,139585.0
1781312400000,66.94,67.47,66.94,67.4,227193.6
1781316000000,67.4,67.47,66.8,66.93,240670.0
1781319600000,66.93,67.02,66.64,66.84,116159.1
1781323200000,66.84,66.94,66.59,66.62,102338.8
1781326800000,66.62,66.84,66.5,66.74,215454.1
1781330400000,66.74,67.2,66.62,67.11,176020.5
1781334000000,67.11,67.49,66.92,67.32,460948.2
1781337600000,67.32,67.53,67.22,67.29,304291.2
1781341200000,67.29,67.5,67.25,67.32,116698.7
1781344800000,67.32,67.59,67.3,67.4,122524.8
1781348400000,67.4,67.91,67.34,67.87,296829.4
1781352000000,67.87,68.04,67.74,67.92,224213.1
1781355600000,67.92,68.31,67.78,67.97,330463.9
1781359200000,67.97,68.39,67.94,68.25,217797.9
1781362800000,68.25,68.69,68.14,68.56,630281.6
1781366400000,68.56,68.59,67.78,68.05,600664.2
1781370000000,68.05,68.24,67.78,67.94,344237.8
1781373600000,67.94,68.33,67.92,68.08,139862.5
1781377200000,68.08,68.36,67.97,68.19,121552.7
1781380800000,68.19,68.24,68.0,68.23,62915.9
1781384400000,68.23,69.69,68.18,69.22,885950.7
1781388000000,69.22,69.24,68.84,68.85,254473.6
1781391600000,68.85,69.16,68.74,68.89,195308.2
1781395200000,68.89,68.89,68.6,68.72,128924.0
1781398800000,68.72,69.06,68.58,68.76,172206.9
1781402400000,68.76,69.04,68.66,68.77,102858.3
1781406000000,68.77,69.0,68.71,68.92,143729.0
1781409600000,68.92,68.98,68.39,68.49,283002.4
1781413200000,68.49,68.56,67.99,68.22,365030.7
1781416800000,68.22,68.46,68.07,68.16,157369.1
1781420400000,68.16,68.25,68.01,68.19,152141.3
1781424000000,68.19,68.32,68.08,68.22,105172.7
1781427600000,68.22,68.46,67.87,68.45,206062.7
1781431200000,68.45,68.48,68.1,68.1,177264.8
1781434800000,68.1,68.31,67.98,68.05,105923.7
1781438400000,68.05,68.12,67.66,67.73,210294.6
1781442000000,67.73,67.84,67.45,67.72,488332.2
1781445600000,67.72,67.79,66.91,67.23,510916.1
1781449200000,67.23,67.51,67.22,67.39,255302.5
1781452800000,67.39,67.7,67.37,67.44,187564.3
1781456400000,67.44,67.69,67.25,67.3,156114.5
1781460000000,67.3,67.44,67.14,67.36,102859.7
1781463600000,67.36,67.7,67.3,67.52,101464.8
1781467200000,67.52,68.03,67.4,67.74,251308.7
1781470800000,67.74,70.54,67.74,70.12,1679052.2
1781474400000,70.12,70.72,69.62,70.39,913686.2
1781478000000,70.39,71.26,70.12,71.23,583833.5
1781481600000,71.23,71.67,70.91,71.1,749971.1
1781485200000,71.1,71.32,70.65,70.98,309513.0
1781488800000,70.98,71.56,70.87,70.95,199372.2
1781492400000,70.95,71.35,70.88,71.21,183327.5
1781496000000,71.21,71.25,70.85,70.89,119220.4
1781499600000,70.89,71.28,70.78,71.17,157890.7
1781503200000,71.17,71.48,71.07,71.31,185534.8
1781506800000,71.31,71.5,71.08,71.24,238914.5
1781510400000,71.24,71.61,71.14,71.25,285817.2
1781514000000,71.25,71.43,70.74,71.18,289198.8
1781517600000,71.18,72.13,71.15,71.84,665091.5
1781521200000,71.84,72.85,71.61,72.57,946541.4
1781524800000,72.57,72.98,72.29,72.81,557141.0
1781528400000,72.81,74.22,72.67,73.6,1402068.6
1781532000000,73.6,73.94,73.18,73.77,585104.2
1781535600000,73.77,75.22,73.72,75.21,899728.2
1781539200000,75.21,76.06,74.91,75.44,809882.8
1781542800000,75.44,75.44,74.63,75.25,777060.6
1781546400000,75.25,75.65,75.08,75.25,438028.3
1781550000000,75.25,75.77,74.52,75.24,514598.1
1781553600000,75.24,75.41,74.74,74.91,304766.7
1781557200000,74.91,74.99,74.36,74.41,280031.3
1781560800000,74.41,74.57,73.6,73.75,515784.1
1781564400000,73.75,74.04,73.57,73.94,173929.8
1781568000000,73.94,74.36,73.82,74.0,316925.4
1781571600000,74.0,74.31,73.8,73.83,172729.1
1781575200000,73.83,73.84,72.73,73.0,581292.1
1781578800000,73.0,73.77,72.82,73.7,445203.6
1781582400000,73.7,73.89,73.15,73.32,360281.1
1781586000000,73.32,73.79,73.32,73.61,199102.7
1781589600000,73.61,74.29,73.61,74.12,280447.7
1781593200000,74.12,74.52,74.07,74.42,328760.7
1781596800000,74.42,75.61,74.3,75.35,614499.4
1781600400000,75.35,75.41,74.77,74.82,386463.5
1781604000000,74.82,75.07,74.63,74.67,242611.1
1781607600000,74.67,74.86,74.34,74.64,297031.1
1781611200000,74.64,75.51,74.43,74.9,526669.0
1781614800000,74.9,74.94,73.83,73.95,613880.5
1781618400000,73.95,74.28,72.28,72.93,1179059.4
1781622000000,72.93,73.63,72.83,73.24,475030.9
1781625600000,73.24,73.45,72.94,73.05,262539.5
1781629200000,73.05,73.79,73.0,73.63,415200.3
1781632800000,73.63,74.31,73.53,73.97,563733.5
1781636400000,73.97,74.2,73.45,73.8,297237.7
1781640000000,73.8,74.23,73.63,74.11,202008.2
1781643600000,74.11,74.17,73.69,73.9,131317.3
1781647200000,73.9,74.07,73.56,73.79,101387.7
1781650800000,73.79,73.93,73.38,73.48,137051.7
1781654400000,73.48,73.74,73.26,73.32,157417.7
1781658000000,73.32,73.96,73.11,73.89,256685.7
1781661600000,73.89,74.44,73.64,74.01,348468.0
1781665200000,74.01,74.02,73.49,73.65,120310.5
1781668800000,73.65,74.08,73.54,73.8,109982.3
1781672400000,73.8,73.97,73.39,73.61,137064.8
1781676000000,73.61,73.8,73.12,73.38,197292.5
1781679600000,73.38,73.58,72.91,73.21,533393.3
1781683200000,73.21,73.24,72.11,72.3,564672.3
1781686800000,72.3,72.63,72.26,72.49,246736.5
1781690400000,72.49,72.65,72.05,72.09,172940.3
1781694000000,72.09,72.2,71.67,71.98,471581.0
1781697600000,71.98,72.31,71.55,72.29,447735.0
1781701200000,72.29,72.72,72.09,72.37,584036.2
1781704800000,72.37,72.62,71.78,72.34,563631.5
1781708400000,72.34,73.86,72.31,73.78,710946.0
1781712000000,73.78,74.67,73.67,73.75,801008.6
1781715600000,73.75,74.33,73.43,74.17,456268.2
1781719200000,74.17,74.36,72.14,73.46,1759832.7
1781722800000,73.46,73.68,71.33,71.61,1287437.9
1781726400000,71.61,72.2,71.5,72.16,555110.2
1781730000000,72.16,72.18,71.31,71.58,243456.5
1781733600000,71.58,71.9,70.77,71.65,516154.5
1781737200000,71.65,72.09,71.63,71.99,182671.1
1781740800000,71.99,72.45,71.96,72.17,264851.1
1781744400000,72.17,72.59,72.04,72.18,133885.0
1781748000000,72.18,72.63,72.07,72.49,165063.0
1781751600000,72.49,72.5,71.47,71.6,323179.4
1781755200000,71.6,71.67,70.86,71.01,308428.2
1781758800000,71.01,71.09,70.58,71.08,278461.7
1781762400000,71.08,71.36,70.94,71.29,194734.0
1781766000000,71.29,71.8,71.11,71.72,220778.9
1781769600000,71.72,72.02,71.59,71.82,235417.0
1781773200000,71.82,72.12,71.69,71.8,193191.7
1781776800000,71.8,71.82,71.04,71.35,392348.7
1781780400000,71.35,71.52,70.67,70.89,338596.9
1781784000000,70.89,71.58,70.83,71.51,237231.6
1781787600000,71.51,71.78,70.65,70.99,640824.1
1781791200000,70.99,71.69,70.66,71.04,664243.3
1781794800000,71.04,71.07,68.35,68.44,2301255.2
1781798400000,68.44,69.09,68.37,69.03,725970.5
1781802000000,69.03,69.13,68.47,68.61,482936.1
1781805600000,68.61,68.98,68.19,68.63,480824.1
1781809200000,68.63,69.49,68.54,69.35,443443.6
1781812800000,69.35,69.93,69.35,69.78,272393.9
1781816400000,69.78,69.87,69.36,69.53,251248.6
1781820000000,69.53,69.66,69.22,69.47,151672.3
1781823600000,69.47,69.75,69.24,69.67,140273.4
1781827200000,69.67,69.85,69.52,69.76,79157.4
1781830800000,69.76,70.0,69.5,69.9,189096.8
1781834400000,69.9,70.05,69.38,69.64,174126.7
1781838000000,69.64,69.71,68.53,69.01,670719.6
1781841600000,69.01,69.24,68.12,68.3,322750.5
1781845200000,68.3,68.71,68.27,68.66,204452.3
1781848800000,68.66,68.8,68.39,68.71,204587.2
1781852400000,68.71,68.72,67.92,68.33,312107.0
1781856000000,68.33,68.71,68.19,68.64,196602.9
1781859600000,68.64,68.72,68.17,68.28,213210.1
1781863200000,68.28,68.42,68.0,68.28,271022.7
1781866800000,68.28,68.45,68.06,68.2,165460.9
1781870400000,68.2,68.68,67.86,68.57,453099.6
1781874000000,68.57,69.54,68.35,69.23,758376.8
1781877600000,69.23,69.45,68.79,69.09,328028.5
1781881200000,69.09,69.5,68.89,69.29,310058.3
1781884800000,69.29,69.53,68.65,68.67,286604.4
1781888400000,68.67,69.48,68.58,69.28,271171.9
1781892000000,69.28,69.33,68.76,69.01,113867.1
1781895600000,69.01,69.11,68.73,68.92,111093.5
1781899200000,68.92,69.27,68.67,69.22,151027.2
1781902800000,69.22,69.27,68.85,68.96,109229.3
1781906400000,68.96,69.4,68.93,69.37,129209.7
1781910000000,69.37,69.87,69.18,69.69,317537.9
1781913600000,69.69,70.11,69.57,69.59,360654.9
1781917200000,69.59,69.9,69.51,69.76,92491.3
1781920800000,69.76,69.83,69.45,69.61,70578.4
1781924400000,69.61,70.08,69.57,69.96,122936.7
1781928000000,69.96,71.05,69.82,70.83,510896.3
1781931600000,70.83,72.49,70.66,71.75,1155351.1
1781935200000,71.75,72.36,71.67,72.07,440100.9
1781938800000,72.07,72.1,71.41,71.55,343282.1
1781942400000,71.55,71.63,71.24,71.32,300750.6
1781946000000,71.32,71.6,71.18,71.52,172874.7
1781949600000,71.52,71.7,71.38,71.65,172781.1
1781953200000,71.65,72.06,71.4,71.75,249608.3
1781956800000,71.75,71.9,71.37,71.51,199727.7
1781960400000,71.51,71.56,70.72,71.16,525677.6
1781964000000,71.16,72.19,70.41,71.91,781994.3
1781967600000,71.91,72.62,71.6,72.01,681583.7
1781971200000,72.01,72.04,71.31,71.65,252041.9
1781974800000,71.65,71.66,71.06,71.53,242464.3
1781978400000,71.53,71.97,71.5,71.73,309517.5
1781982000000,71.73,71.91,71.58,71.84,121651.1
1781985600000,71.84,72.08,71.68,71.99,103991.8
1781989200000,71.99,72.43,71.93,72.38,261426.9
1781992800000,72.38,74.28,72.33,73.53,1153455.4
1781996400000,73.53,73.61,73.17,73.19,193226.9
1782000000000,73.19,73.25,73.0,73.17,157283.7
1782003600000,73.17,73.28,72.85,73.15,167841.4
1782007200000,73.15,73.36,73.03,73.29,93736.2
1782010800000,73.29,73.83,73.08,73.58,270255.8
1782014400000,73.58,73.82,73.35,73.41,154446.7
1782018000000,73.41,73.48,72.96,73.04,345913.2
1782021600000,73.04,73.33,73.0,73.19,156822.0
1782025200000,73.19,73.43,73.09,73.18,221023.4
1782028800000,73.18,73.22,72.68,73.12,317737.0
1782032400000,73.12,74.11,73.05,74.02,453369.2
1782036000000,74.02,74.37,73.83,73.86,382217.2
1782039600000,73.86,73.99,73.04,73.16,435598.5
1782043200000,73.16,73.66,72.88,73.59,531950.6
1782046800000,73.59,73.92,73.44,73.9,513839.1
1782050400000,73.9,74.14,73.61,74.08,271446.6
1782054000000,74.08,74.29,73.86,74.12,310417.6
1782057600000,74.12,74.68,73.78,74.3,474091.6
1782061200000,74.3,74.61,74.01,74.22,451587.7
1782064800000,74.22,74.43,73.82,74.19,265619.5
1782068400000,74.19,74.45,74.07,74.38,94376.6
1782072000000,74.38,74.54,73.3,73.41,370519.1
1782075600000,73.41,73.43,72.25,73.1,983590.2
1782079200000,73.1,73.24,72.58,73.01,466625.9
1782082800000,73.01,73.06,72.23,72.42,456621.5
1782086400000,72.42,73.56,72.41,73.33,385730.5
1782090000000,73.33,74.96,73.21,74.34,821760.8
1782093600000,74.34,74.42,73.73,73.79,196713.4
1782097200000,73.79,74.02,73.24,73.48,328415.5
1782100800000,73.48,73.87,73.31,73.83,210918.2
1782104400000,73.83,74.12,73.75,73.92,193894.9
1782108000000,73.92,74.19,73.51,73.67,172755.4
1782111600000,73.67,74.46,73.64,74.07,385236.2
1782115200000,74.07,74.3,73.67,73.86,322115.9
1782118800000,73.86,73.99,73.53,73.76,202881.7
1782122400000,73.76,74.0,73.56,73.73,136158.3
1782126000000,73.73,74.42,73.6,74.16,552221.8
1782129600000,74.16,74.55,73.98,74.38,522994.4
1782133200000,74.38,74.94,74.2,74.93,875014.2
1782136800000,74.93,74.96,73.14,73.4,1186490.2
1782140400000,73.4,73.75,72.93,73.09,746416.3
1782144000000,73.09,73.17,72.48,72.91,829599.3
1782147600000,72.91,73.29,72.59,73.25,305002.4
1782151200000,73.25,73.53,72.52,72.6,633828.1
1782154800000,72.6,72.76,72.4,72.65,406667.9
1782158400000,72.65,72.91,72.43,72.78,201607.0
1782162000000,72.78,72.83,72.18,72.69,296475.1
1782165600000,72.69,72.91,71.14,72.05,1498324.7
1782169200000,72.05,72.1,71.76,71.9,237788.8
1782172800000,71.9,71.96,71.41,71.83,225716.2
1782176400000,71.83,71.98,71.25,71.66,221543.7
1782180000000,71.66,72.01,71.48,71.95,223714.2
1782183600000,71.95,71.96,71.66,71.95,170800.5
1782187200000,71.95,72.0,71.33,71.41,182778.3
1782190800000,71.41,71.55,70.88,70.98,420797.4
1782194400000,70.98,71.03,69.61,70.27,1472966.8
1782198000000,70.27,70.52,69.93,69.97,311088.3
1782201600000,69.97,70.08,68.05,68.64,1972010.5
1782205200000,68.64,69.01,68.61,68.87,456212.3
1782208800000,68.87,69.18,68.55,68.77,293379.5
1782212400000,68.77,69.29,68.77,69.26,320690.0
1782216000000,69.26,69.33,68.81,68.92,234285.9
1782219600000,68.92,69.34,68.58,69.16,1007799.9
1782223200000,69.16,69.63,69.0,69.15,935322.7
1782226800000,69.15,69.16,68.33,68.87,486160.8
1782230400000,68.87,69.36,68.74,68.84,373016.1
1782234000000,68.84,69.15,68.58,68.72,260786.3
1782237600000,68.72,68.99,68.63,68.85,306993.4
1782241200000,68.85,69.06,68.68,68.79,212654.3
1782244800000,68.79,69.02,68.79,68.97,141792.6
1782248400000,68.97,69.28,68.93,69.23,137392.2
1782252000000,69.23,69.79,69.19,69.51,414270.0
1782255600000,69.51,69.78,69.25,69.66,228459.2
1782259200000,69.66,70.08,69.54,69.94,368242.9
1782262800000,69.94,70.35,69.61,70.03,277793.4
1782266400000,70.03,70.1,69.37,69.41,345960.2
1782270000000,69.41,69.72,69.04,69.51,242684.9
1782273600000,69.51,69.64,68.94,69.52,254376.3
1782277200000,69.52,70.17,69.47,69.89,280294.0
1782280800000,69.89,69.99,69.64,69.69,159335.3
1782284400000,69.69,69.74,69.22,69.33,239761.2
1782288000000,69.33,69.58,69.18,69.43,188504.2
1782291600000,69.43,69.5,69.15,69.27,205503.5
1782295200000,69.27,69.3,68.89,69.0,258493.4
1782298800000,69.0,70.42,68.73,69.78,812831.8
1782302400000,69.78,69.89,69.37,69.41,231888.7
1782306000000,69.41,69.46,68.33,68.84,1641573.6
1782309600000,68.84,69.4,68.55,68.81,860319.0
1782313200000,68.81,68.84,67.2,67.28,1293799.4
1782316800000,67.28,67.98,66.25,66.49,1855967.2
1782320400000,66.49,66.88,64.66,64.93,1769133.2
1782324000000,64.93,66.44,64.77,65.98,857354.6
1782327600000,65.98,66.33,65.49,66.09,668217.0
1782331200000,66.09,67.98,65.95,67.64,1261742.3
1782334800000,67.64,68.08,67.17,68.03,511746.5
1782338400000,68.03,68.52,67.65,67.8,484244.5
1782342000000,67.8,68.16,67.71,68.07,126281.0
1782345600000,68.07,68.28,67.51,67.67,287537.6
1782349200000,67.67,67.97,67.36,67.83,239284.6
1782352800000,67.83,67.9,67.55,67.69,112445.2
1782356400000,67.69,67.81,67.41,67.63,265370.8
1782360000000,67.63,68.5,67.43,68.44,542080.2
1782363600000,68.44,69.27,68.32,69.0,669405.2
1782367200000,69.0,69.63,68.97,69.44,459872.7
1782370800000,69.44,69.55,69.2,69.41,240309.4
1782374400000,69.41,69.42,68.96,69.02,413110.2
1782378000000,69.02,69.17,68.76,68.8,258569.9
1782381600000,68.8,68.86,68.09,68.27,531538.8
1782385200000,68.27,68.4,67.95,68.13,333698.6
1782388800000,68.13,68.88,67.73,68.26,751291.9
1782392400000,68.26,68.42,63.96,64.19,2646404.9
1782396000000,64.19,67.12,64.18,66.32,2947211.2
1782399600000,66.32,66.36,65.18,66.27,1038260.8
1782403200000,66.27,67.02,65.6,65.92,660942.1
1782406800000,65.92,67.33,65.77,67.11,765553.3
1782410400000,67.11,67.13,65.88,66.15,701351.3
1782414000000,66.15,66.19,65.6,66.16,569599.0
1782417600000,66.16,66.77,66.03,66.24,522062.8
1782421200000,66.24,67.28,66.23,67.26,440022.7
1782424800000,67.26,67.32,66.92,67.13,270080.0
1782428400000,67.13,68.79,66.96,67.68,737027.4
1782432000000,67.68,68.06,67.52,67.7,293968.3
1782435600000,67.7,67.88,67.11,67.27,289512.6
1782439200000,67.27,67.32,65.87,66.17,973590.2
1782442800000,66.17,68.48,65.87,68.18,1022095.2
1782446400000,68.18,68.38,67.93,68.04,465742.0
1782450000000,68.04,68.45,67.95,68.34,272096.4
1782453600000,68.34,70.02,67.97,69.98,1477547.1
1782457200000,69.98,71.0,69.9,70.75,1193755.8
1782460800000,70.75,70.86,69.68,69.91,734908.8
1782464400000,69.91,69.93,68.82,68.98,816099.9
1782468000000,68.98,69.23,68.62,68.76,671040.2
1782471600000,68.76,69.1,68.37,68.59,390772.9
1782475200000,68.59,69.72,68.34,68.84,694883.0
1782478800000,68.84,70.94,68.2,70.68,1507238.1
1782482400000,70.68,71.99,70.19,70.44,1836176.7
1782486000000,70.44,72.24,70.28,72.04,1073428.7
1782489600000,72.04,73.54,71.97,72.46,1539252.0
1782493200000,72.46,72.86,72.15,72.54,541540.5
1782496800000,72.54,73.07,72.34,72.58,414187.5
1782500400000,72.58,73.91,72.45,72.99,893168.3
1782504000000,72.99,73.67,72.02,72.15,1742536.8
1782507600000,72.15,72.4,71.77,71.94,377551.1
1782511200000,71.94,72.06,71.2,71.78,699751.6
1782514800000,71.78,71.98,71.64,71.86,180421.9
1782518400000,71.86,72.56,71.52,71.77,670000.5
1782522000000,71.77,71.78,71.3,71.4,154023.3
1782525600000,71.4,72.23,71.35,72.08,275726.3
1782529200000,72.08,72.37,71.78,72.21,210234.5
1782532800000,72.21,72.55,71.83,71.88,283890.8
1782536400000,71.88,71.98,71.47,71.76,202935.0
1782540000000,71.76,72.29,71.58,72.09,613016.8
1782543600000,72.09,72.32,71.96,72.27,193397.7
1782547200000,72.27,72.3,71.82,71.99,203843.8
1782550800000,71.99,72.07,71.66,71.83,138553.6
1782554400000,71.83,72.01,71.79,71.98,127932.1
1782558000000,71.98,72.04,71.49,71.77,161257.8
1782561600000,71.77,72.14,71.61,72.12,151822.6
1782565200000,72.12,72.58,72.08,72.31,183220.6
1782568800000,72.31,72.87,72.17,72.67,219887.9
1782572400000,72.67,73.17,72.57,72.81,477399.4
1782576000000,72.81,73.0,72.6,72.61,188939.0
1782579600000,72.61,72.61,71.85,71.98,707846.9
1782583200000,71.98,72.14,71.7,71.88,415312.2
1782586800000,71.88,71.97,70.89,71.07,866582.0
1782590400000,71.07,71.32,71.04,71.28,126814.2
1782594000000,71.28,71.6,70.75,70.93,302432.0
1782597600000,70.93,71.06,70.19,71.05,425771.3
1782601200000,71.05,71.12,70.39,70.46,313808.5
1782604800000,70.46,70.77,70.41,70.67,156115.8
1782608400000,70.67,70.88,70.37,70.79,199124.7
1782612000000,70.79,70.97,70.44,70.68,141287.5
1782615600000,70.68,70.94,70.68,70.82,106048.3
1782619200000,70.82,70.95,70.5,70.72,94916.9
1782622800000,70.72,70.72,70.11,70.48,300096.2
1782626400000,70.48,70.54,70.13,70.41,128012.0
1782630000000,70.41,71.05,70.4,71.04,237060.6
1782633600000,71.04,72.18,71.01,71.89,852878.4
1782637200000,71.89,72.03,71.44,71.49,226258.6
1782640800000,71.49,71.57,71.07,71.44,205914.0
1782644400000,71.44,71.99,71.38,71.88,236011.6
1782648000000,71.88,72.39,71.6,71.83,219187.6
1782651600000,71.83,72.07,71.28,71.7,281349.9
1782655200000,71.7,72.17,71.6,71.6,132681.3
1782658800000,71.6,72.09,71.41,72.06,255118.6
1782662400000,72.06,72.11,71.1,71.52,631634.3
1782666000000,71.52,71.95,70.92,71.51,421362.1
1782669600000,71.51,71.7,70.94,71.13,198290.0
1782673200000,71.13,71.28,70.18,70.69,635171.5
1782676800000,70.69,71.26,70.6,70.87,299097.6
1782680400000,70.87,71.03,70.19,70.42,316993.6
1782684000000,70.42,71.49,69.65,70.2,858389.1
1782687600000,70.2,71.76,70.09,71.36,643699.9
1782691200000,71.36,71.68,70.27,71.62,872793.9
1782694800000,71.62,71.68,70.91,71.45,294247.8
1782698400000,71.45,72.21,70.45,72.17,757573.5
1782702000000,72.17,73.35,72.15,72.65,789995.4
1782705600000,72.65,72.67,71.59,71.65,487599.4
1782709200000,71.65,72.32,70.96,72.28,599601.0
1782712800000,72.28,73.11,72.16,72.36,751307.2
1782716400000,72.36,72.92,72.05,72.69,293549.6
1782720000000,72.69,72.99,72.35,72.69,346659.5
1782723600000,72.69,73.14,72.55,72.88,277437.0
1782727200000,72.88,73.64,72.88,73.2,383963.4
1782730800000,73.2,73.24,72.19,72.48,443058.7
1782734400000,72.48,74.53,72.09,73.46,1492075.5
1782738000000,73.46,74.31,72.71,73.7,1673410.3
1782741600000,73.7,73.92,72.24,73.7,1480591.1
1782745200000,73.7,74.43,72.73,73.88,1375431.9
1782748800000,73.88,74.14,72.84,74.0,721562.3
1782752400000,74.0,76.46,73.98,75.26,1794884.1
1782756000000,75.26,75.81,75.11,75.56,429126.1
1782759600000,75.56,76.21,75.35,75.96,491205.7
1782763200000,75.96,75.99,75.22,75.34,291096.9
1782766800000,75.34,75.76,75.19,75.49,165321.0
1782770400000,75.49,75.62,75.01,75.24,219147.6
1782774000000,75.24,75.4,74.86,75.13,222783.2
1782777600000,75.13,75.18,74.14,74.39,516551.5
1782781200000,74.39,74.64,74.02,74.38,255049.8
1782784800000,74.38,74.86,74.0,74.57,266572.4
1782788400000,74.57,74.86,74.1,74.15,242774.9
1782792000000,74.15,74.23,73.61,73.97,811983.3
1782795600000,73.97,74.19,73.8,74.19,168720.2
1782799200000,74.19,74.21,73.86,74.1,152739.7
1782802800000,74.1,74.2,73.79,74.12,286639.1
1782806400000,74.12,74.19,73.3,73.59,787722.9
1782810000000,73.59,73.84,73.49,73.76,217367.1
1782813600000,73.76,73.86,73.45,73.66,150543.9
1782817200000,73.66,73.74,73.3,73.36,246508.9
1782820800000,73.36,73.38,72.0,72.05,1109496.5
1782824400000,72.05,72.9,71.86,72.83,1008810.7
1782828000000,72.83,73.89,72.7,72.91,1284396.1
1782831600000,72.91,74.18,72.55,73.1,1444896.1
1782835200000,73.1,73.71,72.69,73.49,648673.2
1782838800000,73.49,73.91,73.13,73.15,261059.1
1782842400000,73.15,73.79,72.89,73.57,345361.4
1782846000000,73.57,73.97,73.33,73.72,319703.8
1782849600000,73.72,73.93,73.51,73.66,244579.6
1782853200000,73.66,73.77,73.14,73.47,313378.2
1782856800000,73.47,73.73,73.24,73.39,129569.5
1782860400000,73.39,73.68,73.28,73.63,70624.0
1782864000000,73.63,73.84,73.32,73.61,170203.3
1782867600000,73.61,74.33,72.21,73.93,915171.3
1782871200000,73.93,75.01,73.77,74.76,606271.4
1782874800000,74.76,75.68,74.33,75.45,643673.4
1782878400000,75.45,75.86,75.22,75.55,363621.6
1782882000000,75.55,75.76,75.12,75.21,345192.9
1782885600000,75.21,75.27,73.92,74.28,823051.1
1782889200000,74.28,74.94,74.05,74.85,374119.6
1782892800000,74.85,75.49,74.43,75.41,474008.4
1782896400000,75.41,75.55,74.99,75.41,590384.7
1782900000000,75.41,75.53,74.93,74.95,265871.9
1782903600000,74.95,75.28,74.59,74.78,424860.5
1782907200000,74.78,74.93,74.21,74.54,553411.3
1782910800000,74.54,76.16,74.53,76.0,1386446.4
1782914400000,76.0,77.26,75.62,76.95,1700519.2
1782918000000,76.95,77.8,76.81,77.4,745893.1
1782921600000,77.4,78.22,76.87,77.14,830887.4
1782925200000,77.14,77.91,76.81,77.72,424974.4
1782928800000,77.72,77.9,77.25,77.38,371765.2
1782932400000,77.38,77.64,76.73,76.96,606132.6
1782936000000,76.96,77.47,76.55,77.39,491356.3
1782939600000,77.39,78.68,77.38,78.37,685651.3
1782943200000,78.37,78.94,77.74,77.83,581530.2
1782946800000,77.83,77.85,77.22,77.41,396852.8
1782950400000,77.41,77.43,76.85,77.22,370461.1
1782954000000,77.22,78.69,77.17,78.16,421887.9
1782957600000,78.16,78.58,77.76,78.39,183663.1
1782961200000,78.39,78.98,77.91,78.68,478495.8
1782964800000,78.68,78.69,78.02,78.24,232266.9
1782968400000,78.24,78.35,77.73,78.06,170424.7
1782972000000,78.06,78.61,77.71,77.85,325738.4
1782975600000,77.85,78.17,77.54,77.96,273664.3
1782979200000,77.96,78.47,77.91,78.42,205961.0
1782982800000,78.42,79.77,78.24,79.44,886129.5
1782986400000,79.44,82.19,79.38,82.06,1805099.0
1782990000000,82.06,82.74,81.48,82.35,1160273.7
1782993600000,82.35,82.43,81.06,81.36,1033377.1
1782997200000,81.36,82.03,80.66,81.48,813804.0
1783000800000,81.48,81.49,80.06,80.49,1102467.5
1783004400000,80.49,80.87,80.03,80.81,334698.9
1783008000000,80.81,81.08,80.11,80.51,557886.9
1783011600000,80.51,81.21,80.46,80.58,392945.2
1783015200000,80.58,81.21,80.58,80.97,302523.9
1783018800000,80.97,81.28,80.75,80.77,270327.7
1783022400000,80.77,81.06,80.54,80.98,191061.3
1783026000000,80.98,81.13,80.44,80.74,137583.4
1783029600000,80.74,80.86,80.35,80.61,171354.1
1783033200000,80.61,80.73,80.45,80.68,123253.9
1783036800000,80.68,80.89,80.46,80.71,299985.3
1783040400000,80.71,81.64,80.66,81.44,407421.6
1783044000000,81.44,81.64,80.63,80.76,260764.7
1783047600000,80.76,80.97,80.28,80.68,243607.5
1783051200000,80.68,80.77,80.43,80.47,113698.0
1783054800000,80.47,81.22,80.43,81.12,172479.8
1783058400000,81.12,81.34,80.69,80.91,198301.4
1783062000000,80.91,81.49,80.77,81.19,215163.4
1783065600000,81.19,81.55,80.79,80.88,284001.2
1783069200000,80.88,81.27,80.61,80.98,180623.4
1783072800000,80.98,81.84,80.83,81.51,368254.9
1783076400000,81.51,81.65,81.2,81.51,367547.8
1783080000000,81.51,81.73,81.17,81.49,185418.9
1783083600000,81.49,81.82,81.38,81.56,224520.3
1783087200000,81.56,81.78,80.86,81.64,490099.0
1783090800000,81.64,82.09,81.08,81.16,382416.9
1783094400000,81.16,81.53,81.01,81.49,173160.4
1783098000000,81.49,81.95,81.41,81.74,210202.6
1783101600000,81.74,82.37,81.59,82.08,256698.9
1783105200000,82.08,83.25,82.03,82.45,634280.0
1783108800000,82.45,82.98,82.19,82.68,401444.6
1783112400000,82.68,83.01,82.09,82.61,334455.1
1783116000000,82.61,82.65,82.21,82.31,133422.5
1783119600000,82.31,82.45,82.12,82.31,105937.4
1783123200000,82.31,82.7,82.22,82.36,189006.9
1783126800000,82.36,82.36,81.75,81.91,241211.3
1783130400000,81.91,82.38,81.86,82.15,154319.3
1783134000000,82.15,82.84,82.01,82.68,254174.9
1783137600000,82.68,83.95,82.62,83.45,534560.9
1783141200000,83.45,83.45,82.85,83.34,277335.9
1783144800000,83.34,83.57,82.45,82.52,322521.0
1783148400000,82.52,82.8,82.23,82.67,221526.3
1783152000000,82.67,82.74,82.21,82.28,207629.8
1783155600000,82.28,82.29,81.55,81.71,444097.0
1783159200000,81.71,81.9,81.37,81.6,235605.6
1783162800000,81.6,81.89,81.5,81.78,166657.5
1783166400000,81.78,81.96,81.25,81.55,276021.6
1783170000000,81.55,81.87,81.35,81.61,194146.8
1783173600000,81.61,81.84,81.51,81.77,130559.7
1783177200000,81.77,82.37,81.68,82.18,425775.7
1783180800000,82.18,82.36,81.93,82.18,197783.3
1783184400000,82.18,82.79,81.84,82.49,399326.1
1783188000000,82.49,82.59,82.06,82.24,176006.4
1783191600000,82.24,82.3,81.65,81.82,210308.2
1783195200000,81.82,82.14,81.52,81.92,161872.5
1783198800000,81.92,82.19,81.79,81.95,83580.9
1783202400000,81.95,82.0,81.75,81.89,59988.1
1783206000000,81.89,81.89,81.4,81.74,154268.8
1783209600000,81.74,81.77,81.08,81.27,262254.4
1783213200000,81.27,81.43,80.48,80.8,473820.9
1783216800000,80.8,80.85,80.14,80.33,395873.4
1783220400000,80.33,80.56,80.3,80.51,132265.2
1783224000000,80.51,80.82,80.35,80.54,198684.5
1783227600000,80.54,80.54,80.18,80.41,152310.4
1783231200000,80.41,80.6,80.28,80.55,144703.7
1783234800000,80.55,80.71,80.33,80.66,165950.6
1783238400000,80.66,80.82,80.4,80.44,129633.8
1783242000000,80.44,80.5,79.64,79.87,673517.8
1783245600000,79.87,80.42,79.7,80.4,210110.0
1783249200000,80.4,80.6,80.32,80.51,190407.2
1783252800000,80.51,81.24,80.31,80.7,605330.7
1783256400000,80.7,81.18,80.62,81.18,270100.6
1783260000000,81.18,81.55,80.97,81.4,335991.4
1783263600000,81.4,81.73,81.06,81.31,274912.4
1783267200000,81.31,81.47,80.85,81.04,246240.6
1783270800000,81.04,81.32,80.96,81.08,144253.5
1783274400000,81.08,81.22,80.94,80.95,64690.3
1783278000000,80.95,81.08,80.77,80.99,152807.3
1783281600000,80.99,81.13,80.9,81.03,57453.4
1783285200000,81.03,82.25,80.73,81.74,728737.2
1783288800000,81.74,82.4,81.6,81.8,496852.2
1783292400000,81.8,82.07,81.41,81.56,176704.9
1783296000000,81.56,82.23,81.08,82.19,290024.0
1783299600000,82.19,82.32,81.43,81.5,251249.4
1783303200000,81.5,81.66,80.73,80.97,386788.7
1783306800000,80.97,81.02,80.41,80.76,259302.3
1783310400000,80.76,80.96,80.67,80.77,125472.9
1783314000000,80.77,80.78,80.09,80.37,268477.3
1783317600000,80.37,80.48,80.21,80.3,112818.7
1783321200000,80.3,80.99,80.22,80.77,291953.2
1783324800000,80.77,81.05,80.25,80.44,192060.4
1783328400000,80.44,80.45,80.01,80.05,198821.0
1783332000000,80.05,80.71,80.02,80.63,266294.9
1783335600000,80.63,80.96,80.32,80.34,271496.1
1783339200000,80.34,80.6,79.24,79.42,1519238.8
1783342800000,79.42,80.89,79.19,80.14,1348196.9
1783346400000,80.14,80.76,79.81,80.26,610873.4
1783350000000,80.26,81.52,80.25,81.45,699939.7
1783353600000,81.45,82.39,81.22,82.06,710760.4
1783357200000,82.06,82.15,81.4,81.61,383850.1
1783360800000,81.61,82.27,81.27,81.94,366552.7
1783364400000,81.94,82.15,81.75,82.02,167220.0
1783368000000,82.02,82.21,81.62,82.05,166072.6
1783371600000,82.05,83.77,82.01,82.8,1414124.7
1783375200000,82.8,82.85,82.22,82.3,218837.4
1783378800000,82.3,82.4,81.88,81.93,195100.5
1783382400000,81.93,82.47,81.8,82.34,313042.8
1783386000000,82.34,82.34,81.78,81.88,210901.4
1783389600000,81.88,81.96,81.25,81.32,249963.6
1783393200000,81.32,81.44,80.93,81.02,242134.5
1783396800000,81.02,81.06,80.58,80.88,311559.9
1783400400000,80.88,81.18,80.42,81.05,313190.9
1783404000000,81.05,81.62,80.76,81.49,300637.6
1783407600000,81.49,81.7,81.3,81.46,211032.1
1783411200000,81.46,81.55,81.15,81.22,251520.0
1783414800000,81.22,81.44,81.09,81.27,144175.7
1783418400000,81.27,81.54,80.88,80.95,256162.2
1783422000000,80.95,81.37,80.72,81.28,208753.2
1783425600000,81.28,82.0,81.26,81.39,346021.2
1783429200000,81.39,81.57,80.61,80.81,453284.5
1783432800000,80.81,81.88,80.46,81.77,490863.7
1783436400000,81.77,82.33,81.44,82.07,420468.3
1783440000000,82.07,82.54,81.77,82.17,279188.1
1783443600000,82.17,82.75,82.02,82.67,278946.7
1783447200000,82.67,82.67,81.19,81.25,410701.4
1783450800000,81.25,81.53,80.71,81.32,451213.6
1783454400000,81.32,81.45,80.96,81.11,147958.8
1783458000000,81.11,81.38,80.49,80.78,281164.9
1783461600000,80.78,81.03,80.26,80.81,280037.7
1783465200000,80.81,81.09,80.46,80.53,148510.7
1783468800000,80.53,80.73,80.31,80.34,217800.5
1783472400000,80.34,80.38,78.77,79.05,900740.4
1783476000000,79.05,79.13,78.16,79.02,576657.8
1783479600000,79.02,79.29,78.56,78.68,258808.3
1783483200000,78.68,78.89,78.35,78.6,233553.6
1783486800000,78.6,78.79,78.3,78.39,239005.5
1783490400000,78.39,78.42,77.89,78.16,442653.4
1783494000000,78.16,78.31,77.76,78.26,319059.1
1783497600000,78.26,78.38,76.85,77.23,1097103.4
1783501200000,77.23,77.46,76.97,77.14,297396.3
1783504800000,77.14,77.45,76.9,77.28,257627.9
1783508400000,77.28,77.66,77.02,77.51,426884.2
1783512000000,77.51,77.61,76.97,76.99,257543.7
1783515600000,76.99,77.44,76.58,77.27,856597.4
1783519200000,77.27,77.39,76.61,77.06,560422.1
1783522800000,77.06,77.11,76.24,76.7,454729.5
1783526400000,76.7,77.32,76.7,77.24,379992.2
1783530000000,77.24,77.63,77.0,77.09,316286.5
1783533600000,77.09,77.33,76.77,77.11,197253.4
1783537200000,77.11,77.46,76.91,77.37,128493.6
1783540800000,77.37,77.53,77.01,77.13,157139.8
1783544400000,77.13,77.29,76.87,77.2,136198.5
1783548000000,77.2,77.54,77.13,77.5,114316.9
1783551600000,77.5,77.91,77.39,77.79,245568.1
1783555200000,77.79,77.86,77.47,77.67,205278.6
1783558800000,77.67,78.76,77.22,77.3,571763.7
1783562400000,77.3,77.8,76.92,77.02,238547.5
1783566000000,77.02,77.38,76.67,77.34,252966.8
1783569600000,77.34,78.0,77.18,77.95,230270.1
1783573200000,77.95,78.38,77.69,78.35,323454.2
1783576800000,78.35,78.59,78.06,78.45,212202.7
1783580400000,78.45,78.83,78.1,78.17,310908.2
1783584000000,78.17,78.37,77.91,78.06,201765.5
1783587600000,78.06,78.15,77.82,78.1,134913.5
1783591200000,78.1,78.17,77.47,77.65,201114.4
1783594800000,77.65,77.74,77.28,77.58,182771.4
1783598400000,77.58,78.21,77.36,77.59,678937.0
1783602000000,77.59,78.47,77.29,78.18,493295.7
1783605600000,78.18,78.32,77.53,77.84,285044.5
1783609200000,77.84,78.16,77.46,77.56,278128.2
1783612800000,77.56,77.76,77.2,77.64,214629.2
1783616400000,77.64,78.12,77.58,78.01,305914.6
1783620000000,78.01,78.42,77.97,78.16,238524.0
1783623600000,78.16,78.28,77.85,78.1,158842.7
1783627200000,78.1,78.27,77.93,78.11,91510.2
1783630800000,78.11,78.24,77.83,78.0,86831.3
1783634400000,78.0,78.25,77.95,78.07,68532.7
1783638000000,78.07,78.16,77.72,77.99,92900.7
1783641600000,77.99,78.11,77.75,78.08,120285.4
1783645200000,78.08,79.44,77.89,79.02,684272.1
1783648800000,79.02,79.13,78.79,79.0,201996.3
1783652400000,79.0,79.09,78.69,79.02,157625.2
1783656000000,79.02,79.07,78.79,78.93,152876.3
1783659600000,78.93,79.34,78.83,79.15,205821.3
1783663200000,79.15,79.2,78.83,78.88,113747.0
1783666800000,78.88,79.05,78.71,78.84,137576.2
1783670400000,78.84,79.41,78.76,79.18,339594.9
1783674000000,79.18,79.35,78.91,79.19,215666.0
1783677600000,79.19,79.63,79.1,79.34,338760.1
1783681200000,79.34,79.48,79.14,79.33,187578.7
1783684800000,79.33,79.52,78.87,78.89,236501.2
1783688400000,78.89,79.36,78.73,78.95,287348.5
1783692000000,78.95,78.96,77.03,77.87,1592581.8
1783695600000,77.87,78.34,77.72,78.1,278893.3
1783699200000,78.1,78.23,77.6,78.11,244305.7
1783702800000,78.11,78.14,77.52,77.55,177093.6
1783706400000,77.55,77.86,77.28,77.48,210773.3
1783710000000,77.48,78.03,77.41,77.85,186185.9
1783713600000,77.85,77.96,77.67,77.72,107492.4
1783717200000,77.72,78.07,77.69,77.95,125363.7
1783720800000,77.95,78.2,77.91,78.11,109614.5
1783724400000,78.11,78.15,77.87,78.09,121021.0
1783728000000,78.09,78.09,77.74,77.81,85191.5
1783731600000,77.81,78.02,77.42,77.51,174037.2
1783735200000,77.51,77.78,77.45,77.74,85552.2
1783738800000,77.74,77.83,77.56,77.74,59353.7
1783742400000,77.74,77.82,77.6,77.69,65233.2
1783746000000,77.69,77.94,77.55,77.86,87379.1
1783749600000,77.86,78.08,77.74,78.0,108477.7
1783753200000,78.0,78.08,77.89,77.94,102275.8
1783756800000,77.94,78.14,77.91,78.13,83098.6
1783760400000,78.13,78.31,77.78,77.8,191010.3
1783764000000,77.8,78.05,77.69,78.0,142566.3
1783767600000,78.0,78.09,77.93,78.06,72709.0
1783771200000,78.06,78.17,77.88,78.04,75428.2
1783774800000,78.04,78.44,77.98,78.13,140620.6
1783778400000,78.13,78.73,78.12,78.45,204114.0
1783782000000,78.45,78.85,77.91,78.35,440496.5
1783785600000,78.35,78.38,77.62,77.91,340421.3
1783789200000,77.91,78.18,77.79,78.06,129163.7
1783792800000,78.06,78.28,77.97,78.06,89646.4
1783796400000,78.06,78.11,77.84,78.11,92581.2
1783800000000,78.11,78.24,78.07,78.13,47038.8
1783803600000,78.13,78.29,78.08,78.18,79054.3
1783807200000,78.18,78.23,77.69,77.84,174046.2
1783810800000,77.84,77.88,76.72,76.73,621101.4
1783814400000,76.73,76.84,75.59,76.06,921991.6
1783818000000,76.06,76.84,75.99,76.8,328989.8
1783821600000,76.8,76.88,76.59,76.8,114208.9
1783825200000,76.8,77.04,76.7,77.01,195007.6
1783828800000,77.01,77.05,76.56,76.67,136409.8
1783832400000,76.67,76.78,76.34,76.38,141172.4
1783836000000,76.38,76.39,75.8,76.3,281705.3
1783839600000,76.3,76.66,76.26,76.47,147747.5
1783843200000,76.47,76.79,76.42,76.66,118778.3
1783846800000,76.66,76.87,76.34,76.72,145143.2
1783850400000,76.72,76.81,76.62,76.67,61834.7
1783854000000,76.67,77.24,76.49,76.9,179806.8
1783857600000,76.9,77.19,76.73,77.15,128603.8
1783861200000,77.15,77.47,77.08,77.11,230333.0
1783864800000,77.11,77.69,76.93,77.51,290693.4
1783868400000,77.51,77.6,77.25,77.44,157233.6
1783872000000,77.44,77.63,77.35,77.5,143232.1
1783875600000,77.5,77.58,77.2,77.31,77037.7
1783879200000,77.31,77.61,77.19,77.53,145768.6
1783882800000,77.53,77.77,77.38,77.63,95759.3
1783886400000,77.63,77.69,77.38,77.42,61727.4
1783890000000,77.42,77.65,76.94,77.06,165360.5
1783893600000,77.06,77.06,76.42,76.73,325726.4
1783897200000,76.73,76.92,76.61,76.88,97666.0
1783900800000,76.88,78.19,76.78,77.46,761880.7
1783904400000,77.46,77.63,76.24,76.27,435211.6
1783908000000,76.27,76.63,76.08,76.44,292147.8
1783911600000,76.44,76.46,75.38,75.82,606216.7
1783915200000,75.82,76.11,75.67,75.88,192911.5
1783918800000,75.88,76.46,75.69,76.37,288569.0
1783922400000,76.37,76.56,76.24,76.29,126256.3
1783926000000,76.29,76.65,76.18,76.41,117461.4
1783929600000,76.41,76.85,76.32,76.67,235228.9
1783933200000,76.67,76.7,76.56,76.58,89395.0
1783936800000,76.58,76.59,76.05,76.24,267556.9
1783940400000,76.24,76.56,76.24,76.3,163825.1
1783944000000,76.3,76.37,75.69,75.82,363060.4
1783947600000,75.82,75.91,75.05,75.37,619565.9
1783951200000,75.37,76.16,75.3,76.11,590660.0
1783954800000,76.11,76.3,75.69,75.78,342856.5
1783958400000,75.78,76.0,75.14,75.25,422976.3
1783962000000,75.25,75.42,74.42,74.54,855369.0
1783965600000,74.54,75.0,74.52,74.81,300639.9
1783969200000,74.81,75.18,74.7,75.15,218848.5
1783972800000,75.15,75.3,74.53,74.75,254683.2
1783976400000,74.75,74.76,74.04,74.36,399602.4
1783980000000,74.36,74.69,74.34,74.48,152867.5
1783983600000,74.48,74.96,74.37,74.95,112830.9
1783987200000,74.95,75.45,74.78,75.4,225668.9
1783990800000,75.4,75.52,75.16,75.24,152283.4
1783994400000,75.24,75.29,74.82,75.02,148754.3
1783998000000,75.02,75.12,74.5,75.1,197479.9
1784001600000,75.1,75.29,74.98,75.1,129442.8
1784005200000,75.1,75.45,75.06,75.36,92970.5
1784008800000,75.36,75.38,75.05,75.11,137825.2
1784012400000,75.11,75.2,74.86,74.91,130039.4
1784016000000,74.91,75.35,74.81,75.13,112647.7
1784019600000,75.13,75.27,74.83,75.03,92748.6
1784023200000,75.03,75.57,74.93,75.41,148089.6
1784026800000,75.41,75.57,75.29,75.35,113420.8
1784030400000,75.35,76.94,75.14,76.83,1259098.7
1784034000000,76.83,77.78,76.44,76.93,1293376.2
1784037600000,76.93,77.47,76.66,77.34,531112.3
1784041200000,77.34,77.93,77.14,77.34,653095.1
1784044800000,77.34,77.63,77.08,77.26,321941.5
1784048400000,77.26,77.27,76.77,77.16,371357.3
1784052000000,77.16,77.32,76.95,77.26,189960.1
1784055600000,77.26,77.5,77.01,77.13,417352.2
1784059200000,77.13,77.17,76.89,77.14,111253.2
1784062800000,77.14,77.36,77.09,77.17,139615.8
1784066400000,77.17,77.94,77.07,77.57,286825.9
1784070000000,77.57,77.89,77.51,77.82,179792.2
1784073600000,77.82,77.88,77.43,77.62,133387.5
1784077200000,77.62,77.78,77.25,77.39,188681.2
1784080800000,77.39,77.55,76.98,77.25,185594.7
1784084400000,77.25,77.85,77.18,77.74,96864.1
1784088000000,77.74,78.13,77.49,77.97,210976.0
1784091600000,77.97,78.29,77.61,78.22,250972.3
1784095200000,78.22,78.66,77.88,77.89,499028.8
1784098800000,77.89,77.96,77.36,77.38,237534.4
1784102400000,77.38,77.58,77.18,77.54,233576.8
1784106000000,77.54,77.87,77.38,77.42,176497.1
1784109600000,77.42,77.69,77.17,77.33,157867.8
1784113200000,77.33,77.49,77.29,77.49,90487.3
1784116800000,77.49,78.34,77.21,78.25,548956.8
1784120400000,78.25,79.01,77.65,78.07,1058896.9
1784124000000,78.07,78.34,77.72,78.17,472839.0
1784127600000,78.17,78.21,77.7,78.02,342925.3
1784131200000,78.02,78.07,76.99,77.59,585931.6
1784134800000,77.59,78.01,77.45,77.78,262060.4
1784138400000,77.78,78.05,77.46,77.54,233948.9
1784142000000,77.54,77.65,76.88,77.12,495075.6
1784145600000,77.12,77.5,77.04,77.34,166285.9
1784149200000,77.34,77.48,77.2,77.39,112663.8
1784152800000,77.39,77.74,77.26,77.46,169736.4
1784156400000,77.46,77.57,77.15,77.23,171448.2
1784160000000,77.23,77.44,76.64,76.89,257199.0
1784163600000,76.89,77.12,76.64,77.05,180958.9
1784167200000,77.05,77.11,76.81,77.09,62194.4
1784170800000,77.09,77.23,76.75,76.89,116517.8
1784174400000,76.89,76.95,76.53,76.76,188425.7
1784178000000,76.76,77.48,76.69,77.45,385033.2
1784181600000,77.45,77.6,77.06,77.31,233256.1
1784185200000,77.31,77.31,76.15,76.4,754675.5
1784188800000,76.4,76.46,75.57,76.11,800102.8
1784192400000,76.11,76.23,75.95,75.99,131729.2
1784196000000,75.99,76.3,75.96,76.16,100062.5
1784199600000,76.16,76.24,76.0,76.22,140598.3
1784203200000,76.22,76.25,75.63,75.87,316466.8
1784206800000,75.87,76.59,75.87,76.32,319672.0
1784210400000,76.32,76.75,76.13,76.46,347169.2
1784214000000,76.46,76.86,75.93,76.58,457831.0
1784217600000,76.58,76.59,76.05,76.23,241017.9
1784221200000,76.23,76.23,75.34,75.57,427207.4
1784224800000,75.57,75.88,75.36,75.67,257534.3
1784228400000,75.67,75.9,75.56,75.76,160693.5
1784232000000,75.76,75.85,75.66,75.76,73486.8
1784235600000,75.76,76.03,75.74,75.9,119788.2
1784239200000,75.9,75.99,75.13,75.29,344500.7
1784242800000,75.29,75.37,74.96,75.26,268528.3
1784246400000,75.26,75.52,74.86,75.52,224416.3
1784250000000,75.52,75.7,74.94,75.06,316618.1
1784253600000,75.06,75.24,74.66,74.95,265097.0
1784257200000,74.95,75.41,74.95,75.18,152588.7
1784260800000,75.18,75.31,74.71,75.2,192792.3
1784264400000,75.2,75.2,74.24,74.36,482356.5
1784268000000,74.36,74.72,74.26,74.55,180324.2
1784271600000,74.55,74.71,74.36,74.56,130121.7
1784275200000,74.56,74.65,74.15,74.48,180360.5
1784278800000,74.48,74.78,74.43,74.61,123245.5
1784282400000,74.61,74.86,74.58,74.74,119750.0
1784286000000,74.74,74.97,74.6,74.82,142881.5
1784289600000,74.82,74.83,74.33,74.36,149138.5
1784293200000,74.36,74.36,73.3,74.29,1040162.4
1784296800000,74.29,74.8,74.06,74.28,474929.1
1784300400000,74.28,74.78,73.8,74.74,485079.4
1784304000000,74.74,75.1,74.57,74.91,378282.9
1784307600000,74.91,75.58,74.9,75.2,237436.9
1784311200000,75.2,75.38,74.94,75.29,140010.0
1784314800000,75.29,75.34,74.82,75.17,133943.4
1784318400000,75.17,75.17,74.84,75.05,133030.2
1784322000000,75.05,75.19,74.9,74.97,103641.2
1784325600000,74.97,75.09,74.79,74.97,101650.2
1784329200000,74.97,75.1,74.8,74.99,61659.1
1784332800000,74.99,75.24,74.94,75.06,64804.1
1784336400000,75.06,75.19,75.01,75.18,42039.2
1784340000000,75.18,75.42,75.09,75.16,98180.0
1784343600000,75.16,75.33,75.11,75.33,49902.1
1784347200000,75.33,75.33,75.01,75.05,47328.3
1784350800000,75.05,75.07,74.82,74.89,114954.4
1784354400000,74.89,75.05,74.87,74.93,67304.0
1784358000000,74.93,75.01,74.84,74.92,64044.6
1784361600000,74.92,74.99,74.73,74.92,85744.5
1784365200000,74.92,74.97,74.62,74.81,120319.3
1784368800000,74.81,74.91,74.76,74.86,42019.9
1784372400000,74.86,74.98,74.85,74.92,42794.1
1784376000000,74.92,75.15,74.67,74.96,144147.0
1784379600000,74.96,74.96,74.46,74.69,152121.5
1784383200000,74.69,74.98,74.6,74.96,91832.2
1784386800000,74.96,75.02,74.76,74.93,67567.0
1784390400000,74.93,75.25,74.8,75.13,163354.5
1784394000000,75.13,75.37,75.01,75.31,131336.0
1784397600000,75.31,75.6,75.15,75.24,278350.4
1784401200000,75.24,75.41,75.18,75.4,65854.5
1784404800000,75.4,75.54,75.28,75.43,71460.3
1784408400000,75.43,75.6,75.29,75.43,102669.0
1784412000000,75.43,75.58,75.35,75.53,82181.5
1784415600000,75.53,75.54,75.36,75.46,47770.9
1784419200000,75.46,75.64,75.4,75.58,62446.9
1784422800000,75.58,75.71,75.47,75.64,101411.0
1784426400000,75.64,76.57,75.64,76.15,481956.0
1784430000000,76.15,76.41,75.75,75.91,115951.3
1784433600000,75.91,76.04,75.66,75.94,113523.9
1784437200000,75.94,76.06,75.84,75.93,54481.4
1784440800000,75.93,76.12,75.9,76.06,74765.9
1784444400000,76.06,76.3,75.96,76.1,119915.2
1784448000000,76.1,76.34,76.03,76.24,94580.2
1784451600000,76.24,76.27,75.88,75.95,143720.4
1784455200000,75.95,76.49,75.84,76.23,247567.6
1784458800000,76.23,76.38,76.01,76.04,95002.7
1784462400000,76.04,76.16,75.71,75.98,185810.8
1784466000000,75.98,76.12,75.84,76.07,107880.9
1784469600000,76.07,76.66,76.02,76.4,263776.5
1784473200000,76.4,76.45,76.05,76.18,110251.8
1784476800000,76.18,76.25,75.82,75.87,160781.9
1784480400000,75.87,76.21,75.5,75.92,294513.4
1784484000000,75.92,75.94,75.31,75.72,322725.2
1784487600000,75.72,75.85,75.58,75.85,43964.6
1784491200000,75.85,76.13,75.82,76.12,94136.3
1784494800000,76.12,76.22,75.67,75.74,212625.3
1784498400000,75.74,76.4,75.57,76.05,231839.9
1784502000000,76.05,76.54,75.83,76.33,188220.6
1784505600000,76.33,77.09,76.09,76.52,525429.0
1784509200000,76.52,77.39,76.23,76.35,468068.9
1784512800000,76.35,77.17,76.31,76.93,281188.3
1784516400000,76.93,77.05,76.49,76.71,136395.1
1784520000000,76.71,76.91,76.25,76.42,169181.7
1784523600000,76.42,76.45,75.72,75.88,291313.9
1784527200000,75.88,76.01,75.46,75.61,238970.4
1784530800000,75.61,76.21,75.49,76.19,157806.4
1784534400000,76.19,76.42,75.85,76.11,284601.5
1784538000000,76.11,76.71,76.03,76.43,212841.5
1784541600000,76.43,76.66,76.29,76.32,103245.5
1784545200000,76.32,77.22,76.28,77.11,494949.3
1784548800000,77.11,77.13,76.61,76.71,291140.8
1784552400000,76.71,77.1,76.08,76.24,453818.4
1784556000000,76.24,76.43,75.73,76.11,317443.0
1784559600000,76.11,77.91,76.06,77.75,859482.1
1784563200000,77.75,77.87,77.44,77.65,410041.4
1784566800000,77.65,77.89,77.32,77.73,256484.4
1784570400000,77.73,78.36,77.57,77.64,511326.2
1784574000000,77.64,77.69,77.24,77.6,318728.8
1784577600000,77.6,78.03,77.5,77.86,102863.8
1784581200000,77.86,78.03,77.71,77.73,126119.1
1784584800000,77.73,77.83,77.41,77.42,116125.8
1784588400000,77.42,77.86,77.4,77.81,64935.5
1784592000000,77.81,78.25,77.72,78.09,136556.9
1784595600000,78.09,78.2,77.8,77.81,109246.9
1784599200000,77.81,78.22,77.63,77.99,67372.4
1784602800000,77.99,78.56,77.99,78.17,159185.2
1784606400000,78.17,78.38,77.98,78.09,133801.0
1784610000000,78.09,78.65,78.08,78.42,159754.9
1784613600000,78.42,78.86,78.26,78.62,221653.8
1784617200000,78.62,78.72,78.43,78.53,142443.2
1784620800000,78.53,78.71,78.3,78.32,183975.5
1784624400000,78.32,78.46,78.12,78.38,130907.6
1784628000000,78.38,78.45,78.03,78.16,155823.3
1784631600000,78.16,78.38,78.06,78.31,114635.9
1784635200000,78.31,78.52,78.23,78.49,248979.0
1784638800000,78.49,78.61,78.16,78.56,191644.6
1784642400000,78.56,78.61,77.87,77.97,448358.2
1784646000000,77.97,78.14,77.75,78.11,305625.5
1784649600000,78.11,78.22,77.94,78.16,110933.5
1784653200000,78.16,78.21,77.34,77.7,307851.7
1784656800000,77.7,77.97,77.56,77.83,154850.0
1784660400000,77.83,77.96,77.67,77.83,119090.2
1784664000000,77.83,78.09,77.78,77.87,189882.5
1784667600000,77.87,78.13,77.76,78.01,116810.9
1784671200000,78.01,78.03,77.81,77.95,77811.3
1784674800000,77.95,78.17,77.77,78.09,70303.0
1784678400000,78.09,78.55,78.07,78.41,241654.9
1784682000000,78.41,78.48,78.11,78.31,158713.2
1784685600000,78.31,78.46,78.04,78.08,74340.0
1784689200000,78.08,78.2,77.74,77.83,99016.0
1784692800000,77.83,78.21,77.78,78.03,127553.9
1784696400000,78.03,78.04,77.35,77.38,311937.9
1784700000000,77.38,77.46,76.95,77.26,449914.2
1784703600000,77.26,77.29,76.93,77.07,192826.0
1784707200000,77.07,77.51,77.02,77.4,272282.5
1784710800000,77.4,77.56,77.25,77.52,107317.6
1784714400000,77.52,77.71,77.4,77.63,97851.3
1784718000000,77.63,77.81,77.42,77.53,151229.1
1784721600000,77.53,77.54,77.0,77.2,361601.5
1784725200000,77.2,77.95,77.06,77.85,516001.1
1784728800000,77.85,78.4,77.36,77.86,588477.9
1784732400000,77.86,78.85,77.86,78.44,611897.0
1784736000000,78.44,78.78,78.06,78.54,342005.8
1784739600000,78.54,78.61,78.11,78.17,137641.0
1784743200000,78.17,78.25,77.41,77.71,293518.2
1784746800000,77.71,77.77,77.26,77.62,231261.0
1784750400000,77.62,77.91,77.52,77.76,192638.6
1784754000000,77.76,78.03,77.63,77.98,98885.3
1784757600000,77.98,78.09,77.6,77.97,242063.9
1784761200000,77.97,77.99,77.43,77.93,123975.6
1784764800000,77.93,78.5,77.93,78.22,230704.1
1784768400000,78.22,78.37,77.82,77.85,104680.6
1784772000000,77.85,77.85,77.32,77.7,201101.7
1784775600000,77.7,77.74,77.42,77.55,110084.1
1784779200000,77.55,77.77,77.39,77.49,103570.3
1784782800000,77.49,77.68,77.32,77.48,196674.6
1784786400000,77.48,77.54,77.29,77.53,81334.3
1784790000000,77.53,77.53,76.97,77.11,256478.5
1784793600000,77.11,77.45,77.05,77.43,116486.0
1784797200000,77.43,77.6,77.35,77.46,109217.1
1784800800000,77.46,77.77,77.38,77.69,117783.6
1784804400000,77.69,77.83,77.55,77.61,128384.2
1784808000000,77.61,77.7,76.4,76.88,571735.4
1784811600000,76.88,76.99,76.51,76.65,333386.6
1784815200000,76.65,76.83,76.29,76.4,334622.3
1784818800000,76.4,76.41,75.81,76.35,687390.5
1784822400000,76.35,76.36,75.79,75.98,271664.3
1784826000000,75.98,76.15,75.42,75.61,486342.3
1784829600000,75.61,75.82,75.52,75.78,223674.4
1784833200000,75.78,75.82,75.36,75.69,206987.2
1784836800000,75.69,76.14,75.65,76.09,118336.7
1784840400000,76.09,76.23,75.87,76.01,146013.5
1784844000000,76.01,76.2,75.79,76.14,107289.5
1784847600000,76.14,76.2,75.82,75.82,118067.8
1784851200000,75.82,75.85,75.48,75.78,218081.6
1784854800000,75.78,76.08,75.63,75.66,219044.2
1784858400000,75.66,75.88,75.25,75.5,174293.0
1784862000000,75.5,75.93,75.43,75.8,101206.0
1784865600000,75.8,75.82,75.56,75.62,75395.4
1784869200000,75.62,75.87,75.55,75.75,99362.7
1784872800000,75.75,75.98,75.7,75.81,85173.5
1784876400000,75.81,76.41,75.72,76.01,276490.5
1784880000000,76.01,76.03,75.64,75.73,132181.9
1784883600000,75.73,75.8,75.28,75.57,273596.7
1784887200000,75.57,75.61,75.32,75.42,76755.1
1784890800000,75.42,75.48,74.87,75.15,458417.2
1784894400000,75.15,75.26,74.76,74.81,189552.0
1784898000000,74.81,74.88,73.93,74.16,835195.1
1784901600000,74.16,74.23,73.55,74.0,529212.7
1784905200000,74.0,74.25,73.63,73.99,358389.2
1784908800000,73.99,74.18,73.66,73.86,192170.6
1784912400000,73.86,74.09,73.81,74.0,204510.1
1784916000000,74.0,74.03,73.85,73.93,72739.0
1784919600000,73.93,74.01,73.73,73.91,100422.1
1784923200000,73.91,73.98,73.66,73.73,68927.1
1784926800000,73.73,73.78,73.39,73.59,247851.2
1784930400000,73.59,73.93,73.58,73.9,140999.6
1784934000000,73.9,73.99,73.81,73.92,51198.9
1784937600000,73.92,74.11,73.89,74.08,133312.2
1784941200000,74.08,74.21,73.96,74.08,99616.6
1784944800000,74.08,74.17,74.01,74.07,52686.5
1784948400000,74.07,74.28,74.0,74.09,47544.9
1784952000000,74.09,74.31,74.08,74.28,88883.9
1784955600000,74.28,74.32,73.86,73.93,75708.6
1784959200000,73.93,74.0,73.72,74.0,151029.4
1784962800000,74.0,74.02,73.74,73.75,89378.7
1784966400000,73.75,73.84,73.51,73.76,137132.9
1784970000000,73.76,74.02,73.72,73.95,120002.0
1784973600000,73.95,74.0,73.86,73.95,38596.4
1784977200000,73.95,74.01,73.81,73.87,81506.2
1784980800000,73.87,73.95,73.82,73.93,63088.8
1784984400000,73.93,74.15,73.9,73.93,97779.0
1784988000000,73.93,74.03,73.73,74.01,115159.6
1784991600000,74.01,74.28,73.96,74.12,88941.9
1784995200000,74.12,74.39,74.04,74.27,117046.3
1784998800000,74.27,74.62,74.26,74.43,137230.1
1785002400000,74.43,74.67,74.43,74.62,111135.1
1785006000000,74.62,74.69,74.48,74.52,99222.3
1785009600000,74.52,74.54,74.35,74.4,116757.8
1785013200000,74.4,74.56,74.22,74.42,101089.4
1785016800000,74.42,74.5,74.25,74.46,77574.4
1785020400000,74.46,74.5,74.37,74.49,62246.6
1785024000000,74.49,74.93,74.43,74.74,194953.2
1785027600000,74.74,74.85,74.63,74.79,46972.3
1785031200000,74.79,74.9,74.67,74.86,106828.2
1785034800000,74.86,75.05,74.79,74.99,95381.1
1785038400000,74.99,75.19,74.91,75.04,100467.6
1785042000000,75.04,75.14,74.91,74.99,64707.1
1785045600000,74.99,75.1,74.7,75.09,123555.2
1785049200000,75.09,75.13,74.81,74.83,77030.3
1785052800000,74.83,75.01,74.8,74.94,52594.1
1785056400000,74.94,75.27,74.94,75.03,146014.2
1785060000000,75.03,75.23,74.97,75.08,70688.1
1785063600000,75.08,75.14,74.85,74.91,95699.8
1785067200000,74.91,75.1,74.76,74.81,107817.4
1785070800000,74.81,74.94,74.71,74.89,103433.1
1785074400000,74.89,75.19,74.85,75.01,185900.9
1785078000000,75.01,75.46,74.92,75.45,253969.2
1785081600000,75.45,75.94,75.26,75.49,272285.3
1785085200000,75.49,75.56,75.24,75.33,89720.1
1785088800000,75.33,75.4,75.24,75.35,47737.0
1785092400000,75.35,75.43,75.21,75.29,60504.7
1785096000000,75.29,75.36,75.27,75.3,45154.4
1785099600000,75.3,75.72,75.28,75.61,167675.1
1785103200000,75.61,76.78,75.61,76.68,611406.3
1785106800000,76.68,77.08,76.49,76.74,285895.3
1785110400000,76.74,76.77,76.16,76.3,203818.5
1785114000000,76.3,76.52,75.95,76.49,233944.6
1785117600000,76.49,76.64,76.33,76.4,111065.2
1785121200000,76.4,76.52,76.3,76.38,47627.7
1785124800000,76.38,76.6,76.24,76.28,96714.5
1785128400000,76.28,76.62,76.23,76.53,151659.3
1785132000000,76.53,76.95,76.5,76.69,208512.3
1785135600000,76.69,76.72,76.34,76.42,119492.8
1785139200000,76.42,76.46,76.18,76.26,101389.9
1785142800000,76.26,76.53,76.07,76.45,156491.4
1785146400000,76.45,76.64,76.37,76.59,98473.3
1785150000000,76.59,76.65,76.45,76.49,99468.7
1785153600000,76.49,77.05,76.21,76.83,458501.5
1785157200000,76.83,77.49,76.43,76.87,693156.0
1785160800000,76.87,76.96,74.98,75.44,907161.5
1785164400000,75.44,75.57,75.04,75.24,205979.2
1785168000000,75.24,75.95,75.11,75.91,287387.0
1785171600000,75.91,76.23,75.78,75.86,202673.3
1785175200000,75.86,75.97,75.22,75.57,260871.6
1785178800000,75.57,76.03,75.46,75.94,184052.7
1785182400000,75.94,76.12,75.76,75.93,124765.4
1785186000000,75.93,75.95,75.46,75.56,122725.6
1785189600000,75.56,75.57,73.95,74.01,636838.3
1785193200000,74.01,74.38,73.69,74.17,345913.7
1785196800000,74.17,74.26,73.61,73.68,183382.1
1785200400000,73.68,73.71,72.77,73.15,453387.0
1785204000000,73.15,73.4,73.01,73.33,117378.3
1785207600000,73.33,73.38,73.13,73.24,228075.6
1785211200000,73.24,73.24,72.93,73.16,182551.8
1785214800000,73.16,73.49,73.14,73.21,206454.8
1785218400000,73.21,73.44,73.06,73.38,194764.5
1785222000000,73.38,73.44,73.07,73.24,101011.4
1785225600000,73.24,73.38,73.09,73.31,122400.4
1785229200000,73.31,73.45,73.13,73.21,121433.2
1785232800000,73.21,73.28,73.08,73.11,176803.5
1785236400000,73.11,73.3,72.81,73.15,222032.2
1785240000000,73.15,73.4,73.07,73.33,149496.0
1785243600000,73.33,73.39,72.31,72.67,481883.7
1785247200000,72.67,73.45,72.49,73.38,301243.9
1785250800000,73.38,74.56,73.26,74.31,806756.8
1785254400000,74.31,74.54,74.01,74.39,187393.7
1785258000000,74.39,74.4,73.51,73.78,331154.8
1785261600000,73.78,74.02,73.75,73.84,65279.2
1785265200000,73.84,74.35,73.79,74.28,110362.0
1785268800000,74.28,74.33,73.97,74.0,135701.1
1785272400000,74.0,74.37,73.95,74.11,83961.9
1785276000000,74.11,74.2,73.37,73.4,166998.8
1785279600000,73.4,73.8,73.13,73.77,248164.5
1785283200000,73.77,74.15,73.71,73.73,204939.4
1785286800000,73.73,73.76,73.17,73.23,124010.4
1785290400000,73.23,73.95,73.02,73.65,199606.0
1785294000000,73.65,73.72,72.97,73.04,202793.9
1785297600000,73.04,73.46,72.68,73.42,276025.4
1785301200000,73.42,73.77,73.3,73.64,164605.0
1785304800000,73.64,74.06,73.49,74.05,196945.8
1785308400000,74.05,74.25,73.95,74.22,103930.6
1785312000000,74.22,74.3,73.67,73.9,218632.2
1785315600000,73.9,74.3,73.87,74.09,124736.0
1785319200000,74.09,74.11,73.75,73.87,81043.4
1785322800000,73.87,74.06,73.79,73.92,57064.8
1785326400000,73.92,73.92,73.39,73.49,287965.1
1785330000000,73.49,73.73,73.28,73.68,201176.0
1785333600000,73.68,73.9,73.05,73.24,382531.8
1785337200000,73.24,73.42,72.93,73.09,173410.9
1785340800000,73.09,73.34,72.87,73.24,323937.9
1785344400000,73.24,73.92,73.15,73.91,284166.1
1785348000000,73.91,74.5,73.38,74.21,1315018.1
1785351600000,74.21,74.34,72.67,72.7,665233.8
1785355200000,72.7,73.17,72.38,72.59,500025.3
1785358800000,72.59,73.17,72.24,73.15,453593.8
1785362400000,73.15,73.76,73.15,73.6,257268.6
1785366000000,73.6,73.73,73.37,73.64,164079.5
1785369600000,73.64,73.83,73.1,73.26,176212.7
1785373200000,73.26,74.2,73.22,73.98,226221.5
1785376800000,73.98,74.12,73.78,73.8,112297.4
1785380400000,73.8,73.97,73.62,73.67,99549.0
1785384000000,73.67,73.71,73.45,73.48,84435.9
1785387600000,73.48,73.83,73.38,73.67,102966.2
1785391200000,73.67,73.74,73.44,73.49,82689.6
1785394800000,73.49,73.78,73.35,73.39,97471.9
1785398400000,73.39,73.81,73.26,73.79,127906.2
1785402000000,73.79,74.2,73.77,74.02,181925.2
1785405600000,74.02,74.18,73.78,73.88,117948.1
1785409200000,73.88,74.3,73.86,74.2,147128.5
1785412800000,74.2,74.46,74.04,74.37,221162.9
1785416400000,74.37,74.88,74.06,74.64,556487.0
1785420000000,74.64,74.75,74.23,74.6,359306.8
1785423600000,74.6,74.83,74.41,74.61,212431.3
1785427200000,74.61,74.8,74.4,74.54,144688.7
1785430800000,74.54,74.86,74.38,74.71,144382.6
1785434400000,74.71,74.94,74.44,74.48,141069.8
1785438000000,74.48,74.78,74.47,74.73,117945.1
1785441600000,74.73,74.88,74.4,74.46,200488.0
1785445200000,74.46,74.58,74.39,74.46,116073.6
1785448800000,74.46,74.86,74.36,74.71,134182.8
1785452400000,74.71,74.99,74.42,74.47,387996.4
1785456000000,74.47,74.63,74.4,74.46,114305.6
1785459600000,74.46,75.27,74.23,74.36,490427.5
1785463200000,74.36,74.53,74.02,74.11,265975.2
1785466800000,74.11,74.32,73.82,74.11,214226.8
1785470400000,74.11,74.12,73.69,73.8,200305.9
1785474000000,73.8,74.3,73.79,74.22,193385.4
1785477600000,74.22,74.51,73.96,74.07,189584.1
1785481200000,74.07,74.07,73.46,73.63,241823.9
1785484800000,73.63,73.76,73.48,73.62,103612.7
1785488400000,73.62,73.67,73.35,73.45,158745.8
1785492000000,73.45,73.61,73.22,73.51,222492.8
1785495600000,73.51,73.67,73.43,73.52,69615.1
1785499200000,73.52,73.61,73.34,73.58,140981.4
1785502800000,73.58,73.79,73.11,73.25,357995.1
1785506400000,73.25,73.66,72.74,73.0,922226.2
1785510000000,73.0,73.17,72.84,73.05,278013.8
1785513600000,73.05,73.31,72.94,73.26,123386.2
1785517200000,73.26,73.41,73.12,73.32,123981.6
1785520800000,73.32,73.45,72.88,73.07,134857.5
1785524400000,73.07,73.25,72.88,73.04,116122.5
1785528000000,73.04,73.19,72.89,72.91,145103.5
1785531600000,72.91,73.06,72.51,72.7,260662.7
1785535200000,72.7,72.91,72.63,72.8,102612.6
1785538800000,72.8,72.92,72.74,72.83,82400.3
1785542400000,72.83,73.12,72.83,72.98,83237.7
1785546000000,72.98,73.1,72.94,73.01,45189.8
1785549600000,73.01,73.12,72.96,73.03,56944.4
1785553200000,73.03,73.06,72.83,73.0,65729.8
1785556800000,73.0,73.19,73.0,73.13,46432.1
1785560400000,73.13,73.17,72.83,72.91,75076.4
1785564000000,72.91,72.99,72.85,72.95,42123.4
1785567600000,72.95,73.07,72.88,72.93,49225.2
1785571200000,72.93,73.04,72.91,73.0,47189.8
1785574800000,73.0,73.04,72.79,72.79,41555.9
1785578400000,72.79,72.86,72.61,72.8,107465.5
1785582000000,72.8,72.87,72.75,72.85,51365.9
1785585600000,72.85,72.91,72.84,72.9,33157.4
1785589200000,72.9,72.97,72.87,72.94,47165.2
1785592800000,72.94,73.03,72.83,73.0,63166.6
1785596400000,73.0,73.0,72.69,72.76,74416.1
1785600000000,72.76,72.9,72.4,72.66,152485.0
1785603600000,72.66,72.75,71.56,71.88,774911.3
1785607200000,71.88,71.94,70.53,71.04,1005041.8
1785610800000,71.04,71.32,71.0,71.21,197373.7
1785614400000,71.21,71.52,71.16,71.52,206678.3
1785618000000,71.52,71.81,71.49,71.8,125011.0
1785621600000,71.8,71.98,71.8,71.89,94308.8
1785625200000,71.89,72.06,71.78,71.9,123308.4
1785628800000,71.9,72.11,71.89,72.08,76481.8
1785632400000,72.08,72.72,72.07,72.62,417347.7
1785636000000,72.62,73.37,72.55,73.1,494456.0
1785639600000,73.1,73.22,73.04,73.17,122796.1
1785643200000,73.17,73.52,73.17,73.5,182154.9
1785646800000,73.5,73.65,73.44,73.59,195109.4
1785650400000,73.59,73.63,73.41,73.43,84234.4
1785654000000,73.43,73.49,73.36,73.44,91535.0
1785657600000,73.44,73.53,73.14,73.16,197700.1
1785661200000,73.16,73.4,72.96,73.35,126006.4
1785664800000,73.35,73.37,73.11,73.24,116278.9
1785668400000,73.24,73.29,72.91,72.96,139013.7
1785672000000,72.96,73.22,72.86,72.87,108724.1
1785675600000,72.87,73.0,72.65,72.95,324084.9
1785679200000,72.95,73.21,72.9,73.08,157922.4
1785682800000,73.08,73.2,72.97,73.0,65721.6
1785686400000,73.0,73.28,72.89,73.12,93344.3
1785690000000,73.12,73.36,73.06,73.28,95207.1
1785693600000,73.28,73.84,73.19,73.52,324916.0
1785697200000,73.52,73.75,73.48,73.68,77217.3
1785700800000,73.68,73.71,73.5,73.63,62089.7
1785704400000,73.63,74.31,73.62,73.96,239269.6
1785708000000,73.96,74.19,73.61,73.62,180260.2
1785711600000,73.62,73.62,73.42,73.6,120135.1
1785715200000,73.6,73.64,73.12,73.18,167690.3
1785718800000,73.18,73.22,72.89,72.96,224498.1
1785722400000,72.96,73.11,72.85,72.98,124411.9
1785726000000,72.98,73.09,72.62,72.85,156985.8
1785729600000,72.85,73.04,72.79,72.81,97266.5
1785733200000,72.81,73.0,72.78,72.87,155466.1
1785736800000,72.87,72.94,72.46,72.56,168348.2
1785740400000,72.56,72.68,72.39,72.5,281607.7
1785744000000,72.5,72.54,71.92,72.32,510098.4
1785747600000,72.32,72.77,72.29,72.71,226936.4
1785751200000,72.71,72.77,72.48,72.57,172180.1
1785754800000,72.57,72.62,72.36,72.41,122761.2
1785758400000,72.41,72.53,72.3,72.38,96423.4
1785762000000,72.38,73.27,72.27,73.24,409728.2
1785765600000,73.24,73.8,72.98,73.76,517126.1
1785769200000,73.76,73.8,73.43,73.58,253606.8
1785772800000,73.58,73.79,73.19,73.39,192119.6
1785776400000,73.39,73.84,73.28,73.66,144491.0
1785780000000,73.66,74.28,73.65,73.94,268367.7
1785783600000,73.94,74.15,73.92,73.98,149366.2
1785787200000,73.98,74.12,73.73,73.81,129124.2
1785790800000,73.81,73.84,73.63,73.68,130192.9
1785794400000,73.68,73.7,73.33,73.51,152348.5
1785798000000,73.51,73.53,73.35,73.53,96220.8
1785801600000,73.53,73.6,73.01,73.04,169662.9
1785805200000,73.04,73.76,73.02,73.73,195958.2
1785808800000,73.73,74.09,73.64,73.85,147097.2
1785812400000,73.85,73.87,73.43,73.64,181683.1
1785816000000,73.64,74.09,73.55,73.78,166038.9
1785819600000,73.78,73.85,73.66,73.71,56544.6
1785823200000,73.71,73.92,73.36,73.39,171040.0
1785826800000,73.39,73.71,73.15,73.64,225889.6
1785830400000,73.64,73.73,73.24,73.32,192684.0
1785834000000,73.32,73.32,73.11,73.27,152306.7
1785837600000,73.27,73.67,73.05,73.59,234478.7
1785841200000,73.59,73.97,73.5,73.91,194862.9
1785844800000,73.91,74.05,73.72,73.77,145874.7
1785848400000,73.77,74.02,73.54,73.59,233418.1
1785852000000,73.59,73.9,73.28,73.8,383278.1
1785855600000,73.8,74.17,73.37,73.94,282122.4
1785859200000,73.94,73.98,73.55,73.69,150576.2
1785862800000,73.69,74.21,73.67,73.74,270573.3
1785866400000,73.74,74.37,73.73,74.12,248818.7
1785870000000,74.12,74.38,74.08,74.16,183118.0
1785873600000,74.16,74.44,73.85,74.24,233262.2
1785877200000,74.24,74.25,73.98,74.1,133366.1
1785880800000,74.1,74.19,73.93,74.06,59583.8
1785884400000,74.06,74.27,73.69,73.72,175513.9
1785888000000,73.72,73.77,73.42,73.47,159198.4
1785891600000,73.47,74.08,73.35,74.08,206971.0
1785895200000,74.08,74.5,74.03,74.17,307876.8
1785898800000,74.17,74.27,73.67,73.73,301779.5
1785902400000,73.73,73.81,73.56,73.75,174642.7
1785906000000,73.75,74.28,73.69,74.12,228078.2
1785909600000,74.12,74.22,73.94,73.98,77356.2
1785913200000,73.98,74.01,73.63,73.95,179142.1
1785916800000,73.95,74.14,73.92,74.05,134369.4
1785920400000,74.05,74.18,73.97,73.98,70643.6
1785924000000,73.98,74.09,73.74,73.81,103348.1
1785927600000,73.81,73.97,73.68,73.73,104860.5
1785931200000,73.73,74.38,73.67,74.03,354945.5
1785934800000,74.03,74.07,73.2,73.94,567290.9
1785938400000,73.94,74.12,73.56,73.92,253352.0
1785942000000,73.92,74.27,73.8,73.91,320705.1
1785945600000,73.91,74.42,73.89,74.23,184074.2
1785949200000,74.23,74.64,74.09,74.52,344180.6
1785952800000,74.52,74.81,74.39,74.48,208346.0
1785956400000,74.48,74.59,74.36,74.43,89779.0
1785960000000,74.43,74.56,74.26,74.34,159699.7
1785963600000,74.34,74.36,74.03,74.09,157236.1
1785967200000,74.09,74.16,73.96,73.97,74681.7
1785970800000,73.97,74.06,73.79,73.99,155862.4
1785974400000,73.99,74.23,73.99,74.03,58661.7
1785978000000,74.03,74.07,73.66,73.69,143487.8
1785981600000,73.69,73.74,73.33,73.49,332412.4
1785985200000,73.49,73.55,73.38,73.45,80752.1
1785988800000,73.45,73.84,73.34,73.82,148244.8
1785992400000,73.82,74.32,73.81,74.18,276975.8
1785996000000,74.18,74.21,73.9,74.02,93384.4
1785999600000,74.02,74.1,73.83,73.85,63007.0
1786003200000,73.85,74.06,73.67,73.95,116665.2
1786006800000,73.95,73.96,73.13,73.26,518004.2
1786010400000,73.26,73.39,73.11,73.27,197149.1
1786014000000,73.27,73.53,73.12,73.42,105744.2
1786017600000,73.42,73.45,73.07,73.11,115790.7
1786021200000,73.11,73.28,72.79,73.2,407661.8
1786024800000,73.2,73.54,73.06,73.43,267218.2
1786028400000,73.43,73.6,73.27,73.27,178345.7
1786032000000,73.27,73.46,73.05,73.41,131632.1
1786035600000,73.41,73.51,73.01,73.15,67993.2
1786039200000,73.15,73.18,72.67,72.78,174988.8
1786042800000,72.78,72.9,72.49,72.76,178976.6
1786046400000,72.76,72.96,72.75,72.81,140440.9
1786050000000,72.81,72.95,72.75,72.83,133944.9
1786053600000,72.83,72.84,72.61,72.66,86255.6
1786057200000,72.66,72.7,72.27,72.64,285851.0
1786060800000,72.64,72.78,72.52,72.63,73369.0
1786064400000,72.63,72.85,72.54,72.7,94698.0
1786068000000,72.7,72.91,72.45,72.67,141313.7
1786071600000,72.67,72.72,72.49,72.58,52203.8
1786075200000,72.58,72.76,72.46,72.63,52083.4
1786078800000,72.63,72.93,72.4,72.83,160589.4
1786082400000,72.83,73.06,72.76,72.8,143373.3
1786086000000,72.8,72.99,72.7,72.88,113812.0
1786089600000,72.88,73.3,72.87,73.16,173421.3
1786093200000,73.16,73.7,73.16,73.59,435426.5
1786096800000,73.59,73.72,73.45,73.49,120799.1
1786100400000,73.49,73.75,73.49,73.59,161863.9
1786104000000,73.59,74.32,73.58,73.85,814749.9
1786107600000,73.85,74.33,73.74,74.08,338590.3
1786111200000,74.08,74.22,73.51,73.67,554398.8
1786114800000,73.67,73.93,73.65,73.84,137063.7
1786118400000,73.84,74.09,73.52,73.53,147148.6
1786122000000,73.53,73.53,73.15,73.39,294535.4
1786125600000,73.39,73.55,73.23,73.38,143659.2
1786129200000,73.38,74.0,73.37,73.98,274727.7
1786132800000,73.98,74.06,73.76,73.79,155047.8
1786136400000,73.79,73.85,73.56,73.62,145850.6
1786140000000,73.62,73.7,73.56,73.62,89989.1
1786143600000,73.62,73.75,73.57,73.63,70361.1
1786147200000,73.63,73.7,73.53,73.68,58453.2
1786150800000,73.68,73.93,73.63,73.83,128858.0
1786154400000,73.83,73.93,73.82,73.82,51870.5
1786158000000,73.82,74.98,73.82,74.81,463604.9
1786161600000,74.81,75.12,74.54,74.6,246394.2
1786165200000,74.6,74.73,74.44,74.63,167181.6
1786168800000,74.63,74.8,74.53,74.68,97703.8
1786172400000,74.68,74.78,74.62,74.78,62192.7
1786176000000,74.78,74.89,74.65,74.77,74926.7
1786179600000,74.77,75.01,74.77,74.83,150302.2
1786183200000,74.83,75.15,74.83,75.05,169710.6
1786186800000,75.05,75.69,75.02,75.56,479451.5
1786190400000,75.56,75.65,75.33,75.4,238560.0
1786194000000,75.4,75.5,75.39,75.49,98630.2
1786197600000,75.49,76.59,75.49,76.47,612861.0
1786201200000,76.47,76.8,76.21,76.36,462281.9
1786204800000,76.36,76.48,76.12,76.35,174255.5
1786208400000,76.35,76.45,76.23,76.34,114882.5
1786212000000,76.34,76.35,76.03,76.08,129743.2
1786215600000,76.08,76.24,75.94,76.12,133531.3
1786219200000,76.12,76.24,76.1,76.22,67585.5
1786222800000,76.22,76.33,76.12,76.17,145478.0
1786226400000,76.17,76.25,75.81,75.86,131011.0
1786230000000,75.86,76.09,75.73,75.98,204052.8
1786233600000,75.98,76.02,75.82,75.99,112816.2
1786237200000,75.99,76.06,75.71,75.84,125932.7
1786240800000,75.84,75.97,75.77,75.84,128928.4
1786244400000,75.84,76.02,75.72,75.95,77125.5
1786248000000,75.95,76.09,75.91,75.95,77804.6
1786251600000,75.95,76.0,75.84,75.99,82674.1
1786255200000,75.99,76.46,75.93,76.39,225296.4
1786258800000,76.39,76.46,76.21,76.33,133773.4
1786262400000,76.33,76.56,76.08,76.29,230109.2
1786266000000,76.29,76.5,76.21,76.4,108995.3
1786269600000,76.4,76.62,76.33,76.34,108871.2
1786273200000,76.34,76.52,76.3,76.45,65362.9
1786276800000,76.45,76.56,76.26,76.32,67998.7
1786280400000,76.32,76.89,76.31,76.53,206123.9
1786284000000,76.53,77.05,76.53,76.98,278209.9
1786287600000,76.98,77.44,76.82,77.38,496198.0
1786291200000,77.38,77.56,77.03,77.29,370924.8
1786294800000,77.29,77.31,77.09,77.14,89063.2
1786298400000,77.14,77.2,77.03,77.16,50071.7
1786302000000,77.16,77.32,77.09,77.18,94204.7
1786305600000,77.18,77.24,77.01,77.22,56582.4
1786309200000,77.22,77.48,77.1,77.31,106964.6
1786312800000,77.31,77.83,76.62,76.77,494085.3
1786316400000,76.77,76.88,76.15,76.24,343689.2
1786320000000,76.24,76.99,76.18,76.51,321777.8
1786323600000,76.51,77.15,76.37,76.88,159088.7
1786327200000,76.88,76.91,76.4,76.79,157678.1
1786330800000,76.79,76.9,76.34,76.59,202308.7
1786334400000,76.59,76.72,76.39,76.52,72422.0
1786338000000,76.52,76.94,76.51,76.86,82932.1
1786341600000,76.86,77.05,76.79,76.96,94953.7
1786345200000,76.96,77.09,76.79,76.95,90398.5
1786348800000,76.95,77.11,76.64,76.9,165143.0
1786352400000,76.9,76.99,76.52,76.53,160088.6
1786356000000,76.53,76.83,76.5,76.79,142017.5
1786359600000,76.79,77.05,76.64,77.04,151074.5
1786363200000,77.04,77.11,76.57,76.61,272235.9
1786366800000,76.61,76.75,76.08,76.28,397916.6
1786370400000,76.28,76.69,76.21,76.24,311122.8
1786374000000,76.24,76.41,75.78,75.92,541216.6
1786377600000,75.92,76.08,75.55,75.7,426661.8
1786381200000,75.7,76.1,75.6,75.96,182676.5
1786384800000,75.96,76.05,75.7,75.8,122808.7
1786388400000,75.8,76.26,75.79,76.18,176976.1
1786392000000,76.18,76.47,76.14,76.4,123487.9
1786395600000,76.4,76.46,76.26,76.27,84280.7
1786399200000,76.27,76.35,76.0,76.19,90787.1
1786402800000,76.19,76.19,75.94,75.96,115306.3
1786406400000,75.96,76.02,75.73,75.86,97367.7
1786410000000,75.86,76.09,75.66,76.09,113587.4
1786413600000,76.09,76.12,75.96,76.01,65531.3
1786417200000,76.01,76.22,76.0,76.05,50690.2
1786420800000,76.05,76.2,76.04,76.04,88214.9
1786424400000,76.04,76.06,75.74,75.77,237277.1
1786428000000,75.77,76.01,75.62,75.78,304437.1
1786431600000,75.78,75.84,75.38,75.67,253726.4
1786435200000,75.67,75.96,75.61,75.92,134232.4
1786438800000,75.92,75.94,75.65,75.86,155031.1
1786442400000,75.86,76.04,75.72,75.92,191976.9
1786446000000,75.92,76.34,75.91,76.17,362002.7
1786449600000,76.17,76.21,75.75,75.83,236683.7
1786453200000,75.83,76.08,75.68,75.98,321440.8
1786456800000,75.98,76.12,75.04,75.16,574418.0
1786460400000,75.16,75.39,74.56,74.9,717905.1
1786464000000,74.9,75.05,74.75,74.88,192715.3
1786467600000,74.88,75.18,74.88,75.13,180545.4
1786471200000,75.13,75.32,75.05,75.24,184273.8
1786474800000,75.24,75.68,75.02,75.62,207199.7
1786478400000,75.62,76.24,75.61,76.02,460038.2
1786482000000,76.02,76.43,75.96,76.42,264365.6
1786485600000,76.42,76.65,76.22,76.38,221800.2
1786489200000,76.38,76.38,76.16,76.25,113437.0
1786492800000,76.25,76.33,76.19,76.33,63963.0
1786496400000,76.33,76.55,76.25,76.4,123659.4
1786500000000,76.4,76.58,76.38,76.4,91093.5
1786503600000,76.4,76.49,76.22,76.39,85441.3
1786507200000,76.39,76.54,76.24,76.26,81190.2
1786510800000,76.26,76.33,76.13,76.29,98325.3
1786514400000,76.29,76.33,75.94,76.03,224579.8
1786518000000,76.03,76.25,75.91,76.24,110557.4
1786521600000,76.24,76.47,76.12,76.16,243711.2
1786525200000,76.16,76.87,76.1,76.7,306739.0
1786528800000,76.7,76.83,76.63,76.72,177665.1
1786532400000,76.72,76.83,76.65,76.8,115240.7
1786536000000,76.8,77.37,76.32,76.61,944912.6
1786539600000,76.61,76.63,76.01,76.19,619861.6
1786543200000,76.19,76.21,75.36,75.44,633593.5
1786546800000,75.44,75.84,75.33,75.7,222838.3
1786550400000,75.7,75.8,75.51,75.65,112315.5
1786554000000,75.65,76.02,75.63,75.87,114430.5
1786557600000,75.87,76.06,75.79,75.83,72140.4
1786561200000,75.83,75.96,75.55,75.72,157883.8
1786564800000,75.72,75.98,75.69,75.9,84320.4
1786568400000,75.9,75.97,75.34,75.42,259168.5
1786572000000,75.42,75.63,75.27,75.48,116824.4
1786575600000,75.48,75.61,75.34,75.59,85796.7
1786579200000,75.59,75.86,75.51,75.58,120649.5
1786582800000,75.58,75.76,75.43,75.6,58523.5
1786586400000,75.6,75.94,75.48,75.93,97375.7
1786590000000,75.93,76.3,75.92,76.24,397671.5
1786593600000,76.24,76.25,76.0,76.11,102343.8
1786597200000,76.11,76.61,76.06,76.49,307259.1
1786600800000,76.49,76.53,76.29,76.5,92710.6
1786604400000,76.5,76.5,76.36,76.41,61420.5
1786608000000,76.41,76.46,76.14,76.19,115086.5
1786611600000,76.19,76.19,75.86,76.14,162281.0
1786615200000,76.14,76.17,75.65,75.71,429852.9
1786618800000,75.71,75.71,75.51,75.62,124331.1
1786622400000,75.62,76.13,75.6,76.1,297062.3
1786626000000,76.1,76.33,76.0,76.14,220684.7
1786629600000,76.14,76.56,76.08,76.43,214911.5
1786633200000,76.43,76.5,75.59,75.59,312582.3
1786636800000,75.59,75.85,75.05,75.55,702175.1
1786640400000,75.55,75.9,75.51,75.73,199552.8
1786644000000,75.73,76.07,75.64,75.98,128599.2
1786647600000,75.98,76.24,75.94,76.16,261577.8
1786651200000,76.16,76.3,76.1,76.17,134240.0
1786654800000,76.17,76.27,76.08,76.17,93572.6
1786658400000,76.17,76.42,76.16,76.22,87421.5
1786662000000,76.22,76.26,76.1,76.23,51765.1
1786665600000,76.23,76.28,75.95,76.05,108173.1
1786669200000,76.05,76.15,75.87,76.07,63058.6
1786672800000,76.07,76.18,75.96,75.99,90110.2
1786676400000,75.99,76.03,75.7,75.72,103256.0
1786680000000,75.72,76.0,75.7,75.81,42753.7
1786683600000,75.81,75.95,75.76,75.89,55826.8
1786687200000,75.89,75.89,75.47,75.51,171545.8
1786690800000,75.51,75.7,75.45,75.55,127688.4
1786694400000,75.55,75.86,75.52,75.84,196426.8
1786698000000,75.84,75.86,75.37,75.45,193664.1
1786701600000,75.45,75.61,75.31,75.36,149356.4
1786705200000,75.36,75.56,75.35,75.49,71933.0
1786708800000,75.49,75.55,75.27,75.42,129147.7
1786712400000,75.42,75.44,75.19,75.32,202909.4
1786716000000,75.32,75.39,75.01,75.22,260920.0
1786719600000,75.22,75.75,75.15,75.62,241430.8
1786723200000,75.62,75.68,75.42,75.44,190255.8
1786726800000,75.44,75.64,75.09,75.24,223483.1
1786730400000,75.24,75.26,74.87,74.92,324013.8
1786734000000,74.92,75.06,74.62,74.96,399966.9
1786737600000,74.96,75.21,74.92,75.1,116257.7
1786741200000,75.1,75.22,75.04,75.15,77868.6
1786744800000,75.15,75.25,74.93,75.16,75807.4
1786748400000,75.16,75.4,75.11,75.38,101638.6
1786752000000,75.38,75.4,75.3,75.31,63653.9
1786755600000,75.31,75.44,75.26,75.38,50679.9
1786759200000,75.38,75.65,75.36,75.62,139218.0
1786762800000,75.62,75.69,75.37,75.38,85142.7
1786766400000,75.38,75.58,75.32,75.49,80026.8
1786770000000,75.49,75.55,75.26,75.31,74768.7
1786773600000,75.31,75.46,75.23,75.38,47016.9
1786777200000,75.38,75.39,75.16,75.2,68519.4
1786780800000,75.2,75.28,75.02,75.04,89960.6
1786784400000,75.04,75.21,74.99,75.21,70479.2
1786788000000,75.21,75.32,75.16,75.26,72724.8
1786791600000,75.26,75.27,75.17,75.21,34206.7
1786795200000,75.21,75.41,75.16,75.38,89064.5
1786798800000,75.38,75.56,75.36,75.54,150958.1
1786802400000,75.54,75.55,75.42,75.42,63952.7
1786806000000,75.42,75.5,75.33,75.49,50770.4
1786809600000,75.49,75.5,75.36,75.45,48335.0
1786813200000,75.45,75.65,75.44,75.62,71269.6
1786816800000,75.62,75.65,75.5,75.53,80724.0
1786820400000,75.53,75.55,75.5,75.53,32403.6
1786824000000,75.53,75.55,75.38,75.51,136536.2
1786827600000,75.51,75.72,75.49,75.59,86537.2
1786831200000,75.59,75.66,75.51,75.54,62383.0
1786834800000,75.54,75.54,75.26,75.31,127753.4
1786838400000,75.31,75.46,75.21,75.42,96446.7
1786842000000,75.42,75.44,75.26,75.39,96710.6
1786845600000,75.39,75.63,75.23,75.54,105485.5
1786849200000,75.54,75.62,75.53,75.54,25054.3
1786852800000,75.54,75.58,75.39,75.41,32691.2
1786856400000,75.41,75.48,75.3,75.32,97793.4
1786860000000,75.32,75.48,75.23,75.34,76039.8
1786863600000,75.34,75.46,75.31,75.44,33160.6
1786867200000,75.44,75.46,75.37,75.42,24901.4
1786870800000,75.42,75.45,75.22,75.28,82523.0
1786874400000,75.28,75.29,75.12,75.23,73736.7
1786878000000,75.23,75.29,75.18,75.24,79599.4
1786881600000,75.24,75.26,75.15,75.18,50006.8
1786885200000,75.18,75.37,75.17,75.27,45510.3
1786888800000,75.27,75.39,75.2,75.36,90002.8
1786892400000,75.36,75.61,75.36,75.54,104442.0
1786896000000,75.54,75.68,75.47,75.54,129148.6
1786899600000,75.54,75.58,75.25,75.25,106025.6
1786903200000,75.25,75.28,74.99,75.15,189216.9
1786906800000,75.15,75.34,75.15,75.2,74754.6
1786910400000,75.2,75.29,74.92,74.99,125338.2
1786914000000,74.99,75.05,73.97,74.28,674386.3
1786917600000,74.28,74.49,74.11,74.48,204377.5
1786921200000,74.48,74.62,74.41,74.58,81265.1
1786924800000,74.58,74.7,74.39,74.59,86775.9
1786928400000,74.59,75.33,74.54,75.04,272528.1
1786932000000,75.04,75.56,75.01,75.44,212954.7
1786935600000,75.44,75.55,75.4,75.47,170098.8
1786939200000,75.47,75.59,75.47,75.52,79097.2
1786942800000,75.52,75.58,75.36,75.37,154336.3
1786946400000,75.37,75.98,75.32,75.81,268116.2
1786950000000,75.81,75.92,75.7,75.75,117151.3
1786953600000,75.75,75.78,75.14,75.22,230417.4
1786957200000,75.22,75.4,75.19,75.32,84895.8
1786960800000,75.32,75.78,75.27,75.73,157437.3
1786964400000,75.73,75.91,75.62,75.66,186025.0
1786968000000,75.66,75.68,75.29,75.41,194468.4
1786971600000,75.41,75.75,75.24,75.59,351371.3
1786975200000,75.59,76.0,75.45,75.94,190421.6
1786978800000,75.94,76.2,75.77,76.06,307828.6
1786982400000,76.06,76.1,75.89,75.96,108615.1
1786986000000,75.96,76.08,75.65,75.88,135147.3
1786989600000,75.88,76.14,75.81,75.86,125300.3
1786993200000,75.86,75.92,75.72,75.78,76225.5
1786996800000,75.78,76.08,75.59,75.97,185445.4
1787000400000,75.97,76.03,75.84,75.91,78139.9
1787004000000,75.91,75.99,75.67,75.71,51546.7
1787007600000,75.71,76.1,75.67,76.0,117105.6
1787011200000,76.0,76.06,75.83,76.0,69860.4
1787014800000,76.0,76.02,75.53,75.57,123619.6
1787018400000,75.57,75.63,75.16,75.25,240029.9
1787022000000,75.25,75.51,75.22,75.47,140500.1
1787025600000,75.47,75.8,75.37,75.79,100848.6
1787029200000,75.79,75.93,75.53,75.68,204228.7
1787032800000,75.68,76.02,75.6,75.98,117882.4
1787036400000,75.98,76.24,75.91,76.06,206903.0
1787040000000,76.06,76.16,75.81,76.13,145272.1
1787043600000,76.13,76.13,75.85,75.92,72292.0
1787047200000,75.92,75.96,75.76,75.81,70294.9
1787050800000,75.81,76.43,75.79,76.28,323385.4
1787054400000,76.28,76.49,76.2,76.21,172772.4
1787058000000,76.21,76.26,76.0,76.17,242422.7
1787061600000,76.17,77.3,76.08,76.76,727986.7
1787065200000,76.76,77.24,76.75,77.17,289047.0
1787068800000,77.17,77.31,76.8,77.04,222880.6
1787072400000,77.04,77.06,76.85,76.85,91683.9
1787076000000,76.85,77.28,76.83,77.24,136351.6
1787079600000,77.24,77.4,77.04,77.15,133411.8
1787083200000,77.15,77.19,76.69,76.84,211916.2
1787086800000,76.84,77.09,76.84,76.97,126528.2
1787090400000,76.97,77.18,76.84,76.92,136781.3
1787094000000,76.92,77.22,76.91,77.02,145258.7
1787097600000,77.02,77.07,76.78,76.87,112734.8
1787101200000,76.87,77.03,76.65,76.76,242797.8
1787104800000,76.76,76.88,76.66,76.77,111040.7
1787108400000,76.77,77.09,76.66,76.96,182162.4
1787112000000,76.96,77.12,76.75,76.82,133246.0
1787115600000,76.82,77.03,76.73,76.75,93760.4
1787119200000,76.75,77.15,76.59,77.04,208953.0
1787122800000,77.04,77.07,76.9,76.9,109833.9
1787126400000,76.9,77.6,76.87,77.35,493112.2
1787130000000,77.35,77.45,77.17,77.28,114357.5
1787133600000,77.28,77.35,77.18,77.35,84168.5
1787137200000,77.35,77.6,77.33,77.49,173294.4
1787140800000,77.49,78.73,77.38,78.37,975669.9
1787144400000,78.37,78.67,78.14,78.37,479679.5
1787148000000,78.37,80.96,78.32,80.83,1480057.4
1787151600000,80.83,83.31,80.61,81.8,3467564.1
1787155200000,81.8,82.37,81.54,81.57,594077.3
1787158800000,81.57,81.72,81.0,81.63,530351.5
1787162400000,81.63,82.28,81.25,82.25,329688.4
1787166000000,82.25,82.5,81.95,82.32,305993.9
1787169600000,82.32,84.38,82.23,83.69,1176015.5
1787173200000,83.69,87.34,83.68,86.61,1902974.2
1787176800000,86.61,86.84,84.9,85.49,869932.9
1787180400000,85.49,85.77,85.04,85.37,234413.5
1787184000000,85.37,85.79,84.87,84.98,402292.6
1787187600000,84.98,85.4,84.62,85.36,223247.6
1787191200000,85.36,85.44,84.67,84.76,117214.3
1787194800000,84.76,84.77,83.95,84.49,256958.3
1787198400000,84.49,85.03,84.42,84.83,135669.2
1787202000000,84.83,85.07,84.8,84.94,82440.5
1787205600000,84.94,85.91,84.69,85.88,428014.8
1787209200000,85.88,86.18,85.72,86.15,249081.8
1787212800000,86.15,87.98,86.02,87.5,930326.8
1787216400000,87.5,87.84,87.08,87.33,440672.7
1787220000000,87.33,87.8,86.96,87.44,353346.2
1787223600000,87.44,88.09,87.04,87.18,384080.6
1787227200000,87.18,87.39,86.46,87.06,447246.5
1787230800000,87.06,87.49,86.16,86.54,486140.6
1787234400000,86.54,86.87,86.11,86.59,277808.4
1787238000000,86.59,87.46,86.55,87.33,551816.7
1787241600000,87.33,87.84,86.83,87.73,425454.2
1787245200000,87.73,87.93,87.23,87.46,323942.2
1787248800000,87.46,87.62,86.62,86.82,410033.4
1787252400000,86.82,87.52,86.8,87.29,264418.4
1787256000000,87.29,87.65,87.2,87.56,157625.1
1787259600000,87.56,87.88,87.38,87.46,199597.5
1787263200000,87.46,87.56,87.15,87.19,215412.6
1787266800000,87.19,87.99,87.18,87.63,279799.2
1787270400000,87.63,88.83,87.55,88.21,603419.8
1787274000000,88.21,89.49,88.09,88.99,680489.3
1787277600000,88.99,90.19,88.48,89.22,733067.7
1787281200000,89.22,89.56,88.72,89.09,274171.9
1787284800000,89.09,89.48,88.83,89.45,240540.7
1787288400000,89.45,90.71,89.16,90.41,449345.6
1787292000000,90.41,91.34,89.72,90.2,614174.9
1787295600000,90.2,91.21,89.93,90.41,534177.2
1787299200000,90.41,93.4,90.36,93.27,1056571.0
1787302800000,93.27,93.32,90.3,91.66,1255719.8
1787306400000,91.66,91.75,90.83,91.47,381049.5
1787310000000,91.47,91.62,89.83,90.29,856497.0
1787313600000,90.29,91.14,90.01,90.85,283256.5
1787317200000,90.85,91.39,89.71,91.04,597904.7
1787320800000,91.04,91.97,90.53,91.87,469666.2
1787324400000,91.87,92.15,91.21,91.33,302968.0
1787328000000,91.33,91.93,90.7,91.6,479626.3
1787331600000,91.6,92.0,91.15,91.77,335208.1
1787335200000,91.77,92.06,91.05,91.55,298460.0
1787338800000,91.55,91.61,90.7,90.93,398018.2
1787342400000,90.93,91.99,90.51,91.83,325211.8
1787346000000,91.83,93.86,91.64,93.73,654870.4
1787349600000,93.73,94.66,93.27,94.3,865023.3
1787353200000,94.3,95.02,93.35,93.72,514863.7
1787356800000,93.72,94.42,92.83,93.87,390997.8
1787360400000,93.87,94.43,93.45,93.64,234299.6
1787364000000,93.64,95.82,93.64,95.64,502117.2
1787367600000,95.64,97.59,95.48,96.75,699692.4
1787371200000,96.75,102.74,96.16,99.15,2684414.1
1787374800000,99.15,100.0,87.64,94.21,4378294.7
1787378400000,94.21,95.11,93.01,94.27,590445.1
1787382000000,94.27,95.51,93.98,94.46,435092.9
1787385600000,94.46,95.02,93.02,94.1,598168.2
1787389200000,94.1,94.57,92.96,93.89,404762.4
1787392800000,93.89,93.98,91.34,92.88,913395.0
1787396400000,92.88,93.58,92.57,93.31,187300.4
1787400000000,93.31,94.36,93.13,93.82,236242.7
1787403600000,93.82,94.22,93.51,94.1,180349.0
1787407200000,94.1,94.28,92.89,93.26,265744.1
1787410800000,93.26,93.57,92.78,93.07,187917.8
1787414400000,93.07,94.71,93.06,94.31,406403.2
1787418000000,94.31,94.57,93.72,94.27,268971.8
1787421600000,94.27,94.54,94.02,94.46,129027.6
1787425200000,94.46,94.83,94.26,94.46,182328.6
1787428800000,94.46,94.8,94.28,94.38,108283.5
1787432400000,94.38,94.39,92.7,92.81,416544.4
1787436000000,92.81,94.01,92.55,93.62,261618.6
1787439600000,93.62,93.98,93.3,93.81,100030.4
1787443200000,93.81,97.24,93.55,96.36,1117496.6
1787446800000,96.36,96.59,95.63,95.98,454175.6
1787450400000,95.98,96.51,93.45,94.87,1002995.1
1787454000000,94.87,95.02,93.39,93.71,350719.0
1787457600000,93.71,94.09,92.18,92.54,465044.5
1787461200000,92.54,93.29,91.54,92.28,460477.9
1787464800000,92.28,92.78,91.76,92.24,331592.2
1787468400000,92.24,92.97,92.13,92.46,150779.3
1787472000000,92.46,93.53,92.28,93.2,222565.0
1787475600000,93.2,93.53,92.87,93.31,127789.9
1787479200000,93.31,94.09,93.25,93.61,217737.6
1787482800000,93.61,94.79,93.51,94.61,286987.9
1787486400000,94.61,94.78,94.04,94.56,193278.9
1787490000000,94.56,95.82,94.56,95.37,384706.6
1787493600000,95.37,95.7,93.13,95.04,719546.2
1787497200000,95.04,95.9,94.65,95.34,356083.9
1787500800000,95.34,95.7,95.15,95.39,168506.3
1787504400000,95.39,95.51,94.77,95.1,225808.9
1787508000000,95.1,95.45,94.93,95.29,148118.7
1787511600000,95.29,95.49,94.8,95.06,133349.7
1787515200000,95.06,95.39,94.75,95.05,107578.9
1787518800000,95.05,96.28,95.05,95.36,423046.2
1787522400000,95.36,95.76,94.78,95.59,296147.0
1787526000000,95.59,95.88,94.97,95.42,220614.4
1787529600000,95.42,95.57,93.63,95.55,630662.0
1787533200000,95.55,95.56,93.73,93.85,381616.9
1787536800000,93.85,95.04,93.62,94.57,343799.8
1787540400000,94.57,94.64,93.44,93.65,240656.7
1787544000000,93.65,94.33,93.64,94.2,197296.3
1787547600000,94.2,94.69,93.41,94.27,374537.4
1787551200000,94.27,94.64,93.78,94.55,250164.3
1787554800000,94.55,95.46,93.94,94.09,470491.9
1787558400000,94.09,94.36,93.22,93.91,354716.4
1787562000000,93.91,94.89,93.86,94.66,212410.8
1787565600000,94.66,95.13,94.57,94.7,282421.8
1787569200000,94.7,96.39,94.22,95.84,621020.7
1787572800000,95.84,96.76,93.94,96.3,846638.9
1787576400000,96.3,96.6,94.27,95.03,670319.7
1787580000000,95.03,96.74,94.86,96.12,626620.7
1787583600000,96.12,97.64,96.0,96.46,669823.9
1787587200000,96.46,97.58,95.7,96.04,480260.2
1787590800000,96.04,96.18,94.73,95.37,766563.7
1787594400000,95.37,96.4,95.36,95.86,324154.8
1787598000000,95.86,96.62,95.34,96.5,440162.1
1787601600000,96.5,96.72,95.7,96.49,251922.4
1787605200000,96.49,97.58,96.49,97.46,233749.9
1787608800000,97.46,98.78,97.16,97.44,891058.3
1787612400000,97.44,98.98,97.22,98.97,374519.3
1787616000000,98.97,102.87,98.54,101.76,1847654.4
1787619600000,101.76,102.58,100.04,100.47,760086.4
1787623200000,100.47,102.36,100.21,100.91,788154.2
1787626800000,100.91,102.08,100.86,101.62,301269.7
1787630400000,101.62,101.73,100.78,101.35,421120.5
1787634000000,101.35,103.21,101.25,101.89,504634.4
1787637600000,101.89,102.07,100.41,100.76,362156.6
1787641200000,100.76,101.98,99.34,100.22,651270.1
1787644800000,100.22,101.12,99.66,100.38,358962.4
1787648400000,100.38,100.61,99.2,99.78,334400.0
1787652000000,99.78,99.87,99.07,99.62,302035.3
1787655600000,99.62,99.7,98.4,98.59,443713.8
1787659200000,98.59,98.82,97.35,98.56,747733.0
1787662800000,98.56,98.8,96.12,97.08,1405371.0
1787666400000,97.08,98.36,96.84,98.14,540677.9
1787670000000,98.14,98.47,97.52,98.3,222554.6
1787673600000,98.3,98.64,97.69,98.15,285765.2
1787677200000,98.15,98.16,97.38,98.13,260350.2
1787680800000,98.13,98.76,98.02,98.44,189381.0
1787684400000,98.44,98.57,97.39,97.88,333790.4
1787688000000,97.88,97.98,96.51,96.61,488828.3
1787691600000,96.61,97.23,94.84,97.13,1042028.8
1787695200000,97.13,97.71,97.1,97.15,200958.1
1787698800000,97.15,97.37,96.27,96.54,264148.3
1787702400000,96.54,96.88,96.11,96.6,215287.2
1787706000000,96.6,97.22,96.56,96.96,175215.3
1787709600000,96.96,97.51,96.74,97.23,106709.4
1787713200000,97.23,97.32,96.76,97.01,137225.7
1787716800000,97.01,97.27,96.48,96.57,236412.4
1787720400000,96.57,97.16,96.17,97.04,166542.5
1787724000000,97.04,97.29,96.46,96.76,163386.6
1787727600000,96.76,97.12,96.62,96.88,212564.3
1787731200000,96.88,97.35,96.62,96.76,158763.4
1787734800000,96.76,96.97,95.71,96.11,265282.8
1787738400000,96.11,97.83,95.94,97.43,420636.4
1787742000000,97.43,97.6,96.61,96.98,267341.5
1787745600000,96.98,97.54,95.99,96.97,562253.6
1787749200000,96.97,97.18,95.79,96.51,586625.7
1787752800000,96.51,96.96,95.31,95.41,493897.9
1787756400000,95.41,96.34,94.84,95.89,578176.2
1787760000000,95.89,96.12,95.4,95.91,309744.8
1787763600000,95.91,97.24,95.83,96.93,348805.6
1787767200000,96.93,97.12,96.58,96.79,207866.6
1787770800000,96.79,97.0,96.3,96.74,272666.0
1787774400000,96.74,97.05,96.21,96.9,214600.1
1787778000000,96.9,98.31,96.82,98.19,595474.7
1787781600000,98.19,100.92,98.0,99.66,1255466.0
1787785200000,99.66,102.45,99.47,102.04,903655.4
1787788800000,102.04,102.11,100.57,100.58,413620.6
1787792400000,100.58,101.91,100.48,101.44,295143.5
1787796000000,101.44,101.95,100.85,101.15,194381.9
1787799600000,101.15,101.79,100.87,101.06,205456.4
1787803200000,101.06,101.51,100.67,101.07,252782.8
1787806800000,101.07,102.28,100.75,102.04,405686.5
1787810400000,102.04,102.05,100.81,101.27,296665.1
1787814000000,101.27,102.08,100.98,101.78,305507.5
1787817600000,101.78,105.06,101.69,104.65,1465808.9
1787821200000,104.65,105.79,104.0,104.37,725976.4
1787824800000,104.37,105.01,103.04,104.08,645457.1
1787828400000,104.08,104.95,103.35,103.9,470440.8
1787832000000,103.9,104.74,103.89,104.36,273671.0
1787835600000,104.36,106.25,104.08,106.0,910644.7
1787839200000,106.0,107.9,105.16,106.74,1457704.1
1787842800000,106.74,107.97,106.4,107.1,886258.5
1787846400000,107.1,109.46,106.8,108.88,1109356.0
1787850000000,108.88,109.57,107.61,108.11,995459.4
1787853600000,108.11,108.34,106.61,108.33,828288.4
1787857200000,108.33,109.87,108.19,109.32,658757.0
1787860800000,109.32,109.77,108.33,108.94,502069.2
1787864400000,108.94,109.1,108.14,108.67,230607.4
1787868000000,108.67,110.61,108.67,109.12,493217.3
1787871600000,109.12,109.99,108.77,109.08,290622.9
1787875200000,109.08,110.07,108.65,109.05,311815.8
1787878800000,109.05,109.72,107.52,107.75,629671.2
1787882400000,107.75,107.92,106.11,106.46,535767.8
1787886000000,106.46,107.31,105.79,106.78,530153.0
1787889600000,106.78,107.59,106.18,106.7,337012.8
1787893200000,106.7,107.42,106.54,107.13,212749.1
1787896800000,107.13,107.79,107.1,107.5,293090.4
1787900400000,107.5,107.5,106.21,106.31,360492.9
1787904000000,106.31,106.85,105.67,105.99,237329.0
1787907600000,105.99,106.56,105.38,105.87,295157.3
1787911200000,105.87,106.19,104.38,106.12,734119.2
1787914800000,106.12,106.88,105.41,105.74,493163.5
1787918400000,105.74,105.95,104.32,104.79,722818.7
1787922000000,104.79,105.52,104.54,105.06,668772.8
1787925600000,105.06,106.67,103.53,106.24,3090114.9
1787929200000,106.24,107.95,104.95,105.2,2015869.9
1787932800000,105.2,105.74,102.92,105.14,1910669.8
1787936400000,105.14,105.23,104.24,104.66,558325.6
1787940000000,104.66,104.71,102.17,103.08,922468.1
1787943600000,103.08,103.86,102.93,103.38,358032.5
1787947200000,103.38,104.33,102.79,103.81,342734.4
1787950800000,103.81,103.97,103.22,103.39,200010.9
1787954400000,103.39,104.22,103.35,104.08,166668.5
1787958000000,104.08,104.36,103.94,104.09,123122.4
1787961600000,104.09,104.67,103.82,103.87,194935.7
1787965200000,103.87,104.36,103.75,104.12,187458.4
1787968800000,104.12,104.35,103.56,103.9,196958.2
1787972400000,103.9,104.18,103.78,103.83,174736.3
1787976000000,103.83,104.02,103.41,103.83,191636.6
1787979600000,103.83,104.15,103.78,103.96,114287.3
1787983200000,103.96,103.99,103.26,103.52,131839.6
1787986800000,103.52,103.93,103.52,103.68,112588.7
1787990400000,103.68,103.68,103.03,103.42,143374.9
1787994000000,103.42,103.58,103.23,103.27,141653.8
1787997600000,103.27,103.55,102.97,103.4,148545.8
1788001200000,103.4,103.66,103.36,103.43,60652.6
1788004800000,103.43,103.97,103.31,103.56,183467.1
1788008400000,103.56,103.92,103.45,103.75,112310.0
1788012000000,103.75,105.45,103.72,105.32,619074.9
1788015600000,105.32,105.44,104.56,104.96,280865.4
1788019200000,104.96,105.37,104.76,104.78,208746.9
1788022800000,104.78,105.09,104.31,104.79,159134.1
1788026400000,104.79,105.26,104.66,105.06,233646.9
1788030000000,105.06,105.83,105.05,105.31,361706.7
1788033600000,105.31,105.48,104.99,105.15,134323.0
1788037200000,105.15,105.33,104.7,104.97,224131.0
1788040800000,104.97,105.49,104.77,105.43,152971.8
1788044400000,105.43,105.74,105.36,105.56,150983.0
1788048000000,105.56,105.66,105.13,105.19,186309.8
1788051600000,105.19,105.31,104.92,105.18,121986.6
1788055200000,105.18,105.43,105.12,105.16,104268.3
1788058800000,105.16,105.29,104.87,105.01,96853.2
1788062400000,105.01,105.07,104.6,105.06,143460.5
1788066000000,105.06,105.2,104.86,105.01,77848.2
1788069600000,105.01,105.37,104.87,105.37,96185.9
1788073200000,105.37,105.39,104.65,104.77,112840.7
1788076800000,104.77,105.06,104.34,104.7,173169.1
1788080400000,104.7,104.91,104.4,104.55,122213.3
1788084000000,104.55,105.18,104.43,105.04,137888.5
1788087600000,105.04,105.3,104.87,105.04,87431.5
1788091200000,105.04,106.22,105.0,106.04,372571.1
1788094800000,106.04,107.43,105.82,107.04,562788.2
1788098400000,107.04,107.2,106.55,106.67,215768.3
1788102000000,106.67,106.78,105.9,106.22,230099.0
1788105600000,106.22,107.11,106.07,106.85,333039.8
1788109200000,106.85,106.85,105.18,106.35,381812.1
1788112800000,106.35,106.8,105.94,106.61,202102.3
1788116400000,106.61,106.75,105.36,105.74,204716.8
1788120000000,105.74,105.95,104.3,104.69,394590.4
1788123600000,104.69,104.71,103.33,104.38,548460.1
1788127200000,104.38,104.69,103.2,103.74,323383.7
1788130800000,103.74,103.76,100.21,101.7,1265656.3
1788134400000,101.7,102.54,101.05,102.08,374558.5
1788138000000,102.08,102.18,101.31,101.45,357882.1
1788141600000,101.45,102.32,101.13,101.38,322156.9
1788145200000,101.38,102.16,101.21,101.89,200952.2
1788148800000,101.89,101.92,100.81,101.39,235971.8
1788152400000,101.39,102.98,101.19,102.59,500309.1
1788156000000,102.59,102.86,102.29,102.68,230472.5
1788159600000,102.68,103.12,102.58,102.91,198313.3
1788163200000,102.91,103.41,102.38,103.17,243098.6
1788166800000,103.17,103.46,102.91,103.02,230761.6
1788170400000,103.02,104.09,102.58,103.6,333504.3
1788174000000,103.6,104.14,103.2,103.34,243162.1
1788177600000,103.34,103.7,102.32,102.7,354184.3
1788181200000,102.7,103.02,102.1,102.3,334218.3
1788184800000,102.3,103.88,102.12,103.46,423978.2
1788188400000,103.46,103.6,102.71,102.82,258826.5
1788192000000,102.82,103.38,102.36,102.77,412558.1
1788195600000,102.77,103.75,102.58,103.58,259534.3
1788199200000,103.58,105.01,103.33,104.41,620121.6
1788202800000,104.41,104.73,103.47,103.55,275910.1
1788206400000,103.55,104.26,103.45,103.68,173586.3
1788210000000,103.68,103.91,103.17,103.58,222675.7
1788213600000,103.58,103.72,103.05,103.14,99074.9
1788217200000,103.14,103.16,102.76,102.99,123334.3
1788220800000,102.99,103.53,102.89,103.13,140396.8
1788224400000,103.13,103.48,102.63,103.18,171661.2
1788228000000,103.18,103.39,102.67,103.34,91750.6
1788231600000,103.34,104.14,103.22,103.59,143858.9
1788235200000,103.59,104.03,103.42,103.58,127181.2
1788238800000,103.58,104.35,103.53,104.25,173441.2
1788242400000,104.25,104.25,103.29,103.31,150131.6
1788246000000,103.31,103.53,102.71,103.07,246654.9
1788249600000,103.07,103.15,101.7,102.01,462610.7
1788253200000,102.01,102.22,101.77,101.92,234860.8
1788256800000,101.92,102.67,101.87,102.31,270447.5
1788260400000,102.31,102.56,101.99,102.22,190598.7
1788264000000,102.22,102.43,101.35,101.86,317157.3
1788267600000,101.86,102.44,101.23,101.89,445906.3
1788271200000,101.89,102.53,101.8,101.94,402917.8
1788274800000,101.94,102.3,100.9,101.96,475919.9
1788278400000,101.96,102.0,100.49,100.85,485677.1
1788282000000,100.85,101.17,100.35,100.52,274099.0
1788285600000,100.52,100.65,98.27,99.54,1269094.5
1788289200000,99.54,100.28,99.46,100.01,368836.4
1788292800000,100.01,100.28,99.61,100.05,187160.2
1788296400000,100.05,100.17,98.87,99.53,262288.7
1788300000000,99.53,99.87,99.27,99.63,165227.1
1788303600000,99.63,100.19,99.54,99.93,147245.8
1788307200000,99.93,100.18,99.54,99.6,100283.3
1788310800000,99.6,99.88,98.44,99.05,329092.4
1788314400000,99.05,99.89,98.71,99.89,589125.6
1788318000000,99.89,100.67,99.74,100.25,370164.2
1788321600000,100.25,100.25,99.67,100.04,165917.1
1788325200000,100.04,100.35,99.66,100.22,158346.9
1788328800000,100.22,100.34,99.6,100.01,205813.0
1788332400000,100.01,100.39,99.76,99.78,132254.0
1788336000000,99.78,99.99,98.71,98.94,324003.3
1788339600000,98.94,99.29,98.09,98.59,567235.8
1788343200000,98.59,98.63,97.39,98.18,633845.4
1788346800000,98.18,98.25,97.29,98.06,483585.8
1788350400000,98.06,98.41,97.56,97.64,280630.7
1788354000000,97.64,99.67,97.64,99.17,660499.6
1788357600000,99.17,99.76,98.84,98.86,298807.5
1788361200000,98.86,99.47,98.34,99.27,449278.9
1788364800000,99.27,99.78,98.71,98.74,359579.6
1788368400000,98.74,99.28,98.13,99.27,398388.3
1788372000000,99.27,99.65,99.11,99.46,262395.4
1788375600000,99.46,99.58,99.01,99.38,118807.3
1788379200000,99.38,99.98,99.29,99.65,434692.2
1788382800000,99.65,99.8,99.38,99.6,97162.0
1788386400000,99.6,99.71,99.12,99.45,183567.1
1788390000000,99.45,100.48,99.35,100.4,268322.4
1788393600000,100.4,100.41,99.44,99.47,236079.2
1788397200000,99.47,100.58,99.13,100.1,318997.3
1788400800000,100.1,101.33,99.9,101.05,323024.6
1788404400000,101.05,101.16,100.1,100.46,461487.1
1788408000000,100.46,100.97,99.98,100.96,293398.5
1788411600000,100.96,100.99,99.65,100.83,450246.2
1788415200000,100.83,100.95,100.54,100.84,199665.6
1788418800000,100.84,101.35,100.17,100.33,429492.9
1788422400000,100.33,101.1,100.33,100.57,135332.0
1788426000000,100.57,100.75,100.05,100.1,154935.7
1788429600000,100.1,100.45,99.86,100.38,234463.2
1788433200000,100.38,100.96,100.28,100.75,281520.3
1788436800000,100.75,101.8,100.53,101.61,481315.9
1788440400000,101.61,101.98,101.03,101.41,376863.9
1788444000000,101.41,104.82,101.17,104.78,1386257.1
1788447600000,104.78,105.62,103.73,105.12,1305476.3
1788451200000,105.12,105.16,103.81,104.54,418227.0
1788454800000,104.54,105.19,104.35,105.06,353766.9
1788458400000,105.06,105.27,104.56,105.18,239542.6
1788462000000,105.18,105.94,104.97,105.25,395940.5
1788465600000,105.25,105.42,104.72,104.87,190988.0
1788469200000,104.87,105.7,104.73,105.15,272729.8
1788472800000,105.15,105.26,103.53,104.08,692400.2
1788476400000,104.08,104.17,103.75,103.87,200418.7
1788480000000,103.87,104.28,103.36,103.42,347153.8
1788483600000,103.42,103.8,103.14,103.75,176050.4
1788487200000,103.75,103.77,103.27,103.73,123321.1
1788490800000,103.73,104.1,103.64,103.64,121687.2
1788494400000,103.64,104.31,103.52,103.84,137410.7
1788498000000,103.84,104.01,103.38,103.64,278793.2
1788501600000,103.64,103.99,103.26,103.56,134475.2
1788505200000,103.56,104.0,103.48,103.54,198473.8
1788508800000,103.54,104.47,103.16,104.32,305827.7
1788512400000,104.32,104.73,103.91,103.98,337294.7
1788516000000,103.98,104.11,103.47,104.09,158253.3
1788519600000,104.09,104.45,103.91,104.02,181064.3
1788523200000,104.02,104.4,100.01,101.53,1961090.9
1788526800000,101.53,102.21,100.93,101.58,709763.1
1788530400000,101.58,101.74,100.22,100.74,423049.1
1788534000000,100.74,101.61,100.6,101.38,254040.1
1788537600000,101.38,102.03,101.26,101.77,154945.3
1788541200000,101.77,101.8,101.01,101.18,173632.8
1788544800000,101.18,101.64,101.12,101.59,94200.2
1788548400000,101.59,101.89,101.53,101.62,116123.6
1788552000000,101.62,101.82,101.54,101.69,84634.5
1788555600000,101.69,101.87,101.39,101.51,155371.8
1788559200000,101.51,101.79,101.48,101.66,51645.0
1788562800000,101.66,101.91,101.59,101.85,41215.3
1788566400000,101.85,101.94,101.66,101.75,81307.0
1788570000000,101.75,102.11,101.67,101.79,129632.5
1788573600000,101.79,101.9,101.63,101.9,71181.5
1788577200000,101.9,101.97,101.71,101.81,68843.4
1788580800000,101.81,101.87,101.62,101.69,101771.0
1788584400000,101.69,101.89,101.52,101.82,97087.7
1788588000000,101.82,102.34,101.76,102.23,128597.9
1788591600000,102.23,102.57,102.1,102.16,167162.2
1788595200000,102.16,102.53,102.05,102.52,123675.3
1788598800000,102.52,102.77,102.45,102.46,92299.3
1788602400000,102.46,102.68,102.32,102.46,130129.0
1788606000000,102.46,102.55,102.1,102.28,172835.3
1788609600000,102.28,103.22,102.24,103.19,313633.1
1788613200000,103.19,103.43,102.5,102.6,335352.5
1788616800000,102.6,102.91,102.6,102.81,98679.2
1788620400000,102.81,102.95,102.59,102.88,130037.3
1788624000000,102.88,103.51,102.74,103.37,209995.1
1788627600000,103.37,104.29,103.25,104.2,578111.4
1788631200000,104.2,104.34,103.69,103.86,151057.2
1788634800000,103.86,103.91,103.15,103.37,240691.1
1788638400000,103.37,103.58,103.08,103.19,281412.1
1788642000000,103.19,103.95,103.16,103.68,121005.2
1788645600000,103.68,103.82,103.15,103.32,106411.5
1788649200000,103.32,103.34,102.87,103.11,180615.1
1788652800000,103.11,103.49,103.1,103.25,126073.2
1788656400000,103.25,104.19,103.2,103.99,236391.5
1788660000000,103.99,104.72,103.79,104.33,343361.8
1788663600000,104.33,107.1,104.3,105.93,750615.4
1788667200000,105.93,106.32,105.53,105.71,311722.8
1788670800000,105.71,106.83,105.4,106.38,289223.1
1788674400000,106.38,106.4,105.25,105.33,218696.2
1788678000000,105.33,105.53,104.63,105.17,302090.1
1788681600000,105.17,105.35,104.93,105.15,149609.2
1788685200000,105.15,107.28,105.12,106.45,672977.1
1788688800000,106.45,106.88,106.31,106.6,185910.2
1788692400000,106.6,106.69,106.21,106.42,139336.6
1788696000000,106.42,107.32,106.34,106.78,254563.5
1788699600000,106.78,107.14,105.81,107.04,421790.8
1788703200000,107.04,107.08,105.06,105.69,565321.9
1788706800000,105.69,105.95,104.85,105.69,507309.2
1788710400000,105.69,106.33,105.41,106.02,167800.8
1788714000000,106.02,106.4,105.49,106.14,137765.9
1788717600000,106.14,106.54,105.78,105.94,146904.3
1788721200000,105.94,105.94,105.28,105.44,144750.7
1788724800000,105.44,105.87,105.28,105.68,100699.9
1788728400000,105.68,106.22,105.68,105.87,127125.7
1788732000000,105.87,106.0,104.88,105.8,368102.1
1788735600000,105.8,106.73,105.75,106.49,311547.5
1788739200000,106.49,106.59,105.83,106.08,242485.5
1788742800000,106.08,106.3,104.98,105.25,260945.5
1788746400000,105.25,107.05,104.85,105.73,463149.8
1788750000000,105.73,105.84,104.86,104.9,256878.0
1788753600000,104.9,105.25,104.67,105.03,263691.0
1788757200000,105.03,105.76,104.98,105.07,176167.4
1788760800000,105.07,105.35,104.81,105.04,199839.3
1788764400000,105.04,105.49,103.68,104.43,752026.6
1788768000000,104.43,104.89,104.39,104.64,172841.5
1788771600000,104.64,105.12,104.54,104.6,183883.1
1788775200000,104.6,105.1,104.6,104.96,145720.4
1788778800000,104.96,105.13,104.65,104.88,154275.8
1788782400000,104.88,105.89,104.84,105.68,305844.8
1788786000000,105.68,105.77,104.76,105.02,320230.2
1788789600000,105.02,105.12,103.94,104.59,546014.4
1788793200000,104.59,104.6,102.85,103.19,628806.5
1788796800000,103.19,103.81,103.14,103.8,258066.0
1788800400000,103.8,104.19,103.72,103.93,157016.7
1788804000000,103.93,104.02,103.5,103.85,197139.9
1788807600000,103.85,104.38,103.74,104.29,180771.5
1788811200000,104.29,104.35,103.84,104.03,154213.7
1788814800000,104.03,104.11,103.7,103.85,141978.1
1788818400000,103.85,104.01,103.08,103.48,232079.6
1788822000000,103.48,103.99,103.44,103.73,141444.3
1788825600000,103.73,104.12,103.38,104.05,148239.3
1788829200000,104.05,104.37,103.93,104.33,115333.1
1788832800000,104.33,104.49,103.21,103.22,201669.0
1788836400000,103.22,103.43,102.62,103.28,377770.4
1788840000000,103.28,103.38,102.94,102.95,152248.4
1788843600000,102.95,103.45,102.82,102.91,235087.2
1788847200000,102.91,103.06,102.15,102.62,370902.4
1788850800000,102.62,103.08,102.55,102.91,148743.6
1788854400000,102.91,103.23,102.41,102.99,173620.8
1788858000000,102.99,103.8,102.88,103.63,226101.2
1788861600000,103.63,104.04,103.29,103.31,214376.5
1788865200000,103.31,103.4,102.59,102.8,246079.5
1788868800000,102.8,103.28,102.33,103.03,266448.6
1788872400000,103.03,103.12,101.63,102.64,662779.6
1788876000000,102.64,103.4,102.39,103.27,402321.4
1788879600000,103.27,104.4,103.14,104.26,474999.3
1788883200000,104.26,104.79,103.52,104.15,474063.8
1788886800000,104.15,104.39,103.6,103.65,167900.0
1788890400000,103.65,104.44,103.11,103.3,327415.4
1788894000000,103.3,103.54,102.77,103.18,312287.3
1788897600000,103.18,103.76,103.0,103.03,200051.8
1788901200000,103.03,103.31,102.73,102.95,177756.8
1788904800000,102.95,103.41,102.91,103.37,114887.5
1788908400000,103.37,103.58,103.21,103.31,134914.7
1788912000000,103.31,103.83,103.29,103.73,125272.6
1788915600000,103.73,103.91,103.31,103.72,174780.0
1788919200000,103.72,104.0,103.28,103.41,177042.8
1788922800000,103.41,103.44,102.9,103.24,211950.1
1788926400000,103.24,104.37,103.24,104.36,351221.9
1788930000000,104.36,104.67,103.69,104.02,307271.0
1788933600000,104.02,104.73,103.94,104.47,151338.0
1788937200000,104.47,105.15,104.43,104.52,269945.7
1788940800000,104.52,105.02,104.49,104.77,181390.2
1788944400000,104.77,104.79,103.4,103.47,392453.3
1788948000000,103.47,104.02,103.45,103.75,278242.8
1788951600000,103.75,104.27,103.24,104.19,356236.9
1788955200000,104.19,104.77,104.06,104.64,398739.8
1788958800000,104.64,104.64,103.41,103.75,522528.3
1788962400000,103.75,104.13,103.27,103.41,408017.0
1788966000000,103.41,104.08,102.0,103.01,757828.6
1788969600000,103.01,103.45,102.67,103.33,225812.6
1788973200000,103.33,103.81,103.15,103.46,139349.1
1788976800000,103.46,103.69,103.14,103.21,127052.1
1788980400000,103.21,103.34,102.11,102.29,358879.4
1788984000000,102.29,102.64,101.78,102.52,323605.9
1788987600000,102.52,102.58,101.73,102.02,368782.9
1788991200000,102.02,102.13,100.07,100.74,774842.5
1788994800000,100.74,101.7,100.67,101.5,191797.2
1788998400000,101.5,101.66,100.87,100.95,224830.2
1789002000000,100.95,101.72,100.42,101.01,267408.4
1789005600000,101.01,101.84,100.93,101.84,116972.6
1789009200000,101.84,102.04,101.61,101.78,183049.1
1789012800000,101.78,102.15,101.73,101.93,153371.3
1789016400000,101.93,102.12,101.59,102.04,139121.4
1789020000000,102.04,102.08,101.34,101.88,143107.3
1789023600000,101.88,101.88,100.76,101.26,291324.0
1789027200000,101.26,101.36,100.96,101.11,172809.3
1789030800000,101.11,101.36,100.72,101.08,130782.8
1789034400000,101.08,101.36,100.78,101.0,139172.3
1789038000000,101.0,101.48,100.75,100.96,222489.8
1789041600000,100.96,101.47,98.3,98.86,1440404.5
1789045200000,98.86,99.84,98.84,99.69,520882.2
1789048800000,99.69,100.34,99.19,100.14,330639.8
1789052400000,100.14,100.14,99.38,99.68,264159.0
1789056000000,99.68,99.86,98.78,99.62,293574.5
1789059600000,99.62,100.42,99.51,99.91,250619.1
1789063200000,99.91,99.94,99.17,99.87,143669.6
1789066800000,99.87,100.07,99.53,99.62,157637.5
1789070400000,99.62,100.1,99.58,99.99,67302.0
1789074000000,99.99,100.09,99.7,99.75,46892.3
1789077600000,99.75,100.09,99.2,99.22,137429.0
1789081200000,99.22,99.33,98.54,98.61,224362.6
1789084800000,98.61,99.35,98.5,99.12,254045.2
1789088400000,99.12,99.45,98.66,99.4,143806.0
1789092000000,99.4,99.47,99.0,99.25,73802.1
1789095600000,99.25,99.45,98.88,99.26,130141.3
1789099200000,99.26,99.91,99.18,99.64,211417.9
1789102800000,99.64,99.85,99.51,99.85,138102.3
1789106400000,99.85,99.96,99.49,99.78,112732.1
1789110000000,99.78,100.08,99.64,99.69,137612.4
1789113600000,99.69,100.26,99.43,99.88,188492.2
1789117200000,99.88,99.91,98.95,99.36,266936.5
1789120800000,99.36,99.71,99.12,99.12,172623.8
1789124400000,99.12,99.6,98.52,99.43,383881.0
1789128000000,99.43,101.87,97.76,101.62,1961537.9
1789131600000,101.62,104.85,100.54,104.83,1292989.3
1789135200000,104.83,105.77,102.78,103.24,1262656.3
1789138800000,103.24,103.56,101.18,101.56,631244.5
1789142400000,101.56,102.35,101.21,102.29,498777.6
1789146000000,102.29,102.45,101.77,101.91,179061.7
1789149600000,101.91,101.97,100.25,101.04,590163.8
1789153200000,101.04,102.08,100.75,101.96,275380.5
1789156800000,101.96,102.98,101.89,102.41,448194.6
1789160400000,102.41,103.05,102.01,102.04,190136.7
1789164000000,102.04,102.43,101.45,101.83,362949.9
1789167600000,101.83,102.43,101.74,102.41,118018.8
1789171200000,102.41,102.54,101.74,101.86,171893.0
1789174800000,101.86,102.21,101.78,101.95,99362.7
1789178400000,101.95,102.06,101.58,101.83,138335.0
1789182000000,101.83,101.89,101.38,101.6,127191.2
1789185600000,101.6,101.84,101.51,101.55,80078.3
1789189200000,101.55,101.67,101.36,101.58,134518.0
1789192800000,101.58,101.85,101.45,101.63,104826.9
1789196400000,101.63,101.89,101.58,101.61,69362.1
1789200000000,101.61,101.9,101.51,101.79,193941.7
1789203600000,101.79,102.19,101.73,101.95,183856.2
1789207200000,101.95,102.21,101.92,102.1,92041.2
1789210800000,102.1,102.2,101.93,102.08,70525.8
1789214400000,102.08,102.37,101.88,102.01,153831.0
1789218000000,102.01,102.17,101.71,101.94,180962.2
1789221600000,101.94,102.06,101.82,101.94,65253.2
1789225200000,101.94,102.1,101.8,102.01,144953.1
1789228800000,102.01,102.07,101.88,102.03,80208.7
1789232400000,102.03,102.11,101.9,101.94,83963.6
1789236000000,101.94,101.94,101.52,101.6,116174.5
1789239600000,101.6,101.68,101.15,101.21,137527.8
1789243200000,101.21,101.52,101.18,101.31,73791.7
1789246800000,101.31,101.67,101.29,101.42,104582.9
1789250400000,101.42,101.74,101.35,101.62,110204.2
1789254000000,101.62,101.81,101.58,101.71,50202.7
1789257600000,101.71,101.72,101.54,101.69,58263.2
1789261200000,101.69,102.32,101.69,102.25,193238.4
1789264800000,102.25,102.3,101.73,101.86,148787.5
1789268400000,101.86,102.01,101.48,101.59,124101.4
1789272000000,101.59,101.76,101.48,101.68,65663.5
1789275600000,101.68,101.9,101.64,101.75,51249.9
1789279200000,101.75,101.77,101.01,101.19,174933.2
1789282800000,101.19,101.35,100.54,100.67,255868.7
1789286400000,100.67,100.82,99.81,99.98,401450.5
1789290000000,99.98,100.15,99.35,99.81,301124.8
1789293600000,99.81,99.86,99.37,99.52,102686.1
1789297200000,99.52,99.8,99.4,99.77,112004.4
1789300800000,99.77,99.77,99.5,99.65,74367.2
1789304400000,99.65,100.17,99.4,100.05,132143.8
1789308000000,100.05,100.8,100.04,100.62,203651.0
1789311600000,100.62,100.62,100.07,100.18,144685.9
1789315200000,100.18,100.96,100.17,100.76,154828.9
1789318800000,100.76,101.19,100.74,100.97,158466.2
1789322400000,100.97,101.25,100.91,101.16,78537.8
1789326000000,101.16,101.3,100.78,100.93,115092.0
1789329600000,100.93,101.49,100.9,101.43,102292.4
1789333200000,101.43,101.59,101.17,101.31,138781.0
1789336800000,101.31,101.31,99.2,99.65,762389.3
1789340400000,99.65,99.95,99.11,99.21,279719.3
1789344000000,99.21,99.88,98.9,99.6,263338.6
1789347600000,99.6,99.8,99.09,99.5,119225.8
1789351200000,100.11,101.0,99.89,100.94,237429.3
1789354800000,100.94,101.28,100.74,100.93,199066.3
1789358400000,100.93,101.34,100.81,101.14,180390.9
1789362000000,101.14,101.2,100.88,101.07,60100.3
1789365600000,101.07,101.99,101.04,101.49,364353.3
1789369200000,101.49,101.69,101.32,101.55,157301.0
1789372800000,101.55,101.79,101.27,101.45,200634.3
1789376400000,101.45,102.31,101.18,101.89,388418.2
1789380000000,101.89,101.97,101.63,101.74,187507.8
1789383600000,101.74,101.88,101.26,101.33,251413.0
1789387200000,101.33,101.95,101.14,101.34,294330.5
1789390800000,101.34,101.85,100.6,101.29,570828.7
1789394400000,101.29,101.97,101.15,101.57,375381.3
1789398000000,101.57,102.23,101.28,101.92,369615.0
1789401600000,101.92,102.85,101.8,102.55,512577.4
1789405200000,102.55,103.31,102.45,103.02,364261.4
1789408800000,103.02,103.83,102.86,103.55,414197.0
1789412400000,103.55,103.56,102.91,103.21,279436.9
1789416000000,103.21,104.78,103.16,103.94,544379.5
1789419600000,103.94,103.98,102.85,103.14,401200.8
1789423200000,103.14,103.54,102.75,102.82,189631.0
1789426800000,102.82,102.96,102.37,102.48,144849.6
1789430400000,102.48,102.81,102.31,102.41,143483.9
1789434000000,102.41,102.54,102.1,102.2,156376.4
1789437600000,102.2,102.36,101.93,101.94,138694.1
1789441200000,101.94,101.94,101.19,101.5,260885.2
1789444800000,101.5,101.62,101.44,101.61,45777.9
1789448400000,101.21,101.35,100.51,101.28,348720.5
1789452000000,101.28,101.54,100.68,100.84,172482.0
1789455600000,100.84,101.01,100.24,100.4,281778.8
1789459200000,100.4,100.63,99.97,100.6,338417.7
1789462800000,100.6,101.09,100.43,100.77,231714.0
1789466400000,100.77,101.06,100.62,100.91,154246.9
1789470000000,100.91,100.95,100.34,100.78,163093.4
1789473600000,100.78,101.08,100.74,101.0,113286.8
