ts,open,high,low,close,volume
1767225600000,1.8412,1.8493,1.8391,1.8444,5264926.8
1767229200000,1.8444,1.8468,1.8393,1.8405,2765074.1
1767232800000,1.8405,1.8423,1.8378,1.8392,3059828.9
1767236400000,1.8392,1.8411,1.8333,1.8337,2687440.0
1767240000000,1.8337,1.8338,1.8253,1.8299,4905199.2
1767243600000,1.8299,1.8546,1.8298,1.8439,8727937.2
1767247200000,1.8439,1.847,1.8431,1.8444,2041717.4
1767250800000,1.8444,1.8462,1.8405,1.8412,3285564.9
1767254400000,1.8412,1.8505,1.8406,1.8489,2627184.7
1767258000000,1.8489,1.8542,1.848,1.8513,5937778.7
1767261600000,1.8513,1.8542,1.8505,1.8525,2669914.4
1767265200000,1.8525,1.8562,1.8489,1.8545,3270279.3
1767268800000,1.8545,1.8555,1.8503,1.8517,2006486.6
1767272400000,1.8517,1.8588,1.8511,1.8573,3491046.3
1767276000000,1.8573,1.8593,1.8513,1.8552,5032361.6
1767279600000,1.8552,1.8666,1.8511,1.8618,7063666.0
1767283200000,1.8618,1.8638,1.8543,1.8636,9245119.0
1767286800000,1.8636,1.8744,1.8632,1.8676,8034894.7
1767290400000,1.8676,1.8702,1.8641,1.8684,4397100.0
1767294000000,1.8684,1.873,1.8665,1.873,3331064.9
1767297600000,1.873,1.8756,1.8671,1.8709,4627308.9
1767301200000,1.8709,1.8721,1.8665,1.8703,2478826.5
1767304800000,1.8703,1.8758,1.8675,1.8753,3527675.8
1767308400000,1.8753,1.8802,1.871,1.8788,6523887.5
1767312000000,1.8788,1.8813,1.8736,1.8782,4370983.7
1767315600000,1.8782,1.8791,1.871,1.8716,3411681.7
1767319200000,1.8716,1.8766,1.868,1.8765,4466415.5
1767322800000,1.8765,1.8917,1.8746,1.8879,10433473.1
1767326400000,1.8879,1.8896,1.875,1.876,5645753.7
1767330000000,1.876,1.8766,1.8713,1.8751,2778289.9
1767333600000,1.8751,1.8807,1.8738,1.8764,3202303.2
1767337200000,1.8764,1.8776,1.8694,1.8708,3862768.7
1767340800000,1.8708,1.8797,1.8703,1.8792,3363898.8
1767344400000,1.8792,1.9006,1.8774,1.8961,13364382.8
1767348000000,1.8961,1.9083,1.8958,1.8964,10020227.2
1767351600000,1.8964,1.8971,1.8861,1.8903,6241093.4
1767355200000,1.8903,1.9018,1.8888,1.8982,4443524.6
1767358800000,1.8982,1.9042,1.8953,1.8961,5589464.1
1767362400000,1.8961,1.9228,1.8863,1.9157,25910316.2
1767366000000,1.9157,1.9243,1.8977,1.9174,18557088.6
1767369600000,1.9174,1.9635,1.915,1.9621,36080971.4
1767373200000,1.9621,1.9978,1.9618,1.992,38400387.5
1767376800000,1.992,1.9977,1.9685,1.978,15991261.2
1767380400000,1.978,1.9951,1.9721,1.9914,10077528.3
1767384000000,1.9914,1.9972,1.9774,1.9787,11051268.4
1767387600000,1.9787,2.0215,1.9787,2.0165,20046450.2
1767391200000,2.0165,2.0309,2.0096,2.0151,16042281.4
1767394800000,2.0151,2.018,2.0037,2.0063,7483644.2
1767398400000,2.0063,2.0388,2.0061,2.0142,13939694.9
1767402000000,2.0142,2.0316,2.0113,2.0291,7497623.1
1767405600000,2.0291,2.0295,2.018,2.0238,4432011.7
1767409200000,2.0238,2.0428,2.0183,2.0394,8706325.6
1767412800000,2.0394,2.0548,2.0368,2.048,15981358.5
1767416400000,2.048,2.0556,2.0273,2.0306,10092975.4
1767420000000,2.0306,2.0347,2.0068,2.011,9687163.5
1767423600000,2.011,2.015,1.9834,1.9931,22557178.6
1767427200000,1.9931,2.0091,1.9912,2.0064,11910763.9
1767430800000,2.0064,2.0203,2.0045,2.0126,8327113.3
1767434400000,2.0126,2.0138,2.0021,2.0044,6450998.0
1767438000000,2.0044,2.0048,1.9965,1.9983,4458109.4
1767441600000,1.9983,2.0047,1.993,2.0019,7759389.5
1767445200000,2.0019,2.0082,1.9989,2.0041,4652425.0
1767448800000,2.0041,2.0181,2.0032,2.0099,8555558.1
1767452400000,2.0099,2.0117,2.004,2.0053,4665955.7
1767456000000,2.0053,2.0098,1.998,2.0011,5356841.7
1767459600000,2.0011,2.0045,1.9952,2.0008,3391655.0
1767463200000,2.0008,2.0098,1.9965,2.0085,3625273.9
1767466800000,2.0085,2.0085,2.0018,2.0061,1991419.4
1767470400000,2.0061,2.0098,1.9979,2.0066,4514706.6
1767474000000,2.0066,2.0137,2.0033,2.0083,3813388.8
1767477600000,2.0083,2.0164,2.0026,2.0131,3745892.9
1767481200000,2.0131,2.0181,2.0112,2.0171,2790163.9
1767484800000,2.0171,2.0476,2.0152,2.0414,17339350.5
1767488400000,2.0414,2.0417,2.0255,2.0342,8256813.5
1767492000000,2.0342,2.036,2.0257,2.0299,4947192.8
1767495600000,2.0299,2.061,2.0292,2.0565,14401006.3
1767499200000,2.0565,2.068,2.0518,2.0597,13704499.1
1767502800000,2.0597,2.0744,2.0545,2.0656,8684710.2
1767506400000,2.0656,2.0721,2.057,2.0669,10362053.1
1767510000000,2.0669,2.0811,2.0608,2.0712,9162278.4
1767513600000,2.0712,2.0841,2.0589,2.0765,12009440.0
1767517200000,2.0765,2.0888,2.0659,2.0853,10217850.7
1767520800000,2.0853,2.0916,2.0772,2.0899,8292263.0
1767524400000,2.0899,2.0965,2.0818,2.094,9853721.3
1767528000000,2.094,2.1196,2.0909,2.1164,22434004.0
1767531600000,2.1164,2.1165,2.0897,2.1006,16333501.3
1767535200000,2.1006,2.1057,2.0804,2.0899,12162918.6
1767538800000,2.0899,2.0963,2.0811,2.0897,8796324.3
1767542400000,2.0897,2.0933,2.082,2.0906,6456812.7
1767546000000,2.0906,2.1024,2.089,2.0947,9404647.0
1767549600000,2.0947,2.095,2.0724,2.0867,10555975.7
1767553200000,2.0867,2.088,2.0707,2.0836,10030384.8
1767556800000,2.0836,2.0944,2.0801,2.0916,5709516.3
1767560400000,2.0916,2.1021,2.088,2.0959,7863160.6
1767564000000,2.0959,2.099,2.0785,2.0849,6109930.9
1767567600000,2.0849,2.0966,2.0828,2.0895,4929773.2
1767571200000,2.0895,2.1161,2.0865,2.1113,15667967.3
1767574800000,2.1113,2.1662,2.1085,2.1559,26488213.3
1767578400000,2.1559,2.1606,2.1347,2.1432,15207801.9
1767582000000,2.1432,2.1529,2.136,2.1419,8279167.1
1767585600000,2.1419,2.1452,2.1166,2.1258,13593111.7
1767589200000,2.1258,2.1368,2.1206,2.122,8031407.0
1767592800000,2.122,2.1275,2.1074,2.1222,10898520.7
1767596400000,2.1222,2.1342,2.1218,2.1328,5676357.1
1767600000000,2.1328,2.1515,2.13,2.1384,9376899.9
1767603600000,2.1384,2.1462,2.1268,2.136,11592254.1
1767607200000,2.136,2.1485,2.1309,2.1367,9526159.8
1767610800000,2.1367,2.1367,2.1241,2.1325,9057995.8
1767614400000,2.1325,2.1373,2.1215,2.1264,9192502.2
1767618000000,2.1264,2.1309,2.1113,2.1165,8202807.2
1767621600000,2.1165,2.1536,2.1111,2.149,27824317.7
1767625200000,2.149,2.1688,2.1368,2.1642,22952325.2
1767628800000,2.1642,2.196,2.1634,2.1932,25088926.1
1767632400000,2.1932,2.2072,2.1671,2.2059,25249818.2
1767636000000,2.2059,2.2686,2.1989,2.2664,50375609.0
1767639600000,2.2664,2.2818,2.2571,2.2773,31941122.8
1767643200000,2.2773,2.3498,2.2751,2.3154,75389593.9
1767646800000,2.3154,2.3433,2.3118,2.3348,26078433.0
1767650400000,2.3348,2.3465,2.3212,2.3344,16028838.9
1767654000000,2.3344,2.3684,2.3336,2.347,26074070.7
1767657600000,2.347,2.3737,2.3157,2.3708,38002769.1
1767661200000,2.3708,2.4046,2.3606,2.373,44532387.2
1767664800000,2.373,2.4158,2.3703,2.3919,24868617.1
1767668400000,2.3919,2.4007,2.378,2.3851,13684449.3
1767672000000,2.3851,2.393,2.3652,2.3866,13222006.2
1767675600000,2.3866,2.4083,2.3814,2.3891,16853470.8
1767679200000,2.3891,2.3995,2.3734,2.3754,14198808.9
1767682800000,2.3754,2.3764,2.3212,2.3296,31893047.5
1767686400000,2.3296,2.3463,2.3242,2.3317,15495112.6
1767690000000,2.3317,2.3594,2.3297,2.3509,14431584.8
1767693600000,2.3509,2.3632,2.3451,2.3597,8564912.0
1767697200000,2.3597,2.3762,2.3551,2.376,13295118.5
1767700800000,2.376,2.3938,2.3673,2.373,17386386.2
1767704400000,2.373,2.3784,2.3652,2.37,19240662.7
1767708000000,2.37,2.3985,2.3694,2.3782,49844431.2
1767711600000,2.3782,2.3917,2.333,2.3478,35996370.1
1767715200000,2.3478,2.3541,2.265,2.2808,57413455.4
1767718800000,2.2808,2.2882,2.2077,2.2089,66308764.1
1767722400000,2.2089,2.2562,2.2037,2.2445,27650889.6
1767726000000,2.2445,2.2568,2.2233,2.2271,14510954.1
1767729600000,2.2271,2.2659,2.2267,2.2566,16173367.4
1767733200000,2.2566,2.2909,2.2477,2.2815,22618839.8
1767736800000,2.2815,2.2984,2.2742,2.2909,9276790.8
1767740400000,2.2909,2.3099,2.2845,2.3027,15401358.9
1767744000000,2.3027,2.3191,2.2805,2.2814,19145375.6
1767747600000,2.2814,2.2922,2.2554,2.2647,23513552.4
1767751200000,2.2647,2.2788,2.2563,2.2744,12052742.3
1767754800000,2.2744,2.2808,2.2603,2.2658,8811449.3
1767758400000,2.2658,2.2742,2.2564,2.2585,9438175.2
1767762000000,2.2585,2.2639,2.2441,2.2508,15920350.5
1767765600000,2.2508,2.2693,2.2492,2.2633,5373903.6
1767769200000,2.2633,2.2858,2.2632,2.279,15273615.2
1767772800000,2.279,2.2902,2.2723,2.2824,13912407.8
1767776400000,2.2824,2.283,2.2302,2.2392,29092192.4
1767780000000,2.2392,2.2519,2.2346,2.2478,11756752.8
1767783600000,2.2478,2.2574,2.2444,2.2492,9389256.7
1767787200000,2.2492,2.2546,2.2407,2.247,7954675.1
1767790800000,2.247,2.2547,2.2363,2.2434,10579970.7
1767794400000,2.2434,2.2437,2.2042,2.228,33509259.5
1767798000000,2.228,2.2292,2.1824,2.1943,35528930.3
1767801600000,2.1943,2.2221,2.1926,2.2009,13716821.8
1767805200000,2.2009,2.2087,2.1867,2.1925,10470262.4
1767808800000,2.1925,2.2049,2.1808,2.1871,13165664.9
1767812400000,2.1871,2.1976,2.1701,2.1926,14251045.4
1767816000000,2.1926,2.1979,2.171,2.1733,10942166.8
1767819600000,2.1733,2.1854,2.1719,2.1779,7645242.8
1767823200000,2.1779,2.192,2.1659,2.1683,10261747.9
1767826800000,2.1683,2.1805,2.1508,2.1643,17887616.2
1767830400000,2.1643,2.1732,2.1459,2.1688,16562124.4
1767834000000,2.1688,2.1899,2.1684,2.1811,9463705.5
1767837600000,2.1811,2.1917,2.1587,2.1664,14083538.1
1767841200000,2.1664,2.1751,2.1441,2.1488,11121742.8
1767844800000,2.1488,2.1717,2.1444,2.1607,8535634.3
1767848400000,2.1607,2.1654,2.1387,2.1421,8021290.5
1767852000000,2.1421,2.1459,2.1072,2.1073,28664045.9
1767855600000,2.1073,2.122,2.0961,2.1185,21169070.3
1767859200000,2.1185,2.1325,2.1068,2.1113,14673284.2
1767862800000,2.1113,2.121,2.092,2.0954,16430261.4
1767866400000,2.0954,2.1063,2.0801,2.1025,18176942.9
1767870000000,2.1025,2.1044,2.0803,2.0912,15624932.5
1767873600000,2.0912,2.0912,2.0713,2.0804,17919299.7
1767877200000,2.0804,2.0946,2.0775,2.0867,14921888.8
1767880800000,2.0867,2.098,2.0649,2.0862,37752997.7
1767884400000,2.0862,2.1268,2.0729,2.1252,36003397.7
1767888000000,2.1252,2.1446,2.1109,2.144,26883845.6
1767891600000,2.144,2.1678,2.1375,2.1618,18875571.5
1767895200000,2.1618,2.1636,2.1233,2.1355,14514881.4
1767898800000,2.1355,2.1484,2.1294,2.1345,10338804.7
1767902400000,2.1345,2.1345,2.1118,2.1263,12038266.4
1767906000000,2.1263,2.1435,2.1224,2.1383,8010696.9
1767909600000,2.1383,2.1475,2.1202,2.1323,7825912.4
1767913200000,2.1323,2.1353,2.1201,2.1218,3964458.7
1767916800000,2.1218,2.1362,2.1201,2.131,4440897.6
1767920400000,2.131,2.1425,2.1081,2.109,12399444.3
1767924000000,2.109,2.135,2.1076,2.117,8178114.1
1767927600000,2.117,2.136,2.1155,2.1346,6255632.2
1767931200000,2.1346,2.137,2.1259,2.1266,4565095.8
1767934800000,2.1266,2.1372,2.1245,2.1371,4700186.3
1767938400000,2.1371,2.1466,2.1289,2.1427,4863258.4
1767942000000,2.1427,2.1427,2.1186,2.1191,7019664.1
1767945600000,2.1191,2.1226,2.0708,2.0823,30351900.4
1767949200000,2.0823,2.1068,2.0815,2.0949,12832838.7
1767952800000,2.0949,2.105,2.0913,2.0994,4480867.1
1767956400000,2.0994,2.1085,2.0952,2.1018,4334788.0
1767960000000,2.1018,2.1037,2.0893,2.0959,7836580.3
1767963600000,2.0959,2.1189,2.0915,2.1046,17319162.5
1767967200000,2.1046,2.1065,2.0797,2.0892,18441091.6
1767970800000,2.0892,2.1608,2.078,2.1165,41268081.9
1767974400000,2.1165,2.144,2.114,2.1304,17624250.7
1767978000000,2.1304,2.1317,2.0909,2.1059,11963090.4
1767981600000,2.1059,2.1089,2.0745,2.091,14333213.0
1767985200000,2.091,2.0916,2.0762,2.0821,6351165.5
1767988800000,2.0821,2.0921,2.0787,2.0836,7154611.5
1767992400000,2.0836,2.094,2.0747,2.0917,6752168.5
1767996000000,2.0917,2.1006,2.0867,2.0971,4879342.7
1767999600000,2.0971,2.098,2.0907,2.0949,2482248.2
1768003200000,2.0949,2.0961,2.088,2.091,2616409.9
1768006800000,2.091,2.0962,2.0887,2.0946,1983175.9
1768010400000,2.0946,2.1008,2.0883,2.0936,2868612.7
1768014000000,2.0936,2.097,2.086,2.0898,3235231.7
1768017600000,2.0898,2.0907,2.081,2.0825,4690231.9
1768021200000,2.0825,2.0915,2.079,2.0888,3058034.2
1768024800000,2.0888,2.0936,2.0841,2.0916,2144209.0
1768028400000,2.0916,2.1,2.0912,2.0995,2862887.5
1768032000000,2.0995,2.1016,2.0891,2.0927,3929321.5
1768035600000,2.0927,2.0975,2.0902,2.0961,1797602.8
1768039200000,2.0961,2.1042,2.094,2.1039,3272886.3
1768042800000,2.1039,2.104,2.0978,2.1019,2340217.5
1768046400000,2.1019,2.1097,2.0986,2.1002,4046699.1
1768050000000,2.1002,2.1002,2.0895,2.0907,3224592.0
1768053600000,2.0907,2.0919,2.0858,2.0895,3347724.7
1768057200000,2.0895,2.0942,2.0882,2.0917,2652543.3
1768060800000,2.0917,2.0959,2.0885,2.0936,1819390.3
1768064400000,2.0936,2.0967,2.087,2.0898,3197566.4
1768068000000,2.0898,2.1002,2.0868,2.0957,2735433.2
1768071600000,2.0957,2.0976,2.0908,2.0935,1694046.2
1768075200000,2.0935,2.0944,2.0894,2.0907,1141645.9
1768078800000,2.0907,2.0912,2.0871,2.0902,1647629.7
1768082400000,2.0902,2.0949,2.082,2.0849,2952047.2
1768086000000,2.0849,2.0917,2.0846,2.0898,3159005.9
1768089600000,2.0898,2.0947,2.0856,2.0891,3117558.2
1768093200000,2.0891,2.0928,2.0855,2.092,1877214.3
1768096800000,2.092,2.0953,2.088,2.0918,1749446.8
1768100400000,2.0918,2.0947,2.091,2.0946,1424236.8
1768104000000,2.0946,2.0947,2.0884,2.0919,1754253.6
1768107600000,2.0919,2.0952,2.0882,2.0947,1758903.4
1768111200000,2.0947,2.0956,2.0848,2.0938,4104732.3
1768114800000,2.0938,2.0984,2.0891,2.0917,2924100.7
1768118400000,2.0917,2.0979,2.0869,2.0957,2455663.0
1768122000000,2.0957,2.0966,2.0896,2.0912,2248723.5
1768125600000,2.0912,2.0943,2.0891,2.092,1853912.7
1768129200000,2.092,2.0954,2.0904,2.0954,1509142.5
1768132800000,2.0954,2.1053,2.0948,2.1028,6375566.8
1768136400000,2.1028,2.1038,2.0923,2.0962,4047235.0
1768140000000,2.0962,2.1088,2.096,2.1071,7284387.9
1768143600000,2.1071,2.1088,2.083,2.0885,10193322.7
1768147200000,2.0885,2.1023,2.0858,2.0935,9457087.7
1768150800000,2.0935,2.0972,2.0848,2.0931,3867165.4
1768154400000,2.0931,2.095,2.0869,2.0923,4235302.2
1768158000000,2.0923,2.096,2.0842,2.0858,2861172.9
1768161600000,2.0858,2.0858,2.0435,2.0642,30160198.6
1768165200000,2.0642,2.0744,2.0536,2.0729,6989153.3
1768168800000,2.0729,2.0729,2.055,2.0602,8217036.8
1768172400000,2.0602,2.0776,2.0453,2.0732,12980846.9
1768176000000,2.0732,2.0732,2.0345,2.0545,23379537.3
1768179600000,2.0545,2.0766,2.0521,2.0632,18701522.3
1768183200000,2.0632,2.1062,2.061,2.099,19971226.2
1768186800000,2.099,2.1048,2.0791,2.082,11456706.3
1768190400000,2.082,2.0941,2.0804,2.0899,5822999.8
1768194000000,2.0899,2.0908,2.0812,2.082,4833353.7
1768197600000,2.082,2.085,2.0669,2.0695,8466085.4
1768201200000,2.0695,2.0759,2.0508,2.0525,12713892.9
1768204800000,2.0525,2.0596,2.033,2.0485,18376125.3
1768208400000,2.0485,2.0528,2.041,2.0433,6810160.6
1768212000000,2.0433,2.0476,2.0331,2.0353,8142179.0
1768215600000,2.0353,2.048,2.0338,2.0472,6416417.1
1768219200000,2.0472,2.0541,2.046,2.0487,6172679.8
1768222800000,2.0487,2.0593,2.0423,2.0509,7028119.1
1768226400000,2.0509,2.0758,2.0389,2.0717,19026952.8
1768230000000,2.0717,2.0935,2.0677,2.093,20029280.8
1768233600000,2.093,2.1083,2.0852,2.0934,21787224.7
1768237200000,2.0934,2.0988,2.0525,2.0668,16473387.8
1768240800000,2.0668,2.0768,2.0588,2.0658,6415657.6
1768244400000,2.0658,2.0713,2.0571,2.0687,4305028.1
1768248000000,2.0687,2.0745,2.0614,2.0628,6638094.2
1768251600000,2.0628,2.0637,2.0382,2.0477,11312689.9
1768255200000,2.0477,2.0586,2.0477,2.053,4677087.4
1768258800000,2.053,2.0567,2.0441,2.0525,3825015.1
1768262400000,2.0525,2.0595,2.0499,2.0577,4154661.6
1768266000000,2.0577,2.0629,2.0474,2.0526,3971314.8
1768269600000,2.0526,2.0595,2.0493,2.0511,3194573.6
1768273200000,2.0511,2.0578,2.0464,2.0492,3028035.3
1768276800000,2.0492,2.0578,2.0486,2.0575,3163549.9
1768280400000,2.0575,2.0798,2.0566,2.0633,10750583.0
1768284000000,2.0633,2.067,2.0566,2.0622,5184434.9
1768287600000,2.0622,2.0623,2.0515,2.0526,3775400.0
1768291200000,2.0526,2.0683,2.0523,2.0648,4969734.0
1768294800000,2.0648,2.0739,2.0587,2.0648,9605129.7
1768298400000,2.0648,2.0692,2.0573,2.0601,5412126.1
1768302000000,2.0601,2.0632,2.0569,2.06,3968219.0
1768305600000,2.06,2.064,2.055,2.0628,3703454.9
1768309200000,2.0628,2.0778,2.0588,2.0681,19936426.7
1768312800000,2.0681,2.0967,2.0594,2.0771,22756504.0
1768316400000,2.0771,2.101,2.065,2.0974,20070745.0
1768320000000,2.0974,2.1144,2.0874,2.1042,30738844.5
1768323600000,2.1042,2.1078,2.0837,2.0909,12746024.4
1768327200000,2.0909,2.1129,2.0876,2.1054,8250017.3
1768330800000,2.1054,2.1387,2.1023,2.1385,16505769.7
1768334400000,2.1385,2.1487,2.1177,2.1316,25986162.5
1768338000000,2.1316,2.1408,2.1195,2.1197,9492515.9
1768341600000,2.1197,2.1814,2.1196,2.174,43770063.1
1768345200000,2.174,2.1838,2.1493,2.1643,16969195.4
1768348800000,2.1643,2.1778,2.1559,2.1663,11927990.1
1768352400000,2.1663,2.1767,2.1575,2.1743,12276904.2
1768356000000,2.1743,2.1916,2.1668,2.1706,14159424.5
1768359600000,2.1706,2.1845,2.1651,2.183,8773603.6
1768363200000,2.183,2.1853,2.1617,2.1621,8890426.7
1768366800000,2.1621,2.1632,2.1504,2.1518,11717165.9
1768370400000,2.1518,2.1518,2.1322,2.1484,13702810.6
1768374000000,2.1484,2.1556,2.1384,2.1476,11944213.8
1768377600000,2.1476,2.1518,2.1414,2.1417,7164346.1
1768381200000,2.1417,2.1527,2.1406,2.1463,6054757.9
1768384800000,2.1463,2.1482,2.1265,2.1345,14906103.6
1768388400000,2.1345,2.1345,2.1101,2.1146,13711412.5
1768392000000,2.1146,2.1262,2.1107,2.1239,8009720.7
1768395600000,2.1239,2.1306,2.1105,2.1147,10154608.2
1768399200000,2.1147,2.168,2.1135,2.1586,31185602.9
1768402800000,2.1586,2.1732,2.1416,2.1557,32569271.9
1768406400000,2.1557,2.1757,2.1552,2.1592,21771802.0
1768410000000,2.1592,2.1662,2.1346,2.1379,15393109.9
1768413600000,2.1379,2.1524,2.1238,2.1391,12944265.0
1768417200000,2.1391,2.1641,2.1334,2.1449,11252063.6
1768420800000,2.1449,2.1602,2.1381,2.1483,8837598.8
1768424400000,2.1483,2.154,2.1401,2.1468,5076859.2
1768428000000,2.1468,2.1469,2.1291,2.1345,7396369.0
1768431600000,2.1345,2.1458,2.1305,2.1383,5972132.7
1768435200000,2.1383,2.1427,2.1274,2.1319,6002659.4
1768438800000,2.1319,2.1391,2.1153,2.1182,8518236.7
1768442400000,2.1182,2.1243,2.0969,2.104,13186187.2
1768446000000,2.104,2.1073,2.0806,2.0871,15477518.8
1768449600000,2.0871,2.103,2.085,2.1007,8741089.7
1768453200000,2.1007,2.105,2.0955,2.0982,5824074.6
1768456800000,2.0982,2.1012,2.0881,2.0903,5325121.0
1768460400000,2.0903,2.105,2.0883,2.1004,5673608.9
1768464000000,2.1004,2.1042,2.0948,2.1031,4044118.3
1768467600000,2.1031,2.1213,2.0959,2.1159,9385196.8
1768471200000,2.1159,2.1196,2.1073,2.1147,7902344.2
1768474800000,2.1147,2.1222,2.1077,2.1106,6337824.9
1768478400000,2.1106,2.1187,2.1055,2.1169,6068750.0
1768482000000,2.1169,2.1313,2.1137,2.1279,10205176.1
1768485600000,2.1279,2.1317,2.0862,2.0955,30826676.1
1768489200000,2.0955,2.1058,2.0673,2.0946,30967986.1
1768492800000,2.0946,2.0985,2.0831,2.0908,10680504.5
1768496400000,2.0908,2.0976,2.0778,2.0804,10662470.5
1768500000000,2.0804,2.0824,2.0634,2.0693,9102180.3
1768503600000,2.0693,2.0709,2.0518,2.0644,12015530.5
1768507200000,2.0644,2.0698,2.0565,2.0599,7661045.4
1768510800000,2.0599,2.0744,2.0598,2.0731,3401322.4
1768514400000,2.0731,2.079,2.0667,2.0742,3621568.8
1768518000000,2.0742,2.08,2.0695,2.0776,3518896.7
1768521600000,2.0776,2.0854,2.075,2.0811,4521781.3
1768525200000,2.0811,2.0853,2.0739,2.0762,3208228.4
1768528800000,2.0762,2.0762,2.0654,2.0742,6047641.4
1768532400000,2.0742,2.0779,2.0632,2.0639,5832463.5
1768536000000,2.0639,2.0704,2.056,2.0625,7406202.3
1768539600000,2.0625,2.0737,2.0604,2.0709,6735049.5
1768543200000,2.0709,2.0745,2.0661,2.0724,3505188.3
1768546800000,2.0724,2.0765,2.0671,2.0722,2743311.9
1768550400000,2.0722,2.0803,2.0712,2.0734,3895988.8
1768554000000,2.0734,2.0756,2.0652,2.0656,4019772.2
1768557600000,2.0656,2.0661,2.0576,2.0603,4905197.5
1768561200000,2.0603,2.0654,2.0572,2.0642,3899604.2
1768564800000,2.0642,2.0673,2.0591,2.0622,4959997.6
1768568400000,2.0622,2.0622,2.0512,2.0571,6767408.5
1768572000000,2.0571,2.0662,2.0541,2.0549,8710658.1
1768575600000,2.0549,2.0643,2.0251,2.0315,30826945.2
1768579200000,2.0315,2.0465,2.0285,2.0431,12178702.5
1768582800000,2.0431,2.0536,2.0371,2.0509,5870724.4
1768586400000,2.0509,2.0533,2.0452,2.0492,3265338.6
1768590000000,2.0492,2.056,2.0422,2.0541,4260821.4
1768593600000,2.0541,2.079,2.0469,2.0783,10592609.8
1768597200000,2.0783,2.0788,2.0677,2.0734,9317113.5
1768600800000,2.0734,2.076,2.0679,2.0731,3806953.6
1768604400000,2.0731,2.0734,2.0666,2.067,3163338.6
1768608000000,2.067,2.0686,2.0612,2.0634,2920980.0
1768611600000,2.0634,2.0682,2.0619,2.0654,2478398.7
1768615200000,2.0654,2.0658,2.0577,2.0621,3722759.0
1768618800000,2.0621,2.0623,2.0525,2.0551,3039547.9
1768622400000,2.0551,2.0653,2.054,2.0635,3520977.2
1768626000000,2.0635,2.0652,2.0596,2.0626,1947337.7
1768629600000,2.0626,2.0639,2.0581,2.059,2265629.7
1768633200000,2.059,2.0604,2.055,2.0573,2001666.6
1768636800000,2.0573,2.062,2.0564,2.0615,1796595.3
1768640400000,2.0615,2.0664,2.0604,2.0623,5186756.1
1768644000000,2.0623,2.0665,2.0594,2.0601,2159098.9
1768647600000,2.0601,2.0635,2.0554,2.0607,3868000.3
1768651200000,2.0607,2.0639,2.0572,2.0587,2121842.9
1768654800000,2.0587,2.0628,2.0571,2.0608,2278518.4
1768658400000,2.0608,2.0782,2.057,2.073,8431542.8
1768662000000,2.073,2.0819,2.0697,2.0807,13484064.9
1768665600000,2.0807,2.0808,2.0676,2.0718,7743337.4
1768669200000,2.0718,2.0816,2.071,2.0816,3789586.6
1768672800000,2.0816,2.083,2.0721,2.0756,4074950.4
1768676400000,2.0756,2.0775,2.072,2.0727,2322720.9
1768680000000,2.0727,2.0747,2.0696,2.0713,1787313.4
1768683600000,2.0713,2.0714,2.0653,2.068,1880360.1
1768687200000,2.068,2.0684,2.0563,2.0639,5408103.2
1768690800000,2.0639,2.067,2.0611,2.0626,2548493.7
1768694400000,2.0626,2.0672,2.0583,2.0591,3502655.1
1768698000000,2.0591,2.0608,2.0472,2.051,8168309.7
1768701600000,2.051,2.0566,2.0475,2.0521,2899165.0
1768705200000,2.0521,2.0599,2.0512,2.0577,3808738.4
1768708800000,2.0577,2.0577,2.0511,2.055,1546805.0
1768712400000,2.055,2.0565,2.0468,2.0543,5641228.7
1768716000000,2.0543,2.0588,2.0533,2.0579,2519133.6
1768719600000,2.0579,2.0593,2.0498,2.0513,3885666.8
1768723200000,2.0513,2.0591,2.0492,2.0563,2177102.4
1768726800000,2.0563,2.0611,2.0541,2.0597,2675576.7
1768730400000,2.0597,2.0604,2.0533,2.0564,2241260.5
1768734000000,2.0564,2.0564,2.0511,2.0538,1705467.1
1768737600000,2.0538,2.0557,2.0505,2.0509,1628604.4
1768741200000,2.0509,2.0531,2.0461,2.0514,4944843.3
1768744800000,2.0514,2.0595,2.0481,2.0486,6886664.5
1768748400000,2.0486,2.0523,2.0434,2.0495,3916250.5
1768752000000,2.0495,2.0565,2.0459,2.048,3506428.7
1768755600000,2.048,2.056,2.045,2.0484,3603751.6
1768759200000,2.0484,2.065,2.0452,2.0605,6869928.3
1768762800000,2.0605,2.0633,2.051,2.0527,3026250.6
1768766400000,2.0527,2.0596,2.0501,2.0566,1885570.5
1768770000000,2.0566,2.0595,2.0549,2.0565,2388750.6
1768773600000,2.0565,2.0635,2.0552,2.0599,2449637.2
1768777200000,2.0599,2.06,1.9843,1.9902,49912738.0
1768780800000,1.9902,1.9902,1.8399,1.9434,136785259.6
1768784400000,1.9434,1.9613,1.9368,1.9513,14128151.8
1768788000000,1.9513,1.9623,1.949,1.9562,8172833.2
1768791600000,1.9562,1.9667,1.9518,1.966,8019475.0
1768795200000,1.966,1.9734,1.9605,1.9624,8708321.3
1768798800000,1.9624,1.9691,1.9568,1.9608,14361587.9
1768802400000,1.9608,1.965,1.9521,1.9611,8253582.1
1768806000000,1.9611,1.9628,1.9531,1.9621,4921777.2
1768809600000,1.9621,1.9827,1.958,1.9794,10814932.0
1768813200000,1.9794,1.981,1.9729,1.9805,4453191.0
1768816800000,1.9805,1.9837,1.9711,1.981,5248201.9
1768820400000,1.981,1.9817,1.9681,1.9719,5184420.4
1768824000000,1.9719,1.9759,1.9656,1.9718,4565084.1
1768827600000,1.9718,1.9731,1.964,1.9724,5253832.0
1768831200000,1.9724,1.984,1.9674,1.9781,5884994.5
1768834800000,1.9781,1.9828,1.976,1.9803,4686402.2
1768838400000,1.9803,2.0286,1.9791,2.0207,20620308.0
1768842000000,2.0207,2.0244,2.007,2.0173,11963600.0
1768845600000,2.0173,2.0247,2.0079,2.0099,7843431.4
1768849200000,2.0099,2.0174,2.0063,2.0125,4060642.5
1768852800000,2.0125,2.0158,2.0001,2.0016,5093590.5
1768856400000,2.0016,2.0074,1.9945,1.9972,5261373.6
1768860000000,1.9972,1.9994,1.9786,1.9795,9492881.3
1768863600000,1.9795,1.9948,1.9786,1.985,8482115.8
1768867200000,1.985,1.9899,1.9808,1.9857,7922731.2
1768870800000,1.9857,1.9857,1.9694,1.9711,9734833.0
1768874400000,1.9711,1.9718,1.9609,1.9678,8579525.1
1768878000000,1.9678,1.9689,1.9538,1.9611,7383442.5
1768881600000,1.9611,1.9725,1.9585,1.9643,7196287.4
1768885200000,1.9643,1.968,1.9524,1.9654,11119320.4
1768888800000,1.9654,1.9654,1.9404,1.9479,16986414.5
1768892400000,1.9479,1.9558,1.9446,1.9483,5656179.9
1768896000000,1.9483,1.9529,1.918,1.9273,30310913.4
1768899600000,1.9273,1.9302,1.9207,1.9245,5300799.9
1768903200000,1.9245,1.9321,1.9241,1.9292,4818705.3
1768906800000,1.9292,1.9396,1.9279,1.9279,6929091.0
1768910400000,1.9279,1.9358,1.9269,1.9339,4868415.6
1768914000000,1.9339,1.934,1.9141,1.9161,10670419.6
1768917600000,1.9161,1.9386,1.9124,1.9241,22788095.8
1768921200000,1.9241,1.9325,1.9077,1.9166,23477560.5
1768924800000,1.9166,1.9267,1.9004,1.9098,10662271.6
1768928400000,1.9098,1.9199,1.8961,1.9018,13100709.1
1768932000000,1.9018,1.9082,1.8931,1.8979,9475655.7
1768935600000,1.8979,1.9073,1.8929,1.9017,8439954.7
1768939200000,1.9017,1.9111,1.8973,1.905,8754416.1
1768942800000,1.905,1.9059,1.8825,1.8878,11042590.5
1768946400000,1.8878,1.9003,1.8682,1.8893,16008645.5
1768950000000,1.8893,1.8928,1.8831,1.8886,7643636.8
1768953600000,1.8886,1.9149,1.8874,1.9132,14145405.3
1768957200000,1.9132,1.9168,1.8973,1.8979,7395635.9
1768960800000,1.8979,1.9055,1.8909,1.8961,6172449.6
1768964400000,1.8961,1.9071,1.8955,1.9019,4531731.5
1768968000000,1.9019,1.9087,1.8998,1.9065,3316757.6
1768971600000,1.9065,1.9261,1.9048,1.9203,8787960.0
1768975200000,1.9203,1.9216,1.9128,1.9146,5884603.2
1768978800000,1.9146,1.9212,1.9061,1.9091,7029853.5
1768982400000,1.9091,1.9108,1.8961,1.9018,8334557.8
1768986000000,1.9018,1.9133,1.8992,1.9104,7315143.4
1768989600000,1.9104,1.9149,1.9017,1.9019,3535753.1
1768993200000,1.9019,1.9046,1.886,1.8888,9846117.6
1768996800000,1.8888,1.8974,1.8789,1.8962,15580426.3
1769000400000,1.8962,1.9044,1.8901,1.8954,10077452.1
1769004000000,1.8954,1.9439,1.8898,1.9416,38147477.9
1769007600000,1.9416,1.96,1.9337,1.957,16371200.5
1769011200000,1.957,1.958,1.8757,1.8781,34357346.2
1769014800000,1.8781,1.8972,1.8695,1.8898,26128708.1
1769018400000,1.8898,1.9135,1.8814,1.9042,17415879.4
1769022000000,1.9042,1.984,1.8976,1.9725,43988589.1
1769025600000,1.9725,1.9728,1.9475,1.9722,16601634.9
1769029200000,1.9722,1.9858,1.9658,1.974,9388701.5
1769032800000,1.974,1.9892,1.9646,1.9649,11142887.9
1769036400000,1.9649,1.9674,1.9384,1.9466,8378992.6
1769040000000,1.9466,1.9603,1.9465,1.9542,5119822.9
1769043600000,1.9542,1.9674,1.9507,1.958,7054812.3
1769047200000,1.958,1.9607,1.9431,1.9444,8255277.8
1769050800000,1.9444,1.9545,1.9406,1.9466,4762720.5
1769054400000,1.9466,1.9539,1.9463,1.9518,2467350.6
1769058000000,1.9518,1.9542,1.9455,1.9525,3343509.3
1769061600000,1.9525,1.9589,1.9469,1.9544,4099064.5
1769065200000,1.9544,1.9553,1.9455,1.9468,4260544.2
1769068800000,1.9468,1.9585,1.9458,1.958,4095559.0
1769072400000,1.958,1.9637,1.9551,1.963,4784389.4
1769076000000,1.963,1.9632,1.9522,1.9549,4489888.6
1769079600000,1.9549,1.9557,1.9413,1.9426,6059331.2
1769083200000,1.9426,1.9484,1.9394,1.9406,4341939.5
1769086800000,1.9406,1.946,1.9251,1.929,14039534.6
1769090400000,1.929,1.932,1.9138,1.9144,14782595.4
1769094000000,1.9144,1.9227,1.9002,1.9133,19000902.7
1769097600000,1.9133,1.9281,1.9036,1.9219,14066931.3
1769101200000,1.9219,1.9295,1.9111,1.9279,11220625.0
1769104800000,1.9279,1.9322,1.9195,1.9213,5417496.7
1769108400000,1.9213,1.935,1.9164,1.9317,3875786.2
1769112000000,1.9317,1.9331,1.9179,1.9226,6117197.2
1769115600000,1.9226,1.9311,1.9193,1.9244,2888394.3
1769119200000,1.9244,1.9313,1.9216,1.9234,3530934.7
1769122800000,1.9234,1.9249,1.9141,1.9227,3915572.0
1769126400000,1.9227,1.9255,1.9155,1.9171,2341809.3
1769130000000,1.9171,1.9234,1.9154,1.9209,2582312.4
1769133600000,1.9209,1.9222,1.9074,1.9082,2895294.9
1769137200000,1.9082,1.9172,1.9081,1.915,3827107.3
1769140800000,1.915,1.9248,1.9126,1.9193,3169716.1
1769144400000,1.9193,1.9201,1.9068,1.9098,4042076.6
1769148000000,1.9098,1.9158,1.902,1.9101,6525941.6
1769151600000,1.9101,1.9152,1.9079,1.913,3123564.7
1769155200000,1.913,1.9146,1.9015,1.9048,7493362.9
1769158800000,1.9048,1.9111,1.9003,1.9066,4520513.8
1769162400000,1.9066,1.9118,1.9058,1.9068,2869500.6
1769166000000,1.9068,1.9139,1.9057,1.9129,2410913.7
1769169600000,1.9129,1.9131,1.9075,1.9088,2012427.3
1769173200000,1.9088,1.9114,1.903,1.9041,2894415.7
1769176800000,1.9041,1.9077,1.8858,1.8955,17453098.9
1769180400000,1.8955,1.9217,1.8881,1.9208,13796380.6
1769184000000,1.9208,1.9499,1.9192,1.9355,20562278.7
1769187600000,1.9355,1.9653,1.9265,1.9466,20907158.8
1769191200000,1.9466,1.96,1.9407,1.9439,10441679.1
1769194800000,1.9439,1.9439,1.9198,1.9227,12576982.4
1769198400000,1.9227,1.9267,1.9071,1.9154,12047773.0
1769202000000,1.9154,1.9258,1.913,1.9172,5201464.6
1769205600000,1.9172,1.9299,1.9166,1.925,7788824.3
1769209200000,1.925,1.925,1.9181,1.9186,3058440.6
1769212800000,1.9186,1.9227,1.9173,1.9182,2928932.4
1769216400000,1.9182,1.9209,1.915,1.9196,1077059.2
1769220000000,1.9196,1.9259,1.9191,1.9229,2641778.5
1769223600000,1.9229,1.9264,1.9208,1.9224,1701336.7
1769227200000,1.9224,1.9266,1.9219,1.9243,1045352.4
1769230800000,1.9243,1.9244,1.919,1.9209,2116895.4
1769234400000,1.9209,1.9213,1.9168,1.9178,1564330.2
1769238000000,1.9178,1.9191,1.9158,1.918,2008853.7
1769241600000,1.918,1.9204,1.917,1.9186,1529754.3
1769245200000,1.9186,1.9186,1.9131,1.9173,1704742.2
1769248800000,1.9173,1.9173,1.9143,1.9166,800495.6
1769252400000,1.9166,1.9191,1.9158,1.9159,1083644.8
1769256000000,1.9159,1.9215,1.9143,1.9186,1587219.7
1769259600000,1.9186,1.9236,1.9174,1.9177,2251778.5
1769263200000,1.9177,1.9206,1.9155,1.9183,4873984.3
1769266800000,1.9183,1.9206,1.9112,1.9119,2574302.5
1769270400000,1.9119,1.9163,1.9083,1.9138,3624368.1
1769274000000,1.9138,1.9182,1.912,1.916,1728945.9
1769277600000,1.916,1.92,1.9156,1.9198,1437792.0
1769281200000,1.9198,1.9201,1.9137,1.9155,1524092.2
1769284800000,1.9155,1.9178,1.9155,1.9165,790549.5
1769288400000,1.9165,1.9171,1.9131,1.9167,1767200.9
1769292000000,1.9167,1.9221,1.9167,1.9209,1716664.7
1769295600000,1.9209,1.9216,1.9132,1.9134,2991945.1
1769299200000,1.9134,1.916,1.9098,1.9136,2568150.4
1769302800000,1.9136,1.9139,1.9027,1.9049,7473227.8
1769306400000,1.9049,1.9087,1.9041,1.9059,1715958.2
1769310000000,1.9059,1.9067,1.8967,1.8996,3617885.7
1769313600000,1.8996,1.9026,1.8978,1.9001,1882893.7
1769317200000,1.9001,1.9009,1.8961,1.9007,1888071.9
1769320800000,1.9007,1.9009,1.8942,1.8971,3465995.1
1769324400000,1.8971,1.8993,1.8931,1.8939,3175112.6
1769328000000,1.8939,1.8987,1.8887,1.8901,4935039.1
1769331600000,1.8901,1.8964,1.8861,1.8928,4709005.8
1769335200000,1.8928,1.9113,1.8925,1.9066,5985204.3
1769338800000,1.9066,1.91,1.8991,1.9014,3717945.8
1769342400000,1.9014,1.9024,1.895,1.8999,4256346.4
1769346000000,1.8999,1.9023,1.8932,1.901,2636458.7
1769349600000,1.901,1.9014,1.8826,1.8864,8292341.7
1769353200000,1.8864,1.8926,1.883,1.8867,4888012.9
1769356800000,1.8867,1.8868,1.8436,1.8524,50860864.5
1769360400000,1.8524,1.8608,1.8342,1.845,21913549.9
1769364000000,1.845,1.849,1.8239,1.8348,20255888.6
1769367600000,1.8348,1.8404,1.8093,1.8169,22287607.4
1769371200000,1.8169,1.8258,1.8115,1.823,11565641.3
1769374800000,1.823,1.8397,1.8226,1.8389,10373366.9
1769378400000,1.8389,1.8393,1.8172,1.8289,16724445.4
1769382000000,1.8289,1.838,1.8225,1.8345,7797220.2
1769385600000,1.8345,1.8533,1.8318,1.8516,10237199.9
1769389200000,1.8516,1.8881,1.8516,1.8831,17021801.4
1769392800000,1.8831,1.8847,1.871,1.8753,7360519.2
1769396400000,1.8753,1.8821,1.864,1.8687,7612046.4
1769400000000,1.8687,1.8941,1.8686,1.8779,9517800.3
1769403600000,1.8779,1.8818,1.8745,1.8797,3432555.8
1769407200000,1.8797,1.885,1.8737,1.8793,6424740.4
1769410800000,1.8793,1.8853,1.8749,1.8809,9240717.6
1769414400000,1.8809,1.8963,1.8791,1.8883,11266857.9
1769418000000,1.8883,1.8895,1.8752,1.8787,6898681.7
1769421600000,1.8787,1.89,1.8784,1.886,3751653.8
1769425200000,1.886,1.894,1.886,1.8906,3909698.1
1769428800000,1.8906,1.9015,1.8906,1.8981,7577963.6
1769432400000,1.8981,1.9157,1.897,1.9051,11508039.0
1769436000000,1.9051,1.9278,1.8995,1.9191,27673671.3
1769439600000,1.9191,1.9455,1.9126,1.9246,32896528.0
1769443200000,1.9246,1.9378,1.9172,1.9181,14575796.2
1769446800000,1.9181,1.9211,1.8983,1.9107,14515160.0
1769450400000,1.9107,1.9263,1.9063,1.9171,11726927.4
1769454000000,1.9171,1.9224,1.9026,1.9066,5364631.5
1769457600000,1.9066,1.9086,1.8893,1.8912,9161804.0
1769461200000,1.8912,1.9069,1.8874,1.8983,8632170.3
1769464800000,1.8983,1.9026,1.8933,1.8985,5268020.3
1769468400000,1.8985,1.9114,1.8941,1.903,5230472.9
1769472000000,1.903,1.904,1.8971,1.9026,3694622.8
1769475600000,1.9026,1.91,1.8965,1.9054,4754830.4
1769479200000,1.9054,1.9148,1.9038,1.9139,3934088.9
1769482800000,1.9139,1.9159,1.9067,1.9087,3195617.5
1769486400000,1.9087,1.917,1.9062,1.9076,4508430.1
1769490000000,1.9076,1.9079,1.8995,1.9013,3394183.1
1769493600000,1.9013,1.9021,1.8936,1.8971,4045241.9
1769497200000,1.8971,1.9,1.8958,1.8985,2895141.3
1769500800000,1.8985,1.9018,1.8916,1.8941,4041887.4
1769504400000,1.8941,1.8941,1.8814,1.8822,5680890.1
1769508000000,1.8822,1.8885,1.8818,1.8839,3033679.9
1769511600000,1.8839,1.8916,1.8805,1.8879,3771000.1
1769515200000,1.8879,1.8919,1.8831,1.8839,2575855.6
1769518800000,1.8839,1.8855,1.8726,1.8756,5814877.7
1769522400000,1.8756,1.8958,1.8752,1.8826,10923968.5
1769526000000,1.8826,1.8949,1.8786,1.8924,7059360.2
1769529600000,1.8924,1.9155,1.8917,1.913,15344958.5
1769533200000,1.913,1.9138,1.8751,1.8797,15907245.4
1769536800000,1.8797,1.9119,1.8771,1.9057,7114683.6
1769540400000,1.9057,1.9102,1.8974,1.9062,5261170.9
1769544000000,1.9062,1.9288,1.9048,1.9219,14319909.6
1769547600000,1.9219,1.9288,1.9103,1.9114,8429213.4
1769551200000,1.9114,1.9248,1.9106,1.9177,4486365.6
1769554800000,1.9177,1.9209,1.9139,1.9147,3436192.2
1769558400000,1.9147,1.9183,1.9076,1.9107,6625066.5
1769562000000,1.9107,1.9116,1.8965,1.9016,4747698.9
1769565600000,1.9016,1.904,1.8931,1.9014,3337797.7
1769569200000,1.9014,1.9031,1.8966,1.9006,2055097.1
1769572800000,1.9006,1.903,1.8956,1.9005,2467668.9
1769576400000,1.9005,1.9119,1.8977,1.9115,7288792.0
1769580000000,1.9115,1.924,1.9115,1.9204,8620579.2
1769583600000,1.9204,1.9228,1.9128,1.9151,4061456.4
1769587200000,1.9151,1.918,1.9072,1.9087,3448816.7
1769590800000,1.9087,1.932,1.9051,1.9313,5874078.5
1769594400000,1.9313,1.9356,1.9254,1.9266,6458722.0
1769598000000,1.9266,1.9416,1.9221,1.9408,7436879.7
1769601600000,1.9408,1.9413,1.9232,1.9256,9741335.2
1769605200000,1.9256,1.9368,1.9246,1.9325,5295195.5
1769608800000,1.9325,1.9325,1.914,1.9183,9024806.8
1769612400000,1.9183,1.9231,1.8998,1.9064,11880410.0
1769616000000,1.9064,1.915,1.8997,1.9068,7227511.9
1769619600000,1.9068,1.9273,1.8993,1.9205,9319312.3
1769623200000,1.9205,1.9208,1.9107,1.915,6948112.7
1769626800000,1.915,1.9238,1.9054,1.9185,10006599.5
1769630400000,1.9185,1.9314,1.9141,1.9171,7413163.2
1769634000000,1.9171,1.9212,1.9063,1.914,8135249.1
1769637600000,1.914,1.9187,1.9082,1.9176,3401134.7
1769641200000,1.9176,1.9187,1.9069,1.9103,3850650.6
1769644800000,1.9103,1.9126,1.8988,1.9056,4514015.3
1769648400000,1.9056,1.907,1.8891,1.8911,7012910.0
1769652000000,1.8911,1.8954,1.8686,1.8736,14342135.7
1769655600000,1.8736,1.883,1.8699,1.8747,7532433.3
1769659200000,1.8747,1.8786,1.8639,1.8775,8219258.4
1769662800000,1.8775,1.8836,1.8767,1.878,6053880.6
1769666400000,1.878,1.8885,1.8772,1.8847,3566995.6
1769670000000,1.8847,1.8882,1.8831,1.8847,3920981.7
1769673600000,1.8847,1.889,1.8754,1.8788,6185454.6
1769677200000,1.8788,1.8796,1.8719,1.8728,4985986.7
1769680800000,1.8728,1.8759,1.8698,1.8734,2424335.6
1769684400000,1.8734,1.8741,1.8665,1.8703,5115117.3
1769688000000,1.8703,1.8736,1.8646,1.8723,4262327.7
1769691600000,1.8723,1.876,1.8717,1.8746,2663477.6
1769695200000,1.8746,1.877,1.8234,1.8251,41727786.5
1769698800000,1.8251,1.829,1.7846,1.7998,64236298.3
1769702400000,1.7998,1.8174,1.7909,1.8144,20807716.0
1769706000000,1.8144,1.8419,1.8114,1.812,22458884.3
1769709600000,1.812,1.8179,1.7831,1.7838,29375745.6
1769713200000,1.7838,1.797,1.7765,1.7882,22519644.3
1769716800000,1.7882,1.8079,1.7843,1.8013,10479928.6
1769720400000,1.8013,1.8067,1.7953,1.8045,8435326.6
1769724000000,1.8045,1.8124,1.802,1.809,5088719.4
1769727600000,1.809,1.81,1.797,1.8064,6212425.8
1769731200000,1.8064,1.8114,1.7965,1.7973,5591653.3
1769734800000,1.7973,1.8038,1.7063,1.755,97927374.7
1769738400000,1.755,1.7607,1.7247,1.7468,26683559.2
1769742000000,1.7468,1.7602,1.7395,1.7467,9842582.6
1769745600000,1.7467,1.7713,1.7463,1.7621,10529254.8
1769749200000,1.7621,1.7688,1.756,1.7625,6544238.4
1769752800000,1.7625,1.7632,1.7288,1.7385,19087857.9
1769756400000,1.7385,1.7611,1.7371,1.7575,15189656.5
1769760000000,1.7575,1.7625,1.7421,1.7485,8654993.6
1769763600000,1.7485,1.7534,1.7321,1.7391,15567367.4
1769767200000,1.7391,1.7509,1.7364,1.7493,5684446.2
1769770800000,1.7493,1.7736,1.7468,1.7685,8184491.5
1769774400000,1.7685,1.7742,1.7572,1.7605,11312647.7
1769778000000,1.7605,1.7634,1.7431,1.7514,14370471.3
1769781600000,1.7514,1.7772,1.7513,1.7606,21446474.0
1769785200000,1.7606,1.7809,1.7391,1.7578,36487956.8
1769788800000,1.7578,1.7745,1.7466,1.7617,16920453.3
1769792400000,1.7617,1.773,1.7484,1.7522,15113975.2
1769796000000,1.7522,1.7798,1.7095,1.7721,43817776.2
1769799600000,1.7721,1.7836,1.7662,1.7706,23233452.6
1769803200000,1.7706,1.7709,1.7321,1.7379,30638798.7
1769806800000,1.7379,1.7501,1.7231,1.7275,17736490.4
1769810400000,1.7275,1.736,1.7165,1.728,10733572.7
1769814000000,1.728,1.7359,1.7215,1.7338,6693863.1
1769817600000,1.7338,1.7401,1.732,1.7355,5744156.0
1769821200000,1.7355,1.7466,1.734,1.7455,5906769.4
1769824800000,1.7455,1.7537,1.7329,1.7482,7906759.3
1769828400000,1.7482,1.7513,1.7412,1.7436,4249177.6
1769832000000,1.7436,1.7477,1.7349,1.7371,7044974.0
1769835600000,1.7371,1.7384,1.7294,1.737,5680153.7
1769839200000,1.737,1.7387,1.7208,1.7282,7277875.2
1769842800000,1.7282,1.7323,1.7108,1.7181,13758033.9
1769846400000,1.7181,1.7211,1.6787,1.6934,44910541.7
1769850000000,1.6934,1.7061,1.6896,1.6994,9714397.9
1769853600000,1.6994,1.7108,1.6936,1.7057,9287702.0
1769857200000,1.7057,1.7058,1.6976,1.7011,6848596.8
1769860800000,1.7011,1.7012,1.6854,1.6895,13566393.7
1769864400000,1.6895,1.6902,1.6714,1.6757,15676981.4
1769868000000,1.6757,1.6803,1.6115,1.64,91347848.7
1769871600000,1.64,1.6595,1.6316,1.6342,34951783.6
1769875200000,1.6342,1.6492,1.6024,1.6095,58614548.2
1769878800000,1.6095,1.6153,1.5139,1.5672,148842046.8
1769882400000,1.5672,1.6048,1.5001,1.5841,143550629.2
1769886000000,1.5841,1.6095,1.5734,1.5817,38262430.7
1769889600000,1.5817,1.6005,1.5704,1.5928,20861452.9
1769893200000,1.5928,1.6259,1.5864,1.6195,30593456.9
1769896800000,1.6195,1.6209,1.6002,1.6132,11058909.8
1769900400000,1.6132,1.6553,1.6122,1.646,25579618.0
1769904000000,1.646,1.6749,1.6426,1.6633,19844594.9
1769907600000,1.6633,1.6656,1.644,1.6597,15819589.7
1769911200000,1.6597,1.6793,1.6568,1.6695,11117592.8
1769914800000,1.6695,1.6725,1.6574,1.6655,8464352.2
1769918400000,1.6655,1.6728,1.6601,1.6647,7381433.1
1769922000000,1.6647,1.6698,1.6531,1.6579,15541803.3
1769925600000,1.6579,1.6725,1.6515,1.6559,16503489.5
1769929200000,1.6559,1.6706,1.6465,1.6583,13810333.6
1769932800000,1.6583,1.6776,1.657,1.6625,15551354.9
1769936400000,1.6625,1.6686,1.6521,1.6661,13224159.6
1769940000000,1.6661,1.6677,1.6314,1.6322,18260663.6
1769943600000,1.6322,1.6535,1.6313,1.6491,14225152.1
1769947200000,1.6491,1.6497,1.6319,1.6395,16200129.7
1769950800000,1.6395,1.652,1.6253,1.6288,17950763.4
1769954400000,1.6288,1.6331,1.5972,1.6157,36123579.9
1769958000000,1.6157,1.6175,1.5755,1.5943,35614172.6
1769961600000,1.5943,1.6095,1.5811,1.5923,21307746.4
1769965200000,1.5923,1.6021,1.5859,1.6011,13495605.3
1769968800000,1.6011,1.6258,1.6006,1.6146,22319160.2
1769972400000,1.6146,1.6179,1.5902,1.599,12750195.7
1769976000000,1.599,1.614,1.5791,1.5982,17815242.1
1769979600000,1.5982,1.5994,1.5812,1.5896,18133611.7
1769983200000,1.5896,1.6157,1.5856,1.5996,18522694.2
1769986800000,1.5996,1.6129,1.5516,1.59,58090824.3
1769990400000,1.59,1.618,1.5775,1.604,19184266.1
1769994000000,1.604,1.6154,1.5802,1.6012,17773237.4
1769997600000,1.6012,1.6094,1.5856,1.5897,10362714.9
1770001200000,1.5897,1.5912,1.5297,1.5802,60113738.4
1770004800000,1.5802,1.5995,1.5568,1.5758,19794278.4
1770008400000,1.5758,1.5768,1.5328,1.5486,32743612.0
1770012000000,1.5486,1.5951,1.53,1.5797,63019236.5
1770015600000,1.5797,1.5959,1.5741,1.5787,18852394.2
1770019200000,1.5787,1.6,1.5786,1.5892,9663499.2
1770022800000,1.5892,1.6136,1.5866,1.6081,15199193.0
1770026400000,1.6081,1.6144,1.6035,1.6108,8532274.5
1770030000000,1.6108,1.6263,1.6108,1.6204,13918032.1
1770033600000,1.6204,1.6543,1.6197,1.6447,20293715.1
1770037200000,1.6447,1.6521,1.6349,1.6378,10152488.9
1770040800000,1.6378,1.6479,1.6211,1.629,30950876.1
1770044400000,1.629,1.6538,1.625,1.6415,16009465.8
1770048000000,1.6415,1.6567,1.6361,1.6431,10719168.3
1770051600000,1.6431,1.6515,1.6362,1.6408,5483978.8
1770055200000,1.6408,1.6494,1.633,1.6408,6946613.7
1770058800000,1.6408,1.6416,1.624,1.625,5614786.1
1770062400000,1.625,1.6319,1.6113,1.6132,10154517.8
1770066000000,1.6132,1.6257,1.6125,1.6222,5853401.2
1770069600000,1.6222,1.6325,1.6207,1.6251,6506174.0
1770073200000,1.6251,1.626,1.6164,1.6186,3817698.1
1770076800000,1.6186,1.621,1.6059,1.6173,8962598.9
1770080400000,1.6173,1.6176,1.6061,1.6163,6834963.6
1770084000000,1.6163,1.6171,1.5894,1.5914,10120340.0
1770087600000,1.5914,1.6145,1.587,1.6126,11492382.9
1770091200000,1.6126,1.624,1.6085,1.6213,7452098.6
1770094800000,1.6213,1.6223,1.606,1.6069,6496401.2
1770098400000,1.6069,1.6123,1.5978,1.6115,8629635.5
1770102000000,1.6115,1.6232,1.6068,1.6164,11042381.6
1770105600000,1.6164,1.6247,1.6113,1.6154,6378148.3
1770109200000,1.6154,1.6214,1.5942,1.6026,18033710.7
1770112800000,1.6026,1.6073,1.5961,1.5989,4707586.5
1770116400000,1.5989,1.6066,1.5968,1.6022,7867536.9
1770120000000,1.6022,1.6103,1.5975,1.6075,6714108.6
1770123600000,1.6075,1.6156,1.6031,1.6118,5538776.4
1770127200000,1.6118,1.616,1.5817,1.5823,21244818.3
1770130800000,1.5823,1.621,1.5777,1.6175,45819012.5
1770134400000,1.6175,1.6177,1.5811,1.5852,24187422.6
1770138000000,1.5852,1.5889,1.5565,1.5574,25833329.6
1770141600000,1.5574,1.5639,1.5284,1.5305,50428017.3
1770145200000,1.5305,1.59,1.5264,1.5803,46987671.0
1770148800000,1.5803,1.6341,1.5656,1.6175,50008310.8
1770152400000,1.6175,1.6285,1.6005,1.6018,20916569.2
1770156000000,1.6018,1.6039,1.5822,1.5873,15453907.6
1770159600000,1.5873,1.5883,1.5681,1.5782,11311190.2
1770163200000,1.5782,1.5851,1.5651,1.5751,8510030.1
1770166800000,1.5751,1.6004,1.5751,1.5913,9051082.6
1770170400000,1.5913,1.5942,1.5751,1.5846,7000125.3
1770174000000,1.5846,1.6044,1.5819,1.5985,11285484.1
1770177600000,1.5985,1.6027,1.5924,1.5941,4008831.8
1770181200000,1.5941,1.5954,1.5818,1.5855,4201294.3
1770184800000,1.5855,1.6044,1.5845,1.6004,10231914.2
1770188400000,1.6004,1.6078,1.5969,1.6045,12604397.6
1770192000000,1.6045,1.6114,1.599,1.6091,7531549.2
1770195600000,1.6091,1.6091,1.5963,1.598,9175146.9
1770199200000,1.598,1.603,1.5945,1.595,3930361.8
1770202800000,1.595,1.5992,1.578,1.5915,17575960.1
1770206400000,1.5915,1.5976,1.5875,1.5904,5098149.1
1770210000000,1.5904,1.5914,1.5639,1.5641,14706992.0
1770213600000,1.5641,1.5745,1.5416,1.5441,29413403.5
1770217200000,1.5441,1.5635,1.5281,1.5427,38483325.0
1770220800000,1.5427,1.5488,1.5178,1.5303,35747278.8
1770224400000,1.5303,1.5382,1.5036,1.5211,31712275.4
1770228000000,1.5211,1.5536,1.503,1.5342,44299658.8
1770231600000,1.5342,1.5563,1.5242,1.5537,17516457.5
1770235200000,1.5537,1.5554,1.5343,1.5357,8824864.9
1770238800000,1.5357,1.5387,1.5054,1.5169,16064321.6
1770242400000,1.5169,1.5441,1.4932,1.51,27693266.7
1770246000000,1.51,1.5258,1.5046,1.5112,20104087.5
1770249600000,1.5112,1.5143,1.4882,1.4899,17692256.0
1770253200000,1.4899,1.5017,1.4598,1.4743,36810156.7
1770256800000,1.4743,1.4846,1.45,1.4523,34789002.8
1770260400000,1.4523,1.466,1.4386,1.4427,28664203.3
1770264000000,1.4427,1.4575,1.4357,1.4451,23705106.3
1770267600000,1.4451,1.4578,1.4292,1.441,26165180.9
1770271200000,1.441,1.4434,1.4171,1.4258,27020182.1
1770274800000,1.4258,1.449,1.4243,1.4316,23798832.4
1770278400000,1.4316,1.4427,1.4252,1.427,13265104.9
1770282000000,1.427,1.444,1.4114,1.4133,24170587.5
1770285600000,1.4133,1.4146,1.356,1.3667,61971774.0
1770289200000,1.3667,1.3822,1.3419,1.3648,63394491.3
1770292800000,1.3648,1.3771,1.3532,1.3648,42755565.8
1770296400000,1.3648,1.3695,1.3409,1.3519,34743572.6
1770300000000,1.3519,1.3864,1.3518,1.3561,51440663.1
1770303600000,1.3561,1.3636,1.2671,1.2958,190191014.6
1770307200000,1.2958,1.3114,1.2707,1.2797,80391679.5
1770310800000,1.2797,1.2835,1.215,1.2499,117464124.3
1770314400000,1.2499,1.2664,1.2155,1.2606,74552392.4
1770318000000,1.2606,1.2627,1.2059,1.2127,52526702.2
1770321600000,1.2127,1.2232,1.1367,1.1899,190824569.8
1770325200000,1.1899,1.2076,1.1501,1.1617,103755701.1
1770328800000,1.1617,1.2363,1.1471,1.2244,77764923.5
1770332400000,1.2244,1.2649,1.2079,1.2138,81297814.0
1770336000000,1.2138,1.2345,1.117,1.2162,278027038.3
1770339600000,1.2162,1.2926,1.2131,1.2792,67457109.4
1770343200000,1.2792,1.285,1.2419,1.2607,54318866.6
1770346800000,1.2607,1.276,1.2549,1.2692,24612405.6
1770350400000,1.2692,1.29,1.2622,1.2801,25787866.7
1770354000000,1.2801,1.3297,1.2773,1.3286,51003475.3
1770357600000,1.3286,1.3344,1.3001,1.3023,45992235.8
1770361200000,1.3023,1.3126,1.2874,1.2915,32875977.5
1770364800000,1.2915,1.3083,1.2842,1.3018,34350003.3
1770368400000,1.3018,1.33,1.2921,1.3287,33842175.0
1770372000000,1.3287,1.3875,1.3269,1.3581,71812743.8
1770375600000,1.3581,1.3701,1.3503,1.367,31489042.9
1770379200000,1.367,1.3825,1.3563,1.3805,28000154.2
1770382800000,1.3805,1.4391,1.375,1.4271,75314535.5
1770386400000,1.4271,1.4856,1.4019,1.4782,94504092.1
1770390000000,1.4782,1.542,1.4616,1.5121,122386137.2
1770393600000,1.5121,1.534,1.4849,1.4886,89675089.9
1770397200000,1.4886,1.5174,1.4793,1.4938,53878323.0
1770400800000,1.4938,1.4959,1.4501,1.4566,57341941.2
1770404400000,1.4566,1.4659,1.4366,1.4556,38318667.6
1770408000000,1.4556,1.4626,1.4374,1.4474,29819493.4
1770411600000,1.4474,1.4649,1.439,1.4573,19616286.6
1770415200000,1.4573,1.4888,1.4536,1.4881,28247876.2
1770418800000,1.4881,1.4967,1.4634,1.4685,29990235.9
1770422400000,1.4685,1.4866,1.4441,1.4576,46325634.9
1770426000000,1.4576,1.4774,1.4324,1.4667,33257866.5
1770429600000,1.4667,1.4726,1.4544,1.4594,14776976.4
1770433200000,1.4594,1.4846,1.4573,1.4726,22599170.8
1770436800000,1.4726,1.4841,1.4504,1.4603,26415171.1
1770440400000,1.4603,1.4688,1.4513,1.4585,17378052.8
1770444000000,1.4585,1.4688,1.433,1.4333,29368635.3
1770447600000,1.4333,1.4459,1.4057,1.4126,78966880.2
1770451200000,1.4126,1.4284,1.4022,1.4227,31650768.3
1770454800000,1.4227,1.4262,1.4049,1.4126,24476072.7
1770458400000,1.4126,1.4174,1.3856,1.3987,40343719.3
1770462000000,1.3987,1.4025,1.3851,1.3917,22971894.3
1770465600000,1.3917,1.44,1.39,1.4175,69649640.9
1770469200000,1.4175,1.4247,1.3951,1.4034,25621295.7
1770472800000,1.4034,1.4101,1.3905,1.3996,20657399.6
1770476400000,1.3996,1.4195,1.3969,1.4098,30127680.1
1770480000000,1.4098,1.4373,1.4041,1.418,254631228.1
1770483600000,1.418,1.4297,1.4089,1.4235,16813971.4
1770487200000,1.4235,1.448,1.423,1.44,22089137.4
1770490800000,1.44,1.44,1.4273,1.4298,10036288.7
1770494400000,1.4298,1.4405,1.4262,1.4358,9151950.0
1770498000000,1.4358,1.4379,1.4265,1.4284,7333004.7
1770501600000,1.4284,1.4326,1.4189,1.4219,8824078.7
1770505200000,1.4219,1.4273,1.4116,1.4222,9457137.7
1770508800000,1.4222,1.4283,1.4138,1.4197,9740595.6
1770512400000,1.4197,1.437,1.4188,1.4315,11272912.4
1770516000000,1.4315,1.4409,1.4233,1.429,10974025.3
1770519600000,1.429,1.4321,1.4125,1.416,10974177.3
1770523200000,1.416,1.4226,1.4086,1.422,9277780.2
1770526800000,1.422,1.4253,1.4152,1.4175,6596535.5
1770530400000,1.4175,1.4211,1.4129,1.4153,5974835.4
1770534000000,1.4153,1.4204,1.4108,1.4199,8926549.4
1770537600000,1.4199,1.4631,1.4183,1.4525,38506396.7
1770541200000,1.4525,1.4575,1.4325,1.4371,26171132.2
1770544800000,1.4371,1.445,1.4241,1.4303,16967123.9
1770548400000,1.4303,1.4521,1.4295,1.4519,17867660.3
1770552000000,1.4519,1.4559,1.4421,1.455,11460761.3
1770555600000,1.455,1.4686,1.4483,1.4608,22942627.3
1770559200000,1.4608,1.4671,1.4565,1.4606,11690289.5
1770562800000,1.4606,1.4627,1.429,1.439,26060362.6
1770566400000,1.439,1.4448,1.4087,1.4173,24518904.9
1770570000000,1.4173,1.4345,1.4167,1.43,12116639.5
1770573600000,1.43,1.4517,1.4281,1.4381,13176787.7
1770577200000,1.4381,1.4506,1.4374,1.4492,7752176.5
1770580800000,1.4492,1.4493,1.4329,1.436,6465881.9
1770584400000,1.436,1.4399,1.423,1.4263,7892577.8
1770588000000,1.4263,1.4361,1.4236,1.4342,6687076.6
1770591600000,1.4342,1.4618,1.4217,1.4298,34954090.8
1770595200000,1.4298,1.4406,1.4236,1.432,10614059.0
1770598800000,1.432,1.4443,1.4183,1.4231,18325511.5
1770602400000,1.4231,1.4538,1.4196,1.4415,14076812.8
1770606000000,1.4415,1.4535,1.4395,1.4512,8891125.4
1770609600000,1.4512,1.452,1.443,1.4472,6366969.5
1770613200000,1.4472,1.4551,1.4404,1.4504,7820311.3
1770616800000,1.4504,1.4504,1.4268,1.4348,14226749.7
1770620400000,1.4348,1.4387,1.4202,1.4245,9523028.7
1770624000000,1.4245,1.4289,1.4003,1.4063,23872728.7
1770627600000,1.4063,1.4116,1.3927,1.398,16495073.8
1770631200000,1.398,1.4057,1.372,1.3822,34596974.9
1770634800000,1.3822,1.3966,1.3821,1.3926,18785793.0
1770638400000,1.3926,1.4142,1.3923,1.4075,23120625.3
1770642000000,1.4075,1.4123,1.3946,1.395,13938356.9
1770645600000,1.395,1.4375,1.394,1.4301,40123303.4
1770649200000,1.4301,1.449,1.42,1.4458,35615189.4
1770652800000,1.4458,1.4635,1.4353,1.4507,24212577.2
1770656400000,1.4507,1.456,1.4325,1.4498,22619504.2
1770660000000,1.4498,1.4586,1.436,1.4426,17240475.4
1770663600000,1.4426,1.4551,1.4405,1.4519,12758573.8
1770667200000,1.4519,1.4572,1.4432,1.4534,10740783.6
1770670800000,1.4534,1.4578,1.4382,1.4502,14838764.1
1770674400000,1.4502,1.4517,1.4423,1.4437,4993028.0
1770678000000,1.4437,1.4481,1.4342,1.4362,5800484.8
1770681600000,1.4362,1.4411,1.4329,1.4361,6836954.1
1770685200000,1.4361,1.4525,1.4356,1.4475,8794594.9
1770688800000,1.4475,1.4488,1.4421,1.4467,4531177.6
1770692400000,1.4467,1.4502,1.427,1.4343,16619607.5
1770696000000,1.4343,1.4517,1.4334,1.4468,13315014.7
1770699600000,1.4468,1.4487,1.4362,1.4413,10144201.5
1770703200000,1.4413,1.4415,1.413,1.4194,22396862.0
1770706800000,1.4194,1.4275,1.4187,1.4212,7206973.4
1770710400000,1.4212,1.4323,1.4138,1.4285,10671107.3
1770714000000,1.4285,1.4352,1.416,1.42,13834399.7
1770717600000,1.42,1.4226,1.4139,1.4149,6985172.0
1770721200000,1.4149,1.4185,1.4053,1.4068,12188612.5
1770724800000,1.4068,1.4127,1.4042,1.4078,10477749.6
1770728400000,1.4078,1.4162,1.4022,1.4139,11746849.9
1770732000000,1.4139,1.4249,1.392,1.402,34091900.5
1770735600000,1.402,1.4134,1.3967,1.406,17162260.8
1770739200000,1.406,1.4196,1.3984,1.4154,15264584.8
1770742800000,1.4154,1.4284,1.4127,1.4238,9395029.9
1770746400000,1.4238,1.4252,1.3932,1.4013,18362178.0
1770750000000,1.4013,1.4085,1.3962,1.4001,7923611.9
1770753600000,1.4001,1.4018,1.3913,1.3955,9889014.7
1770757200000,1.3955,1.4012,1.3906,1.3932,6357045.0
1770760800000,1.3932,1.4043,1.3924,1.399,5058627.9
1770764400000,1.399,1.4012,1.3944,1.3992,3735537.7
1770768000000,1.3992,1.4125,1.3983,1.409,6041256.6
1770771600000,1.409,1.4138,1.4059,1.4097,4670472.1
1770775200000,1.4097,1.4197,1.4089,1.4095,7861267.1
1770778800000,1.4095,1.4108,1.3932,1.4034,17152736.2
1770782400000,1.4034,1.4079,1.3789,1.3836,24046252.1
1770786000000,1.3836,1.3916,1.3737,1.375,12445171.4
1770789600000,1.375,1.3775,1.3571,1.3593,33302938.9
1770793200000,1.3593,1.3725,1.3576,1.3658,14015059.4
1770796800000,1.3658,1.3716,1.3601,1.3662,12708989.3
1770800400000,1.3662,1.3687,1.3556,1.3609,10455245.2
1770804000000,1.3609,1.364,1.3544,1.3608,10353684.3
1770807600000,1.3608,1.3803,1.3603,1.3782,18558407.2
1770811200000,1.3782,1.3787,1.3703,1.3719,9264473.8
1770814800000,1.3719,1.3809,1.3597,1.3753,27743658.7
1770818400000,1.3753,1.4094,1.357,1.3611,60977616.9
1770822000000,1.3611,1.369,1.3447,1.3533,38416370.8
1770825600000,1.3533,1.3689,1.3426,1.344,23120091.8
1770829200000,1.344,1.3794,1.3411,1.3696,23926845.3
1770832800000,1.3696,1.3842,1.3611,1.3778,13531118.7
1770836400000,1.3778,1.3863,1.3712,1.3784,9819695.3
1770840000000,1.3784,1.3858,1.3743,1.3811,6615819.0
1770843600000,1.3811,1.397,1.3786,1.3826,10790691.7
1770847200000,1.3826,1.3838,1.3686,1.3712,7459095.1
1770850800000,1.3712,1.3722,1.3587,1.3689,9930653.8
1770854400000,1.3689,1.3842,1.3677,1.3768,9499924.9
1770858000000,1.3768,1.3862,1.3768,1.3804,4470210.2
1770861600000,1.3804,1.3854,1.3738,1.3765,5436202.4
1770865200000,1.3765,1.3791,1.3704,1.3747,4508136.2
1770868800000,1.3747,1.38,1.3716,1.3747,4372549.6
1770872400000,1.3747,1.3811,1.372,1.3799,7343122.2
1770876000000,1.3799,1.3881,1.3775,1.3825,6124968.0
1770879600000,1.3825,1.3852,1.3754,1.3812,4535298.8
1770883200000,1.3812,1.3838,1.3761,1.3812,4743444.6
1770886800000,1.3812,1.396,1.3793,1.3954,12437756.8
1770890400000,1.3954,1.4034,1.388,1.4032,8394214.0
1770894000000,1.4032,1.4075,1.3928,1.4009,11400381.7
1770897600000,1.4009,1.4024,1.3889,1.392,8431809.1
1770901200000,1.392,1.402,1.3845,1.4006,10708606.9
1770904800000,1.4006,1.4018,1.383,1.3881,14243220.0
1770908400000,1.3881,1.3959,1.374,1.3748,20355230.8
1770912000000,1.3748,1.3773,1.3454,1.3521,31859068.8
1770915600000,1.3521,1.379,1.3445,1.3615,20457676.5
1770919200000,1.3615,1.3668,1.3511,1.3622,9495509.8
1770922800000,1.3622,1.3756,1.3541,1.3639,8131372.4
1770926400000,1.3639,1.3658,1.3496,1.3512,7501724.6
1770930000000,1.3512,1.3572,1.3481,1.3513,6077643.1
1770933600000,1.3513,1.3655,1.3495,1.3635,5422546.7
1770937200000,1.3635,1.3697,1.3597,1.3628,7510662.3
1770940800000,1.3628,1.3677,1.3482,1.3527,9440976.7
1770944400000,1.3527,1.3622,1.3485,1.357,8943094.4
1770948000000,1.357,1.3681,1.3562,1.3657,5701467.8
1770951600000,1.3657,1.3714,1.3612,1.3647,6584987.1
1770955200000,1.3647,1.3677,1.3571,1.3574,5445543.4
1770958800000,1.3574,1.3601,1.3522,1.3526,4793321.7
1770962400000,1.3526,1.3572,1.3475,1.356,5959451.6
1770966000000,1.356,1.362,1.3486,1.3531,7652592.7
1770969600000,1.3531,1.3685,1.3513,1.3666,8619374.7
1770973200000,1.3666,1.3704,1.3638,1.368,10493834.8
1770976800000,1.368,1.3728,1.3644,1.3677,5793476.2
1770980400000,1.3677,1.369,1.3599,1.3673,7974992.3
1770984000000,1.3673,1.3673,1.3587,1.3639,6445974.6
1770987600000,1.3639,1.3817,1.3607,1.3758,21062595.3
1770991200000,1.3758,1.3935,1.3671,1.3843,33914963.6
1770994800000,1.3843,1.4214,1.3795,1.4036,38884904.0
1770998400000,1.4036,1.4277,1.3984,1.4161,22788967.1
1771002000000,1.4161,1.4205,1.4067,1.4141,10143149.7
1771005600000,1.4141,1.4195,1.4052,1.4145,13259594.5
1771009200000,1.4145,1.4185,1.4073,1.4103,8160508.2
1771012800000,1.4103,1.4134,1.4038,1.4126,7738733.3
1771016400000,1.4126,1.4157,1.406,1.4089,5803734.6
1771020000000,1.4089,1.4096,1.3967,1.4023,7010984.2
1771023600000,1.4023,1.4079,1.401,1.4063,6649947.2
1771027200000,1.4063,1.416,1.4042,1.4135,6237842.7
1771030800000,1.4135,1.4174,1.4095,1.4115,5054010.6
1771034400000,1.4115,1.414,1.4091,1.4101,2950082.3
1771038000000,1.4101,1.4175,1.4094,1.4156,2575211.8
1771041600000,1.4156,1.4188,1.4121,1.4121,3279298.8
1771045200000,1.4121,1.4151,1.407,1.4073,3124759.0
1771048800000,1.4073,1.4142,1.407,1.4136,2028383.8
1771052400000,1.4136,1.4248,1.4113,1.4215,8733330.5
1771056000000,1.4215,1.4486,1.4207,1.4459,22803508.4
1771059600000,1.4459,1.4599,1.4452,1.451,19988654.2
1771063200000,1.451,1.4511,1.4399,1.4465,8029498.1
1771066800000,1.4465,1.4726,1.446,1.4704,20430369.3
1771070400000,1.4704,1.4757,1.4598,1.4637,18299474.5
1771074000000,1.4637,1.4688,1.4507,1.4565,15269262.9
1771077600000,1.4565,1.4739,1.4544,1.4702,10881421.2
1771081200000,1.4702,1.4726,1.4633,1.4681,8038382.0
1771084800000,1.4681,1.4757,1.4563,1.474,12970347.3
1771088400000,1.474,1.4794,1.4673,1.4726,10631534.0
1771092000000,1.4726,1.4924,1.4693,1.4875,13557167.0
1771095600000,1.4875,1.4998,1.4832,1.4972,11466516.9
1771099200000,1.4972,1.5076,1.4871,1.4943,12718533.9
1771102800000,1.4943,1.5038,1.4879,1.4968,10179691.5
1771106400000,1.4968,1.5044,1.4925,1.4999,7020166.4
1771110000000,1.4999,1.5128,1.4979,1.5082,15198906.4
1771113600000,1.5082,1.5312,1.5049,1.5204,20503411.7
1771117200000,1.5204,1.5436,1.5139,1.5274,20268364.2
1771120800000,1.5274,1.5347,1.5152,1.5271,12433873.9
1771124400000,1.5271,1.5332,1.5049,1.5262,19560153.5
1771128000000,1.5262,1.5593,1.5242,1.5449,30639607.9
1771131600000,1.5449,1.5889,1.5443,1.5822,30348010.0
1771135200000,1.5822,1.5876,1.5713,1.5786,17054663.3
1771138800000,1.5786,1.6488,1.5745,1.6481,44876907.3
1771142400000,1.6481,1.6696,1.6114,1.6157,101677510.0
1771146000000,1.6157,1.6223,1.588,1.5896,38946829.4
1771149600000,1.5896,1.597,1.5727,1.5846,39724523.5
1771153200000,1.5846,1.5943,1.5571,1.5618,27507400.1
1771156800000,1.5618,1.5657,1.5194,1.5204,59530288.0
1771160400000,1.5204,1.5395,1.5109,1.5186,46925195.4
1771164000000,1.5186,1.5366,1.5143,1.5318,31309795.4
1771167600000,1.5318,1.543,1.5205,1.5226,25240173.8
1771171200000,1.5226,1.5234,1.5061,1.5208,26303993.6
1771174800000,1.5208,1.5237,1.4806,1.4935,47116226.1
1771178400000,1.4935,1.4952,1.4639,1.4687,32620064.9
1771182000000,1.4687,1.4696,1.4472,1.453,27689392.5
1771185600000,1.453,1.4669,1.4445,1.4613,24407300.2
1771189200000,1.4613,1.4756,1.4606,1.471,16675177.8
1771192800000,1.471,1.4889,1.4674,1.4851,18232014.8
1771196400000,1.4851,1.4852,1.4564,1.474,22489559.5
1771200000000,1.474,1.486,1.4697,1.4775,18643763.8
1771203600000,1.4775,1.4817,1.4638,1.473,11194392.3
1771207200000,1.473,1.4795,1.4527,1.4552,13425677.7
1771210800000,1.4552,1.4619,1.4526,1.4606,6871355.9
1771214400000,1.4606,1.4748,1.4587,1.4731,11307262.0
1771218000000,1.4731,1.4749,1.4474,1.4551,13146096.3
1771221600000,1.4551,1.4678,1.4532,1.4643,9915025.0
1771225200000,1.4643,1.4703,1.457,1.4605,12484518.1
1771228800000,1.4605,1.4699,1.4605,1.4692,9097771.3
1771232400000,1.4692,1.5131,1.4681,1.5008,39843781.1
1771236000000,1.5008,1.5018,1.4822,1.4891,20459458.1
1771239600000,1.4891,1.4919,1.4676,1.4826,27157944.6
1771243200000,1.4826,1.5069,1.4787,1.5038,34007248.1
1771246800000,1.5038,1.5153,1.4786,1.4893,58904002.4
1771250400000,1.4893,1.5081,1.4838,1.4939,24813618.9
1771254000000,1.4939,1.5019,1.4606,1.4734,31695372.0
1771257600000,1.4734,1.4938,1.4716,1.4863,22185851.6
1771261200000,1.4863,1.4927,1.4805,1.4822,9517018.4
1771264800000,1.4822,1.486,1.4703,1.4712,8306790.3
1771268400000,1.4712,1.4813,1.4709,1.4746,5994469.2
1771272000000,1.4746,1.4885,1.4671,1.4846,9262443.2
1771275600000,1.4846,1.4926,1.48,1.4904,4872408.8
1771279200000,1.4904,1.493,1.4808,1.4826,6182987.6
1771282800000,1.4826,1.4895,1.4811,1.4865,10853743.7
1771286400000,1.4865,1.4903,1.481,1.4827,5975599.0
1771290000000,1.4827,1.4907,1.4776,1.4779,5165067.7
1771293600000,1.4779,1.4924,1.4714,1.486,12431706.1
1771297200000,1.486,1.4889,1.4814,1.482,9544804.3
1771300800000,1.482,1.488,1.4733,1.4855,6997930.8
1771304400000,1.4855,1.487,1.4697,1.4747,8407598.7
1771308000000,1.4747,1.4799,1.473,1.4779,3837266.1
1771311600000,1.4779,1.4779,1.4681,1.4721,5561958.1
1771315200000,1.4721,1.476,1.4624,1.4657,7378288.4
1771318800000,1.4657,1.4663,1.4529,1.4603,16025655.6
1771322400000,1.4603,1.4617,1.4506,1.4549,11467634.8
1771326000000,1.4549,1.4592,1.449,1.4519,9388285.5
1771329600000,1.4519,1.4622,1.4513,1.456,10560465.3
1771333200000,1.456,1.4635,1.4507,1.457,11675679.5
1771336800000,1.457,1.462,1.4258,1.4345,43779945.1
1771340400000,1.4345,1.4577,1.4335,1.4564,25233072.8
1771344000000,1.4564,1.4944,1.4563,1.4763,38990451.4
1771347600000,1.4763,1.4787,1.456,1.4646,19624487.7
1771351200000,1.4646,1.489,1.4631,1.4827,16885007.2
1771354800000,1.4827,1.4884,1.4755,1.4849,10575576.7
1771358400000,1.4849,1.4881,1.4742,1.4867,8520506.2
1771362000000,1.4867,1.4926,1.4786,1.483,9202177.2
1771365600000,1.483,1.484,1.4716,1.4735,3658607.3
1771369200000,1.4735,1.4765,1.4696,1.4734,3849770.3
1771372800000,1.4734,1.4784,1.4682,1.4689,3784652.9
1771376400000,1.4689,1.4701,1.4628,1.4661,7625090.1
1771380000000,1.4661,1.476,1.4657,1.4746,4788702.5
1771383600000,1.4746,1.4827,1.4732,1.4783,6094618.2
1771387200000,1.4783,1.4842,1.4755,1.4798,4610112.6
1771390800000,1.4798,1.4868,1.4745,1.4752,5196023.2
1771394400000,1.4752,1.4832,1.4748,1.4794,3146292.0
1771398000000,1.4794,1.4881,1.4759,1.4862,4096765.1
1771401600000,1.4862,1.493,1.4846,1.4886,7204479.4
1771405200000,1.4886,1.4916,1.484,1.4871,5490136.9
1771408800000,1.4871,1.4892,1.4756,1.4778,8521803.8
1771412400000,1.4778,1.4778,1.4625,1.4656,12609865.7
1771416000000,1.4656,1.4708,1.4578,1.4642,9806508.4
1771419600000,1.4642,1.4707,1.4598,1.4683,11524124.4
1771423200000,1.4683,1.4704,1.4509,1.4644,16212779.0
1771426800000,1.4644,1.4881,1.463,1.4758,14809643.2
1771430400000,1.4758,1.4766,1.4558,1.4587,12683782.4
1771434000000,1.4587,1.4701,1.4535,1.4559,8926361.4
1771437600000,1.4559,1.4579,1.4394,1.4399,17221395.5
1771441200000,1.4399,1.4448,1.4182,1.4223,33658207.2
1771444800000,1.4223,1.4323,1.4194,1.421,14604735.8
1771448400000,1.421,1.4283,1.4163,1.4194,10300606.7
1771452000000,1.4194,1.4238,1.414,1.4197,9577228.6
1771455600000,1.4197,1.4222,1.4093,1.4212,10141008.6
1771459200000,1.4212,1.4237,1.4142,1.4167,6256141.5
1771462800000,1.4167,1.426,1.414,1.426,8149077.4
1771466400000,1.426,1.4292,1.4192,1.4254,5423740.0
1771470000000,1.4254,1.4293,1.4215,1.4279,4728532.1
1771473600000,1.4279,1.4299,1.4152,1.4168,5381270.9
1771477200000,1.4168,1.4203,1.404,1.4119,14016690.8
1771480800000,1.4119,1.427,1.4112,1.4269,7305942.6
1771484400000,1.4269,1.4372,1.4214,1.4318,11196527.6
1771488000000,1.4318,1.4332,1.4135,1.4156,9869676.7
1771491600000,1.4156,1.427,1.413,1.4145,9060237.4
1771495200000,1.4145,1.4168,1.4068,1.4102,8021235.0
1771498800000,1.4102,1.4167,1.4056,1.4087,10439816.8
1771502400000,1.4087,1.4138,1.4049,1.4073,6382401.8
1771506000000,1.4073,1.4086,1.3857,1.3916,23374671.2
1771509600000,1.3916,1.4049,1.3889,1.4,17949794.6
1771513200000,1.4,1.4091,1.3851,1.3967,19987188.2
1771516800000,1.3967,1.3981,1.3792,1.3915,17641319.3
1771520400000,1.3915,1.4123,1.39,1.3951,15564121.6
1771524000000,1.3951,1.4136,1.3935,1.4125,7874658.0
1771527600000,1.4125,1.4183,1.4032,1.4117,9755744.5
1771531200000,1.4117,1.4139,1.4036,1.4104,8421822.5
1771534800000,1.4104,1.4124,1.4063,1.4075,2966699.9
1771538400000,1.4075,1.4101,1.3945,1.3998,9328823.6
1771542000000,1.3998,1.409,1.3992,1.4061,3956537.6
1771545600000,1.4061,1.421,1.4046,1.4161,9700296.1
1771549200000,1.4161,1.4247,1.4148,1.4245,6623478.9
1771552800000,1.4245,1.4284,1.4168,1.4168,4482111.6
1771556400000,1.4168,1.4204,1.4105,1.4122,6871337.4
1771560000000,1.4122,1.413,1.3991,1.4098,9753358.4
1771563600000,1.4098,1.4237,1.4037,1.4181,10833852.9
1771567200000,1.4181,1.4208,1.4123,1.4194,5588410.8
1771570800000,1.4194,1.4228,1.4155,1.4185,5230640.3
1771574400000,1.4185,1.4219,1.4131,1.4179,12851528.4
1771578000000,1.4179,1.4283,1.4163,1.4221,15058037.6
1771581600000,1.4221,1.4271,1.4195,1.4202,6596569.5
1771585200000,1.4202,1.4219,1.4022,1.4049,14361730.1
1771588800000,1.4049,1.4087,1.4016,1.4041,9712022.6
1771592400000,1.4041,1.4042,1.3763,1.3832,36716984.3
1771596000000,1.3832,1.4067,1.3825,1.3991,20734622.3
1771599600000,1.3991,1.4301,1.3991,1.4281,47087638.6
1771603200000,1.4281,1.4381,1.4227,1.432,29805180.6
1771606800000,1.432,1.432,1.407,1.4292,22619301.7
1771610400000,1.4292,1.4385,1.4226,1.4323,18907695.0
1771614000000,1.4323,1.4346,1.4204,1.423,15416932.6
1771617600000,1.423,1.4289,1.4137,1.4191,12164856.0
1771621200000,1.4191,1.4247,1.4172,1.4212,7226806.2
1771624800000,1.4212,1.4295,1.4166,1.4289,5341242.6
1771628400000,1.4289,1.431,1.4227,1.4283,4032718.2
1771632000000,1.4283,1.4289,1.4188,1.4222,3828344.6
1771635600000,1.4222,1.4328,1.4222,1.4301,4504577.5
1771639200000,1.4301,1.4329,1.4277,1.43,2943218.3
1771642800000,1.43,1.4302,1.4228,1.4253,5099912.4
1771646400000,1.4253,1.429,1.4236,1.4275,3229244.1
1771650000000,1.4275,1.4309,1.4261,1.4273,3229285.6
1771653600000,1.4273,1.4351,1.4273,1.4288,5099036.9
1771657200000,1.4288,1.432,1.4272,1.4303,2031375.1
1771660800000,1.4303,1.4347,1.4267,1.4333,4406457.9
1771664400000,1.4333,1.4454,1.432,1.4386,12427810.7
1771668000000,1.4386,1.4418,1.4361,1.439,3106157.5
1771671600000,1.439,1.4452,1.4379,1.4431,6217524.3
1771675200000,1.4431,1.4447,1.435,1.4394,6329984.3
1771678800000,1.4394,1.4477,1.4363,1.4471,4737088.4
1771682400000,1.4471,1.4641,1.4442,1.4544,20003735.6
1771686000000,1.4544,1.4566,1.446,1.4493,11380425.0
1771689600000,1.4493,1.4513,1.4374,1.4408,10919832.4
1771693200000,1.4408,1.4425,1.4357,1.4414,5770995.1
1771696800000,1.4414,1.4489,1.4408,1.4471,5675200.0
1771700400000,1.4471,1.448,1.4415,1.4427,3015604.1
1771704000000,1.4427,1.4428,1.4334,1.4367,6726098.5
1771707600000,1.4367,1.4415,1.435,1.4405,4754428.1
1771711200000,1.4405,1.4425,1.4309,1.4318,6695057.3
1771714800000,1.4318,1.4351,1.4293,1.4296,7055923.0
1771718400000,1.4296,1.4331,1.4234,1.4266,5322539.3
1771722000000,1.4266,1.4323,1.4266,1.432,4087313.6
1771725600000,1.432,1.4323,1.4211,1.4232,5138148.5
1771729200000,1.4232,1.4266,1.4173,1.4229,5112975.1
1771732800000,1.4229,1.425,1.4208,1.4221,2689657.4
1771736400000,1.4221,1.4223,1.4162,1.42,3525768.3
1771740000000,1.42,1.424,1.4176,1.4226,5747210.9
1771743600000,1.4226,1.4231,1.4184,1.4202,5642471.7
1771747200000,1.4202,1.4226,1.4159,1.4169,4019866.9
1771750800000,1.4169,1.4217,1.4165,1.4196,3117329.7
1771754400000,1.4196,1.4254,1.4182,1.4204,4105400.7
1771758000000,1.4204,1.424,1.4198,1.4224,3772886.8
1771761600000,1.4224,1.423,1.4058,1.4081,13183324.7
1771765200000,1.4081,1.4101,1.3965,1.3993,17274306.3
1771768800000,1.3993,1.4017,1.3934,1.3962,10426203.4
1771772400000,1.3962,1.3966,1.3848,1.3924,14961436.7
1771776000000,1.3924,1.3941,1.3867,1.3914,5705056.8
1771779600000,1.3914,1.3918,1.3822,1.3874,7308566.7
1771783200000,1.3874,1.3909,1.3861,1.3894,4132611.2
1771786800000,1.3894,1.3899,1.3843,1.386,4336397.2
1771790400000,1.386,1.386,1.3783,1.3824,8868832.9
1771794000000,1.3824,1.3911,1.3824,1.3903,5315408.1
1771797600000,1.3903,1.401,1.3884,1.4005,11857242.5
1771801200000,1.4005,1.4005,1.3875,1.3925,7328702.1
1771804800000,1.3925,1.394,1.363,1.364,23906935.1
1771808400000,1.364,1.3653,1.3293,1.3315,64677544.6
1771812000000,1.3315,1.343,1.3307,1.3414,14327286.6
1771815600000,1.3414,1.3518,1.3383,1.3404,10668784.5
1771819200000,1.3404,1.3412,1.3348,1.338,8007163.8
1771822800000,1.338,1.3474,1.3378,1.3421,10458803.3
1771826400000,1.3421,1.3684,1.3411,1.3673,17373480.7
1771830000000,1.3673,1.3776,1.3663,1.3705,11752594.9
1771833600000,1.3705,1.3725,1.3613,1.3653,11709350.3
1771837200000,1.3653,1.3955,1.3647,1.3907,25805603.7
1771840800000,1.3907,1.3969,1.3861,1.3918,13731042.3
1771844400000,1.3918,1.4052,1.3907,1.396,14348391.0
1771848000000,1.396,1.4245,1.3946,1.412,24859439.5
1771851600000,1.412,1.4145,1.3937,1.395,17551126.8
1771855200000,1.395,1.3982,1.3699,1.3829,32651253.0
1771858800000,1.3829,1.39,1.3664,1.3698,21802190.8
1771862400000,1.3698,1.3778,1.3608,1.3656,20044579.5
1771866000000,1.3656,1.3694,1.3475,1.3635,20018992.0
1771869600000,1.3635,1.3744,1.3602,1.3644,15280692.5
1771873200000,1.3644,1.366,1.3547,1.3567,9371262.3
1771876800000,1.3567,1.359,1.3491,1.3544,8844212.8
1771880400000,1.3544,1.3629,1.3494,1.361,9003523.1
1771884000000,1.361,1.3668,1.3545,1.3553,6657880.3
1771887600000,1.3553,1.3588,1.3498,1.351,5024701.4
1771891200000,1.351,1.3574,1.351,1.3562,4671685.7
1771894800000,1.3562,1.362,1.3261,1.3498,33489677.5
1771898400000,1.3498,1.3571,1.3423,1.3471,11137490.6
1771902000000,1.3471,1.3471,1.3265,1.3312,20478078.9
1771905600000,1.3312,1.3344,1.3208,1.3308,17999394.5
1771909200000,1.3308,1.3417,1.3242,1.3307,16183817.2
1771912800000,1.3307,1.3366,1.3252,1.3287,6376359.2
1771916400000,1.3287,1.3306,1.3217,1.326,8407590.9
1771920000000,1.326,1.3348,1.3212,1.3312,9396947.9
1771923600000,1.3312,1.3337,1.3205,1.3309,8605018.0
1771927200000,1.3309,1.3353,1.3261,1.3299,8845114.1
1771930800000,1.3299,1.3336,1.3272,1.3326,4514913.9
1771934400000,1.3326,1.3374,1.3284,1.3317,12486025.5
1771938000000,1.3317,1.3351,1.3212,1.3299,11439115.4
1771941600000,1.3299,1.3452,1.3116,1.335,36499300.6
1771945200000,1.335,1.3522,1.3316,1.351,18117808.4
1771948800000,1.351,1.3636,1.3442,1.3567,24130665.1
1771952400000,1.3567,1.363,1.3551,1.3586,10607457.2
1771956000000,1.3586,1.3671,1.352,1.3597,9658751.7
1771959600000,1.3597,1.3634,1.3491,1.3553,9161217.1
1771963200000,1.3553,1.3631,1.3538,1.3568,5865184.2
1771966800000,1.3568,1.3581,1.3488,1.3513,8570362.5
1771970400000,1.3513,1.3573,1.3494,1.3522,5887977.9
1771974000000,1.3522,1.3538,1.3406,1.3474,7463475.3
1771977600000,1.3474,1.3512,1.3396,1.3462,7638492.3
1771981200000,1.3462,1.399,1.3452,1.3856,47807101.2
1771984800000,1.3856,1.3939,1.3779,1.3787,13896888.3
1771988400000,1.3787,1.3809,1.3658,1.3692,13039464.0
1771992000000,1.3692,1.3742,1.3579,1.3678,12118572.1
1771995600000,1.3678,1.3696,1.352,1.358,12134051.7
1771999200000,1.358,1.3662,1.3562,1.3594,9189893.5
1772002800000,1.3594,1.3676,1.3578,1.3652,5364577.0
1772006400000,1.3652,1.3733,1.362,1.3717,10275660.0
1772010000000,1.3717,1.3816,1.3712,1.3792,10947245.4
1772013600000,1.3792,1.3837,1.3734,1.3748,6412010.9
1772017200000,1.3748,1.3846,1.3722,1.383,6366498.1
1772020800000,1.383,1.4028,1.3804,1.3993,18425941.6
1772024400000,1.3993,1.4238,1.398,1.4126,24751135.0
1772028000000,1.4126,1.4368,1.4126,1.4354,27902690.2
1772031600000,1.4354,1.4456,1.4247,1.4403,32444320.5
1772035200000,1.4403,1.4498,1.4371,1.448,20104500.0
1772038800000,1.448,1.4735,1.4453,1.4658,25139424.2
1772042400000,1.4658,1.4763,1.4555,1.4716,17225875.9
1772046000000,1.4716,1.4723,1.4533,1.4661,18534767.2
1772049600000,1.4661,1.4708,1.4565,1.4639,15982171.8
1772053200000,1.4639,1.4933,1.4622,1.4752,32687847.2
1772056800000,1.4752,1.4877,1.4435,1.4554,19307485.4
1772060400000,1.4554,1.457,1.4185,1.4332,22977804.7
1772064000000,1.4332,1.4468,1.4262,1.4386,14296176.3
1772067600000,1.4386,1.443,1.4225,1.4235,11336009.2
1772071200000,1.4235,1.4389,1.4178,1.4372,9438391.2
1772074800000,1.4372,1.445,1.4333,1.441,8413852.3
1772078400000,1.441,1.4683,1.4393,1.4582,12319040.8
1772082000000,1.4582,1.4588,1.4392,1.4473,12240596.5
1772085600000,1.4473,1.4545,1.4424,1.4437,8283240.1
1772089200000,1.4437,1.4446,1.4297,1.4336,9894669.8
1772092800000,1.4336,1.4445,1.4333,1.4353,11911766.6
1772096400000,1.4353,1.4526,1.4333,1.4509,10189741.4
1772100000000,1.4509,1.456,1.4404,1.442,11848250.8
1772103600000,1.442,1.4446,1.434,1.4363,7819431.8
1772107200000,1.4363,1.443,1.4348,1.4414,6933195.1
1772110800000,1.4414,1.4457,1.4355,1.4392,6170329.1
1772114400000,1.4392,1.4444,1.4215,1.4348,24377892.5
1772118000000,1.4348,1.4356,1.4074,1.4206,36511801.2
1772121600000,1.4206,1.4228,1.3845,1.3882,38604046.8
1772125200000,1.3882,1.3979,1.3834,1.3871,17446276.2
1772128800000,1.3871,1.3989,1.3817,1.3928,23087342.1
1772132400000,1.3928,1.4106,1.3921,1.4062,26219867.3
1772136000000,1.4062,1.412,1.3924,1.393,11994580.4
1772139600000,1.393,1.3965,1.3875,1.3941,6209293.1
1772143200000,1.3941,1.4048,1.3929,1.4016,5175969.7
1772146800000,1.4016,1.4027,1.396,1.4017,3223821.9
1772150400000,1.4017,1.4037,1.392,1.4009,6165478.9
1772154000000,1.4009,1.4057,1.3952,1.4048,6014540.9
1772157600000,1.4048,1.4125,1.4043,1.406,4367711.7
1772161200000,1.406,1.4085,1.3993,1.407,6662381.2
1772164800000,1.407,1.4209,1.4045,1.407,13872457.3
1772168400000,1.407,1.4139,1.4058,1.4096,6311235.2
1772172000000,1.4096,1.4144,1.4032,1.4118,7529191.4
1772175600000,1.4118,1.4165,1.4051,1.416,6391304.9
1772179200000,1.416,1.423,1.4141,1.4208,10786121.3
1772182800000,1.4208,1.4254,1.404,1.4057,12111943.7
1772186400000,1.4057,1.4067,1.386,1.388,23616834.4
1772190000000,1.388,1.396,1.3793,1.3816,18475550.5
1772193600000,1.3816,1.3846,1.3723,1.3768,16562812.0
1772197200000,1.3768,1.3814,1.362,1.37,29144592.9
1772200800000,1.37,1.3734,1.3564,1.3582,21788753.4
1772204400000,1.3582,1.3657,1.3514,1.3561,23489130.0
1772208000000,1.3561,1.3578,1.3474,1.3503,17145748.6
1772211600000,1.3503,1.3588,1.3375,1.357,26984311.9
1772215200000,1.357,1.3634,1.3523,1.3566,14551954.8
1772218800000,1.3566,1.3567,1.3457,1.3502,10427274.3
1772222400000,1.3502,1.3558,1.3496,1.3518,7392129.8
1772226000000,1.3518,1.3556,1.3466,1.3505,6231511.9
1772229600000,1.3505,1.3548,1.335,1.3532,13718081.2
1772233200000,1.3532,1.3568,1.3503,1.3553,7109887.2
1772236800000,1.3553,1.3624,1.3544,1.3616,8556231.5
1772240400000,1.3616,1.3644,1.3558,1.3576,5093388.8
1772244000000,1.3576,1.3621,1.3558,1.3605,3269691.2
1772247600000,1.3605,1.3607,1.3518,1.3541,5305179.2
1772251200000,1.3541,1.3572,1.3487,1.3531,4740685.2
1772254800000,1.3531,1.3551,1.3456,1.3488,6490056.5
1772258400000,1.3488,1.3506,1.2922,1.2958,85449650.6
1772262000000,1.2958,1.3222,1.2891,1.3019,53330383.3
1772265600000,1.3019,1.3019,1.2823,1.2857,31525283.7
1772269200000,1.2857,1.2886,1.2708,1.2772,27619490.1
1772272800000,1.2772,1.2941,1.2692,1.2888,31311961.5
1772276400000,1.2888,1.3063,1.2861,1.2924,27657232.9
1772280000000,1.2924,1.2985,1.2911,1.2949,11061959.4
1772283600000,1.2949,1.3438,1.2938,1.3406,60045152.2
1772287200000,1.3406,1.3493,1.3134,1.3176,46612001.5
1772290800000,1.3176,1.3326,1.3101,1.323,27157317.8
1772294400000,1.323,1.3292,1.3163,1.3254,12038049.7
1772298000000,1.3254,1.3304,1.314,1.3276,14045218.3
1772301600000,1.3276,1.3482,1.3219,1.3419,19598031.7
1772305200000,1.3419,1.3584,1.3338,1.3532,20833746.6
1772308800000,1.3532,1.3836,1.3495,1.3799,27339405.9
1772312400000,1.3799,1.3821,1.3645,1.3768,17323778.7
1772316000000,1.3768,1.3928,1.3739,1.3797,13322250.5
1772319600000,1.3797,1.3857,1.3733,1.3754,7098515.8
1772323200000,1.3754,1.3818,1.3715,1.3782,7087566.5
1772326800000,1.3782,1.4135,1.3645,1.4021,29027140.2
1772330400000,1.4021,1.4323,1.4021,1.4243,36230689.0
1772334000000,1.4243,1.4328,1.4129,1.418,18045188.0
1772337600000,1.418,1.4211,1.404,1.4132,16412691.7
1772341200000,1.4132,1.4185,1.4082,1.4087,7651162.3
1772344800000,1.4087,1.4097,1.3876,1.3941,19246288.4
1772348400000,1.3941,1.4018,1.3925,1.3971,6693390.2
1772352000000,1.3971,1.3995,1.3757,1.3797,14077737.2
1772355600000,1.3797,1.387,1.3693,1.3725,12930511.4
1772359200000,1.3725,1.381,1.3651,1.3759,13156357.9
1772362800000,1.3759,1.3815,1.3741,1.3754,7823394.2
1772366400000,1.3754,1.3782,1.3665,1.3672,6311584.4
1772370000000,1.3672,1.3957,1.3606,1.3875,32561126.4
1772373600000,1.3875,1.4027,1.3727,1.3796,27998751.6
1772377200000,1.3796,1.3903,1.3759,1.3779,14428829.1
1772380800000,1.3779,1.3854,1.3583,1.3692,20306508.0
1772384400000,1.3692,1.3714,1.3553,1.3656,15090851.9
1772388000000,1.3656,1.3781,1.3628,1.3672,13591294.7
1772391600000,1.3672,1.3676,1.353,1.3559,10937140.6
1772395200000,1.3559,1.3559,1.3362,1.3406,18406768.5
1772398800000,1.3406,1.3558,1.3403,1.3533,11078123.4
1772402400000,1.3533,1.3715,1.3403,1.3416,26267718.0
1772406000000,1.3416,1.3584,1.3389,1.3516,11229921.8
1772409600000,1.3516,1.3717,1.35,1.3643,10191182.2
1772413200000,1.3643,1.3806,1.3625,1.3669,10288041.7
1772416800000,1.3669,1.372,1.353,1.3635,11609099.7
1772420400000,1.3635,1.3771,1.3604,1.3732,8059834.0
1772424000000,1.3732,1.3746,1.3644,1.3662,6126272.7
1772427600000,1.3662,1.3694,1.3566,1.3617,7754938.1
1772431200000,1.3617,1.3631,1.3464,1.3491,13106569.9
1772434800000,1.3491,1.3501,1.3369,1.3462,13278708.1
1772438400000,1.3462,1.3548,1.3375,1.3534,12501670.7
1772442000000,1.3534,1.362,1.3518,1.3525,10187003.0
1772445600000,1.3525,1.355,1.3473,1.3527,5503674.9
1772449200000,1.3527,1.3566,1.3457,1.3509,6869504.6
1772452800000,1.3509,1.3533,1.346,1.3469,4990218.2
1772456400000,1.3469,1.3497,1.3375,1.3387,11188442.3
1772460000000,1.3387,1.3782,1.3328,1.3725,36028587.9
1772463600000,1.3725,1.4151,1.3686,1.3998,62194563.0
1772467200000,1.3998,1.4227,1.3966,1.4069,34833212.1
1772470800000,1.4069,1.4106,1.3828,1.3948,23072431.0
1772474400000,1.3948,1.4067,1.3848,1.3999,17240428.8
1772478000000,1.3999,1.4046,1.3891,1.4001,19654377.7
1772481600000,1.4001,1.4047,1.3871,1.3937,15161493.3
1772485200000,1.3937,1.3977,1.3851,1.3972,8974787.4
1772488800000,1.3972,1.4057,1.3949,1.399,9376549.8
1772492400000,1.399,1.4003,1.3866,1.3893,10121259.3
1772496000000,1.3893,1.394,1.3812,1.3897,10156933.2
1772499600000,1.3897,1.3948,1.3809,1.3826,7797617.4
1772503200000,1.3826,1.3835,1.375,1.3777,11653707.7
1772506800000,1.3777,1.3786,1.3668,1.3726,12848148.0
1772510400000,1.3726,1.374,1.3635,1.3658,4795545.2
1772514000000,1.3658,1.3771,1.3606,1.3642,10582496.6
1772517600000,1.3642,1.3662,1.3574,1.3606,9161281.8
1772521200000,1.3606,1.3668,1.3567,1.3631,13965230.6
1772524800000,1.3631,1.3683,1.3458,1.3484,15090834.7
1772528400000,1.3484,1.3557,1.3411,1.3473,12884922.1
1772532000000,1.3473,1.3516,1.3417,1.3498,10627252.7
1772535600000,1.3498,1.3532,1.3462,1.352,9385170.1
1772539200000,1.352,1.37,1.3508,1.3574,15177819.1
1772542800000,1.3574,1.358,1.3426,1.3474,11048708.1
1772546400000,1.3474,1.3622,1.3356,1.3457,28432538.5
1772550000000,1.3457,1.3654,1.3384,1.3638,24021812.8
1772553600000,1.3638,1.3867,1.3534,1.3681,32674754.5
1772557200000,1.3681,1.3703,1.3522,1.3686,12007586.3
1772560800000,1.3686,1.3752,1.3597,1.3664,8925667.4
1772564400000,1.3664,1.3676,1.3558,1.362,7973265.7
1772568000000,1.362,1.3631,1.3517,1.3533,6894469.1
1772571600000,1.3533,1.3567,1.3475,1.3551,7186627.6
1772575200000,1.3551,1.3648,1.3546,1.3618,5225547.9
1772578800000,1.3618,1.3688,1.3588,1.3599,5720504.8
1772582400000,1.3599,1.3629,1.3523,1.3596,6564734.0
1772586000000,1.3596,1.3697,1.3552,1.3634,8559636.8
1772589600000,1.3634,1.367,1.3534,1.3601,7651726.4
1772593200000,1.3601,1.3617,1.3444,1.3522,10544723.9
1772596800000,1.3522,1.3551,1.3437,1.3506,5315926.9
1772600400000,1.3506,1.361,1.3487,1.3561,6469653.7
1772604000000,1.3561,1.3608,1.3495,1.3588,5978966.1
1772607600000,1.3588,1.3765,1.3574,1.3744,9293477.8
1772611200000,1.3744,1.4059,1.3689,1.4032,23918807.4
1772614800000,1.4032,1.4256,1.397,1.4157,37583995.4
1772618400000,1.4157,1.4219,1.4014,1.4045,15423800.7
1772622000000,1.4045,1.4125,1.3937,1.3987,13405716.3
1772625600000,1.3987,1.4004,1.3816,1.3933,13217242.6
1772629200000,1.3933,1.4059,1.3927,1.4049,10924766.3
1772632800000,1.4049,1.4249,1.4028,1.4126,26462095.2
1772636400000,1.4126,1.4632,1.4122,1.4619,45843150.8
1772640000000,1.4619,1.4721,1.4394,1.4493,26280383.8
1772643600000,1.4493,1.4554,1.4351,1.4419,15242479.5
1772647200000,1.4419,1.456,1.4357,1.454,11822781.5
1772650800000,1.454,1.4696,1.4517,1.4559,18068290.1
1772654400000,1.4559,1.4649,1.4489,1.4589,13986115.1
1772658000000,1.4589,1.4595,1.4441,1.4467,8716654.6
1772661600000,1.4467,1.453,1.4259,1.4298,9831201.4
1772665200000,1.4298,1.4339,1.416,1.4302,15911106.7
1772668800000,1.4302,1.4337,1.4229,1.4262,8943785.5
1772672400000,1.4262,1.4354,1.4149,1.4187,11532111.3
1772676000000,1.4187,1.4283,1.4156,1.4191,6958206.5
1772679600000,1.4191,1.4237,1.4156,1.419,6238641.3
1772683200000,1.419,1.4306,1.4179,1.4279,7008102.9
1772686800000,1.4279,1.4295,1.4119,1.4142,6716690.4
1772690400000,1.4142,1.4242,1.4075,1.4232,8390613.4
1772694000000,1.4232,1.4288,1.4081,1.4122,7270391.2
1772697600000,1.4122,1.4181,1.4083,1.4177,6993759.8
1772701200000,1.4177,1.4308,1.4165,1.428,9363286.2
1772704800000,1.428,1.4519,1.4239,1.4472,16832766.1
1772708400000,1.4472,1.4492,1.4339,1.4356,10385776.2
1772712000000,1.4356,1.4419,1.432,1.4402,7052305.0
1772715600000,1.4402,1.4407,1.4194,1.4269,11904517.2
1772719200000,1.4269,1.4397,1.4186,1.4366,14570165.5
1772722800000,1.4366,1.4396,1.4088,1.416,18453706.8
1772726400000,1.416,1.4163,1.3949,1.4106,19221012.2
1772730000000,1.4106,1.4185,1.3979,1.399,9754116.0
1772733600000,1.399,1.4111,1.3974,1.4093,8641039.7
1772737200000,1.4093,1.4226,1.4092,1.4105,12578868.4
1772740800000,1.4105,1.42,1.4089,1.4145,6642599.0
1772744400000,1.4145,1.4189,1.4026,1.4063,7490871.1
1772748000000,1.4063,1.4087,1.4011,1.4053,3510090.6
1772751600000,1.4053,1.4078,1.4013,1.4029,4765074.1
1772755200000,1.4029,1.4076,1.402,1.4044,3515336.6
1772758800000,1.4044,1.4136,1.3969,1.4112,11432854.5
1772762400000,1.4112,1.4137,1.4079,1.4088,5184224.4
1772766000000,1.4088,1.4108,1.4027,1.4047,4238041.1
1772769600000,1.4047,1.4054,1.3904,1.3985,7177349.8
1772773200000,1.3985,1.4022,1.3918,1.3978,4645729.5
1772776800000,1.3978,1.4043,1.396,1.3998,3705806.4
1772780400000,1.3998,1.4079,1.3965,1.407,5498347.7
1772784000000,1.407,1.4071,1.4001,1.4044,7444199.8
1772787600000,1.4044,1.4057,1.3916,1.3971,7329682.7
1772791200000,1.3971,1.4069,1.3965,1.4022,6736845.0
1772794800000,1.4022,1.4039,1.3927,1.394,5411047.4
1772798400000,1.394,1.3957,1.3837,1.3883,11602935.1
1772802000000,1.3883,1.3964,1.3708,1.3712,31201648.8
1772805600000,1.3712,1.3736,1.3499,1.3545,30697926.5
1772809200000,1.3545,1.3659,1.352,1.3553,15809965.3
1772812800000,1.3553,1.3623,1.3528,1.3562,10368880.8
1772816400000,1.3562,1.3582,1.3446,1.3487,11021506.2
1772820000000,1.3487,1.3619,1.3484,1.3577,9967049.2
1772823600000,1.3577,1.3655,1.3576,1.3625,9735483.8
1772827200000,1.3625,1.3636,1.3534,1.3563,9454332.5
1772830800000,1.3563,1.364,1.3553,1.3628,4035439.6
1772834400000,1.3628,1.371,1.3619,1.3681,6154677.5
1772838000000,1.3681,1.3683,1.362,1.3626,4935638.0
1772841600000,1.3626,1.3697,1.3621,1.3672,5884677.4
1772845200000,1.3672,1.3686,1.3636,1.3667,2735065.1
1772848800000,1.3667,1.3678,1.3616,1.3669,3461101.5
1772852400000,1.3669,1.374,1.3645,1.3651,7039654.0
1772856000000,1.3651,1.3656,1.36,1.3623,4821271.4
1772859600000,1.3623,1.3668,1.3614,1.3664,3108291.1
1772863200000,1.3664,1.3677,1.3609,1.3627,2899362.8
1772866800000,1.3627,1.367,1.3604,1.3661,4616570.6
1772870400000,1.3661,1.3685,1.3636,1.3643,2863526.1
1772874000000,1.3643,1.3672,1.3619,1.3646,2708067.0
1772877600000,1.3646,1.3675,1.3641,1.3652,1321577.9
1772881200000,1.3652,1.3725,1.3644,1.369,4940637.7
1772884800000,1.369,1.3691,1.3613,1.3633,3410754.9
1772888400000,1.3633,1.3671,1.3609,1.362,3734034.1
1772892000000,1.362,1.3663,1.3556,1.3629,6512793.2
1772895600000,1.3629,1.3629,1.3536,1.3563,4642732.6
1772899200000,1.3563,1.3604,1.3549,1.3601,3177800.6
1772902800000,1.3601,1.3641,1.3594,1.3598,3807481.3
1772906400000,1.3598,1.36,1.3507,1.3561,7511507.1
1772910000000,1.3561,1.3562,1.3459,1.3497,9171285.3
1772913600000,1.3497,1.3555,1.3494,1.3542,2717252.0
1772917200000,1.3542,1.3584,1.3537,1.3559,2855770.4
1772920800000,1.3559,1.3561,1.349,1.3528,3799275.9
1772924400000,1.3528,1.3565,1.3518,1.356,2071806.5
1772928000000,1.356,1.3598,1.3531,1.3541,3606844.4
1772931600000,1.3541,1.3569,1.35,1.3563,3016108.6
1772935200000,1.3563,1.3565,1.3436,1.3469,6738918.3
1772938800000,1.3469,1.3508,1.3436,1.3477,4718570.2
1772942400000,1.3477,1.349,1.3404,1.3431,4793959.1
1772946000000,1.3431,1.3555,1.3431,1.353,5661052.0
1772949600000,1.353,1.3548,1.349,1.3514,3274656.0
1772953200000,1.3514,1.3622,1.3509,1.3594,8070051.3
1772956800000,1.3594,1.3612,1.3537,1.3582,4069532.3
1772960400000,1.3582,1.3658,1.3552,1.3604,5908094.2
1772964000000,1.3604,1.3706,1.3604,1.3674,7224094.4
1772967600000,1.3674,1.3674,1.3553,1.3569,7724308.4
1772971200000,1.3569,1.3587,1.3438,1.3509,10042997.3
1772974800000,1.3509,1.353,1.3402,1.3491,10564200.2
1772978400000,1.3491,1.3523,1.3444,1.3485,4422364.6
1772982000000,1.3485,1.3489,1.342,1.3448,4976146.6
1772985600000,1.3448,1.3448,1.3371,1.3386,7296598.0
1772989200000,1.3386,1.3452,1.338,1.3432,4205416.9
1772992800000,1.3432,1.3477,1.339,1.3448,4202394.0
1772996400000,1.3448,1.3593,1.3424,1.3555,8652154.4
1773000000000,1.3555,1.3615,1.3511,1.3527,5327733.0
1773003600000,1.3527,1.3537,1.3434,1.3471,6034840.3
1773007200000,1.3471,1.3485,1.3204,1.345,34339530.2
1773010800000,1.345,1.3495,1.3381,1.3392,9864548.9
1773014400000,1.3392,1.3601,1.3381,1.3482,11910632.2
1773018000000,1.3482,1.3529,1.3408,1.3413,7049533.3
1773021600000,1.3413,1.3495,1.3366,1.3452,7819069.8
1773025200000,1.3452,1.365,1.3444,1.3499,13375402.6
1773028800000,1.3499,1.3552,1.3432,1.3436,7000129.7
1773032400000,1.3436,1.3581,1.3412,1.3541,10077000.5
1773036000000,1.3541,1.3579,1.3434,1.3441,7144806.4
1773039600000,1.3441,1.3445,1.3319,1.3398,13985358.7
1773043200000,1.3398,1.3474,1.3386,1.3454,5882858.4
1773046800000,1.3454,1.3627,1.3402,1.3544,10235377.5
1773050400000,1.3544,1.3555,1.3448,1.3465,6809506.2
1773054000000,1.3465,1.3507,1.3407,1.3494,6108674.8
1773057600000,1.3494,1.3573,1.349,1.3539,8251029.3
1773061200000,1.3539,1.3725,1.3535,1.3674,19805269.6
1773064800000,1.3674,1.3723,1.3583,1.3641,17341048.2
1773068400000,1.3641,1.3669,1.3556,1.3594,10228987.2
1773072000000,1.3594,1.3696,1.3581,1.3639,5837385.4
1773075600000,1.3639,1.3696,1.3586,1.3616,6280005.5
1773079200000,1.3616,1.3678,1.355,1.3608,6488000.7
1773082800000,1.3608,1.3834,1.3554,1.3722,19747583.9
1773086400000,1.3722,1.3785,1.3664,1.3726,7140453.6
1773090000000,1.3726,1.3766,1.3687,1.3731,3895614.2
1773093600000,1.3731,1.3748,1.3618,1.3636,7135356.8
1773097200000,1.3636,1.3668,1.3596,1.3624,4365911.2
1773100800000,1.3624,1.3734,1.36,1.3691,4746237.6
1773104400000,1.3691,1.3745,1.3655,1.3715,4060076.6
1773108000000,1.3715,1.3919,1.3694,1.3871,14684152.2
1773111600000,1.3871,1.3905,1.3742,1.3745,8965717.6
1773115200000,1.3745,1.3829,1.3724,1.3814,7127147.6
1773118800000,1.3814,1.3891,1.3803,1.3837,6715030.3
1773122400000,1.3837,1.3839,1.3771,1.3796,6145840.4
1773126000000,1.3796,1.388,1.3753,1.3868,10090691.5
1773129600000,1.3868,1.4111,1.3868,1.4011,22043743.8
1773133200000,1.4011,1.4189,1.4011,1.4158,16544823.1
1773136800000,1.4158,1.4168,1.4039,1.4051,15329039.1
1773140400000,1.4051,1.4052,1.3882,1.3902,17302903.0
1773144000000,1.3902,1.3912,1.3817,1.3882,12860123.8
1773147600000,1.3882,1.4007,1.3803,1.3923,23256395.4
1773151200000,1.3923,1.4373,1.3806,1.4336,45183129.5
1773154800000,1.4336,1.4422,1.4191,1.4303,31099315.6
1773158400000,1.4303,1.4361,1.4225,1.4267,13253476.8
1773162000000,1.4267,1.43,1.4081,1.412,14266143.7
1773165600000,1.412,1.4126,1.3895,1.3926,26641586.1
1773169200000,1.3926,1.3941,1.3785,1.3843,16045228.6
1773172800000,1.3843,1.394,1.3835,1.3889,8731376.8
1773176400000,1.3889,1.3938,1.3776,1.3827,6239550.7
1773180000000,1.3827,1.3879,1.3787,1.3832,4875358.3
1773183600000,1.3832,1.3873,1.3831,1.3856,4416974.5
1773187200000,1.3856,1.3916,1.3814,1.3876,6227078.5
1773190800000,1.3876,1.3897,1.3834,1.3892,4588205.3
1773194400000,1.3892,1.3896,1.3775,1.3816,7038239.9
1773198000000,1.3816,1.3846,1.3769,1.3782,4927231.4
1773201600000,1.3782,1.3887,1.3753,1.387,5506745.0
1773205200000,1.387,1.3902,1.3739,1.3756,7276666.1
1773208800000,1.3756,1.3838,1.3752,1.382,4974335.7
1773212400000,1.382,1.3826,1.3728,1.3778,4354011.6
1773216000000,1.3778,1.3787,1.3715,1.3752,6003853.2
1773219600000,1.3752,1.3804,1.3721,1.3733,3663384.6
1773223200000,1.3733,1.3808,1.3718,1.3777,3686231.0
1773226800000,1.3777,1.38,1.3713,1.3726,5346694.1
1773230400000,1.3726,1.3868,1.3696,1.3842,12850904.4
1773234000000,1.3842,1.4103,1.3821,1.3916,23358741.9
1773237600000,1.3916,1.4027,1.3856,1.3913,16047622.8
1773241200000,1.3913,1.393,1.372,1.3817,15215645.1
1773244800000,1.3817,1.3899,1.3794,1.3863,8156945.4
1773248400000,1.3863,1.4009,1.3861,1.3969,17299982.4
1773252000000,1.3969,1.4065,1.3954,1.4035,10245805.4
1773255600000,1.4035,1.404,1.3872,1.3891,9758439.0
1773259200000,1.3891,1.3932,1.3861,1.3909,4564437.3
1773262800000,1.3909,1.3931,1.3878,1.3918,2855025.4
1773266400000,1.3918,1.3965,1.3862,1.3895,5821123.5
1773270000000,1.3895,1.3914,1.3813,1.384,4250035.6
1773273600000,1.384,1.3853,1.3802,1.3832,3820702.0
1773277200000,1.3832,1.3833,1.376,1.378,5882686.9
1773280800000,1.378,1.3803,1.3695,1.3716,7818994.3
1773284400000,1.3716,1.3752,1.3682,1.3727,5078313.0
1773288000000,1.3727,1.3772,1.3684,1.3695,4924184.1
1773291600000,1.3695,1.3719,1.3652,1.37,7832118.4
1773295200000,1.37,1.3728,1.3664,1.3716,4905335.0
1773298800000,1.3716,1.3776,1.3688,1.3757,7317035.4
1773302400000,1.3757,1.3816,1.3726,1.3792,7163388.5
1773306000000,1.3792,1.3879,1.3747,1.3812,5932723.1
1773309600000,1.3812,1.3907,1.3778,1.3893,6023618.3
1773313200000,1.3893,1.3928,1.3861,1.3872,5982239.4
1773316800000,1.3872,1.392,1.3846,1.3874,6596373.8
1773320400000,1.3874,1.3917,1.3764,1.3813,11771328.2
1773324000000,1.3813,1.3911,1.3634,1.3681,20742317.0
1773327600000,1.3681,1.3832,1.3651,1.3784,14091961.2
1773331200000,1.3784,1.3853,1.3701,1.3814,8183687.7
1773334800000,1.3814,1.3839,1.3766,1.3793,4103075.6
1773338400000,1.3793,1.3804,1.3707,1.3714,4649008.7
1773342000000,1.3714,1.3813,1.3687,1.3779,5348851.4
1773345600000,1.3779,1.3796,1.3704,1.3711,4237891.1
1773349200000,1.3711,1.3753,1.3706,1.3734,3279727.1
1773352800000,1.3734,1.3785,1.3713,1.3783,3642859.9
1773356400000,1.3783,1.3893,1.3782,1.384,11888726.9
1773360000000,1.384,1.4244,1.3824,1.4061,41684248.4
1773363600000,1.4061,1.4162,1.4036,1.4134,12165165.3
1773367200000,1.4134,1.4147,1.3996,1.401,7236628.5
1773370800000,1.401,1.4141,1.3997,1.412,4719412.3
1773374400000,1.412,1.4136,1.407,1.4109,6138996.2
1773378000000,1.4109,1.427,1.4072,1.4229,11363943.4
1773381600000,1.4229,1.426,1.4117,1.4129,14859269.0
1773385200000,1.4129,1.4203,1.4109,1.4148,10778890.8
1773388800000,1.4148,1.4335,1.4123,1.426,17820184.5
1773392400000,1.426,1.4365,1.4258,1.4281,11231499.3
1773396000000,1.4281,1.4388,1.4279,1.4335,12271350.8
1773399600000,1.4335,1.434,1.4191,1.4199,13507302.9
1773403200000,1.4199,1.4395,1.4195,1.4331,12485655.7
1773406800000,1.4331,1.4487,1.4301,1.4433,36258407.6
1773410400000,1.4433,1.4524,1.4204,1.4224,36868692.8
1773414000000,1.4224,1.4286,1.4062,1.4082,29533524.4
1773417600000,1.4082,1.4144,1.3993,1.4092,18041031.5
1773421200000,1.4092,1.412,1.3911,1.3934,18270441.6
1773424800000,1.3934,1.4006,1.3888,1.3965,14181071.1
1773428400000,1.3965,1.4019,1.3951,1.4006,6659536.4
1773432000000,1.4006,1.4041,1.3974,1.4015,4641988.1
1773435600000,1.4015,1.4054,1.3965,1.3996,5282077.6
1773439200000,1.3996,1.4007,1.3894,1.3941,7347631.0
1773442800000,1.3941,1.3995,1.3925,1.3981,4401981.2
1773446400000,1.3981,1.399,1.3914,1.3934,4300967.8
1773450000000,1.3934,1.4002,1.3918,1.3991,4049982.7
1773453600000,1.3991,1.4016,1.3968,1.3976,2835190.1
1773457200000,1.3976,1.4029,1.3962,1.3999,3727126.1
1773460800000,1.3999,1.4035,1.3951,1.3971,6835640.1
1773464400000,1.3971,1.3986,1.393,1.3945,2729163.8
1773468000000,1.3945,1.3945,1.3828,1.3917,12482860.6
1773471600000,1.3917,1.397,1.3909,1.3935,5426275.2
1773475200000,1.3935,1.3962,1.3913,1.3927,6872842.8
1773478800000,1.3927,1.3965,1.388,1.3891,5212596.9
1773482400000,1.3891,1.3901,1.3869,1.3886,4116756.6
1773486000000,1.3886,1.3921,1.3881,1.3916,3112453.3
1773489600000,1.3916,1.3932,1.3871,1.3886,4663926.9
1773493200000,1.3886,1.3938,1.3873,1.3908,4039189.2
1773496800000,1.3908,1.3923,1.3864,1.3881,4470600.8
1773500400000,1.3881,1.3908,1.3873,1.3895,1605639.8
1773504000000,1.3895,1.3922,1.3863,1.3921,2920798.1
1773507600000,1.3921,1.3928,1.3879,1.3887,2129469.8
1773511200000,1.3887,1.3919,1.3874,1.3904,2024716.7
1773514800000,1.3904,1.3907,1.3887,1.3895,941170.8
1773518400000,1.3895,1.3933,1.388,1.3923,2210074.3
1773522000000,1.3923,1.3961,1.3901,1.3946,3684819.8
1773525600000,1.3946,1.3972,1.3936,1.3958,2952191.5
1773529200000,1.3958,1.4077,1.3957,1.4056,7283945.3
1773532800000,1.4056,1.4087,1.4015,1.4047,5592848.3
1773536400000,1.4047,1.4073,1.4013,1.4043,2247186.5
1773540000000,1.4043,1.4192,1.4043,1.4152,11104276.8
1773543600000,1.4152,1.4199,1.411,1.4114,5768447.2
1773547200000,1.4114,1.4177,1.4114,1.4163,5461766.5
1773550800000,1.4163,1.4203,1.4133,1.4135,5508715.1
1773554400000,1.4135,1.4154,1.4048,1.4095,11217403.5
1773558000000,1.4095,1.4111,1.4055,1.407,3620353.6
1773561600000,1.407,1.4126,1.407,1.4126,3592672.4
1773565200000,1.4126,1.4181,1.4124,1.4139,6034873.3
1773568800000,1.4139,1.4173,1.4134,1.4158,2682144.0
1773572400000,1.4158,1.4204,1.4135,1.4192,5124339.3
1773576000000,1.4192,1.4246,1.4144,1.4233,9786299.0
1773579600000,1.4233,1.4297,1.4152,1.4224,22768159.4
1773583200000,1.4224,1.4245,1.4118,1.4168,10705944.5
1773586800000,1.4168,1.4218,1.4143,1.4148,3995078.9
1773590400000,1.4148,1.4177,1.4087,1.4122,7667648.1
1773594000000,1.4122,1.4234,1.4114,1.4185,6119993.0
1773597600000,1.4185,1.4202,1.4079,1.4099,8595644.9
1773601200000,1.4099,1.4144,1.4089,1.4121,6015301.2
1773604800000,1.4121,1.4225,1.4097,1.4169,6122071.8
1773608400000,1.4169,1.433,1.4135,1.4266,7821626.8
1773612000000,1.4266,1.4648,1.4221,1.4546,41945227.2
1773615600000,1.4546,1.4574,1.4389,1.4485,22043460.8
1773619200000,1.4485,1.4576,1.4437,1.4461,11787966.9
1773622800000,1.4461,1.4497,1.437,1.4465,13263519.4
1773626400000,1.4465,1.4487,1.4352,1.4422,6209320.2
1773630000000,1.4422,1.4798,1.4395,1.4671,27862115.1
1773633600000,1.4671,1.4858,1.4668,1.4796,24557414.5
1773637200000,1.4796,1.4844,1.4736,1.4804,11694034.0
1773640800000,1.4804,1.4813,1.4729,1.4763,9033711.7
1773644400000,1.4763,1.4884,1.4755,1.4827,11289309.3
1773648000000,1.4827,1.489,1.464,1.468,21224072.7
1773651600000,1.468,1.4758,1.4661,1.4736,9048304.6
1773655200000,1.4736,1.4758,1.4664,1.4745,8243981.2
1773658800000,1.4745,1.475,1.4661,1.4694,5515152.7
1773662400000,1.4694,1.4801,1.4691,1.4757,11740734.2
1773666000000,1.4757,1.4922,1.4741,1.4821,19403639.5
1773669600000,1.4821,1.5091,1.4706,1.5089,33601547.9
1773673200000,1.5089,1.516,1.4916,1.4924,40840670.0
1773676800000,1.4924,1.5107,1.491,1.508,13080467.6
1773680400000,1.508,1.5182,1.5047,1.5177,14720005.8
1773684000000,1.5177,1.5441,1.5156,1.5349,31594029.3
1773687600000,1.5349,1.5422,1.5198,1.5292,17775758.6
1773691200000,1.5292,1.5304,1.5227,1.5274,9340808.8
1773694800000,1.5274,1.5404,1.5254,1.5271,11662828.0
1773698400000,1.5271,1.5518,1.527,1.5508,20637931.0
1773702000000,1.5508,1.551,1.5362,1.542,16812179.2
1773705600000,1.542,1.5536,1.5335,1.5446,20703326.9
1773709200000,1.5446,1.5773,1.5436,1.57,37900495.8
1773712800000,1.57,1.6065,1.5587,1.5932,37814918.4
1773716400000,1.5932,1.5945,1.5337,1.5435,48769432.8
1773720000000,1.5435,1.5517,1.5232,1.5295,33323771.1
1773723600000,1.5295,1.5315,1.5099,1.5148,21733906.4
1773727200000,1.5148,1.5221,1.5037,1.516,19380600.7
1773730800000,1.516,1.5425,1.5157,1.5294,19800409.9
1773734400000,1.5294,1.5327,1.5184,1.5201,12802741.9
1773738000000,1.5201,1.523,1.5073,1.5115,20975872.7
1773741600000,1.5115,1.5117,1.5012,1.508,16380641.1
1773745200000,1.508,1.5177,1.5064,1.5087,12461305.0
1773748800000,1.5087,1.5143,1.5007,1.5042,14121411.9
1773752400000,1.5042,1.5174,1.495,1.5031,44430314.9
1773756000000,1.5031,1.5126,1.4923,1.5114,15922184.5
1773759600000,1.5114,1.5216,1.502,1.5128,14803121.2
1773763200000,1.5128,1.545,1.4976,1.5177,78205853.0
1773766800000,1.5177,1.5306,1.5159,1.53,8580833.1
1773770400000,1.53,1.5375,1.5242,1.5355,5612509.8
1773774000000,1.5355,1.54,1.5289,1.5322,7285292.2
1773777600000,1.5322,1.5348,1.5274,1.5323,4177827.8
1773781200000,1.5323,1.5355,1.5259,1.5293,6532499.4
1773784800000,1.5293,1.536,1.5196,1.5269,7480697.4
1773788400000,1.5269,1.5299,1.5168,1.5175,7841693.6
1773792000000,1.5175,1.5207,1.5084,1.5148,8760453.6
1773795600000,1.5148,1.5225,1.5127,1.5145,7524994.3
1773799200000,1.5145,1.5307,1.5139,1.526,5917789.1
1773802800000,1.526,1.5391,1.5247,1.5383,7643585.4
1773806400000,1.5383,1.5407,1.5229,1.5258,9488594.7
1773810000000,1.5258,1.5366,1.5208,1.5227,5674520.2
1773813600000,1.5227,1.5299,1.5226,1.5239,3879699.4
1773817200000,1.5239,1.5239,1.5138,1.5191,8316973.9
1773820800000,1.5191,1.5245,1.5186,1.5214,4661499.3
1773824400000,1.5214,1.5265,1.52,1.5229,4187662.7
1773828000000,1.5229,1.524,1.5082,1.5102,8859853.4
1773831600000,1.5102,1.5112,1.4829,1.4888,30397403.2
1773835200000,1.4888,1.49,1.4563,1.4632,36059762.0
1773838800000,1.4632,1.4731,1.4546,1.4657,19538249.8
1773842400000,1.4657,1.4674,1.4432,1.4452,21361684.5
1773846000000,1.4452,1.4519,1.4377,1.4397,23338516.3
1773849600000,1.4397,1.4465,1.4347,1.4417,15543216.6
1773853200000,1.4417,1.4586,1.439,1.4557,13579607.4
1773856800000,1.4557,1.466,1.4472,1.4514,21022602.3
1773860400000,1.4514,1.4598,1.4473,1.4484,10920354.3
1773864000000,1.4484,1.4616,1.4413,1.4584,14030538.3
1773867600000,1.4584,1.4715,1.4577,1.4667,7715973.6
1773871200000,1.4667,1.4671,1.4588,1.4618,5248570.3
1773874800000,1.4618,1.4652,1.4571,1.464,4053193.1
1773878400000,1.464,1.4643,1.4586,1.4602,5102326.4
1773882000000,1.4602,1.4664,1.456,1.4609,4538001.4
1773885600000,1.4609,1.4634,1.4548,1.4567,3576637.8
1773889200000,1.4567,1.4782,1.4566,1.4735,15076451.3
1773892800000,1.4735,1.4736,1.4629,1.4657,7097919.1
1773896400000,1.4657,1.4668,1.4585,1.466,4809684.9
1773900000000,1.466,1.4813,1.4633,1.4681,18156563.6
1773903600000,1.4681,1.4697,1.4501,1.4605,22264104.1
1773907200000,1.4605,1.4635,1.4511,1.4548,7822935.4
1773910800000,1.4548,1.4702,1.4547,1.4684,9854920.9
1773914400000,1.4684,1.4695,1.4615,1.4622,3884460.4
1773918000000,1.4622,1.4649,1.4563,1.4578,5902892.7
1773921600000,1.4578,1.4579,1.4343,1.4363,22776736.3
1773925200000,1.4363,1.4532,1.4315,1.4512,19551057.6
1773928800000,1.4512,1.4559,1.4379,1.4434,11034389.3
1773932400000,1.4434,1.4491,1.4235,1.4312,25597427.4
1773936000000,1.4312,1.4365,1.4221,1.4264,14369446.6
1773939600000,1.4264,1.4387,1.4208,1.4378,9897394.0
1773943200000,1.4378,1.4382,1.4298,1.4362,4993649.4
1773946800000,1.4362,1.4518,1.4353,1.4439,13777101.8
1773950400000,1.4439,1.4534,1.4424,1.4487,5236222.2
1773954000000,1.4487,1.4551,1.4483,1.4537,5494138.4
1773957600000,1.4537,1.4548,1.4433,1.4486,4717511.5
1773961200000,1.4486,1.4531,1.4419,1.4467,4257757.4
1773964800000,1.4467,1.4523,1.4446,1.4492,4301798.3
1773968400000,1.4492,1.4603,1.4492,1.4556,6727193.0
1773972000000,1.4556,1.4563,1.4456,1.4514,5673418.9
1773975600000,1.4514,1.4565,1.449,1.4522,4484088.8
1773979200000,1.4522,1.4564,1.4465,1.4527,5892545.2
1773982800000,1.4527,1.4578,1.449,1.4542,4914070.3
1773986400000,1.4542,1.4624,1.4495,1.4496,8489187.0
1773990000000,1.4496,1.456,1.4418,1.4539,8132806.1
1773993600000,1.4539,1.4661,1.4528,1.4591,11057453.4
1773997200000,1.4591,1.4591,1.444,1.447,10226274.2
1774000800000,1.447,1.453,1.443,1.4497,6221481.4
1774004400000,1.4497,1.4542,1.442,1.4485,7565158.1
1774008000000,1.4485,1.452,1.4398,1.4416,9031561.5
1774011600000,1.4416,1.4485,1.4357,1.4373,14775956.4
1774015200000,1.4373,1.4442,1.4326,1.4357,13569325.5
1774018800000,1.4357,1.4414,1.425,1.4369,14377473.1
1774022400000,1.4369,1.4425,1.4318,1.4367,9549025.1
1774026000000,1.4367,1.44,1.4281,1.4386,6822428.1
1774029600000,1.4386,1.4392,1.4277,1.4304,4713399.0
1774033200000,1.4304,1.4368,1.424,1.4353,7866672.7
1774036800000,1.4353,1.437,1.4283,1.4358,4791744.2
1774040400000,1.4358,1.448,1.4331,1.4427,6184242.7
1774044000000,1.4427,1.4518,1.4427,1.4472,4382888.6
1774047600000,1.4472,1.4474,1.4391,1.4443,2593093.8
1774051200000,1.4443,1.4487,1.4421,1.4471,3230162.5
1774054800000,1.4471,1.4494,1.4416,1.4429,2668301.4
1774058400000,1.4429,1.4479,1.4418,1.4462,2720381.2
1774062000000,1.4462,1.4473,1.4442,1.4452,2168762.0
1774065600000,1.4452,1.4474,1.4435,1.4437,2440170.9
1774069200000,1.4437,1.4505,1.4436,1.4505,3485517.5
1774072800000,1.4505,1.452,1.4467,1.4478,5842849.4
1774076400000,1.4478,1.4491,1.4428,1.443,2686561.9
1774080000000,1.443,1.4447,1.4389,1.4401,4920828.6
1774083600000,1.4401,1.4424,1.4359,1.4392,6129138.2
1774087200000,1.4392,1.44,1.437,1.4395,2103094.3
1774090800000,1.4395,1.4423,1.4385,1.4418,2196067.4
1774094400000,1.4418,1.4464,1.4394,1.4441,4710284.6
1774098000000,1.4441,1.4456,1.4342,1.4391,11591387.1
1774101600000,1.4391,1.4445,1.4343,1.4357,5329432.8
1774105200000,1.4357,1.4397,1.433,1.4371,3487764.1
1774108800000,1.4371,1.4376,1.4332,1.436,2098607.2
1774112400000,1.436,1.4405,1.4331,1.4388,2425543.2
1774116000000,1.4388,1.4412,1.4359,1.4367,2469857.6
1774119600000,1.4367,1.4375,1.4349,1.4364,964352.4
1774123200000,1.4364,1.4421,1.4361,1.4406,2019146.4
1774126800000,1.4406,1.4412,1.4371,1.4392,2143548.8
1774130400000,1.4392,1.4407,1.4367,1.4385,1289544.7
1774134000000,1.4385,1.4387,1.3992,1.4077,34354736.8
1774137600000,1.4077,1.417,1.3926,1.4099,26509331.4
1774141200000,1.4099,1.4155,1.4048,1.4092,9371409.7
1774144800000,1.4092,1.4197,1.407,1.4158,7523761.1
1774148400000,1.4158,1.4259,1.4123,1.4163,8713397.0
1774152000000,1.4163,1.4198,1.4093,1.4166,10733323.5
1774155600000,1.4166,1.4168,1.411,1.4111,4127053.1
1774159200000,1.4111,1.4124,1.4092,1.41,3929845.8
1774162800000,1.41,1.4124,1.4023,1.4027,6317231.2
1774166400000,1.4027,1.4034,1.3918,1.3984,12442434.8
1774170000000,1.3984,1.4029,1.3942,1.3952,5502635.2
1774173600000,1.3952,1.3963,1.3858,1.3877,12008485.2
1774177200000,1.3877,1.3949,1.3848,1.3902,8034189.9
1774180800000,1.3902,1.4011,1.3901,1.3987,7658413.0
1774184400000,1.3987,1.4062,1.395,1.3974,6765654.3
1774188000000,1.3974,1.4023,1.3939,1.3964,5100419.8
1774191600000,1.3964,1.4002,1.3905,1.3919,4956311.9
1774195200000,1.3919,1.3948,1.3895,1.3937,8143186.2
1774198800000,1.3937,1.395,1.3907,1.3921,2989311.2
1774202400000,1.3921,1.3921,1.3802,1.3874,7976280.5
1774206000000,1.3874,1.3874,1.3801,1.3842,5439901.7
1774209600000,1.3842,1.3897,1.384,1.386,3823926.4
1774213200000,1.386,1.3871,1.3706,1.3788,15821862.8
1774216800000,1.3788,1.3922,1.3706,1.3902,10513176.9
1774220400000,1.3902,1.3924,1.3831,1.3843,4031689.4
1774224000000,1.3843,1.3903,1.3735,1.3781,8425509.0
1774227600000,1.3781,1.3895,1.3749,1.3812,4315909.9
1774231200000,1.3812,1.3932,1.3809,1.3848,7516222.6
1774234800000,1.3848,1.3915,1.3778,1.3807,3574894.9
1774238400000,1.3807,1.39,1.378,1.3899,4258975.4
1774242000000,1.3899,1.396,1.3873,1.3903,11005279.3
1774245600000,1.3903,1.3903,1.3676,1.3708,13257793.8
1774249200000,1.3708,1.375,1.3615,1.372,11128534.5
1774252800000,1.372,1.3794,1.3663,1.3676,5780222.6
1774256400000,1.3676,1.3708,1.3606,1.3684,5588670.2
1774260000000,1.3684,1.3797,1.3677,1.3714,9205897.7
1774263600000,1.3714,1.4446,1.3714,1.4107,123958755.9
1774267200000,1.4107,1.4271,1.4008,1.4244,25863896.4
1774270800000,1.4244,1.4435,1.4205,1.4415,21291029.3
1774274400000,1.4415,1.4564,1.4407,1.4547,19337115.7
1774278000000,1.4547,1.4657,1.4299,1.4306,31380788.8
1774281600000,1.4306,1.4423,1.4266,1.4335,17965587.9
1774285200000,1.4335,1.446,1.426,1.4437,11414059.4
1774288800000,1.4437,1.4461,1.4362,1.4412,4986319.3
1774292400000,1.4412,1.4454,1.4309,1.4338,5050574.2
1774296000000,1.4338,1.4394,1.4303,1.4375,3526814.6
1774299600000,1.4375,1.4402,1.4341,1.4352,2374997.2
1774303200000,1.4352,1.4365,1.4245,1.4288,6745828.4
1774306800000,1.4288,1.4337,1.4232,1.4315,4206100.8
1774310400000,1.4315,1.4346,1.4157,1.4193,7769747.0
1774314000000,1.4193,1.4227,1.4094,1.4129,8644761.5
1774317600000,1.4129,1.4164,1.4083,1.4086,7750761.8
1774321200000,1.4086,1.4153,1.408,1.4138,3945702.2
1774324800000,1.4138,1.4162,1.406,1.4079,5627970.2
1774328400000,1.4079,1.415,1.4042,1.4134,7100886.5
1774332000000,1.4134,1.4166,1.4095,1.4151,6498585.9
1774335600000,1.4151,1.4319,1.4136,1.4306,11656105.3
1774339200000,1.4306,1.4332,1.4139,1.4165,17618214.3
1774342800000,1.4165,1.4234,1.4123,1.4225,6430592.9
1774346400000,1.4225,1.4229,1.4158,1.4207,5288499.1
1774350000000,1.4207,1.4254,1.4142,1.4224,9800346.3
1774353600000,1.4224,1.4229,1.4136,1.4157,4644168.7
1774357200000,1.4157,1.4174,1.3994,1.4018,17189936.1
1774360800000,1.4018,1.4081,1.3946,1.4015,17801915.9
1774364400000,1.4015,1.4078,1.3996,1.4,9765211.4
1774368000000,1.4,1.4031,1.3881,1.3901,13263187.0
1774371600000,1.3901,1.393,1.382,1.3874,8607379.2
1774375200000,1.3874,1.3942,1.3863,1.3879,6864746.0
1774378800000,1.3879,1.3928,1.386,1.387,4803618.9
1774382400000,1.387,1.412,1.3853,1.4091,14299906.0
1774386000000,1.4091,1.4138,1.4045,1.4122,6689624.3
1774389600000,1.4122,1.4137,1.4073,1.4103,5431634.9
1774393200000,1.4103,1.4174,1.4085,1.415,4189375.5
1774396800000,1.415,1.4249,1.4115,1.4196,8077322.6
1774400400000,1.4196,1.4219,1.415,1.4163,4380064.2
1774404000000,1.4163,1.4166,1.4096,1.41,5549926.5
1774407600000,1.41,1.4142,1.406,1.4126,3853242.9
1774411200000,1.4126,1.4169,1.4103,1.4155,2804058.0
1774414800000,1.4155,1.423,1.4144,1.4171,5381965.7
1774418400000,1.4171,1.4225,1.4155,1.4173,4587792.9
1774422000000,1.4173,1.4261,1.4163,1.4194,7276494.6
1774425600000,1.4194,1.4252,1.4172,1.4188,11962327.8
1774429200000,1.4188,1.4207,1.4116,1.4171,10788082.7
1774432800000,1.4171,1.4233,1.4158,1.4222,5400263.7
1774436400000,1.4222,1.4373,1.422,1.4282,23269026.4
1774440000000,1.4282,1.4315,1.4129,1.4215,17088634.8
1774443600000,1.4215,1.4289,1.4175,1.4198,6765988.9
1774447200000,1.4198,1.4218,1.4143,1.4145,6858125.3
1774450800000,1.4145,1.4161,1.4009,1.4066,17559066.6
1774454400000,1.4066,1.4203,1.4039,1.4149,11021322.6
1774458000000,1.4149,1.4167,1.4092,1.4108,4250524.8
1774461600000,1.4108,1.4182,1.409,1.4119,3408586.0
1774465200000,1.4119,1.415,1.4078,1.4113,3773889.5
1774468800000,1.4113,1.4147,1.4091,1.4138,2593323.7
1774472400000,1.4138,1.4168,1.4111,1.4128,2020139.8
1774476000000,1.4128,1.4219,1.4117,1.4171,3711993.8
1774479600000,1.4171,1.4188,1.4121,1.4139,3122689.4
1774483200000,1.4139,1.4158,1.4106,1.4128,3033633.4
1774486800000,1.4128,1.4144,1.4095,1.4101,3662446.5
1774490400000,1.4101,1.4111,1.3982,1.4029,7728508.4
1774494000000,1.4029,1.4029,1.3955,1.4009,4266529.8
1774497600000,1.4009,1.405,1.397,1.4019,2910929.4
1774501200000,1.4019,1.4023,1.3872,1.388,9571234.5
1774504800000,1.388,1.392,1.3847,1.3849,8872714.9
1774508400000,1.3849,1.3868,1.3785,1.3851,9624787.8
1774512000000,1.3851,1.3857,1.3792,1.3815,5942696.2
1774515600000,1.3815,1.3834,1.3671,1.3721,13773710.9
1774519200000,1.3721,1.3761,1.3685,1.3727,6379126.9
1774522800000,1.3727,1.3758,1.3677,1.3703,5887929.0
1774526400000,1.3703,1.375,1.3691,1.3735,5654889.7
1774530000000,1.3735,1.3823,1.3701,1.3777,14422228.0
1774533600000,1.3777,1.3809,1.3639,1.3674,11013703.6
1774537200000,1.3674,1.3678,1.3516,1.3596,19389819.4
1774540800000,1.3596,1.3659,1.3592,1.36,7447206.8
1774544400000,1.36,1.3638,1.3503,1.3533,7845029.1
1774548000000,1.3533,1.355,1.3351,1.3466,24950478.9
1774551600000,1.3466,1.3511,1.343,1.3435,7719993.5
1774555200000,1.3435,1.3668,1.3432,1.3586,26118806.6
1774558800000,1.3586,1.3708,1.3572,1.3661,9545474.3
1774562400000,1.3661,1.3682,1.3573,1.3628,10464601.0
1774566000000,1.3628,1.3644,1.358,1.3601,3369173.9
1774569600000,1.3601,1.363,1.3574,1.3611,3407523.2
1774573200000,1.3611,1.369,1.3598,1.3683,5278062.6
1774576800000,1.3683,1.372,1.3661,1.3699,4371906.9
1774580400000,1.3699,1.3705,1.3631,1.3636,2929074.4
1774584000000,1.3636,1.3642,1.3554,1.363,6868650.5
1774587600000,1.363,1.3683,1.36,1.3616,4395425.4
1774591200000,1.3616,1.3635,1.3587,1.3594,3091274.8
1774594800000,1.3594,1.3643,1.3566,1.3582,4993219.6
1774598400000,1.3582,1.3609,1.3431,1.3499,19353650.0
1774602000000,1.3499,1.3504,1.3391,1.3456,8262222.6
1774605600000,1.3456,1.347,1.3247,1.3324,31449617.2
1774609200000,1.3324,1.3381,1.3286,1.3344,9331550.5
1774612800000,1.3344,1.3346,1.3253,1.3317,20019727.5
1774616400000,1.3317,1.3423,1.3268,1.3398,23539552.1
1774620000000,1.3398,1.3437,1.3271,1.3316,14132599.3
1774623600000,1.3316,1.3451,1.3308,1.335,19758300.7
1774627200000,1.335,1.3363,1.3288,1.3297,9130012.5
1774630800000,1.3297,1.3366,1.3222,1.3229,9244659.9
1774634400000,1.3229,1.3253,1.317,1.3226,8459493.1
1774638000000,1.3226,1.3286,1.3187,1.3242,5137773.5
1774641600000,1.3242,1.3272,1.3213,1.3252,3536498.2
1774645200000,1.3252,1.3319,1.3252,1.3277,4308865.0
1774648800000,1.3277,1.3282,1.3214,1.3239,3319182.4
1774652400000,1.3239,1.3256,1.3194,1.3251,3821986.1
1774656000000,1.3251,1.3287,1.3238,1.3258,3060102.5
1774659600000,1.3258,1.327,1.3181,1.3229,5323827.0
1774663200000,1.3229,1.3266,1.3209,1.3233,2195799.0
1774666800000,1.3233,1.3277,1.3232,1.3264,2381640.8
1774670400000,1.3264,1.3301,1.3252,1.33,3153295.1
1774674000000,1.33,1.3416,1.3275,1.3365,12486680.3
1774677600000,1.3365,1.3389,1.3331,1.3349,3428803.0
1774681200000,1.3349,1.3402,1.3338,1.3401,3326506.4
1774684800000,1.3401,1.3421,1.3366,1.3373,3992202.6
1774688400000,1.3373,1.3379,1.3353,1.3365,2023400.0
1774692000000,1.3365,1.3425,1.3342,1.337,3931513.5
1774695600000,1.337,1.3412,1.3363,1.3396,2501731.1
1774699200000,1.3396,1.3408,1.3352,1.3376,2670697.5
1774702800000,1.3376,1.3567,1.3372,1.3498,16434143.9
1774706400000,1.3498,1.3518,1.3454,1.347,4659932.0
1774710000000,1.347,1.3587,1.3457,1.3527,7402403.6
1774713600000,1.3527,1.3538,1.3489,1.3494,2779160.1
1774717200000,1.3494,1.3514,1.3434,1.345,3798035.5
1774720800000,1.345,1.3467,1.3443,1.3451,1367686.5
1774724400000,1.3451,1.3458,1.3411,1.3442,1637989.7
1774728000000,1.3442,1.3471,1.3436,1.3458,2081459.3
1774731600000,1.3458,1.3459,1.339,1.3407,2948686.1
1774735200000,1.3407,1.3432,1.338,1.3408,2408796.4
1774738800000,1.3408,1.3408,1.3301,1.3325,7373861.3
1774742400000,1.3325,1.3348,1.3291,1.3319,3588590.7
1774746000000,1.3319,1.3365,1.3317,1.335,3476215.3
1774749600000,1.335,1.338,1.3337,1.3359,1897661.8
1774753200000,1.3359,1.341,1.3346,1.3378,2983220.3
1774756800000,1.3378,1.3378,1.3337,1.3354,1661288.5
1774760400000,1.3354,1.3354,1.3276,1.3328,7199262.2
1774764000000,1.3328,1.3426,1.3328,1.3338,11318784.6
1774767600000,1.3338,1.336,1.3317,1.3333,5992445.7
1774771200000,1.3333,1.3385,1.3313,1.3366,2767771.1
1774774800000,1.3366,1.3369,1.3333,1.3348,1783256.7
1774778400000,1.3348,1.3348,1.3301,1.3329,2585953.6
1774782000000,1.3329,1.34,1.3324,1.3375,3743333.3
1774785600000,1.3375,1.3375,1.3328,1.3339,2697230.9
1774789200000,1.3339,1.3342,1.3242,1.3257,6598363.5
1774792800000,1.3257,1.3318,1.3232,1.3252,4593284.7
1774796400000,1.3252,1.3278,1.3201,1.3249,5720947.6
1774800000000,1.3249,1.3288,1.3233,1.3244,2292338.9
1774803600000,1.3244,1.3266,1.3182,1.3228,4609510.6
1774807200000,1.3228,1.3256,1.3208,1.3229,2281463.9
1774810800000,1.3229,1.3232,1.3157,1.3172,4833370.6
1774814400000,1.3172,1.3263,1.3169,1.3234,4019536.1
1774818000000,1.3234,1.3281,1.3229,1.3269,2753859.7
1774821600000,1.3269,1.3269,1.2938,1.3184,34675105.8
1774825200000,1.3184,1.3318,1.3179,1.3271,13570409.2
1774828800000,1.3271,1.35,1.3237,1.3305,15333556.6
1774832400000,1.3305,1.3418,1.3305,1.3395,4229294.2
1774836000000,1.3395,1.3548,1.3383,1.3477,9223018.5
1774839600000,1.3477,1.3552,1.3448,1.3514,4155664.7
1774843200000,1.3514,1.3604,1.35,1.3503,11333229.0
1774846800000,1.3503,1.3573,1.3462,1.3515,16507490.7
1774850400000,1.3515,1.3564,1.3497,1.3501,3679732.9
1774854000000,1.3501,1.3588,1.3501,1.3576,5870249.8
1774857600000,1.3576,1.3668,1.3563,1.3602,9763115.0
1774861200000,1.3602,1.361,1.3492,1.3493,5485724.8
1774864800000,1.3493,1.3496,1.344,1.3474,6921010.8
1774868400000,1.3474,1.3604,1.3472,1.3494,13297092.6
1774872000000,1.3494,1.3557,1.3491,1.3509,5001470.9
1774875600000,1.3509,1.3558,1.343,1.3454,7154321.0
1774879200000,1.3454,1.3491,1.3346,1.3476,16887284.9
1774882800000,1.3476,1.3499,1.3383,1.345,7433197.8
1774886400000,1.345,1.3452,1.3374,1.3414,3388634.6
1774890000000,1.3414,1.3451,1.3324,1.3338,6690201.9
1774893600000,1.3338,1.3355,1.3238,1.3249,8163663.6
1774897200000,1.3249,1.3258,1.3163,1.3224,8238328.1
1774900800000,1.3224,1.3273,1.3208,1.3268,4771621.2
1774904400000,1.3268,1.334,1.324,1.3303,6392303.6
1774908000000,1.3303,1.3326,1.3266,1.3282,2653910.9
1774911600000,1.3282,1.3282,1.3192,1.3236,4703093.4
1774915200000,1.3236,1.3285,1.3184,1.3251,7631914.1
1774918800000,1.3251,1.3474,1.3228,1.3385,10575451.4
1774922400000,1.3385,1.3402,1.3347,1.3361,3405967.2
1774926000000,1.3361,1.3361,1.325,1.3253,5328354.1
1774929600000,1.3253,1.3268,1.3197,1.3233,10515170.6
1774933200000,1.3233,1.329,1.3192,1.3217,9368279.9
1774936800000,1.3217,1.328,1.3127,1.3232,18933262.9
1774940400000,1.3232,1.3248,1.3132,1.3187,12610118.9
1774944000000,1.3187,1.3227,1.3086,1.3129,10200735.5
1774947600000,1.3129,1.316,1.303,1.3066,13968187.0
1774951200000,1.3066,1.3132,1.3062,1.3101,7007566.2
1774954800000,1.3101,1.3173,1.3064,1.3142,13031998.4
1774958400000,1.3142,1.3207,1.313,1.3146,7555878.6
1774962000000,1.3146,1.3276,1.314,1.3255,10364591.0
1774965600000,1.3255,1.3378,1.3104,1.3137,16083770.2
1774969200000,1.3137,1.3279,1.3132,1.3144,10588810.1
1774972800000,1.3144,1.3367,1.3137,1.33,14993473.5
1774976400000,1.33,1.3449,1.3272,1.3303,17645612.4
1774980000000,1.3303,1.342,1.3303,1.3398,5571285.6
1774983600000,1.3398,1.3459,1.3397,1.3442,6292648.5
1774987200000,1.3442,1.3498,1.3412,1.3437,7159721.6
1774990800000,1.3437,1.3444,1.3372,1.3401,3795752.3
1774994400000,1.3401,1.3413,1.332,1.3348,4342955.8
1774998000000,1.3348,1.3415,1.3338,1.3402,2203231.0
1775001600000,1.3402,1.345,1.3374,1.3446,3953397.9
1775005200000,1.3446,1.3452,1.3333,1.3343,4845137.8
1775008800000,1.3343,1.3372,1.3305,1.3337,3285064.1
1775012400000,1.3337,1.3514,1.3337,1.3476,8667472.3
1775016000000,1.3476,1.3488,1.3378,1.3386,4525663.8
1775019600000,1.3386,1.3488,1.3354,1.3457,14002649.7
1775023200000,1.3457,1.3633,1.3457,1.3618,9973583.9
1775026800000,1.3618,1.3673,1.3556,1.356,9536607.7
1775030400000,1.356,1.3586,1.3513,1.3523,9461422.0
1775034000000,1.3523,1.3535,1.3483,1.351,5769462.1
1775037600000,1.351,1.3546,1.3484,1.3522,3614660.0
1775041200000,1.3522,1.3551,1.3499,1.3537,3840188.0
1775044800000,1.3537,1.3601,1.3487,1.3533,12089113.1
1775048400000,1.3533,1.357,1.3438,1.3461,8267633.1
1775052000000,1.3461,1.3578,1.3452,1.3552,6087084.6
1775055600000,1.3552,1.357,1.3497,1.3568,3339501.9
1775059200000,1.3568,1.3619,1.3511,1.3581,7227173.6
1775062800000,1.3581,1.3678,1.3501,1.3512,8548536.6
1775066400000,1.3512,1.352,1.3455,1.3467,5620789.5
1775070000000,1.3467,1.3532,1.3465,1.3497,3862595.8
1775073600000,1.3497,1.3515,1.3415,1.3478,5123000.9
1775077200000,1.3478,1.3565,1.3475,1.3544,5594765.8
1775080800000,1.3544,1.3549,1.3462,1.3481,2676274.8
1775084400000,1.3481,1.3509,1.346,1.347,1581421.8
1775088000000,1.347,1.3563,1.3464,1.3561,4260901.4
1775091600000,1.3561,1.3562,1.321,1.3274,26263526.8
1775095200000,1.3274,1.3292,1.3161,1.3174,14960099.5
1775098800000,1.3174,1.3174,1.3053,1.3118,15314026.4
1775102400000,1.3118,1.3199,1.3031,1.3072,26896078.1
1775106000000,1.3072,1.3152,1.3062,1.3146,7416559.0
1775109600000,1.3146,1.318,1.3116,1.315,5918188.4
1775113200000,1.315,1.3177,1.3122,1.3167,3251301.1
1775116800000,1.3167,1.3168,1.3102,1.311,4394265.5
1775120400000,1.311,1.3121,1.3069,1.311,4602738.9
1775124000000,1.311,1.3113,1.3065,1.3075,4665379.7
1775127600000,1.3075,1.3083,1.2975,1.2992,11664524.7
1775131200000,1.2992,1.2999,1.2885,1.2899,12468847.6
1775134800000,1.2899,1.293,1.2794,1.2881,20485585.8
1775138400000,1.2881,1.3029,1.2817,1.2992,27976909.0
1775142000000,1.2992,1.3014,1.2902,1.2992,8443404.3
1775145600000,1.2992,1.3082,1.294,1.3035,7338615.1
1775149200000,1.3035,1.3107,1.2972,1.2979,8773655.6
1775152800000,1.2979,1.3082,1.2966,1.306,5160861.2
1775156400000,1.306,1.3093,1.3007,1.3073,4496027.1
1775160000000,1.3073,1.3218,1.304,1.3172,8768489.8
1775163600000,1.3172,1.3189,1.3116,1.315,3503604.6
1775167200000,1.315,1.3179,1.3115,1.3169,4932703.3
1775170800000,1.3169,1.3203,1.3148,1.3192,3585275.3
1775174400000,1.3192,1.3232,1.3137,1.315,8754160.6
1775178000000,1.315,1.3199,1.3117,1.3128,9291810.0
1775181600000,1.3128,1.3166,1.3025,1.3069,10073934.1
1775185200000,1.3069,1.3216,1.306,1.3211,11493586.1
1775188800000,1.3211,1.3228,1.3134,1.3194,8440334.7
1775192400000,1.3194,1.3256,1.3152,1.3177,6412842.9
1775196000000,1.3177,1.3202,1.3146,1.3186,3789330.1
1775199600000,1.3186,1.3235,1.3163,1.3181,4774314.9
1775203200000,1.3181,1.321,1.3161,1.317,5395313.6
1775206800000,1.317,1.3171,1.3103,1.3111,4719669.7
1775210400000,1.3111,1.3169,1.3086,1.3151,9972885.5
1775214000000,1.3151,1.3237,1.3142,1.3197,8807255.8
1775217600000,1.3197,1.3372,1.3176,1.3191,19327910.3
1775221200000,1.3191,1.3199,1.3137,1.317,5832860.6
1775224800000,1.317,1.3205,1.3143,1.3185,3721063.8
1775228400000,1.3185,1.323,1.3175,1.318,3791274.6
1775232000000,1.318,1.3249,1.3178,1.3239,7141625.3
1775235600000,1.3239,1.3249,1.3184,1.3206,2844518.0
1775239200000,1.3206,1.322,1.3168,1.3173,1756036.8
1775242800000,1.3173,1.3179,1.3126,1.317,2131125.3
1775246400000,1.317,1.3184,1.3155,1.3158,1165119.9
1775250000000,1.3158,1.3194,1.3124,1.3175,6893250.9
1775253600000,1.3175,1.3219,1.315,1.3158,7817564.9
1775257200000,1.3158,1.3182,1.3112,1.3176,6748167.8
1775260800000,1.3176,1.3184,1.3152,1.3155,2135725.8
1775264400000,1.3155,1.317,1.3138,1.3142,1310231.3
1775268000000,1.3142,1.3145,1.3126,1.314,2102048.5
1775271600000,1.314,1.3163,1.3138,1.3151,1386523.4
1775275200000,1.3151,1.3178,1.3146,1.3157,1079380.1
1775278800000,1.3157,1.3179,1.3147,1.3163,989549.7
1775282400000,1.3163,1.32,1.3155,1.319,2052763.4
1775286000000,1.319,1.3193,1.3145,1.3153,1394377.2
1775289600000,1.3153,1.3159,1.3127,1.3133,2335338.2
1775293200000,1.3133,1.3136,1.3118,1.312,1805062.6
1775296800000,1.312,1.3141,1.3057,1.3134,12306991.8
1775300400000,1.3134,1.3157,1.3101,1.3114,8792451.5
1775304000000,1.3114,1.3114,1.3082,1.3096,2258171.5
1775307600000,1.3096,1.3113,1.3074,1.3086,3259141.2
1775311200000,1.3086,1.3119,1.3057,1.3117,3685195.8
1775314800000,1.3117,1.3163,1.3107,1.312,4993712.4
1775318400000,1.312,1.3151,1.31,1.3115,3591463.5
1775322000000,1.3115,1.3155,1.3109,1.3138,1849425.1
1775325600000,1.3138,1.3151,1.3125,1.3127,1824127.2
1775329200000,1.3127,1.3219,1.3123,1.3169,6581887.1
1775332800000,1.3169,1.3175,1.3147,1.316,1634824.5
1775336400000,1.316,1.3181,1.3135,1.3163,2202311.9
1775340000000,1.3163,1.3178,1.3154,1.3161,1322492.5
1775343600000,1.3161,1.3161,1.3127,1.3146,1605348.4
1775347200000,1.3146,1.3148,1.3109,1.3118,2172292.6
1775350800000,1.3118,1.3135,1.311,1.3122,1808945.2
1775354400000,1.3122,1.319,1.3095,1.316,5998642.2
1775358000000,1.316,1.3167,1.3125,1.3126,1983513.0
1775361600000,1.3126,1.3145,1.3082,1.3102,8312711.9
1775365200000,1.3102,1.3116,1.2989,1.2999,11100677.9
1775368800000,1.2999,1.3025,1.2946,1.3007,12134395.3
1775372400000,1.3007,1.3031,1.2955,1.2971,9415620.0
1775376000000,1.2971,1.2993,1.2961,1.2985,2722348.0
1775379600000,1.2985,1.3011,1.2982,1.3001,2550337.5
1775383200000,1.3001,1.3035,1.2972,1.2982,3114344.2
1775386800000,1.2982,1.2999,1.2968,1.298,1905551.6
1775390400000,1.298,1.298,1.2771,1.2816,20814534.6
1775394000000,1.2816,1.2916,1.2793,1.288,15724775.4
1775397600000,1.288,1.2898,1.2843,1.2855,4000724.1
1775401200000,1.2855,1.3048,1.2825,1.2956,14672339.0
1775404800000,1.2956,1.3011,1.2955,1.297,4296965.3
1775408400000,1.297,1.3029,1.2957,1.3012,4182764.8
1775412000000,1.3012,1.304,1.2977,1.302,3789603.4
1775415600000,1.302,1.3065,1.2983,1.2996,4051395.7
1775419200000,1.2996,1.305,1.2987,1.3035,3203655.2
1775422800000,1.3035,1.3038,1.2976,1.3,3074139.8
1775426400000,1.3,1.3126,1.2962,1.3119,11241570.7
1775430000000,1.3119,1.3318,1.3106,1.3258,20402375.0
1775433600000,1.3258,1.3395,1.3257,1.3308,16021937.9
1775437200000,1.3308,1.333,1.3248,1.329,7209878.3
1775440800000,1.329,1.3486,1.3284,1.3397,15053503.4
1775444400000,1.3397,1.3414,1.3357,1.3377,5060091.1
1775448000000,1.3377,1.3418,1.3352,1.3389,5177118.3
1775451600000,1.3389,1.3401,1.3355,1.3392,4530224.3
1775455200000,1.3392,1.3464,1.338,1.3408,14081583.5
1775458800000,1.3408,1.3455,1.3369,1.3437,16025294.7
1775462400000,1.3437,1.3459,1.3378,1.3379,9018915.1
1775466000000,1.3379,1.3569,1.3371,1.352,16803901.4
1775469600000,1.352,1.3564,1.3511,1.3524,5987120.9
1775473200000,1.3524,1.3526,1.3474,1.3492,6675011.4
1775476800000,1.3492,1.3502,1.3416,1.3428,7789166.1
1775480400000,1.3428,1.3477,1.3412,1.3465,6734142.8
1775484000000,1.3465,1.353,1.3401,1.3471,12741697.8
1775487600000,1.3471,1.3503,1.3437,1.3498,5930144.6
1775491200000,1.3498,1.3529,1.3413,1.3427,7077117.2
1775494800000,1.3427,1.3431,1.3341,1.3385,11272277.2
1775498400000,1.3385,1.342,1.336,1.3403,4024516.4
1775502000000,1.3403,1.3431,1.3367,1.3409,4322085.8
1775505600000,1.3409,1.3431,1.3393,1.3405,3332467.6
1775509200000,1.3405,1.3405,1.3342,1.3348,2982232.0
1775512800000,1.3348,1.3348,1.3177,1.3178,11509567.9
1775516400000,1.3178,1.322,1.3115,1.3201,12956122.2
1775520000000,1.3201,1.3248,1.3188,1.3205,3599139.4
1775523600000,1.3205,1.3239,1.3134,1.3138,5369888.0
1775527200000,1.3138,1.3188,1.3111,1.3163,5069038.9
1775530800000,1.3163,1.3175,1.314,1.3162,2234450.1
1775534400000,1.3162,1.3197,1.3125,1.3174,3329669.9
1775538000000,1.3174,1.3184,1.3086,1.3106,8518215.1
1775541600000,1.3106,1.3116,1.3044,1.3106,9155925.1
1775545200000,1.3106,1.3155,1.31,1.3118,8410705.3
1775548800000,1.3118,1.3224,1.3101,1.3188,13948536.5
1775552400000,1.3188,1.324,1.3172,1.3192,9391865.9
1775556000000,1.3192,1.3206,1.3051,1.3065,12599761.4
1775559600000,1.3065,1.3084,1.3025,1.3054,7315844.9
1775563200000,1.3054,1.3116,1.3,1.3079,12082967.5
1775566800000,1.3079,1.3127,1.3039,1.3041,6569043.4
1775570400000,1.3041,1.3046,1.2956,1.2956,10807044.2
1775574000000,1.2956,1.3018,1.2939,1.2967,8416032.0
1775577600000,1.2967,1.3025,1.2947,1.2999,7159592.8
1775581200000,1.2999,1.3144,1.2985,1.3076,6849464.2
1775584800000,1.3076,1.309,1.2991,1.3012,4142205.1
1775588400000,1.3012,1.3157,1.3007,1.3134,10272182.9
1775592000000,1.3134,1.3216,1.313,1.3173,9596192.3
1775595600000,1.3173,1.34,1.3172,1.3375,16509755.9
1775599200000,1.3375,1.3739,1.3356,1.3732,38521396.4
1775602800000,1.3732,1.3958,1.3664,1.3782,35020604.9
1775606400000,1.3782,1.3831,1.3593,1.3659,21567792.7
1775610000000,1.3659,1.3728,1.3629,1.3693,5529052.6
1775613600000,1.3693,1.3755,1.3676,1.3738,4632784.5
1775617200000,1.3738,1.3768,1.368,1.3695,8855076.8
1775620800000,1.3695,1.3773,1.3684,1.3754,8258991.8
1775624400000,1.3754,1.3872,1.3754,1.384,7163725.6
1775628000000,1.384,1.3863,1.379,1.3796,5096653.5
1775631600000,1.3796,1.3841,1.377,1.3793,4681264.9
1775635200000,1.3793,1.3834,1.3774,1.3807,3773880.0
1775638800000,1.3807,1.387,1.3772,1.3805,11004434.0
1775642400000,1.3805,1.3843,1.378,1.3831,13942428.6
1775646000000,1.3831,1.3851,1.3708,1.3776,15855809.6
1775649600000,1.3776,1.3833,1.3737,1.3795,9592635.2
1775653200000,1.3795,1.3895,1.3723,1.3735,24766783.3
1775656800000,1.3735,1.3744,1.3443,1.3495,35008286.7
1775660400000,1.3495,1.3562,1.348,1.3542,10186832.8
1775664000000,1.3542,1.3589,1.3512,1.3562,5990473.8
1775667600000,1.3562,1.3631,1.3539,1.3614,5495705.6
1775671200000,1.3614,1.3616,1.3467,1.3475,5764678.3
1775674800000,1.3475,1.3512,1.3434,1.3511,6865825.9
1775678400000,1.3511,1.3529,1.3455,1.3478,3113543.9
1775682000000,1.3478,1.3566,1.3471,1.3524,3492914.5
1775685600000,1.3524,1.3526,1.3436,1.3439,7753816.4
1775689200000,1.3439,1.3455,1.338,1.3421,12150603.1
1775692800000,1.3421,1.3423,1.3332,1.3389,7085255.4
1775696400000,1.3389,1.3397,1.3257,1.3337,18028534.3
1775700000000,1.3337,1.3359,1.3312,1.3337,3510836.4
1775703600000,1.3337,1.3365,1.329,1.3305,9968870.8
1775707200000,1.3305,1.3319,1.3266,1.3309,9216057.2
1775710800000,1.3309,1.335,1.3302,1.3324,7078289.9
1775714400000,1.3324,1.3348,1.3252,1.332,8368469.7
1775718000000,1.332,1.3334,1.3298,1.3313,2193627.4
1775721600000,1.3313,1.3358,1.3298,1.3344,4129215.7
1775725200000,1.3344,1.3387,1.3328,1.3372,5334494.9
1775728800000,1.3372,1.3378,1.3315,1.3316,5306454.9
1775732400000,1.3316,1.3345,1.3245,1.3288,18087934.1
1775736000000,1.3288,1.332,1.3253,1.3305,5177062.7
1775739600000,1.3305,1.3323,1.3255,1.3289,6044488.3
1775743200000,1.3289,1.3334,1.3211,1.3319,9164445.4
1775746800000,1.3319,1.3545,1.3293,1.3516,18738353.8
1775750400000,1.3516,1.359,1.3454,1.3514,13556847.2
1775754000000,1.3514,1.3597,1.3509,1.3579,8944128.5
1775757600000,1.3579,1.3588,1.3495,1.3545,7421490.6
1775761200000,1.3545,1.3606,1.3512,1.3551,5886352.0
1775764800000,1.3551,1.3587,1.3525,1.3559,3457438.6
1775768400000,1.3559,1.3611,1.3503,1.3529,4711575.4
1775772000000,1.3529,1.3695,1.3509,1.3515,9175980.7
1775775600000,1.3515,1.3524,1.3411,1.3429,7591425.7
1775779200000,1.3429,1.3472,1.3395,1.3444,5737991.5
1775782800000,1.3444,1.3496,1.3392,1.3427,9474501.0
1775786400000,1.3427,1.3463,1.3409,1.3428,2525530.4
1775790000000,1.3428,1.3453,1.3398,1.3404,6193434.2
1775793600000,1.3404,1.3481,1.3404,1.3458,3795205.0
1775797200000,1.3458,1.3481,1.342,1.3429,4214424.5
1775800800000,1.3429,1.346,1.3387,1.3412,4557689.7
1775804400000,1.3412,1.3422,1.3346,1.3366,3787709.4
1775808000000,1.3366,1.3464,1.3342,1.3388,10356431.8
1775811600000,1.3388,1.3421,1.3351,1.3381,11806667.2
1775815200000,1.3381,1.3399,1.335,1.3368,6439592.3
1775818800000,1.3368,1.3432,1.3363,1.3408,3956040.4
1775822400000,1.3408,1.3465,1.3389,1.3425,16068851.2
1775826000000,1.3425,1.3447,1.3369,1.3438,5585713.2
1775829600000,1.3438,1.3575,1.3424,1.3572,14074244.8
1775833200000,1.3572,1.3607,1.3453,1.3472,13325858.0
1775836800000,1.3472,1.3532,1.3466,1.3507,5493221.9
1775840400000,1.3507,1.3553,1.3478,1.3547,3985292.5
1775844000000,1.3547,1.3594,1.3523,1.3592,4330405.8
1775847600000,1.3592,1.3628,1.3577,1.3624,4418480.0
1775851200000,1.3624,1.3653,1.3591,1.3638,6746884.5
1775854800000,1.3638,1.3638,1.3566,1.3598,3339893.3
1775858400000,1.3598,1.3606,1.3536,1.3557,3522327.4
1775862000000,1.3557,1.3562,1.3536,1.3552,1332218.8
1775865600000,1.3552,1.3559,1.3524,1.3535,2405696.8
1775869200000,1.3535,1.3535,1.349,1.3525,3481806.2
1775872800000,1.3525,1.3565,1.352,1.3541,2383191.4
1775876400000,1.3541,1.3565,1.3495,1.3499,2778081.2
1775880000000,1.3499,1.3517,1.3473,1.3501,3354295.4
1775883600000,1.3501,1.3506,1.3453,1.347,2751690.0
1775887200000,1.347,1.347,1.343,1.3455,4115727.2
1775890800000,1.3455,1.3471,1.3448,1.3458,2185468.6
1775894400000,1.3458,1.3478,1.3441,1.3445,3178452.6
1775898000000,1.3445,1.3481,1.3409,1.3469,8744652.5
1775901600000,1.3469,1.3473,1.3447,1.3462,2980029.5
1775905200000,1.3462,1.3488,1.3433,1.3447,8301050.4
1775908800000,1.3447,1.3456,1.3414,1.3436,6402331.4
1775912400000,1.3436,1.3443,1.3394,1.3441,5540971.1
1775916000000,1.3441,1.3483,1.3408,1.3416,6578617.3
1775919600000,1.3416,1.3461,1.338,1.3454,10901996.0
1775923200000,1.3454,1.3585,1.3447,1.3539,9369607.3
1775926800000,1.3539,1.3566,1.3502,1.3523,4667417.9
1775930400000,1.3523,1.3667,1.3505,1.3635,10124348.3
1775934000000,1.3635,1.3748,1.3624,1.3706,12232241.2
1775937600000,1.3706,1.3722,1.3576,1.361,9251445.2
1775941200000,1.361,1.365,1.3589,1.3619,4047406.0
1775944800000,1.3619,1.3695,1.3596,1.361,5304513.2
1775948400000,1.361,1.361,1.3496,1.354,8421444.1
1775952000000,1.354,1.3543,1.3505,1.3532,3449395.1
1775955600000,1.3532,1.3555,1.3247,1.3285,28480296.5
1775959200000,1.3285,1.3365,1.324,1.3335,9566183.1
1775962800000,1.3335,1.3355,1.3292,1.3294,4785008.9
1775966400000,1.3294,1.3301,1.3261,1.3272,4533134.8
1775970000000,1.3272,1.3304,1.326,1.3297,3859105.0
1775973600000,1.3297,1.3315,1.3278,1.3288,1890978.6
1775977200000,1.3288,1.3301,1.3266,1.3285,2342114.2
1775980800000,1.3285,1.3309,1.327,1.3276,3103260.9
1775984400000,1.3276,1.3318,1.3252,1.3297,9901160.1
1775988000000,1.3297,1.3324,1.3288,1.3299,4817969.5
1775991600000,1.3299,1.3339,1.3293,1.3322,8323452.2
1775995200000,1.3322,1.3337,1.3268,1.3303,10743587.1
1775998800000,1.3303,1.3324,1.3222,1.3224,17917151.8
1776002400000,1.3224,1.3267,1.3204,1.3214,16293272.4
1776006000000,1.3214,1.3245,1.3184,1.323,5072848.4
1776009600000,1.323,1.3273,1.3225,1.3272,2212658.6
1776013200000,1.3272,1.333,1.3261,1.3317,4811276.7
1776016800000,1.3317,1.3332,1.3291,1.3299,4214691.7
1776020400000,1.3299,1.331,1.3288,1.33,2024580.6
1776024000000,1.33,1.3389,1.3285,1.3358,5692808.3
1776027600000,1.3358,1.3384,1.3329,1.3359,3251357.9
1776031200000,1.3359,1.3359,1.3224,1.3273,7146553.4
1776034800000,1.3273,1.3273,1.3216,1.324,2737142.9
1776038400000,1.324,1.3326,1.3224,1.331,3591503.9
1776042000000,1.331,1.3323,1.3258,1.3315,2677979.1
1776045600000,1.3315,1.3325,1.3236,1.3249,3432131.7
1776049200000,1.3249,1.3282,1.3236,1.3246,2253971.8
1776052800000,1.3246,1.3266,1.3187,1.322,6624013.7
1776056400000,1.322,1.3315,1.321,1.3307,5257891.4
1776060000000,1.3307,1.3364,1.3304,1.3338,12952255.7
1776063600000,1.3338,1.3349,1.3244,1.3247,6514295.5
1776067200000,1.3247,1.3277,1.322,1.3249,8048094.9
1776070800000,1.3249,1.33,1.3239,1.326,9237247.0
1776074400000,1.326,1.3261,1.3227,1.3244,2384917.2
1776078000000,1.3244,1.3272,1.3239,1.3249,1818316.0
1776081600000,1.3249,1.333,1.3225,1.3312,6745276.3
1776085200000,1.3312,1.3405,1.3266,1.3388,13271599.0
1776088800000,1.3388,1.3462,1.3312,1.3452,11288352.5
1776092400000,1.3452,1.3456,1.3301,1.3337,8028562.7
1776096000000,1.3337,1.3421,1.3286,1.3389,9834842.8
1776099600000,1.3389,1.3449,1.3365,1.3374,5888639.3
1776103200000,1.3374,1.3399,1.3336,1.3396,3627354.0
1776106800000,1.3396,1.3552,1.3384,1.3527,15159883.5
1776110400000,1.3527,1.3547,1.3461,1.3464,8537738.7
1776114000000,1.3464,1.3531,1.343,1.3503,5919506.6
1776117600000,1.3503,1.3769,1.3495,1.3743,28019324.3
1776121200000,1.3743,1.3842,1.3703,1.3751,16758044.8
1776124800000,1.3751,1.3769,1.3603,1.3617,12353583.1
1776128400000,1.3617,1.3676,1.3588,1.366,6068954.0
1776132000000,1.366,1.3703,1.3641,1.368,5243614.0
1776135600000,1.368,1.368,1.365,1.3667,2136097.5
1776139200000,1.3667,1.3678,1.36,1.3631,7077510.7
1776142800000,1.3631,1.3649,1.361,1.3618,4320923.6
1776146400000,1.3618,1.3727,1.3618,1.3709,8160550.3
1776150000000,1.3709,1.377,1.367,1.3677,12490331.4
1776153600000,1.3677,1.375,1.366,1.3728,4093636.1
1776157200000,1.3728,1.3754,1.3707,1.3729,3548564.0
1776160800000,1.3729,1.3729,1.3684,1.3696,2823257.6
1776164400000,1.3696,1.3738,1.3673,1.3684,4459862.5
1776168000000,1.3684,1.3708,1.3643,1.3668,8800697.5
1776171600000,1.3668,1.3931,1.3668,1.3922,22292187.7
1776175200000,1.3922,1.395,1.3711,1.3713,29185585.0
1776178800000,1.3713,1.3784,1.3664,1.3737,12655526.4
1776182400000,1.3737,1.3804,1.3653,1.3676,7625814.4
1776186000000,1.3676,1.3734,1.3643,1.3681,4453080.3
1776189600000,1.3681,1.3698,1.3511,1.3538,12098209.4
1776193200000,1.3538,1.36,1.3516,1.3599,6812539.7
1776196800000,1.3599,1.3609,1.3543,1.356,3965921.7
1776200400000,1.356,1.3614,1.3552,1.3593,4595768.1
1776204000000,1.3593,1.3647,1.3548,1.3578,12742100.9
1776207600000,1.3578,1.3657,1.3559,1.3611,10432478.8
1776211200000,1.3611,1.3665,1.3567,1.3614,20433985.8
1776214800000,1.3614,1.3643,1.3579,1.3617,8751206.8
1776218400000,1.3617,1.3637,1.3546,1.3564,4864886.6
1776222000000,1.3564,1.3576,1.3551,1.3569,1641605.5
1776225600000,1.3569,1.3599,1.3566,1.3584,2343712.8
1776229200000,1.3584,1.3609,1.3543,1.358,3623434.4
1776232800000,1.358,1.3582,1.3535,1.3549,2979502.3
1776236400000,1.3549,1.3561,1.3477,1.3512,9574735.9
1776240000000,1.3512,1.3566,1.3498,1.3551,7297510.7
1776243600000,1.3551,1.3556,1.3496,1.3516,7401567.7
1776247200000,1.3516,1.3594,1.351,1.3557,7428807.0
1776250800000,1.3557,1.3642,1.3557,1.3628,6462221.8
1776254400000,1.3628,1.371,1.3601,1.3647,11157868.0
1776258000000,1.3647,1.3677,1.3608,1.3667,7011819.6
1776261600000,1.3667,1.3791,1.3635,1.3759,15988083.1
1776265200000,1.3759,1.3835,1.3711,1.3728,15855438.7
1776268800000,1.3728,1.382,1.3713,1.3778,10497652.7
1776272400000,1.3778,1.3837,1.3753,1.3798,6447416.1
1776276000000,1.3798,1.387,1.3786,1.3864,7624580.5
1776279600000,1.3864,1.408,1.3841,1.3994,23377962.2
1776283200000,1.3994,1.4001,1.3831,1.3876,13745836.8
1776286800000,1.3876,1.3885,1.3799,1.3879,5123640.4
1776290400000,1.3879,1.4019,1.3877,1.3935,10167435.4
1776294000000,1.3935,1.3935,1.3848,1.3914,6784523.3
1776297600000,1.3914,1.3977,1.3858,1.3965,5660054.8
1776301200000,1.3965,1.4015,1.3897,1.3997,12324533.0
1776304800000,1.3997,1.4097,1.3959,1.4059,9702732.3
1776308400000,1.4059,1.4148,1.4045,1.4057,9937896.5
1776312000000,1.4057,1.4109,1.4012,1.4035,8080467.6
1776315600000,1.4035,1.4068,1.3999,1.4051,4226766.5
1776319200000,1.4051,1.4094,1.4037,1.4093,3557599.2
1776322800000,1.4093,1.4122,1.4036,1.4052,4133080.0
1776326400000,1.4052,1.409,1.4021,1.4047,7495996.0
1776330000000,1.4047,1.4226,1.4033,1.4166,27507313.6
1776333600000,1.4166,1.4172,1.4071,1.4082,10831388.5
1776337200000,1.4082,1.4089,1.4011,1.4088,10982358.2
1776340800000,1.4088,1.4229,1.4085,1.4132,12263731.3
1776344400000,1.4132,1.4336,1.3983,1.4065,35771292.9
1776348000000,1.4065,1.4122,1.3921,1.4095,28862734.3
1776351600000,1.4095,1.4321,1.4065,1.4285,22704603.6
1776355200000,1.4285,1.4411,1.4148,1.4186,30079971.3
1776358800000,1.4186,1.4291,1.4135,1.4265,10998796.7
1776362400000,1.4265,1.4481,1.4235,1.446,19449398.7
1776366000000,1.446,1.4658,1.4408,1.4639,25978937.4
1776369600000,1.4639,1.4657,1.4435,1.4518,12696574.2
1776373200000,1.4518,1.4583,1.4447,1.4459,7636004.4
1776376800000,1.4459,1.4529,1.4458,1.4504,5594038.1
1776380400000,1.4504,1.4572,1.4471,1.4521,6099170.3
1776384000000,1.4521,1.4548,1.4394,1.4399,8525075.2
1776387600000,1.4399,1.4418,1.4265,1.4296,12256325.2
1776391200000,1.4296,1.4306,1.4215,1.4289,9464948.3
1776394800000,1.4289,1.4384,1.4262,1.4299,12316583.2
1776398400000,1.4299,1.4334,1.4251,1.4313,9519337.4
1776402000000,1.4313,1.4361,1.424,1.4242,12206271.4
1776405600000,1.4242,1.433,1.4233,1.4315,4111293.3
1776409200000,1.4315,1.439,1.4314,1.4366,6405398.0
1776412800000,1.4366,1.447,1.4346,1.446,10367512.6
1776416400000,1.446,1.4586,1.4418,1.451,13433776.2
1776420000000,1.451,1.4527,1.4317,1.4363,13192527.0
1776423600000,1.4363,1.4478,1.4359,1.4466,6153126.4
1776427200000,1.4466,1.4604,1.4433,1.4581,14538725.6
1776430800000,1.4581,1.4908,1.4546,1.4865,50044420.1
1776434400000,1.4865,1.5094,1.4822,1.4977,33288659.9
1776438000000,1.4977,1.501,1.475,1.485,23531734.3
1776441600000,1.485,1.4996,1.4843,1.4966,14322760.3
1776445200000,1.4966,1.497,1.4762,1.4829,16298090.8
1776448800000,1.4829,1.4837,1.4719,1.4768,10193771.7
1776452400000,1.4768,1.4916,1.4757,1.4864,10247065.9
1776456000000,1.4864,1.4886,1.4744,1.4807,6132340.5
1776459600000,1.4807,1.4861,1.4765,1.4784,4379885.7
1776463200000,1.4784,1.4881,1.4765,1.4837,12441926.8
1776466800000,1.4837,1.4838,1.4709,1.4749,9379114.9
1776470400000,1.4749,1.4794,1.4712,1.4753,4403537.2
1776474000000,1.4753,1.4817,1.4724,1.477,5290999.4
1776477600000,1.477,1.4772,1.4682,1.4747,6792902.5
1776481200000,1.4747,1.4747,1.4659,1.4677,4421445.5
1776484800000,1.4677,1.469,1.4602,1.4677,13617988.8
1776488400000,1.4677,1.4764,1.4671,1.4681,6913418.3
1776492000000,1.4681,1.4726,1.463,1.4699,11453782.6
1776495600000,1.4699,1.4749,1.468,1.4734,4504096.7
1776499200000,1.4734,1.4747,1.4448,1.4525,32672772.4
1776502800000,1.4525,1.4536,1.4454,1.4498,14548902.5
1776506400000,1.4498,1.4499,1.4339,1.4391,14480271.5
1776510000000,1.4391,1.4394,1.4205,1.4306,20379345.5
1776513600000,1.4306,1.4373,1.4297,1.4352,9009065.9
1776517200000,1.4352,1.4379,1.4282,1.4362,7553836.6
1776520800000,1.4362,1.4377,1.4317,1.434,7306482.3
1776524400000,1.434,1.4391,1.4299,1.4351,10053169.9
1776528000000,1.4351,1.4387,1.4304,1.4329,5843319.4
1776531600000,1.4329,1.4329,1.4264,1.4309,8417316.0
1776535200000,1.4309,1.4338,1.4225,1.4249,9009591.6
1776538800000,1.4249,1.4304,1.424,1.4264,3283191.3
1776542400000,1.4264,1.4297,1.4231,1.4275,3470435.1
1776546000000,1.4275,1.4383,1.4271,1.4356,7168146.4
1776549600000,1.4356,1.4357,1.4294,1.4336,4473900.3
1776553200000,1.4336,1.4377,1.4311,1.4316,4086251.1
1776556800000,1.4316,1.4353,1.4287,1.4323,3976096.4
1776560400000,1.4323,1.438,1.4282,1.4311,4298249.3
1776564000000,1.4311,1.4343,1.4233,1.4294,6422453.9
1776567600000,1.4294,1.4332,1.4256,1.4287,3952693.4
1776571200000,1.4287,1.4328,1.4221,1.4298,5907246.0
1776574800000,1.4298,1.4427,1.4286,1.4294,10946148.3
1776578400000,1.4294,1.4302,1.4151,1.4279,20019066.2
1776582000000,1.4279,1.4288,1.4129,1.4191,15453241.1
1776585600000,1.4191,1.428,1.4145,1.4238,13850751.0
1776589200000,1.4238,1.4252,1.4117,1.4208,8717196.6
1776592800000,1.4208,1.427,1.4151,1.4224,12066695.2
1776596400000,1.4224,1.4311,1.4216,1.4289,6163408.1
1776600000000,1.4289,1.4329,1.4239,1.4308,9386400.5
1776603600000,1.4308,1.4461,1.4302,1.438,25794356.6
1776607200000,1.438,1.4416,1.432,1.4368,8521134.2
1776610800000,1.4368,1.4379,1.4201,1.4308,12286593.2
1776614400000,1.4308,1.4315,1.4188,1.4213,6335019.3
1776618000000,1.4213,1.4236,1.4094,1.4122,13074446.9
1776621600000,1.4122,1.4173,1.4104,1.415,7407244.2
1776625200000,1.415,1.4209,1.4138,1.4168,5027162.7
1776628800000,1.4168,1.4168,1.4081,1.4094,8063005.9
1776632400000,1.4094,1.4162,1.4082,1.4087,6028643.8
1776636000000,1.4087,1.4087,1.387,1.3981,28473493.8
1776639600000,1.3981,1.3981,1.3918,1.3935,8570174.3
1776643200000,1.3935,1.4072,1.3925,1.4048,9033432.2
1776646800000,1.4048,1.4109,1.4039,1.4073,5067644.4
1776650400000,1.4073,1.4082,1.4031,1.4073,6050949.3
1776654000000,1.4073,1.4128,1.4068,1.41,5256990.8
1776657600000,1.41,1.4103,1.4049,1.4085,3478995.6
1776661200000,1.4085,1.4087,1.3945,1.3983,8642029.6
1776664800000,1.3983,1.4146,1.3982,1.4132,10146206.2
1776668400000,1.4132,1.4319,1.4104,1.4146,23424919.5
1776672000000,1.4146,1.4173,1.4067,1.4091,7655787.3
1776675600000,1.4091,1.4203,1.4073,1.4169,8521758.4
1776679200000,1.4169,1.4266,1.4119,1.4134,12501033.4
1776682800000,1.4134,1.418,1.4107,1.4146,5573367.6
1776686400000,1.4146,1.423,1.4119,1.4214,5780104.9
1776690000000,1.4214,1.4269,1.4164,1.424,10564420.9
1776693600000,1.424,1.4312,1.4131,1.4158,19709789.2
1776697200000,1.4158,1.4344,1.408,1.432,15582025.5
1776700800000,1.432,1.4329,1.4216,1.4228,5621017.3
1776704400000,1.4228,1.4321,1.4219,1.4263,6014067.1
1776708000000,1.4263,1.4366,1.4263,1.4316,11332274.9
1776711600000,1.4316,1.4327,1.4268,1.4294,4634030.8
1776715200000,1.4294,1.4327,1.424,1.4307,4625752.5
1776718800000,1.4307,1.4318,1.4236,1.4294,4040544.9
1776722400000,1.4294,1.4312,1.424,1.4251,2218473.8
1776726000000,1.4251,1.4251,1.4204,1.4238,3550240.7
1776729600000,1.4238,1.4287,1.4235,1.4267,4310025.8
1776733200000,1.4267,1.4312,1.4243,1.4249,5147243.1
1776736800000,1.4249,1.4258,1.4212,1.4212,2955196.3
1776740400000,1.4212,1.425,1.4183,1.4231,4472464.3
1776744000000,1.4231,1.4282,1.423,1.4273,2979246.1
1776747600000,1.4273,1.4327,1.4272,1.431,4837276.3
1776751200000,1.431,1.4406,1.4275,1.4364,8919691.0
1776754800000,1.4364,1.4417,1.4316,1.4386,6111630.8
1776758400000,1.4386,1.4488,1.4366,1.4421,9906050.7
1776762000000,1.4421,1.4438,1.4366,1.4406,6394051.6
1776765600000,1.4406,1.4462,1.4373,1.4436,5687645.1
1776769200000,1.4436,1.4439,1.4367,1.4388,5716173.9
1776772800000,1.4388,1.4401,1.4253,1.4316,13626587.2
1776776400000,1.4316,1.435,1.4281,1.4326,8326783.8
1776780000000,1.4326,1.4444,1.4293,1.4308,10363142.1
1776783600000,1.4308,1.4329,1.4242,1.4318,10228256.7
1776787200000,1.4318,1.4353,1.4267,1.4278,6279998.6
1776790800000,1.4278,1.4304,1.4128,1.4236,15396540.3
1776794400000,1.4236,1.4266,1.4193,1.4261,6650788.4
1776798000000,1.4261,1.4311,1.4106,1.4131,11508635.2
1776801600000,1.4131,1.4283,1.4116,1.4226,12206697.8
1776805200000,1.4226,1.4243,1.4197,1.4218,5480084.7
1776808800000,1.4218,1.423,1.4158,1.4214,3122093.3
1776812400000,1.4214,1.4336,1.4212,1.4327,6929109.9
1776816000000,1.4327,1.4338,1.4291,1.4314,3873586.3
1776819600000,1.4314,1.4315,1.4261,1.4285,2919919.1
1776823200000,1.4285,1.4485,1.4253,1.4478,13832201.8
1776826800000,1.4478,1.4499,1.4399,1.4424,8828342.3
1776830400000,1.4424,1.4466,1.4407,1.444,4058028.6
1776834000000,1.444,1.46,1.4423,1.4538,17340682.1
1776837600000,1.4538,1.4564,1.4515,1.456,4675736.1
1776841200000,1.456,1.4576,1.4507,1.4537,5943999.3
1776844800000,1.4537,1.455,1.4491,1.4518,4773689.7
1776848400000,1.4518,1.454,1.4493,1.4506,3430371.1
1776852000000,1.4506,1.4519,1.4478,1.4499,3568882.3
1776855600000,1.4499,1.4541,1.4482,1.4537,3801055.6
1776859200000,1.4537,1.4547,1.4464,1.4497,7288924.3
1776862800000,1.4497,1.4603,1.4471,1.4582,12900312.9
1776866400000,1.4582,1.463,1.4509,1.457,18665437.1
1776870000000,1.457,1.46,1.451,1.4557,14450832.2
1776873600000,1.4557,1.4581,1.4451,1.446,11312390.2
1776877200000,1.446,1.4515,1.4433,1.4482,8630132.9
1776880800000,1.4482,1.4522,1.4468,1.4469,2936018.9
1776884400000,1.4469,1.4472,1.4361,1.4404,7981765.6
1776888000000,1.4404,1.442,1.4323,1.4362,8248206.4
1776891600000,1.4362,1.4407,1.436,1.4407,3777227.5
1776895200000,1.4407,1.4409,1.4345,1.4373,2809404.6
1776898800000,1.4373,1.4374,1.4277,1.4286,8719720.8
1776902400000,1.4286,1.4306,1.415,1.4284,16039782.5
1776906000000,1.4284,1.429,1.4197,1.425,4814593.9
1776909600000,1.425,1.4253,1.4143,1.418,7757435.8
1776913200000,1.418,1.4211,1.4103,1.4152,7645713.9
1776916800000,1.4152,1.4185,1.4143,1.4164,4904821.4
1776920400000,1.4164,1.4197,1.4141,1.4189,4967850.5
1776924000000,1.4189,1.4241,1.4189,1.4228,7639603.1
1776927600000,1.4228,1.4232,1.4188,1.42,3481192.1
1776931200000,1.42,1.4203,1.4142,1.4172,4389561.0
1776934800000,1.4172,1.4178,1.4108,1.414,5388487.5
1776938400000,1.414,1.4151,1.4075,1.4099,8140898.7
1776942000000,1.4099,1.4167,1.4099,1.4154,6194013.3
1776945600000,1.4154,1.4201,1.4143,1.4179,7984987.0
1776949200000,1.4179,1.4195,1.4134,1.4157,11063486.5
1776952800000,1.4157,1.4295,1.4133,1.4293,15100315.1
1776956400000,1.4293,1.4363,1.425,1.4311,9623312.0
1776960000000,1.4311,1.4328,1.4271,1.4291,8341857.0
1776963600000,1.4291,1.436,1.4204,1.4345,29637755.0
1776967200000,1.4345,1.4407,1.4304,1.4304,10872972.6
1776970800000,1.4304,1.4332,1.4261,1.4288,5995761.0
1776974400000,1.4288,1.4365,1.4266,1.4323,7282054.4
1776978000000,1.4323,1.4375,1.4298,1.4326,3439980.5
1776981600000,1.4326,1.4391,1.4325,1.4353,3270109.0
1776985200000,1.4353,1.4397,1.4315,1.438,3093030.4
1776988800000,1.438,1.44,1.4369,1.4398,3587411.3
1776992400000,1.4398,1.4441,1.4309,1.4436,6610133.4
1776996000000,1.4436,1.4449,1.436,1.4367,3667258.9
1776999600000,1.4367,1.438,1.4275,1.4301,4995391.7
1777003200000,1.4301,1.4303,1.4208,1.4281,19263562.1
1777006800000,1.4281,1.4327,1.4249,1.4319,5285570.9
1777010400000,1.4319,1.4325,1.4291,1.4291,3308802.9
1777014000000,1.4291,1.432,1.4276,1.4319,3291270.9
1777017600000,1.4319,1.4358,1.4287,1.4307,5348752.9
1777021200000,1.4307,1.4311,1.424,1.4249,5357178.8
1777024800000,1.4249,1.432,1.4231,1.4309,4638272.7
1777028400000,1.4309,1.4398,1.4309,1.4378,10016549.1
1777032000000,1.4378,1.4411,1.4321,1.4341,6806746.6
1777035600000,1.4341,1.4438,1.4326,1.435,10936259.5
1777039200000,1.435,1.4382,1.4272,1.4328,11524845.0
1777042800000,1.4328,1.4478,1.428,1.4475,14791795.4
1777046400000,1.4475,1.4501,1.4368,1.4398,7887923.3
1777050000000,1.4398,1.442,1.435,1.4403,4890148.5
1777053600000,1.4403,1.4412,1.4328,1.4381,2771014.2
1777057200000,1.4381,1.4414,1.4358,1.4386,2264315.2
1777060800000,1.4386,1.4412,1.4339,1.4396,4220491.1
1777064400000,1.4396,1.4424,1.4359,1.4369,3575844.9
1777068000000,1.4369,1.4373,1.4284,1.4308,5735824.7
1777071600000,1.4308,1.433,1.4307,1.4325,1459642.1
1777075200000,1.4325,1.4338,1.4309,1.4326,2262133.9
1777078800000,1.4326,1.4363,1.4325,1.4352,1689871.4
1777082400000,1.4352,1.437,1.4325,1.4327,2316487.2
1777086000000,1.4327,1.4362,1.4319,1.4358,2291849.5
1777089600000,1.4358,1.4364,1.4327,1.4332,990748.4
1777093200000,1.4332,1.4332,1.4305,1.4315,2007362.5
1777096800000,1.4315,1.4341,1.43,1.4318,2087100.4
1777100400000,1.4318,1.434,1.4302,1.4325,1780434.0
1777104000000,1.4325,1.4343,1.4315,1.4338,1706946.5
1777107600000,1.4338,1.4359,1.4321,1.4345,1757153.6
1777111200000,1.4345,1.4357,1.4337,1.4346,1154897.1
1777114800000,1.4346,1.4347,1.4285,1.43,3618667.7
1777118400000,1.43,1.4309,1.4273,1.4285,3542603.7
1777122000000,1.4285,1.4317,1.4277,1.4302,2087531.4
1777125600000,1.4302,1.431,1.4283,1.4284,2175673.5
1777129200000,1.4284,1.4305,1.4235,1.4248,5561665.4
1777132800000,1.4248,1.4273,1.4193,1.4234,6367006.0
1777136400000,1.4234,1.424,1.4181,1.4192,4837269.7
1777140000000,1.4192,1.422,1.4186,1.4203,2472798.9
1777143600000,1.4203,1.4207,1.4182,1.4196,1784633.8
1777147200000,1.4196,1.4213,1.4179,1.4212,1721504.4
1777150800000,1.4212,1.4227,1.4209,1.4221,1865345.3
1777154400000,1.4221,1.425,1.4214,1.4228,6727525.3
1777158000000,1.4228,1.4248,1.4216,1.4233,2146336.6
1777161600000,1.4233,1.4235,1.4191,1.4202,2693172.2
1777165200000,1.4202,1.4211,1.4174,1.4186,3218870.0
1777168800000,1.4186,1.4219,1.4184,1.4211,1637579.0
1777172400000,1.4211,1.4232,1.4172,1.418,2859039.3
1777176000000,1.418,1.4232,1.4177,1.4213,2846548.5
1777179600000,1.4213,1.4286,1.4206,1.4247,6105959.1
1777183200000,1.4247,1.4275,1.4247,1.4266,1442199.3
1777186800000,1.4266,1.4283,1.4248,1.4279,4414769.2
1777190400000,1.4279,1.4288,1.4251,1.4257,2491621.7
1777194000000,1.4257,1.4278,1.4247,1.4276,1874587.9
1777197600000,1.4276,1.4282,1.4258,1.4269,1657350.7
1777201200000,1.4269,1.4312,1.4269,1.4297,3201236.4
1777204800000,1.4297,1.4308,1.4229,1.424,9133213.0
1777208400000,1.424,1.4252,1.4221,1.4235,2805615.0
1777212000000,1.4235,1.4293,1.4226,1.4264,4214220.1
1777215600000,1.4264,1.4285,1.4253,1.4284,2518737.5
1777219200000,1.4284,1.4286,1.4243,1.4244,1758525.7
1777222800000,1.4244,1.4258,1.421,1.4239,2981952.5
1777226400000,1.4239,1.4294,1.4221,1.4283,4661820.4
1777230000000,1.4283,1.4355,1.4273,1.4293,10969202.3
1777233600000,1.4293,1.4321,1.4265,1.4266,2305652.9
1777237200000,1.4266,1.4296,1.4189,1.4279,9453189.3
1777240800000,1.4279,1.4351,1.4228,1.4263,9977292.4
1777244400000,1.4263,1.4344,1.4242,1.4301,4186902.8
1777248000000,1.4301,1.4402,1.4243,1.4386,10171621.5
1777251600000,1.4386,1.4462,1.4341,1.444,11765526.0
1777255200000,1.444,1.4454,1.4395,1.4431,3442150.3
1777258800000,1.4431,1.4467,1.441,1.4418,4668736.1
1777262400000,1.4418,1.4419,1.4363,1.4394,4411882.9
1777266000000,1.4394,1.4399,1.4143,1.4185,24977084.6
1777269600000,1.4185,1.4199,1.4116,1.4171,6358724.9
1777273200000,1.4171,1.4179,1.4125,1.4135,4498995.7
1777276800000,1.4135,1.4174,1.4117,1.4174,4921916.3
1777280400000,1.4174,1.4182,1.4142,1.4158,4171358.3
1777284000000,1.4158,1.4161,1.4133,1.4143,2183958.3
1777287600000,1.4143,1.4143,1.4113,1.4126,4231393.3
1777291200000,1.4126,1.4142,1.4088,1.4101,7442638.6
1777294800000,1.4101,1.4116,1.395,1.401,23377532.4
1777298400000,1.401,1.4103,1.3981,1.4033,10745015.6
1777302000000,1.4033,1.4036,1.3829,1.3875,22959705.5
1777305600000,1.3875,1.3908,1.3836,1.3879,6592748.6
1777309200000,1.3879,1.3945,1.3879,1.3926,3997070.5
1777312800000,1.3926,1.3967,1.3917,1.3948,6740653.2
1777316400000,1.3948,1.3957,1.3863,1.3923,4303335.0
1777320000000,1.3923,1.3943,1.3901,1.3919,2561806.0
1777323600000,1.3919,1.3931,1.389,1.389,3563775.3
1777327200000,1.389,1.3964,1.3885,1.3961,4042914.6
1777330800000,1.3961,1.4012,1.3956,1.3998,3905750.7
1777334400000,1.3998,1.4,1.3944,1.3971,2834814.8
1777338000000,1.3971,1.3986,1.3953,1.3966,1709705.5
1777341600000,1.3966,1.3984,1.3903,1.3927,4601298.9
1777345200000,1.3927,1.3931,1.3877,1.392,4030724.2
1777348800000,1.392,1.3936,1.3897,1.3918,4000478.0
1777352400000,1.3918,1.3967,1.3913,1.3927,3350343.6
1777356000000,1.3927,1.3964,1.3854,1.3882,5656668.5
1777359600000,1.3882,1.3926,1.3838,1.3922,5894821.4
1777363200000,1.3922,1.3952,1.3902,1.3917,3084273.3
1777366800000,1.3917,1.3919,1.3855,1.3866,3471424.4
1777370400000,1.3866,1.3891,1.3854,1.3872,4345162.2
1777374000000,1.3872,1.3879,1.3783,1.3807,11238576.1
1777377600000,1.3807,1.3842,1.3779,1.3823,7624055.8
1777381200000,1.3823,1.3833,1.374,1.3775,15114888.0
1777384800000,1.3775,1.3775,1.3669,1.3692,18650615.7
1777388400000,1.3692,1.3767,1.3684,1.3747,16202690.2
1777392000000,1.3747,1.3769,1.3697,1.3762,5819231.8
1777395600000,1.3762,1.3806,1.3736,1.3779,12709187.5
1777399200000,1.3779,1.3817,1.3778,1.3815,4396745.7
1777402800000,1.3815,1.3861,1.3768,1.3819,21097378.0
1777406400000,1.3819,1.3843,1.3806,1.3822,8071970.1
1777410000000,1.3822,1.3833,1.3777,1.3795,3140004.6
1777413600000,1.3795,1.385,1.3775,1.3792,12487720.6
1777417200000,1.3792,1.381,1.3778,1.38,1867260.6
1777420800000,1.38,1.3857,1.3774,1.3823,17656692.3
1777424400000,1.3823,1.3832,1.3761,1.3811,5385921.8
1777428000000,1.3811,1.3829,1.3783,1.3792,8980692.2
1777431600000,1.3792,1.389,1.3788,1.3882,11777428.1
1777435200000,1.3882,1.3966,1.3866,1.3941,7225888.2
1777438800000,1.3941,1.3963,1.3932,1.3954,4421339.4
1777442400000,1.3954,1.396,1.3899,1.3915,8765159.8
1777446000000,1.3915,1.3952,1.3901,1.3915,6752334.3
1777449600000,1.3915,1.3924,1.3882,1.3907,3963409.0
1777453200000,1.3907,1.4055,1.3898,1.4029,24202855.6
1777456800000,1.4029,1.4061,1.3947,1.3969,17479192.2
1777460400000,1.3969,1.397,1.3904,1.3941,16211526.5
1777464000000,1.3941,1.3943,1.3777,1.3824,37583517.0
1777467600000,1.3824,1.3835,1.3692,1.3747,24895636.3
1777471200000,1.3747,1.3772,1.369,1.3714,10521009.8
1777474800000,1.3714,1.3724,1.3576,1.361,20663459.6
1777478400000,1.361,1.3665,1.356,1.3627,14537899.4
1777482000000,1.3627,1.3675,1.362,1.3672,6619542.7
1777485600000,1.3672,1.3698,1.3441,1.3568,26894549.6
1777489200000,1.3568,1.3579,1.3507,1.3526,4376393.4
1777492800000,1.3526,1.3648,1.3525,1.362,25351748.8
1777496400000,1.362,1.3737,1.3612,1.368,9064731.3
1777500000000,1.368,1.3702,1.3664,1.3692,2908626.4
1777503600000,1.3692,1.3704,1.364,1.3686,2778732.7
1777507200000,1.3686,1.3845,1.3686,1.3822,8005531.2
1777510800000,1.3822,1.3839,1.3758,1.3787,13461978.4
1777514400000,1.3787,1.3809,1.3667,1.3724,14008586.6
1777518000000,1.3724,1.3749,1.3702,1.3726,2053698.5
1777521600000,1.3726,1.3727,1.3592,1.3621,9424345.2
1777525200000,1.3621,1.3669,1.3579,1.3637,6337537.8
1777528800000,1.3637,1.371,1.3595,1.3681,8288901.8
1777532400000,1.3681,1.3746,1.3667,1.374,2650411.8
1777536000000,1.374,1.3758,1.3716,1.3719,4422825.5
1777539600000,1.3719,1.3792,1.3712,1.3727,3022603.1
1777543200000,1.3727,1.3742,1.3685,1.3697,3297075.7
1777546800000,1.3697,1.3752,1.3654,1.3687,4961359.2
1777550400000,1.3687,1.3752,1.3682,1.369,4028161.5
1777554000000,1.369,1.3738,1.3643,1.3691,5790793.8
1777557600000,1.3691,1.3718,1.3618,1.3675,6520806.8
1777561200000,1.3675,1.3745,1.3641,1.3686,4243604.9
1777564800000,1.3686,1.3689,1.3642,1.3652,1914678.1
1777568400000,1.3652,1.3704,1.3618,1.3674,9156542.8
1777572000000,1.3674,1.371,1.366,1.3693,3352906.9
1777575600000,1.3693,1.3735,1.3684,1.3696,2384267.3
1777579200000,1.3696,1.3709,1.3673,1.369,1411697.1
1777582800000,1.369,1.372,1.3652,1.3653,5087593.7
1777586400000,1.3653,1.3677,1.3635,1.3642,4965212.7
1777590000000,1.3642,1.3676,1.3637,1.3672,1782208.6
1777593600000,1.3672,1.3728,1.3637,1.3682,9337875.0
1777597200000,1.3682,1.3737,1.365,1.3705,10063557.9
1777600800000,1.3705,1.3713,1.3676,1.3695,2235199.6
1777604400000,1.3695,1.3797,1.3679,1.3757,11929762.1
1777608000000,1.3757,1.3781,1.3736,1.3751,3440525.6
1777611600000,1.3751,1.3778,1.374,1.376,1903000.3
1777615200000,1.376,1.3783,1.3713,1.3726,3200873.8
1777618800000,1.3726,1.3751,1.371,1.3741,5490592.6
1777622400000,1.3741,1.3801,1.3735,1.3778,4063051.0
1777626000000,1.3778,1.3781,1.3733,1.3747,2300912.8
1777629600000,1.3747,1.3762,1.3712,1.376,3301606.2
1777633200000,1.376,1.3793,1.3749,1.3774,1749230.1
1777636800000,1.3774,1.387,1.3766,1.3827,11645971.3
1777640400000,1.3827,1.3992,1.3827,1.3977,14989709.1
1777644000000,1.3977,1.3997,1.3886,1.3939,9868160.6
1777647600000,1.3939,1.3991,1.3902,1.3952,7993921.6
1777651200000,1.3952,1.3979,1.3909,1.3909,5345864.3
1777654800000,1.3909,1.3946,1.388,1.3941,6095856.1
1777658400000,1.3941,1.3949,1.3921,1.393,2274995.7
1777662000000,1.393,1.3952,1.3914,1.393,2473057.5
1777665600000,1.393,1.394,1.382,1.3839,6044571.6
1777669200000,1.3839,1.3884,1.3833,1.3879,2531047.0
1777672800000,1.3879,1.3892,1.3827,1.3828,2617085.8
1777676400000,1.3828,1.385,1.3805,1.3849,4973509.5
1777680000000,1.3849,1.3895,1.384,1.3857,8022745.8
1777683600000,1.3857,1.3879,1.3835,1.3841,2893655.8
1777687200000,1.3841,1.3876,1.3798,1.3849,7093468.0
1777690800000,1.3849,1.3876,1.3831,1.3851,2254568.3
1777694400000,1.3851,1.3853,1.3819,1.3839,3212559.3
1777698000000,1.3839,1.3843,1.382,1.383,3424549.5
1777701600000,1.383,1.387,1.3829,1.3865,2900045.1
1777705200000,1.3865,1.3875,1.3846,1.3847,1746760.1
1777708800000,1.3847,1.3851,1.3831,1.3839,2576696.1
1777712400000,1.3839,1.387,1.383,1.3857,4634776.9
1777716000000,1.3857,1.3872,1.3852,1.387,2380948.3
1777719600000,1.387,1.3904,1.3844,1.3851,7422722.9
1777723200000,1.3851,1.3874,1.384,1.3862,3682654.2
1777726800000,1.3862,1.3917,1.3862,1.391,3693577.6
1777730400000,1.391,1.3925,1.389,1.3911,2277192.4
1777734000000,1.3911,1.3936,1.3905,1.3925,1886622.7
1777737600000,1.3925,1.3943,1.3903,1.3922,2975300.8
1777741200000,1.3922,1.3936,1.3905,1.3907,2229787.4
1777744800000,1.3907,1.393,1.3884,1.3923,3017638.1
1777748400000,1.3923,1.3943,1.3922,1.3937,1060440.0
1777752000000,1.3937,1.3939,1.3922,1.3925,1700901.2
1777755600000,1.3925,1.4,1.3896,1.3926,11042919.7
1777759200000,1.3926,1.3998,1.3913,1.3957,5972002.2
1777762800000,1.3957,1.396,1.3902,1.393,7554254.7
1777766400000,1.393,1.3938,1.3874,1.3887,4442099.9
1777770000000,1.3887,1.3887,1.3826,1.3831,4654362.4
1777773600000,1.3831,1.3842,1.3808,1.3826,3388963.2
1777777200000,1.3826,1.3836,1.3811,1.383,1583537.9
1777780800000,1.383,1.3846,1.3813,1.3829,1754921.1
1777784400000,1.3829,1.3853,1.3828,1.3842,1520179.6
1777788000000,1.3842,1.385,1.3815,1.3843,2775895.2
1777791600000,1.3843,1.3879,1.3842,1.3853,3044542.7
1777795200000,1.3853,1.3876,1.3851,1.3874,1997280.1
1777798800000,1.3874,1.3901,1.3867,1.3886,2189628.1
1777802400000,1.3886,1.3892,1.3872,1.3872,2113595.7
1777806000000,1.3872,1.3977,1.3862,1.3943,6575110.8
1777809600000,1.3943,1.3977,1.3943,1.3955,3792426.3
1777813200000,1.3955,1.3981,1.3923,1.3944,4531642.0
1777816800000,1.3944,1.3969,1.3922,1.3961,2943831.3
1777820400000,1.3961,1.398,1.3935,1.3949,4106316.5
1777824000000,1.3949,1.3976,1.3933,1.3934,2605191.8
1777827600000,1.3934,1.3957,1.3908,1.3942,2966239.3
1777831200000,1.3942,1.3948,1.3928,1.3934,1565883.6
1777834800000,1.3934,1.3973,1.3929,1.3945,1399372.2
1777838400000,1.3945,1.3992,1.3917,1.3922,4264958.4
1777842000000,1.3922,1.395,1.3882,1.391,4232080.6
1777845600000,1.391,1.4039,1.391,1.3969,14597628.9
1777849200000,1.3969,1.4002,1.3859,1.3871,8277816.1
1777852800000,1.3871,1.3884,1.3824,1.3877,8286846.4
1777856400000,1.3877,1.4072,1.3831,1.4044,22554397.2
1777860000000,1.4044,1.415,1.3999,1.4099,20791452.7
1777863600000,1.4099,1.4143,1.4073,1.4128,17471774.3
1777867200000,1.4128,1.4207,1.4128,1.416,9558872.6
1777870800000,1.416,1.4171,1.4104,1.4114,6657879.2
1777874400000,1.4114,1.4124,1.4014,1.4087,12307087.0
1777878000000,1.4087,1.4141,1.4073,1.4101,5065042.5
1777881600000,1.4101,1.4123,1.4066,1.4109,3583692.6
1777885200000,1.4109,1.4194,1.4103,1.4169,4881778.1
1777888800000,1.4169,1.4175,1.3848,1.3945,51372358.3
1777892400000,1.3945,1.3972,1.3913,1.3933,6779088.9
1777896000000,1.3933,1.396,1.3918,1.3926,3660127.1
1777899600000,1.3926,1.399,1.3878,1.3924,8623003.1
1777903200000,1.3924,1.4127,1.3881,1.4074,25077311.2
1777906800000,1.4074,1.4085,1.392,1.3981,30454298.9
1777910400000,1.3981,1.405,1.3927,1.3997,13631195.0
1777914000000,1.3997,1.4117,1.3993,1.4079,8491131.8
1777917600000,1.4079,1.4094,1.4016,1.4033,3462264.7
1777921200000,1.4033,1.4037,1.3971,1.3973,3308939.1
1777924800000,1.3973,1.3975,1.3916,1.3925,3517570.0
1777928400000,1.3925,1.3983,1.3925,1.3968,4255252.5
1777932000000,1.3968,1.4005,1.3936,1.3946,3277164.4
1777935600000,1.3946,1.3946,1.3894,1.391,4022812.0
1777939200000,1.391,1.3952,1.3897,1.3948,3819210.7
1777942800000,1.3948,1.3976,1.393,1.3964,3562732.2
1777946400000,1.3964,1.4043,1.3958,1.4,6848494.4
1777950000000,1.4,1.4093,1.3986,1.405,9405713.7
1777953600000,1.405,1.4063,1.4,1.4012,8187899.6
1777957200000,1.4012,1.4061,1.3987,1.4011,7938819.1
1777960800000,1.4011,1.4069,1.4002,1.4067,6023625.7
1777964400000,1.4067,1.4097,1.4014,1.4064,10079444.3
1777968000000,1.4064,1.4088,1.4055,1.4065,7243582.5
1777971600000,1.4065,1.4069,1.4014,1.403,4549248.1
1777975200000,1.403,1.4072,1.4019,1.406,4244733.2
1777978800000,1.406,1.408,1.4012,1.4072,4575220.3
1777982400000,1.4072,1.4135,1.4058,1.4121,8115158.2
1777986000000,1.4121,1.4199,1.41,1.4127,13867704.1
1777989600000,1.4127,1.4131,1.4037,1.4102,11706526.0
1777993200000,1.4102,1.4152,1.4091,1.4109,4130954.7
1777996800000,1.4109,1.4144,1.4036,1.4073,10454503.6
1778000400000,1.4073,1.4091,1.4042,1.4076,5072494.3
1778004000000,1.4076,1.4119,1.4073,1.4092,2531494.7
1778007600000,1.4092,1.4127,1.4079,1.412,3222807.7
1778011200000,1.412,1.4173,1.4114,1.4159,8972563.8
1778014800000,1.4159,1.4219,1.4119,1.4152,10965209.6
1778018400000,1.4152,1.421,1.4092,1.4151,9810841.1
1778022000000,1.4151,1.4174,1.4087,1.4121,4181368.5
1778025600000,1.4121,1.4143,1.4066,1.4104,5314809.9
1778029200000,1.4104,1.4191,1.4092,1.4174,6738734.7
1778032800000,1.4174,1.4177,1.4097,1.4157,5336574.6
1778036400000,1.4157,1.4238,1.4155,1.4214,10448423.9
1778040000000,1.4214,1.4243,1.4167,1.419,6285763.4
1778043600000,1.419,1.4227,1.4134,1.4218,9230917.9
1778047200000,1.4218,1.427,1.4201,1.4251,8555779.5
1778050800000,1.4251,1.435,1.4237,1.4306,11973834.4
1778054400000,1.4306,1.443,1.4292,1.4424,14549835.9
1778058000000,1.4424,1.4507,1.438,1.4487,17470302.7
1778061600000,1.4487,1.4539,1.4462,1.4506,8654526.5
1778065200000,1.4506,1.4566,1.4486,1.4505,10541594.6
1778068800000,1.4505,1.4519,1.4434,1.4446,12684733.9
1778072400000,1.4446,1.4447,1.4153,1.4217,53103431.8
1778076000000,1.4217,1.4285,1.4121,1.4223,28056446.3
1778079600000,1.4223,1.4319,1.4205,1.429,9401866.4
1778083200000,1.429,1.4337,1.423,1.4283,7397713.0
1778086800000,1.4283,1.4301,1.4233,1.4249,4277445.6
1778090400000,1.4249,1.4264,1.4203,1.4219,4284378.8
1778094000000,1.4219,1.4279,1.4216,1.4268,6397566.3
1778097600000,1.4268,1.4278,1.4203,1.4237,7143342.2
1778101200000,1.4237,1.4275,1.4207,1.4253,5123730.6
1778104800000,1.4253,1.4261,1.4209,1.4213,4661878.3
1778108400000,1.4213,1.4247,1.4155,1.4239,5152848.2
1778112000000,1.4239,1.4249,1.4163,1.4172,5817517.0
1778115600000,1.4172,1.4191,1.412,1.4148,9630567.1
1778119200000,1.4148,1.4154,1.4084,1.4111,9289781.6
1778122800000,1.4111,1.4111,1.4011,1.4043,24526330.0
1778126400000,1.4043,1.409,1.4032,1.4069,8528836.7
1778130000000,1.4069,1.4136,1.4062,1.4102,13426827.4
1778133600000,1.4102,1.4156,1.4039,1.4152,9115955.2
1778137200000,1.4152,1.4207,1.4138,1.4189,6145471.0
1778140800000,1.4189,1.4205,1.4146,1.4153,4813541.0
1778144400000,1.4153,1.4155,1.4095,1.4107,6876727.0
1778148000000,1.4107,1.413,1.4058,1.4092,6768611.8
1778151600000,1.4092,1.4127,1.4077,1.4088,4170216.6
1778155200000,1.4088,1.4145,1.4084,1.414,6332235.9
1778158800000,1.414,1.414,1.3948,1.401,21006381.5
1778162400000,1.401,1.403,1.3902,1.3922,24260763.4
1778166000000,1.3922,1.3938,1.3812,1.3896,23982791.3
1778169600000,1.3896,1.3917,1.3857,1.3878,9283147.9
1778173200000,1.3878,1.3921,1.383,1.3908,9466095.6
1778176800000,1.3908,1.3953,1.388,1.3915,6637592.5
1778180400000,1.3915,1.3915,1.3844,1.3851,6460328.0
1778184000000,1.3851,1.3924,1.381,1.3817,6802574.9
1778187600000,1.3817,1.386,1.3789,1.3829,8693645.4
1778191200000,1.3829,1.3861,1.3794,1.3841,6889559.1
1778194800000,1.3841,1.387,1.3833,1.386,3312886.1
1778198400000,1.386,1.3889,1.3835,1.3848,3892119.0
1778202000000,1.3848,1.3862,1.3816,1.385,2959443.0
1778205600000,1.385,1.3854,1.3782,1.3827,5147439.0
1778209200000,1.3827,1.3869,1.3788,1.3846,3626243.5
1778212800000,1.3846,1.3863,1.3831,1.3852,2992562.2
1778216400000,1.3852,1.387,1.3824,1.3824,2812084.4
1778220000000,1.3824,1.3829,1.3759,1.381,10729318.2
1778223600000,1.381,1.3841,1.3781,1.3833,5350073.4
1778227200000,1.3833,1.3897,1.3811,1.3874,14381762.6
1778230800000,1.3874,1.3911,1.3851,1.3863,5042682.3
1778234400000,1.3863,1.3913,1.3842,1.3889,6417293.4
1778238000000,1.3889,1.3919,1.3882,1.3907,4024893.2
1778241600000,1.3907,1.3933,1.3857,1.3871,5179030.8
1778245200000,1.3871,1.3878,1.383,1.3863,6425378.2
1778248800000,1.3863,1.396,1.3863,1.3924,9446884.1
1778252400000,1.3924,1.3976,1.3846,1.3967,7885494.1
1778256000000,1.3967,1.397,1.392,1.3936,4357951.6
1778259600000,1.3936,1.41,1.3933,1.4081,13319658.4
1778263200000,1.4081,1.424,1.408,1.4185,19447171.2
1778266800000,1.4185,1.4271,1.4159,1.4184,12431940.5
1778270400000,1.4184,1.4187,1.4103,1.4117,7085158.6
1778274000000,1.4117,1.4214,1.4116,1.4211,6723628.1
1778277600000,1.4211,1.423,1.4172,1.4179,5391738.0
1778281200000,1.4179,1.4184,1.4148,1.4174,3479328.7
1778284800000,1.4174,1.4246,1.4172,1.4241,4765487.0
1778288400000,1.4241,1.4343,1.4238,1.4318,10682339.8
1778292000000,1.4318,1.4336,1.427,1.4303,6516627.5
1778295600000,1.4303,1.4322,1.426,1.4282,4408794.2
1778299200000,1.4282,1.4336,1.4266,1.4276,6674374.7
1778302800000,1.4276,1.4308,1.4243,1.4258,8171067.9
1778306400000,1.4258,1.4267,1.4217,1.4253,10037729.2
1778310000000,1.4253,1.4271,1.4212,1.423,13517140.1
1778313600000,1.423,1.4249,1.4222,1.4238,3072082.7
1778317200000,1.4238,1.4249,1.4171,1.4189,6477816.4
1778320800000,1.4189,1.4221,1.4167,1.4206,3600152.0
1778324400000,1.4206,1.4224,1.4198,1.4214,2033783.8
1778328000000,1.4214,1.422,1.4187,1.4198,3315676.3
1778331600000,1.4198,1.4199,1.4158,1.419,3834255.0
1778335200000,1.419,1.4204,1.4143,1.4147,6068573.4
1778338800000,1.4147,1.4155,1.4109,1.4135,9229885.4
1778342400000,1.4135,1.4189,1.4102,1.4166,13124395.8
1778346000000,1.4166,1.4241,1.4165,1.4203,8143882.0
1778349600000,1.4203,1.4241,1.4196,1.4215,3694424.8
1778353200000,1.4215,1.4235,1.4204,1.4232,2616694.1
1778356800000,1.4232,1.4234,1.4198,1.4209,2899606.8
1778360400000,1.4209,1.4234,1.4203,1.4218,1915349.5
1778364000000,1.4218,1.4243,1.4206,1.4226,1911653.4
1778367600000,1.4226,1.4245,1.4181,1.4197,3148905.5
1778371200000,1.4197,1.4219,1.415,1.416,4502647.9
1778374800000,1.416,1.4162,1.4112,1.4141,6248937.3
1778378400000,1.4141,1.4212,1.4125,1.4164,8050750.8
1778382000000,1.4164,1.4202,1.4137,1.4162,9301430.9
1778385600000,1.4162,1.4184,1.4147,1.417,1417132.5
1778389200000,1.417,1.4199,1.4157,1.4173,2598644.2
1778392800000,1.4173,1.4178,1.4149,1.4178,3068737.8
1778396400000,1.4178,1.4208,1.4166,1.4192,4433598.7
1778400000000,1.4192,1.4268,1.4184,1.4263,7309531.7
1778403600000,1.4263,1.4281,1.4222,1.4274,8772444.7
1778407200000,1.4274,1.4299,1.4234,1.4265,10516545.9
1778410800000,1.4265,1.4267,1.4172,1.4224,11328634.5
1778414400000,1.4224,1.4235,1.4203,1.4235,3419196.6
1778418000000,1.4235,1.4332,1.4225,1.4317,11743601.5
1778421600000,1.4317,1.4369,1.4284,1.4342,10488249.9
1778425200000,1.4342,1.4444,1.4327,1.4434,9930235.1
1778428800000,1.4434,1.4781,1.4419,1.4715,50606132.8
1778432400000,1.4715,1.5075,1.4713,1.5037,36427877.6
1778436000000,1.5037,1.5059,1.4845,1.4859,20560171.2
1778439600000,1.4859,1.4907,1.4747,1.4863,17117683.8
1778443200000,1.4863,1.4894,1.4364,1.4494,36680204.5
1778446800000,1.4494,1.4634,1.4428,1.4544,15471015.1
1778450400000,1.4544,1.474,1.4522,1.4729,15355755.0
1778454000000,1.4729,1.4765,1.4685,1.4727,10071322.7
1778457600000,1.4727,1.4773,1.4513,1.4571,17465943.1
1778461200000,1.4571,1.4681,1.4515,1.4601,7974316.1
1778464800000,1.4601,1.4619,1.4482,1.4532,10159472.6
1778468400000,1.4532,1.4535,1.4392,1.448,16799762.8
1778472000000,1.448,1.456,1.444,1.4475,12414063.7
1778475600000,1.4475,1.4555,1.4472,1.4545,7133330.0
1778479200000,1.4545,1.4585,1.45,1.4527,5579038.3
1778482800000,1.4527,1.453,1.4416,1.449,12890119.2
1778486400000,1.449,1.4507,1.4407,1.4452,11516092.2
1778490000000,1.4452,1.4538,1.4449,1.4508,5201165.9
1778493600000,1.4508,1.4537,1.4478,1.4499,10582338.0
1778497200000,1.4499,1.4569,1.4465,1.4569,8685719.1
1778500800000,1.4569,1.4628,1.453,1.4571,16083212.6
1778504400000,1.4571,1.4644,1.4515,1.4592,18024755.5
1778508000000,1.4592,1.4722,1.455,1.4709,29397834.0
1778511600000,1.4709,1.4883,1.4663,1.4845,24845674.0
1778515200000,1.4845,1.4873,1.4712,1.474,17507669.1
1778518800000,1.474,1.4805,1.4659,1.4794,13657518.3
1778522400000,1.4794,1.4807,1.4697,1.4698,8977980.7
1778526000000,1.4698,1.4799,1.4664,1.4786,10061042.0
1778529600000,1.4786,1.4822,1.4717,1.4724,7558498.8
1778533200000,1.4724,1.4743,1.468,1.4693,4331994.2
1778536800000,1.4693,1.4766,1.4678,1.4744,3719517.2
1778540400000,1.4744,1.4794,1.4699,1.4766,5622836.6
1778544000000,1.4766,1.4843,1.4748,1.4788,8207483.3
1778547600000,1.4788,1.4811,1.4551,1.4663,23160389.1
1778551200000,1.4663,1.4701,1.46,1.464,6946804.1
1778554800000,1.464,1.465,1.4576,1.4591,5426611.2
1778558400000,1.4591,1.4657,1.4565,1.4622,6811241.3
1778562000000,1.4622,1.4686,1.4591,1.4614,7826928.6
1778565600000,1.4614,1.4662,1.455,1.4576,8436153.3
1778569200000,1.4576,1.4648,1.4533,1.4623,9003488.0
1778572800000,1.4623,1.4703,1.4591,1.4644,11146019.5
1778576400000,1.4644,1.4644,1.4536,1.4549,11601271.4
1778580000000,1.4549,1.4574,1.4458,1.449,16881008.2
1778583600000,1.449,1.4513,1.4432,1.4483,9743675.0
1778587200000,1.4483,1.455,1.4455,1.4498,14760946.8
1778590800000,1.4498,1.4519,1.4314,1.4336,33223488.7
1778594400000,1.4336,1.44,1.4235,1.4273,25288374.6
1778598000000,1.4273,1.4307,1.4175,1.4233,16534681.2
1778601600000,1.4233,1.4283,1.419,1.4217,10339049.2
1778605200000,1.4217,1.4343,1.4216,1.433,8655411.4
1778608800000,1.433,1.4373,1.4307,1.4352,5040518.3
1778612400000,1.4352,1.4419,1.4352,1.4398,6206329.3
1778616000000,1.4398,1.4421,1.4377,1.4397,4548160.4
1778619600000,1.4397,1.4404,1.4365,1.4396,5124447.4
1778623200000,1.4396,1.4432,1.4388,1.439,3667577.5
1778626800000,1.439,1.44,1.4324,1.4364,5286558.4
1778630400000,1.4364,1.4395,1.4342,1.4387,4478131.8
1778634000000,1.4387,1.4509,1.4383,1.4479,9373227.5
1778637600000,1.4479,1.4529,1.4462,1.4477,4663696.5
1778641200000,1.4477,1.4524,1.4461,1.4514,4355185.6
1778644800000,1.4514,1.4633,1.4494,1.4617,13179958.7
1778648400000,1.4617,1.4644,1.4536,1.4538,12945511.3
1778652000000,1.4538,1.4606,1.452,1.4539,11728697.6
1778655600000,1.4539,1.4637,1.4535,1.4618,5365250.5
1778659200000,1.4618,1.4651,1.4579,1.4621,6521329.2
1778662800000,1.4621,1.469,1.4616,1.4679,8281337.4
1778666400000,1.4679,1.4687,1.4557,1.4573,11283272.5
1778670000000,1.4573,1.4595,1.4467,1.448,18438585.8
1778673600000,1.448,1.4492,1.4247,1.4328,31633248.7
1778677200000,1.4328,1.4384,1.4212,1.4262,16785854.7
1778680800000,1.4262,1.43,1.4195,1.4278,11947763.8
1778684400000,1.4278,1.4311,1.4101,1.4123,18298209.7
1778688000000,1.4123,1.4238,1.4105,1.4224,14053095.6
1778691600000,1.4224,1.4297,1.4224,1.4282,7561787.8
1778695200000,1.4282,1.4331,1.4253,1.4256,7055161.6
1778698800000,1.4256,1.4261,1.4159,1.4184,7120949.4
1778702400000,1.4184,1.4263,1.4182,1.4246,4829519.8
1778706000000,1.4246,1.4251,1.4162,1.4179,4201978.8
1778709600000,1.4179,1.4238,1.4148,1.4225,9266280.0
1778713200000,1.4225,1.4271,1.4204,1.4263,6963609.9
1778716800000,1.4263,1.4325,1.426,1.431,11376211.7
1778720400000,1.431,1.4343,1.4254,1.4317,10273909.5
1778724000000,1.4317,1.4335,1.4226,1.4253,4294195.3
1778727600000,1.4253,1.4296,1.42,1.4217,7872828.9
1778731200000,1.4217,1.4311,1.4203,1.4299,5165123.6
1778734800000,1.4299,1.439,1.4286,1.4351,6380844.4
1778738400000,1.4351,1.436,1.4262,1.434,9976436.1
1778742000000,1.434,1.4359,1.4294,1.4318,10664763.7
1778745600000,1.4318,1.4366,1.429,1.4341,4006149.4
1778749200000,1.4341,1.4354,1.4265,1.4289,4942163.6
1778752800000,1.4289,1.4369,1.4271,1.436,5247737.2
1778756400000,1.436,1.4385,1.4312,1.4318,5719554.8
1778760000000,1.4318,1.4515,1.4308,1.4476,13992213.7
1778763600000,1.4476,1.46,1.4408,1.4417,25727201.0
1778767200000,1.4417,1.4742,1.4383,1.4708,30139259.5
1778770800000,1.4708,1.474,1.4619,1.4721,20246714.8
1778774400000,1.4721,1.4813,1.4642,1.4798,21721839.9
1778778000000,1.4798,1.5,1.4704,1.4912,42189559.1
1778781600000,1.4912,1.5449,1.4857,1.5356,66709063.3
1778785200000,1.5356,1.5496,1.5106,1.5164,53899518.4
1778788800000,1.5164,1.5172,1.4966,1.5075,28160856.1
1778792400000,1.5075,1.5108,1.4923,1.4972,13444426.7
1778796000000,1.4972,1.5057,1.4934,1.5,11542987.8
1778799600000,1.5,1.5,1.4821,1.4847,12012129.8
1778803200000,1.4847,1.4994,1.4842,1.4945,14306174.0
1778806800000,1.4945,1.499,1.483,1.4838,12265012.0
1778810400000,1.4838,1.4918,1.4753,1.4898,19169113.3
1778814000000,1.4898,1.4918,1.4826,1.4885,8439380.0
1778817600000,1.4885,1.4897,1.4721,1.4726,14862878.8
1778821200000,1.4726,1.4744,1.452,1.4595,38322995.2
1778824800000,1.4595,1.4716,1.4576,1.4679,17310372.7
1778828400000,1.4679,1.4718,1.4649,1.4687,10233454.3
1778832000000,1.4687,1.4714,1.4603,1.4705,21960573.2
1778835600000,1.4705,1.4724,1.4606,1.4641,14493469.4
1778839200000,1.4641,1.476,1.4627,1.4736,9459935.2
1778842800000,1.4736,1.4747,1.4656,1.4674,6752545.1
1778846400000,1.4674,1.4683,1.4574,1.4588,19051796.4
1778850000000,1.4588,1.4588,1.4276,1.4311,47002795.0
1778853600000,1.4311,1.4409,1.4257,1.4385,33328599.6
1778857200000,1.4385,1.4403,1.4289,1.4344,8655635.3
1778860800000,1.4344,1.4467,1.4331,1.4459,17057355.2
1778864400000,1.4459,1.4502,1.4448,1.446,6173455.2
1778868000000,1.446,1.4487,1.4391,1.44,6288493.2
1778871600000,1.44,1.4402,1.4308,1.4334,11030727.7
1778875200000,1.4334,1.4364,1.4309,1.4341,7060734.1
1778878800000,1.4341,1.4363,1.429,1.4295,6764482.6
1778882400000,1.4295,1.4337,1.4289,1.4326,4309372.7
1778886000000,1.4326,1.4345,1.4313,1.433,5013078.4
1778889600000,1.433,1.438,1.4313,1.4334,6882764.9
1778893200000,1.4334,1.4379,1.4303,1.436,5471997.4
1778896800000,1.436,1.4385,1.4342,1.4358,3389838.1
1778900400000,1.4358,1.4378,1.4328,1.4347,2777862.1
1778904000000,1.4347,1.4357,1.4133,1.4247,34256885.2
1778907600000,1.4247,1.4288,1.4201,1.4241,13790728.9
1778911200000,1.4241,1.4256,1.4121,1.4189,12026109.5
1778914800000,1.4189,1.419,1.4033,1.4158,24515946.5
1778918400000,1.4158,1.4174,1.4135,1.4142,5290662.8
1778922000000,1.4142,1.4152,1.4002,1.4015,20558185.6
1778925600000,1.4015,1.4082,1.3953,1.4064,19210866.3
1778929200000,1.4064,1.4129,1.4058,1.41,6629555.1
1778932800000,1.41,1.4126,1.4071,1.4096,5193901.3
1778936400000,1.4096,1.4147,1.407,1.4109,9218154.6
1778940000000,1.4109,1.4124,1.405,1.4087,12791899.8
1778943600000,1.4087,1.4143,1.4084,1.4139,4289688.9
1778947200000,1.4139,1.4213,1.4126,1.4158,10680173.9
1778950800000,1.4158,1.4184,1.4144,1.4162,2495553.0
1778954400000,1.4162,1.4172,1.4131,1.415,2891319.0
1778958000000,1.415,1.4169,1.4141,1.4154,1808250.0
1778961600000,1.4154,1.4182,1.4141,1.4148,3041346.3
1778965200000,1.4148,1.4157,1.412,1.4143,2860961.3
1778968800000,1.4143,1.415,1.4109,1.413,2348503.3
1778972400000,1.413,1.4151,1.4123,1.4129,1524418.9
1778976000000,1.4129,1.417,1.4085,1.4106,6010985.2
1778979600000,1.4106,1.4136,1.4028,1.4029,11094539.7
1778983200000,1.4029,1.41,1.4016,1.4063,12731561.1
1778986800000,1.4063,1.4132,1.406,1.4113,3077190.8
1778990400000,1.4113,1.4164,1.4108,1.4148,3911956.6
1778994000000,1.4148,1.4208,1.4146,1.4155,3635929.3
1778997600000,1.4155,1.4184,1.4149,1.4166,2937307.9
1779001200000,1.4166,1.4204,1.4158,1.4176,3941264.5
1779004800000,1.4176,1.4193,1.4136,1.4138,4750878.3
1779008400000,1.4138,1.4208,1.4124,1.42,7000317.2
1779012000000,1.42,1.4281,1.42,1.4238,14148105.7
1779015600000,1.4238,1.4239,1.4199,1.4217,3069078.6
1779019200000,1.4217,1.4259,1.4213,1.4226,3443335.2
1779022800000,1.4226,1.4227,1.416,1.4178,5629241.0
1779026400000,1.4178,1.4182,1.4091,1.4124,7662719.3
1779030000000,1.4124,1.414,1.4081,1.4123,5543528.5
1779033600000,1.4123,1.4153,1.4095,1.411,3715757.1
1779037200000,1.411,1.4121,1.4075,1.4104,4398358.8
1779040800000,1.4104,1.4135,1.4057,1.4134,5203904.3
1779044400000,1.4134,1.425,1.4132,1.4217,12243747.4
1779048000000,1.4217,1.4229,1.4169,1.4187,4164607.7
1779051600000,1.4187,1.4258,1.4172,1.4225,7245000.3
1779055200000,1.4225,1.4225,1.4087,1.4113,11304810.3
1779058800000,1.4113,1.415,1.368,1.4009,79579069.5
1779062400000,1.4009,1.4011,1.388,1.396,29405693.8
1779066000000,1.396,1.3968,1.3842,1.3935,11251742.9
1779069600000,1.3935,1.4022,1.39,1.392,9462888.7
1779073200000,1.392,1.4001,1.3892,1.3924,12962500.2
1779076800000,1.3924,1.3991,1.3865,1.3942,9400583.1
1779080400000,1.3942,1.3956,1.3864,1.3887,8726506.6
1779084000000,1.3887,1.3916,1.3759,1.3876,26036417.8
1779087600000,1.3876,1.3905,1.3795,1.386,6655430.7
1779091200000,1.386,1.3889,1.3814,1.3872,5130532.6
1779094800000,1.3872,1.3874,1.3818,1.3821,3406333.5
1779098400000,1.3821,1.3829,1.3763,1.3777,6631592.1
1779102000000,1.3777,1.3966,1.3754,1.3899,13225608.9
1779105600000,1.3899,1.4016,1.3896,1.3981,9942475.3
1779109200000,1.3981,1.3984,1.3756,1.3853,22008655.3
1779112800000,1.3853,1.3853,1.3713,1.3766,15862376.6
1779116400000,1.3766,1.3783,1.3676,1.3758,12653538.8
1779120000000,1.3758,1.3809,1.3696,1.3781,7126335.4
1779123600000,1.3781,1.383,1.3761,1.3802,3670732.2
1779127200000,1.3802,1.3805,1.3626,1.3668,14575169.4
1779130800000,1.3668,1.3905,1.3664,1.3871,18983421.0
1779134400000,1.3871,1.3917,1.383,1.3841,5219519.7
1779138000000,1.3841,1.3954,1.3812,1.3924,8083334.7
1779141600000,1.3924,1.3958,1.3879,1.3918,5078336.0
1779145200000,1.3918,1.3937,1.3881,1.3893,3557291.5
1779148800000,1.3893,1.3975,1.3886,1.3925,4455050.5
1779152400000,1.3925,1.3926,1.3839,1.3839,5798245.8
1779156000000,1.3839,1.3878,1.3739,1.3787,14082906.6
1779159600000,1.3787,1.3841,1.3773,1.383,8568220.9
1779163200000,1.383,1.387,1.3785,1.3863,7588637.9
1779166800000,1.3863,1.388,1.3778,1.3824,8729159.5
1779170400000,1.3824,1.3874,1.3807,1.3845,13366433.3
1779174000000,1.3845,1.3892,1.3823,1.3879,9516394.9
1779177600000,1.3879,1.3882,1.3793,1.382,8387826.2
1779181200000,1.382,1.3839,1.3697,1.3739,12074490.2
1779184800000,1.3739,1.3759,1.367,1.3736,12937705.0
1779188400000,1.3736,1.377,1.3686,1.3715,11050228.1
1779192000000,1.3715,1.3779,1.3698,1.3769,5608732.6
1779195600000,1.3769,1.3816,1.3702,1.3762,17164180.5
1779199200000,1.3762,1.3792,1.3601,1.366,17380664.4
1779202800000,1.366,1.3726,1.3647,1.3668,6968024.6
1779206400000,1.3668,1.3731,1.3626,1.372,6071435.0
1779210000000,1.372,1.3738,1.3617,1.3636,5305484.2
1779213600000,1.3636,1.3675,1.3608,1.3622,5004736.7
1779217200000,1.3622,1.3662,1.3555,1.3566,18658726.5
1779220800000,1.3566,1.3604,1.3551,1.3582,11832570.6
1779224400000,1.3582,1.3628,1.3571,1.3593,7136178.1
1779228000000,1.3593,1.3593,1.3524,1.3575,7035328.2
1779231600000,1.3575,1.3651,1.3562,1.361,3655238.2
1779235200000,1.361,1.3633,1.3513,1.3552,12302096.1
1779238800000,1.3552,1.3576,1.347,1.3546,11288159.1
1779242400000,1.3546,1.3562,1.35,1.3515,4009326.4
1779246000000,1.3515,1.3581,1.3492,1.3555,3257392.1
1779249600000,1.3555,1.3594,1.3529,1.3593,3567583.9
1779253200000,1.3593,1.3694,1.3593,1.3676,10148113.4
1779256800000,1.3676,1.3705,1.366,1.37,4203002.0
1779260400000,1.37,1.3736,1.3668,1.3677,4070230.3
1779264000000,1.3677,1.3723,1.3651,1.3698,5409014.8
1779267600000,1.3698,1.3723,1.368,1.3693,3408184.2
1779271200000,1.3693,1.3752,1.369,1.37,5351248.9
1779274800000,1.37,1.371,1.3636,1.3649,5501447.5
1779278400000,1.3649,1.3752,1.3636,1.3729,5908698.1
1779282000000,1.3729,1.3738,1.3581,1.3637,11971770.5
1779285600000,1.3637,1.3757,1.3576,1.3725,19426964.0
1779289200000,1.3725,1.3799,1.3675,1.3737,19899473.5
1779292800000,1.3737,1.3769,1.3653,1.3744,10687356.9
1779296400000,1.3744,1.3796,1.3702,1.3746,8033974.8
1779300000000,1.3746,1.3763,1.3636,1.3667,13068006.5
1779303600000,1.3667,1.3722,1.3647,1.3719,4448398.9
1779307200000,1.3719,1.3723,1.3632,1.3693,6928104.5
1779310800000,1.3693,1.3711,1.366,1.3662,3183830.2
1779314400000,1.3662,1.3673,1.3594,1.365,5406100.6
1779318000000,1.365,1.3668,1.362,1.3663,3199173.8
1779321600000,1.3663,1.3773,1.3657,1.3754,5158512.9
1779325200000,1.3754,1.381,1.3749,1.3777,4424769.9
1779328800000,1.3777,1.3854,1.3769,1.3806,6600786.3
1779332400000,1.3806,1.3843,1.3795,1.3837,3473825.3
1779336000000,1.3837,1.385,1.3805,1.3815,3917112.4
1779339600000,1.3815,1.383,1.3713,1.3744,5852502.6
1779343200000,1.3744,1.376,1.3689,1.3705,4977457.2
1779346800000,1.3705,1.3767,1.3693,1.3754,3966148.4
1779350400000,1.3754,1.3853,1.3754,1.3796,10828929.6
1779354000000,1.3796,1.3815,1.3734,1.3738,5914708.8
1779357600000,1.3738,1.3744,1.3631,1.3657,22048688.2
1779361200000,1.3657,1.3689,1.3627,1.3631,5949702.8
1779364800000,1.3631,1.3661,1.3611,1.3646,7019722.8
1779368400000,1.3646,1.3679,1.3538,1.3611,26775718.1
1779372000000,1.3611,1.3632,1.3504,1.3561,12030209.9
1779375600000,1.3561,1.3651,1.355,1.3607,7193410.7
1779379200000,1.3607,1.3643,1.3563,1.3605,4478650.4
1779382800000,1.3605,1.386,1.3605,1.3807,26705716.6
1779386400000,1.3807,1.3819,1.3659,1.3707,10385975.9
1779390000000,1.3707,1.3806,1.3701,1.379,6789910.3
1779393600000,1.379,1.3804,1.3756,1.3766,2706723.4
1779397200000,1.3766,1.3781,1.3748,1.3753,2956363.9
1779400800000,1.3753,1.376,1.3701,1.3721,3432415.5
1779404400000,1.3721,1.3745,1.3684,1.3733,3088700.1
1779408000000,1.3733,1.3737,1.3666,1.3674,4199718.2
1779411600000,1.3674,1.3712,1.3641,1.3703,4290385.9
1779415200000,1.3703,1.3762,1.3691,1.3727,10545494.1
1779418800000,1.3727,1.3741,1.3705,1.3717,2482274.2
1779422400000,1.3717,1.3756,1.3676,1.3698,3129835.0
1779426000000,1.3698,1.3727,1.3667,1.3677,3807901.0
1779429600000,1.3677,1.3693,1.3595,1.3599,8986213.0
1779433200000,1.3599,1.3674,1.3558,1.3643,9743453.8
1779436800000,1.3643,1.3679,1.3601,1.362,6604605.2
1779440400000,1.362,1.3647,1.3584,1.3593,3633727.7
1779444000000,1.3593,1.3614,1.3567,1.3592,4230798.8
1779447600000,1.3592,1.3611,1.3543,1.361,6592661.8
1779451200000,1.361,1.3654,1.3598,1.3653,5872300.6
1779454800000,1.3653,1.3698,1.3569,1.362,14415745.0
1779458400000,1.362,1.362,1.349,1.3513,20183286.6
1779462000000,1.3513,1.3572,1.3453,1.3526,14767334.3
1779465600000,1.3526,1.355,1.3494,1.3538,5598225.2
1779469200000,1.3538,1.3589,1.3501,1.3526,8671962.3
1779472800000,1.3526,1.355,1.3333,1.3493,31267460.4
1779476400000,1.3493,1.3518,1.3336,1.3381,23996609.1
1779480000000,1.3381,1.3424,1.3348,1.3414,9704163.2
1779483600000,1.3414,1.3433,1.3395,1.342,4493346.3
1779487200000,1.342,1.3432,1.3371,1.3399,3487514.1
1779490800000,1.3399,1.3423,1.329,1.334,10961081.5
1779494400000,1.334,1.3354,1.3263,1.334,14439295.1
1779498000000,1.334,1.3384,1.333,1.3367,4465313.5
1779501600000,1.3367,1.3398,1.3358,1.3392,2938147.7
1779505200000,1.3392,1.3422,1.339,1.3402,3365611.5
1779508800000,1.3402,1.3404,1.3341,1.3354,4456075.9
1779512400000,1.3354,1.3357,1.3285,1.3305,7394486.0
1779516000000,1.3305,1.3347,1.3278,1.3323,7785022.6
1779519600000,1.3323,1.333,1.3001,1.3113,52851881.5
1779523200000,1.3113,1.3178,1.3062,1.31,23439132.1
1779526800000,1.31,1.3174,1.309,1.3163,7889867.2
1779530400000,1.3163,1.3232,1.3162,1.3219,4966452.1
1779534000000,1.3219,1.3256,1.3205,1.3237,4591568.7
1779537600000,1.3237,1.3267,1.3232,1.3259,4216723.1
1779541200000,1.3259,1.3365,1.3258,1.3326,9957546.3
1779544800000,1.3326,1.3407,1.3308,1.3393,12017595.8
1779548400000,1.3393,1.3415,1.3345,1.3353,16545900.7
1779552000000,1.3353,1.3383,1.3337,1.3372,6503664.4
1779555600000,1.3372,1.3387,1.3351,1.3379,4155521.7
1779559200000,1.3379,1.3505,1.3377,1.3449,12778650.3
1779562800000,1.3449,1.3467,1.3423,1.3463,3936261.2
1779566400000,1.3463,1.3716,1.3445,1.3711,24671303.7
1779570000000,1.3711,1.3755,1.3525,1.3589,12959715.7
1779573600000,1.3589,1.363,1.3519,1.3578,7995540.2
1779577200000,1.3578,1.3607,1.3562,1.3577,3404475.7
1779580800000,1.3577,1.3629,1.3562,1.3611,3892678.9
1779584400000,1.3611,1.3629,1.3587,1.3598,3021575.8
1779588000000,1.3598,1.3619,1.3577,1.3605,2249945.1
1779591600000,1.3605,1.3627,1.3588,1.3601,1872312.1
1779595200000,1.3601,1.3611,1.3584,1.3602,2210069.9
1779598800000,1.3602,1.3605,1.3542,1.3588,3863124.0
1779602400000,1.3588,1.3626,1.3566,1.3622,3276441.5
1779606000000,1.3622,1.3645,1.3581,1.3588,3501203.2
1779609600000,1.3588,1.3607,1.3568,1.3603,2524888.2
1779613200000,1.3603,1.366,1.3599,1.364,5060310.9
1779616800000,1.364,1.3706,1.3621,1.3629,11422496.5
1779620400000,1.3629,1.3691,1.3615,1.3647,11823288.7
1779624000000,1.3647,1.365,1.3601,1.3621,6668984.3
1779627600000,1.3621,1.3633,1.3558,1.3583,3810129.7
1779631200000,1.3583,1.3592,1.338,1.3492,19138373.7
1779634800000,1.3492,1.3506,1.3472,1.3477,2401865.3
1779638400000,1.3477,1.352,1.3465,1.3503,3232033.8
1779642000000,1.3503,1.3539,1.35,1.3526,2641853.8
1779645600000,1.3526,1.3528,1.3452,1.3476,8053627.3
1779649200000,1.3476,1.3498,1.3452,1.3484,2082750.6
1779652800000,1.3484,1.3489,1.3422,1.3442,3256314.0
1779656400000,1.3442,1.3466,1.3315,1.335,11750525.5
1779660000000,1.335,1.3506,1.335,1.347,12972009.1
1779663600000,1.347,1.3532,1.347,1.35,3322511.0
1779667200000,1.35,1.3553,1.35,1.3512,3408922.2
1779670800000,1.3512,1.3544,1.3461,1.3465,3571960.7
1779674400000,1.3465,1.3562,1.3461,1.3465,6583937.2
1779678000000,1.3465,1.3479,1.3428,1.3462,3511364.2
1779681600000,1.3462,1.3561,1.3446,1.3551,8922885.8
1779685200000,1.3551,1.3609,1.3537,1.3579,14395412.8
1779688800000,1.3579,1.3606,1.3536,1.3576,3913641.2
1779692400000,1.3576,1.3605,1.3522,1.3582,7606204.5
1779696000000,1.3582,1.3647,1.3561,1.3587,12771056.0
1779699600000,1.3587,1.3627,1.3564,1.3606,5332778.3
1779703200000,1.3606,1.3611,1.3587,1.36,2511495.5
1779706800000,1.36,1.3609,1.3565,1.3571,3886545.1
1779710400000,1.3571,1.3587,1.3557,1.3564,3147693.5
1779714000000,1.3564,1.3582,1.3547,1.3577,2749254.3
1779717600000,1.3577,1.362,1.3569,1.3609,5395624.8
1779721200000,1.3609,1.3651,1.3569,1.3582,5867271.4
1779724800000,1.3582,1.3634,1.3565,1.3621,2603802.9
1779728400000,1.3621,1.3634,1.3596,1.3606,2480371.8
1779732000000,1.3606,1.3627,1.3579,1.358,2512466.5
1779735600000,1.358,1.3582,1.3536,1.3563,3551387.9
1779739200000,1.3563,1.359,1.3511,1.3539,4029484.5
1779742800000,1.3539,1.3561,1.3535,1.3539,2694167.0
1779746400000,1.3539,1.3553,1.3445,1.348,9802805.9
1779750000000,1.348,1.3524,1.3462,1.3494,4716441.2
1779753600000,1.3494,1.3506,1.3345,1.3414,10155475.3
1779757200000,1.3414,1.3441,1.3365,1.3389,6711448.8
1779760800000,1.3389,1.3402,1.3352,1.3366,5063557.2
1779764400000,1.3366,1.3402,1.3334,1.3392,4734445.6
1779768000000,1.3392,1.3459,1.339,1.3448,3757392.2
1779771600000,1.3448,1.35,1.3436,1.3473,4230979.2
1779775200000,1.3473,1.3491,1.3443,1.3478,2654536.6
1779778800000,1.3478,1.3483,1.3385,1.34,4979325.0
1779782400000,1.34,1.3433,1.3389,1.34,2776916.9
1779786000000,1.34,1.3428,1.3388,1.3412,4364157.2
1779789600000,1.3412,1.3593,1.3394,1.3563,13470724.8
1779793200000,1.3563,1.3571,1.351,1.3516,7388742.4
1779796800000,1.3516,1.3552,1.3473,1.3548,6771581.3
1779800400000,1.3548,1.3597,1.3475,1.3553,7981103.3
1779804000000,1.3553,1.3651,1.3469,1.3516,15103291.9
1779807600000,1.3516,1.3533,1.339,1.3442,12252920.5
1779811200000,1.3442,1.345,1.3361,1.3401,18747782.5
1779814800000,1.3401,1.3427,1.3262,1.332,14507063.2
1779818400000,1.332,1.3379,1.3277,1.329,5476382.8
1779822000000,1.329,1.3337,1.3263,1.3311,6649998.4
1779825600000,1.3311,1.3333,1.3298,1.3325,5059529.0
1779829200000,1.3325,1.3341,1.3271,1.3309,6503422.9
1779832800000,1.3309,1.3329,1.3279,1.3291,4051100.9
1779836400000,1.3291,1.3309,1.3279,1.3284,1897699.6
1779840000000,1.3284,1.3319,1.328,1.3316,3286569.0
1779843600000,1.3316,1.3324,1.3285,1.3298,2465576.5
1779847200000,1.3298,1.3304,1.3254,1.3302,4839680.8
1779850800000,1.3302,1.3323,1.3256,1.3268,2465457.3
1779854400000,1.3268,1.3307,1.3207,1.3302,10117302.5
1779858000000,1.3302,1.3322,1.3286,1.3306,3237859.5
1779861600000,1.3306,1.3364,1.3298,1.3353,4370207.6
1779865200000,1.3353,1.3363,1.3295,1.3313,4134734.0
1779868800000,1.3313,1.3371,1.3293,1.3348,7570111.9
1779872400000,1.3348,1.3365,1.3274,1.3287,10750216.6
1779876000000,1.3287,1.334,1.3285,1.3296,5864552.3
1779879600000,1.3296,1.3335,1.3283,1.329,2755541.6
1779883200000,1.329,1.34,1.3243,1.3314,10215155.2
1779886800000,1.3314,1.3327,1.3174,1.3233,15639430.2
1779890400000,1.3233,1.3301,1.3183,1.3295,12100581.6
1779894000000,1.3295,1.3432,1.3293,1.3358,17659883.5
1779897600000,1.3358,1.3384,1.3275,1.3315,6110846.6
1779901200000,1.3315,1.3319,1.3164,1.3199,9573219.3
1779904800000,1.3199,1.3267,1.3169,1.3262,6391805.1
1779908400000,1.3262,1.3333,1.3261,1.3301,7122745.6
1779912000000,1.3301,1.3342,1.3265,1.33,4818286.1
1779915600000,1.33,1.3321,1.3104,1.3154,14112522.0
1779919200000,1.3154,1.3201,1.3072,1.3099,16251957.6
1779922800000,1.3099,1.3114,1.3023,1.3069,14171862.2
1779926400000,1.3069,1.3105,1.3054,1.3092,5178922.3
1779930000000,1.3092,1.3096,1.297,1.3023,12269339.6
1779933600000,1.3023,1.305,1.2998,1.3004,9671708.0
1779937200000,1.3004,1.3027,1.2737,1.2783,43602130.7
1779940800000,1.2783,1.2836,1.2658,1.2836,31237183.7
1779944400000,1.2836,1.2849,1.2768,1.2827,8133360.2
1779948000000,1.2827,1.2889,1.2801,1.2866,8372460.5
1779951600000,1.2866,1.2929,1.2863,1.2925,8664880.7
1779955200000,1.2925,1.2931,1.2861,1.288,4858759.1
1779958800000,1.288,1.2931,1.2866,1.2922,3128376.8
1779962400000,1.2922,1.2957,1.2877,1.288,5424815.5
1779966000000,1.288,1.2898,1.2852,1.2871,3674633.2
1779969600000,1.2871,1.2943,1.283,1.2941,6663124.7
1779973200000,1.2941,1.2991,1.289,1.2957,14881063.2
1779976800000,1.2957,1.3106,1.2855,1.3011,25518746.7
1779980400000,1.3011,1.3144,1.2936,1.3115,10131969.1
1779984000000,1.3115,1.3284,1.3062,1.3227,27880629.2
1779987600000,1.3227,1.3289,1.3173,1.3255,12907217.3
1779991200000,1.3255,1.338,1.3248,1.3337,17320501.4
1779994800000,1.3337,1.3337,1.3146,1.3153,9111448.5
1779998400000,1.3153,1.3243,1.3101,1.3198,7529103.9
1780002000000,1.3198,1.3244,1.3162,1.3194,5706023.9
1780005600000,1.3194,1.3213,1.3117,1.3136,4940125.5
1780009200000,1.3136,1.3179,1.313,1.3146,2451012.8
1780012800000,1.3146,1.3197,1.3137,1.3145,4075679.3
1780016400000,1.3145,1.3169,1.3074,1.3097,3358814.6
1780020000000,1.3097,1.311,1.3032,1.3036,5606576.6
1780023600000,1.3036,1.3142,1.3036,1.3116,5406975.9
1780027200000,1.3116,1.3122,1.3026,1.3101,6051488.3
1780030800000,1.3101,1.315,1.3078,1.3144,6446637.4
1780034400000,1.3144,1.3206,1.3135,1.3156,8189011.7
1780038000000,1.3156,1.3187,1.3095,1.3161,4120289.9
1780041600000,1.3161,1.3232,1.3158,1.3206,5050652.0
1780045200000,1.3206,1.327,1.3196,1.3229,5107640.0
1780048800000,1.3229,1.3232,1.3168,1.3182,3314610.8
1780052400000,1.3182,1.3184,1.3066,1.311,8439196.3
1780056000000,1.311,1.3116,1.3019,1.304,9437496.9
1780059600000,1.304,1.3049,1.2943,1.3021,17046041.2
1780063200000,1.3021,1.3082,1.2934,1.307,19879322.8
1780066800000,1.307,1.3337,1.3041,1.322,28833971.6
1780070400000,1.322,1.3333,1.3157,1.3268,23309977.8
1780074000000,1.3268,1.3325,1.3231,1.3244,12910013.5
1780077600000,1.3244,1.3301,1.312,1.3181,16912220.2
1780081200000,1.3181,1.3229,1.3103,1.3204,7733007.9
1780084800000,1.3204,1.3248,1.3197,1.3221,3264815.9
1780088400000,1.3221,1.3264,1.3154,1.3155,5379962.5
1780092000000,1.3155,1.3204,1.3136,1.3202,3570351.7
1780095600000,1.3202,1.3303,1.3192,1.329,10196598.2
1780099200000,1.329,1.3503,1.3273,1.3479,15265921.4
1780102800000,1.3479,1.3659,1.3435,1.3561,26881096.6
1780106400000,1.3561,1.363,1.354,1.3597,9916963.8
1780110000000,1.3597,1.362,1.3493,1.3497,8781897.8
1780113600000,1.3497,1.3522,1.3361,1.343,21346601.5
1780117200000,1.343,1.3501,1.3413,1.3482,13908957.1
1780120800000,1.3482,1.349,1.3424,1.3449,5806358.7
1780124400000,1.3449,1.3453,1.34,1.3424,4253281.1
1780128000000,1.3424,1.3424,1.34,1.3402,2154230.6
1780131600000,1.3402,1.3458,1.34,1.344,9428295.2
1780135200000,1.344,1.344,1.3402,1.342,5760607.7
1780138800000,1.342,1.3437,1.3363,1.34,9313212.4
1780142400000,1.34,1.342,1.3372,1.3391,4603835.7
1780146000000,1.3391,1.3411,1.3368,1.3404,4533750.3
1780149600000,1.3404,1.3466,1.339,1.3423,4738456.2
1780153200000,1.3423,1.3449,1.3394,1.3417,3291711.1
1780156800000,1.3417,1.3478,1.3407,1.3473,4523875.9
1780160400000,1.3473,1.3528,1.3435,1.352,4663168.4
1780164000000,1.352,1.3534,1.3481,1.3513,2065688.3
1780167600000,1.3513,1.3513,1.3449,1.3471,4084443.9
1780171200000,1.3471,1.3494,1.346,1.3474,2138236.0
1780174800000,1.3474,1.3513,1.3461,1.3495,2585181.1
1780178400000,1.3495,1.3496,1.337,1.3419,7944381.4
1780182000000,1.3419,1.3432,1.3376,1.3402,2952297.9
1780185600000,1.3402,1.3412,1.3372,1.3398,3206329.8
1780189200000,1.3398,1.3435,1.3396,1.3411,3011520.8
1780192800000,1.3411,1.3456,1.3352,1.3416,5339503.5
1780196400000,1.3416,1.3447,1.3406,1.3441,2027780.1
1780200000000,1.3441,1.3459,1.3421,1.3453,1380320.4
1780203600000,1.3453,1.3454,1.342,1.3426,1970161.1
1780207200000,1.3426,1.3426,1.3392,1.3395,3386298.6
1780210800000,1.3395,1.3395,1.3323,1.3348,8162705.0
1780214400000,1.3348,1.3391,1.3347,1.3379,3128340.0
1780218000000,1.3379,1.3422,1.336,1.3386,3146645.6
1780221600000,1.3386,1.3389,1.3333,1.3365,3885519.7
1780225200000,1.3365,1.3426,1.3364,1.3412,3766165.6
1780228800000,1.3412,1.3431,1.3381,1.3418,3789046.2
1780232400000,1.3418,1.3477,1.341,1.3419,6531120.5
1780236000000,1.3419,1.3434,1.3258,1.3294,29132698.3
1780239600000,1.3294,1.3341,1.3281,1.3298,5345148.9
1780243200000,1.3298,1.3317,1.3198,1.327,19244752.3
1780246800000,1.327,1.3313,1.3259,1.3304,3733128.2
1780250400000,1.3304,1.3305,1.3252,1.3267,2445523.9
1780254000000,1.3267,1.3273,1.3199,1.3257,3313438.5
1780257600000,1.3257,1.3306,1.3256,1.3301,2235459.3
1780261200000,1.3301,1.3343,1.3281,1.3338,4379889.8
1780264800000,1.3338,1.3396,1.3306,1.3367,5924251.3
1780268400000,1.3367,1.3418,1.3271,1.3322,12149671.3
1780272000000,1.3322,1.3404,1.3301,1.3372,5042120.6
1780275600000,1.3372,1.3381,1.321,1.321,7935706.5
1780279200000,1.321,1.3341,1.3183,1.3302,7783663.6
1780282800000,1.3302,1.3353,1.3289,1.3303,3616896.0
1780286400000,1.3303,1.3325,1.3166,1.3216,13877608.4
1780290000000,1.3216,1.3222,1.3149,1.316,5502582.2
1780293600000,1.316,1.3166,1.3089,1.3136,9208942.0
1780297200000,1.3136,1.3141,1.3023,1.303,8025043.8
1780300800000,1.303,1.3069,1.2978,1.3026,11338646.8
1780304400000,1.3026,1.309,1.3026,1.3039,6275872.3
1780308000000,1.3039,1.3071,1.3009,1.3054,4204366.4
1780311600000,1.3054,1.3072,1.3003,1.3028,4716928.0
1780315200000,1.3028,1.3059,1.2947,1.302,10436430.2
1780318800000,1.302,1.3024,1.2851,1.2895,25864227.7
1780322400000,1.2895,1.292,1.2811,1.2851,15098908.8
1780326000000,1.2851,1.2896,1.2789,1.2814,12458493.6
1780329600000,1.2814,1.2931,1.279,1.2931,9421449.8
1780333200000,1.2931,1.3045,1.2924,1.2998,12335440.4
1780336800000,1.2998,1.3024,1.2945,1.2956,4889428.3
1780340400000,1.2956,1.3007,1.2936,1.2992,2959669.5
1780344000000,1.2992,1.2998,1.2951,1.2981,4989176.3
1780347600000,1.2981,1.2983,1.2905,1.2911,6614674.6
1780351200000,1.2911,1.3011,1.286,1.2999,13547446.0
1780354800000,1.2999,1.3006,1.2925,1.2967,5514490.2
1780358400000,1.2967,1.2968,1.2876,1.2886,5952769.0
1780362000000,1.2886,1.2904,1.2785,1.279,10299579.7
1780365600000,1.279,1.2845,1.2673,1.2837,20407541.5
1780369200000,1.2837,1.2884,1.2814,1.2876,6487623.9
1780372800000,1.2876,1.2892,1.2794,1.2796,12733863.1
1780376400000,1.2796,1.2804,1.2651,1.2669,22906372.8
1780380000000,1.2669,1.2716,1.2613,1.2649,13732221.7
1780383600000,1.2649,1.2711,1.2576,1.2674,13895236.7
1780387200000,1.2674,1.2686,1.2614,1.264,6581455.5
1780390800000,1.264,1.2645,1.2564,1.259,8354152.1
1780394400000,1.259,1.2672,1.2568,1.2663,6208884.1
1780398000000,1.2663,1.2663,1.2586,1.2602,4799213.4
1780401600000,1.2602,1.2653,1.2582,1.2632,4355703.4
1780405200000,1.2632,1.2683,1.2594,1.2611,16004540.1
1780408800000,1.2611,1.2614,1.2263,1.2344,68218503.2
1780412400000,1.2344,1.2365,1.2139,1.2213,46090567.1
1780416000000,1.2213,1.2425,1.2191,1.2318,15738330.3
1780419600000,1.2318,1.2428,1.2308,1.2356,6843023.5
1780423200000,1.2356,1.2397,1.217,1.2233,17273162.1
1780426800000,1.2233,1.2301,1.2055,1.221,23821400.6
1780430400000,1.221,1.2269,1.2121,1.2224,12462982.8
1780434000000,1.2224,1.2315,1.2185,1.2254,8424692.0
1780437600000,1.2254,1.2254,1.1934,1.2001,30433254.1
1780441200000,1.2001,1.2119,1.1964,1.2111,15365742.8
1780444800000,1.2111,1.2249,1.2111,1.2234,10340042.6
1780448400000,1.2234,1.2312,1.2176,1.2226,7906465.2
1780452000000,1.2226,1.2235,1.2166,1.2196,3679934.7
1780455600000,1.2196,1.2223,1.1888,1.197,22780816.1
1780459200000,1.197,1.2185,1.1969,1.218,15790299.3
1780462800000,1.218,1.2343,1.218,1.2318,16856177.9
1780466400000,1.2318,1.2458,1.2311,1.2383,17714705.9
1780470000000,1.2383,1.2484,1.2369,1.2426,8094004.4
1780473600000,1.2426,1.2451,1.238,1.2421,7480958.9
1780477200000,1.2421,1.2448,1.2347,1.2377,11777682.5
1780480800000,1.2377,1.2441,1.237,1.2412,5816138.2
1780484400000,1.2412,1.2443,1.2317,1.2362,13389655.0
1780488000000,1.2362,1.237,1.2302,1.2349,7016322.0
1780491600000,1.2349,1.237,1.2252,1.2305,9815327.7
1780495200000,1.2305,1.2342,1.2213,1.2304,18440266.7
1780498800000,1.2304,1.2314,1.2203,1.2247,13201809.7
1780502400000,1.2247,1.2281,1.2081,1.2224,34957590.4
1780506000000,1.2224,1.2283,1.2128,1.2207,9761615.5
1780509600000,1.2207,1.2241,1.2122,1.2178,5836884.9
1780513200000,1.2178,1.219,1.201,1.2034,21648150.1
1780516800000,1.2034,1.2073,1.1852,1.1929,31606171.9
1780520400000,1.1929,1.2199,1.1907,1.2177,15385807.4
1780524000000,1.2177,1.2197,1.2034,1.2058,10557146.7
1780527600000,1.2058,1.2069,1.1972,1.2005,7309894.8
1780531200000,1.2005,1.2072,1.186,1.1927,17213162.3
1780534800000,1.1927,1.1958,1.1557,1.1607,33528869.2
1780538400000,1.1607,1.1866,1.1403,1.1812,52511320.0
1780542000000,1.1812,1.2106,1.1808,1.2087,24375747.7
1780545600000,1.2087,1.2115,1.1998,1.2011,13802021.9
1780549200000,1.2011,1.2011,1.1837,1.1875,15237799.6
1780552800000,1.1875,1.1997,1.186,1.1886,7655777.4
1780556400000,1.1886,1.1895,1.1668,1.1671,16771577.9
1780560000000,1.1671,1.1716,1.1604,1.1672,15554628.8
1780563600000,1.1672,1.1678,1.1443,1.1612,23508573.7
1780567200000,1.1612,1.162,1.1421,1.1475,28545768.2
1780570800000,1.1475,1.1582,1.1406,1.155,24072603.8
1780574400000,1.155,1.1815,1.1494,1.1792,20338788.4
1780578000000,1.1792,1.183,1.1619,1.1786,18910448.2
1780581600000,1.1786,1.1822,1.1675,1.1723,9632592.8
1780585200000,1.1723,1.1822,1.1652,1.1681,13013939.1
1780588800000,1.1681,1.1729,1.1598,1.1694,9492900.3
1780592400000,1.1694,1.1748,1.1588,1.169,10022237.4
1780596000000,1.169,1.1829,1.1625,1.1789,13569361.1
1780599600000,1.1789,1.184,1.1723,1.1745,13798466.1
1780603200000,1.1745,1.1774,1.166,1.1753,8488762.4
1780606800000,1.1753,1.1785,1.1548,1.1582,10022059.5
1780610400000,1.1582,1.1695,1.154,1.1686,12089789.0
1780614000000,1.1686,1.1715,1.1579,1.168,6922753.9
1780617600000,1.168,1.1742,1.1598,1.1606,7319304.3
1780621200000,1.1606,1.1613,1.1503,1.1566,11221379.0
1780624800000,1.1566,1.1575,1.1339,1.1343,20011919.0
1780628400000,1.1343,1.1472,1.1321,1.134,14083876.0
1780632000000,1.134,1.1482,1.1297,1.1471,18447871.8
1780635600000,1.1471,1.1485,1.1193,1.1199,23407047.9
1780639200000,1.1199,1.1258,1.0904,1.1181,69743975.9
1780642800000,1.1181,1.1376,1.1043,1.1356,31810192.8
1780646400000,1.1356,1.1357,1.1159,1.1185,12024233.3
1780650000000,1.1185,1.1401,1.1183,1.1399,25099433.3
1780653600000,1.1399,1.1458,1.1302,1.1356,10776928.9
1780657200000,1.1356,1.1356,1.1176,1.1183,20217363.0
1780660800000,1.1183,1.1254,1.1093,1.1191,20541990.4
1780664400000,1.1191,1.1383,1.1008,1.1017,41984895.6
1780668000000,1.1017,1.1178,1.097,1.1064,30230356.0
1780671600000,1.1064,1.1092,1.0916,1.0995,41736911.0
1780675200000,1.0995,1.1232,1.0835,1.1199,61068924.6
1780678800000,1.1199,1.1217,1.0998,1.1082,15016744.7
1780682400000,1.1082,1.113,1.0798,1.0829,24549823.0
1780686000000,1.0829,1.1038,1.0687,1.0981,27505086.0
1780689600000,1.0981,1.1178,1.0848,1.1148,24360065.8
1780693200000,1.1148,1.1198,1.1103,1.111,11459930.1
1780696800000,1.111,1.111,1.0931,1.1053,27958444.6
1780700400000,1.1053,1.1154,1.0863,1.097,26399331.5
1780704000000,1.097,1.1125,1.097,1.1104,16460675.8
1780707600000,1.1104,1.1139,1.0994,1.1005,8239206.1
1780711200000,1.1005,1.1028,1.0912,1.0949,9925507.5
1780714800000,1.0949,1.095,1.0829,1.0852,19496680.8
1780718400000,1.0852,1.0897,1.0509,1.0572,47036735.2
1780722000000,1.0572,1.0909,1.049,1.089,62313892.7
1780725600000,1.089,1.1007,1.0803,1.0822,21773165.0
1780729200000,1.0822,1.1,1.081,1.0916,13994434.8
1780732800000,1.0916,1.1037,1.0892,1.0983,12112529.7
1780736400000,1.0983,1.1026,1.0875,1.0909,16902622.0
1780740000000,1.0909,1.0909,1.0717,1.0795,23439061.9
1780743600000,1.0795,1.0887,1.0787,1.0869,8786287.0
1780747200000,1.0869,1.0986,1.0802,1.0957,19827708.2
1780750800000,1.0957,1.1021,1.0909,1.0977,8865699.9
1780754400000,1.0977,1.1093,1.0971,1.1023,12334124.2
1780758000000,1.1023,1.1033,1.0856,1.0954,27950733.5
1780761600000,1.0954,1.1011,1.0867,1.0949,16052899.2
1780765200000,1.0949,1.0972,1.08,1.0818,15546835.3
1780768800000,1.0818,1.0877,1.0785,1.084,9985952.9
1780772400000,1.084,1.0892,1.0798,1.0801,6786455.4
1780776000000,1.0801,1.085,1.0769,1.084,7737310.9
1780779600000,1.084,1.0954,1.0839,1.0871,7845575.4
1780783200000,1.0871,1.0891,1.0805,1.0857,5925309.2
1780786800000,1.0857,1.0942,1.0848,1.0927,4331054.1
1780790400000,1.0927,1.0971,1.0885,1.0885,5832320.9
1780794000000,1.0885,1.1197,1.0877,1.1156,24558295.3
1780797600000,1.1156,1.1233,1.1065,1.1185,12071612.1
1780801200000,1.1185,1.1244,1.1144,1.1177,8241845.5
1780804800000,1.1177,1.1217,1.1094,1.1207,7185674.7
1780808400000,1.1207,1.126,1.1181,1.1193,8825736.3
1780812000000,1.1193,1.1288,1.1153,1.125,11245137.1
1780815600000,1.125,1.1365,1.1217,1.1361,11673877.3
1780819200000,1.1361,1.156,1.1294,1.1549,19810658.4
1780822800000,1.1549,1.1698,1.1448,1.1453,31095347.1
1780826400000,1.1453,1.1467,1.1317,1.1346,11884307.0
1780830000000,1.1346,1.1403,1.1322,1.1395,8268545.8
1780833600000,1.1395,1.1398,1.1175,1.123,22547162.1
1780837200000,1.123,1.1244,1.1201,1.1216,4354154.1
1780840800000,1.1216,1.1366,1.1214,1.1325,11012705.6
1780844400000,1.1325,1.1363,1.1278,1.1334,6373654.7
1780848000000,1.1334,1.1387,1.1297,1.1371,7270169.3
1780851600000,1.1371,1.1455,1.1357,1.1436,8425259.8
1780855200000,1.1436,1.1505,1.1398,1.1406,6946720.1
1780858800000,1.1406,1.1407,1.12,1.1238,24245614.9
1780862400000,1.1238,1.1357,1.1208,1.1317,8221380.4
1780866000000,1.1317,1.1339,1.1247,1.1297,4743564.6
1780869600000,1.1297,1.1713,1.1277,1.1527,44223148.9
1780873200000,1.1527,1.16,1.1497,1.1551,9322642.2
1780876800000,1.1551,1.1673,1.148,1.1625,15026063.8
1780880400000,1.1625,1.1644,1.1417,1.1564,15461553.5
1780884000000,1.1564,1.161,1.1515,1.1557,10003522.3
1780887600000,1.1557,1.1605,1.1483,1.1511,5841304.6
1780891200000,1.1511,1.152,1.1385,1.1395,10149071.0
1780894800000,1.1395,1.1428,1.1309,1.1358,9246879.0
1780898400000,1.1358,1.1428,1.1353,1.1404,6932423.8
1780902000000,1.1404,1.1503,1.1372,1.1473,7475635.8
1780905600000,1.1473,1.1473,1.1353,1.139,5675665.3
1780909200000,1.139,1.1495,1.1388,1.1495,8731013.8
1780912800000,1.1495,1.152,1.1426,1.1444,8443906.9
1780916400000,1.1444,1.1649,1.1424,1.1572,15490997.2
1780920000000,1.1572,1.1698,1.1455,1.1693,18482634.7
1780923600000,1.1693,1.17,1.1552,1.1618,15115868.0
1780927200000,1.1618,1.1748,1.1562,1.1723,16565536.9
1780930800000,1.1723,1.1844,1.1682,1.1703,16472703.9
1780934400000,1.1703,1.1767,1.163,1.1639,10516652.7
1780938000000,1.1639,1.1721,1.1572,1.172,12502551.3
1780941600000,1.172,1.1791,1.1706,1.1739,7855864.1
1780945200000,1.1739,1.186,1.1728,1.179,18309983.3
1780948800000,1.179,1.181,1.1681,1.1766,12312196.9
1780952400000,1.1766,1.1857,1.1766,1.1799,9302522.9
1780956000000,1.1799,1.1799,1.1709,1.1768,8382831.1
1780959600000,1.1768,1.181,1.1656,1.1676,6576954.7
1780963200000,1.1676,1.1707,1.1504,1.1518,37357377.8
1780966800000,1.1518,1.1566,1.1485,1.1503,8593835.2
1780970400000,1.1503,1.1539,1.1423,1.1518,7239250.2
1780974000000,1.1518,1.1555,1.1497,1.1541,5163781.3
1780977600000,1.1541,1.1725,1.15,1.1658,21845283.0
1780981200000,1.1658,1.1758,1.1618,1.1725,8848951.2
1780984800000,1.1725,1.1768,1.1706,1.1722,7871162.6
1780988400000,1.1722,1.1758,1.1658,1.1707,8080002.5
1780992000000,1.1707,1.1718,1.1636,1.1669,8449794.8
1780995600000,1.1669,1.1695,1.1581,1.1588,13982382.2
1780999200000,1.1588,1.16,1.1542,1.1583,8857961.3
1781002800000,1.1583,1.1585,1.1519,1.1547,6417950.1
1781006400000,1.1547,1.1635,1.1539,1.1625,13207137.2
1781010000000,1.1625,1.1662,1.1534,1.1571,10211537.2
1781013600000,1.1571,1.1593,1.1298,1.1366,28649643.8
1781017200000,1.1366,1.1415,1.1262,1.1269,24516702.3
1781020800000,1.1269,1.1312,1.1178,1.1274,19309690.8
1781024400000,1.1274,1.1466,1.1272,1.1376,15686980.8
1781028000000,1.1376,1.1457,1.1351,1.1383,5204749.5
1781031600000,1.1383,1.1447,1.1353,1.1395,7720537.5
1781035200000,1.1395,1.1451,1.1383,1.1432,4094082.5
1781038800000,1.1432,1.1438,1.134,1.1362,5103470.3
1781042400000,1.1362,1.1412,1.1333,1.135,6100268.1
1781046000000,1.135,1.1389,1.1332,1.1369,4395702.3
1781049600000,1.1369,1.1406,1.1266,1.1365,8516064.9
1781053200000,1.1365,1.1369,1.1267,1.1287,6579842.4
1781056800000,1.1287,1.1306,1.1137,1.1168,9342364.5
1781060400000,1.1168,1.1234,1.1161,1.1188,5399570.3
1781064000000,1.1188,1.1219,1.1125,1.1156,6323832.5
1781067600000,1.1156,1.117,1.1089,1.1116,7637446.8
1781071200000,1.1116,1.1142,1.1061,1.1111,7008363.8
1781074800000,1.1111,1.1193,1.111,1.1161,6838265.5
1781078400000,1.1161,1.1163,1.1039,1.1071,12479110.3
1781082000000,1.1071,1.1099,1.1,1.1094,11295073.0
1781085600000,1.1094,1.1109,1.1047,1.1104,4115304.1
1781089200000,1.1104,1.1107,1.1011,1.1037,14507946.9
1781092800000,1.1037,1.1244,1.1016,1.1172,21152797.1
1781096400000,1.1172,1.1374,1.1152,1.1296,41688499.9
1781100000000,1.1296,1.13,1.117,1.1241,15337219.0
1781103600000,1.1241,1.1328,1.1178,1.128,14759310.8
1781107200000,1.128,1.1295,1.1074,1.1135,15747051.4
1781110800000,1.1135,1.1179,1.103,1.1096,12893456.8
1781114400000,1.1096,1.1107,1.0982,1.1067,13721972.2
1781118000000,1.1067,1.1068,1.0939,1.0973,15010069.3
1781121600000,1.0973,1.1032,1.0931,1.0987,8946094.6
1781125200000,1.0987,1.0987,1.0873,1.0919,10263090.7
1781128800000,1.0919,1.099,1.0896,1.0941,8538658.6
1781132400000,1.0941,1.0989,1.0887,1.0962,9612368.0
1781136000000,1.0962,1.1034,1.0957,1.1014,10308929.9
1781139600000,1.1014,1.1193,1.1013,1.1151,18442712.3
1781143200000,1.1151,1.1174,1.1044,1.1087,8881034.0
1781146800000,1.1087,1.1238,1.1052,1.1194,19510564.6
1781150400000,1.1194,1.121,1.1143,1.119,6858209.7
1781154000000,1.119,1.1193,1.1141,1.1142,5266264.4
1781157600000,1.1142,1.1206,1.1115,1.1142,7784266.9
1781161200000,1.1142,1.1169,1.1112,1.1148,3087926.6
1781164800000,1.1148,1.1234,1.1147,1.1205,5982703.4
1781168400000,1.1205,1.1212,1.1159,1.1167,4764431.9
1781172000000,1.1167,1.1251,1.1141,1.1213,22230453.0
1781175600000,1.1213,1.1259,1.1183,1.1218,6947453.3
1781179200000,1.1218,1.1218,1.108,1.1133,16281970.2
1781182800000,1.1133,1.1197,1.1073,1.116,10478932.9
1781186400000,1.116,1.1183,1.1101,1.1124,5944021.5
1781190000000,1.1124,1.1176,1.1065,1.1125,11255290.6
1781193600000,1.1125,1.115,1.1055,1.1075,7546456.4
1781197200000,1.1075,1.1443,1.1036,1.1387,39940123.0
1781200800000,1.1387,1.146,1.1333,1.1373,14464949.0
1781204400000,1.1373,1.1495,1.1336,1.1427,15169956.4
1781208000000,1.1427,1.1434,1.1316,1.1354,11498458.8
1781211600000,1.1354,1.1429,1.1348,1.1407,6954599.3
1781215200000,1.1407,1.1462,1.1394,1.1425,7925318.2
1781218800000,1.1425,1.1437,1.138,1.1421,6968640.5
1781222400000,1.1421,1.1447,1.1383,1.1417,4155799.1
1781226000000,1.1417,1.1417,1.1352,1.1392,4498419.8
1781229600000,1.1392,1.1497,1.1391,1.1455,6537268.7
1781233200000,1.1455,1.146,1.1401,1.1436,4028772.6
1781236800000,1.1436,1.151,1.1417,1.1459,7419153.1
1781240400000,1.1459,1.1463,1.1382,1.1393,5944732.9
1781244000000,1.1393,1.1409,1.1268,1.1294,11501383.5
1781247600000,1.1294,1.1358,1.1294,1.133,3895202.8
1781251200000,1.133,1.1444,1.133,1.1419,6427551.0
1781254800000,1.1419,1.1513,1.1388,1.1461,7813703.4
1781258400000,1.1461,1.1484,1.1395,1.1427,6347731.4
1781262000000,1.1427,1.1447,1.1401,1.1408,5175882.1
1781265600000,1.1408,1.1417,1.1338,1.1352,6404592.0
1781269200000,1.1352,1.1366,1.1242,1.1295,15707633.9
1781272800000,1.1295,1.1504,1.1279,1.1481,20084310.9
1781276400000,1.1481,1.1573,1.1264,1.1278,44971397.6
1781280000000,1.1278,1.136,1.1251,1.135,17140462.0
1781283600000,1.135,1.1382,1.1295,1.1315,6500704.8
1781287200000,1.1315,1.1343,1.1264,1.1296,4734640.5
1781290800000,1.1296,1.1362,1.1295,1.1307,4678548.5
1781294400000,1.1307,1.1344,1.1292,1.1322,4739975.5
1781298000000,1.1322,1.1344,1.129,1.1292,3462573.5
1781301600000,1.1292,1.1317,1.1274,1.1302,3569520.9
1781305200000,1.1302,1.1324,1.1277,1.1317,3326492.7
1781308800000,1.1317,1.1349,1.1305,1.1338,2931223.3
1781312400000,1.1338,1.1402,1.1337,1.1391,7324801.4
1781316000000,1.1391,1.1392,1.1324,1.1338,3704912.9
1781319600000,1.1338,1.1363,1.13,1.1329,3066175.9
1781323200000,1.1329,1.1362,1.1322,1.1326,2044794.0
1781326800000,1.1326,1.1332,1.129,1.1318,4063798.9
1781330400000,1.1318,1.1378,1.1304,1.1367,3467730.3
1781334000000,1.1367,1.1446,1.1344,1.1412,20088300.1
1781337600000,1.1412,1.1482,1.1401,1.1428,15546112.3
1781341200000,1.1428,1.1449,1.1415,1.1428,3392993.9
1781344800000,1.1428,1.1459,1.142,1.1442,4237376.3
1781348400000,1.1442,1.1491,1.1437,1.1482,5347917.2
1781352000000,1.1482,1.1559,1.1465,1.1536,8140796.9
1781355600000,1.1536,1.1543,1.1497,1.1508,7365911.0
1781359200000,1.1508,1.1572,1.1507,1.1547,7318847.4
1781362800000,1.1547,1.1604,1.1518,1.1559,8945794.5
1781366400000,1.1559,1.1562,1.1432,1.1465,29734136.9
1781370000000,1.1465,1.1486,1.1419,1.1434,10470527.2
1781373600000,1.1434,1.1474,1.143,1.1453,4965114.5
1781377200000,1.1453,1.1482,1.1437,1.1468,3296698.0
1781380800000,1.1468,1.1468,1.1443,1.1461,1991282.0
1781384400000,1.1461,1.1559,1.1438,1.1521,10814106.0
1781388000000,1.1521,1.1525,1.1485,1.1494,2406660.9
1781391600000,1.1494,1.1524,1.1482,1.15,1504967.7
1781395200000,1.15,1.1505,1.1475,1.1485,2309016.5
1781398800000,1.1485,1.1558,1.1478,1.1513,5041959.5
1781402400000,1.1513,1.1551,1.1504,1.1511,2850290.1
1781406000000,1.1511,1.1539,1.15,1.1529,2679005.1
1781409600000,1.1529,1.1536,1.1459,1.1475,4136303.5
1781413200000,1.1475,1.15,1.1433,1.1474,5281825.3
1781416800000,1.1474,1.1527,1.1445,1.1457,9026960.0
1781420400000,1.1457,1.1461,1.1415,1.1456,4812728.1
1781424000000,1.1456,1.1473,1.1438,1.1446,2589165.9
1781427600000,1.1446,1.1483,1.1402,1.1478,5552754.9
1781431200000,1.1478,1.1483,1.1422,1.1423,3335200.1
1781434800000,1.1423,1.1449,1.1409,1.143,3200381.2
1781438400000,1.143,1.1436,1.1361,1.1369,8766054.4
1781442000000,1.1369,1.1391,1.1326,1.1343,6070421.9
1781445600000,1.1343,1.1363,1.1258,1.1311,11932298.3
1781449200000,1.1311,1.1353,1.131,1.1342,6778023.1
1781452800000,1.1342,1.1384,1.1337,1.136,4089064.5
1781456400000,1.136,1.1382,1.1318,1.1322,4414589.1
1781460000000,1.1322,1.1348,1.1298,1.1318,2516293.4
1781463600000,1.1318,1.1347,1.13,1.1323,1853164.4
1781467200000,1.1323,1.1399,1.1308,1.1375,4984285.1
1781470800000,1.1375,1.1754,1.1372,1.1675,32396695.7
1781474400000,1.1675,1.177,1.1623,1.1731,27229620.9
1781478000000,1.1731,1.1873,1.1679,1.1852,21612265.4
1781481600000,1.1852,1.1878,1.1802,1.1842,13053190.3
1781485200000,1.1842,1.1915,1.1773,1.1821,11469249.6
1781488800000,1.1821,1.1938,1.1798,1.1818,7374838.1
1781492400000,1.1818,1.1907,1.1806,1.1866,7538535.0
1781496000000,1.1866,1.1879,1.1819,1.1833,3861372.5
1781499600000,1.1833,1.1876,1.1807,1.1834,5072761.2
1781503200000,1.1834,1.1865,1.1808,1.1822,3399943.8
1781506800000,1.1822,1.1864,1.1792,1.1807,6073141.3
1781510400000,1.1807,1.183,1.1779,1.1803,4590489.2
1781514000000,1.1803,1.1869,1.1783,1.1847,8876683.8
1781517600000,1.1847,1.1999,1.1835,1.1992,22184078.6
1781521200000,1.1992,1.2328,1.195,1.232,40603383.1
1781524800000,1.232,1.2479,1.2257,1.238,37329231.6
1781528400000,1.238,1.2493,1.233,1.2392,38213003.9
1781532000000,1.2392,1.2469,1.2337,1.2436,17553031.7
1781535600000,1.2436,1.2698,1.2432,1.2678,31230034.7
1781539200000,1.2678,1.2931,1.2573,1.2792,38323719.0
1781542800000,1.2792,1.287,1.2687,1.2812,23118114.2
1781546400000,1.2812,1.2883,1.2735,1.281,11639616.3
1781550000000,1.281,1.2909,1.2663,1.2748,25681543.2
1781553600000,1.2748,1.2778,1.2621,1.2634,12017546.7
1781557200000,1.2634,1.2644,1.248,1.2494,16025234.3
1781560800000,1.2494,1.2547,1.2368,1.2395,15428995.9
1781564400000,1.2395,1.2418,1.2308,1.2376,14081387.8
1781568000000,1.2376,1.2424,1.2324,1.234,9440131.9
1781571600000,1.234,1.2377,1.2271,1.228,8265364.7
1781575200000,1.228,1.2285,1.213,1.2172,18265536.2
1781578800000,1.2172,1.2272,1.2157,1.2266,9328443.5
1781582400000,1.2266,1.2295,1.2202,1.2218,6781278.6
1781586000000,1.2218,1.227,1.2217,1.2247,5013949.7
1781589600000,1.2247,1.236,1.2247,1.2347,10850256.4
1781593200000,1.2347,1.2382,1.2293,1.2345,7746079.3
1781596800000,1.2345,1.2515,1.2324,1.2472,15539787.1
1781600400000,1.2472,1.2473,1.2361,1.2382,9274848.1
1781604000000,1.2382,1.2425,1.2361,1.2389,7101067.3
1781607600000,1.2389,1.2417,1.233,1.2374,7178663.5
1781611200000,1.2374,1.2553,1.2361,1.244,16892528.7
1781614800000,1.244,1.2453,1.2238,1.2252,29898308.7
1781618400000,1.2252,1.2299,1.2046,1.2089,27859423.2
1781622000000,1.2089,1.2171,1.2064,1.209,11750552.2
1781625600000,1.209,1.2138,1.2077,1.2123,6796333.8
1781629200000,1.2123,1.222,1.2111,1.2205,12161871.8
1781632800000,1.2205,1.2305,1.22,1.2261,9809560.0
1781636400000,1.2261,1.2261,1.2164,1.2197,11977473.3
1781640000000,1.2197,1.2242,1.2156,1.2224,7744636.0
1781643600000,1.2224,1.2255,1.2148,1.2192,9894498.8
1781647200000,1.2192,1.2215,1.216,1.2211,6808267.0
1781650800000,1.2211,1.2234,1.2152,1.2166,2967019.0
1781654400000,1.2166,1.2194,1.213,1.2144,3786978.1
1781658000000,1.2144,1.222,1.2069,1.2209,8998631.0
1781661600000,1.2209,1.2275,1.215,1.2185,7087676.7
1781665200000,1.2185,1.2186,1.212,1.2157,3849328.0
1781668800000,1.2157,1.2209,1.2136,1.2165,3202922.0
1781672400000,1.2165,1.2223,1.2134,1.2173,3564990.8
1781676000000,1.2173,1.2201,1.2091,1.2113,7047898.8
1781679600000,1.2113,1.2153,1.204,1.2089,14144822.6
1781683200000,1.2089,1.21,1.1942,1.1955,18716743.4
1781686800000,1.1955,1.1985,1.1934,1.197,6809480.1
1781690400000,1.197,1.1982,1.1938,1.1955,4802393.4
1781694000000,1.1955,1.1968,1.1871,1.1921,12745837.2
1781697600000,1.1921,1.1977,1.1884,1.1969,8282448.9
1781701200000,1.1969,1.2065,1.1957,1.2003,13042033.1
1781704800000,1.2003,1.2035,1.1879,1.1944,11346942.4
1781708400000,1.1944,1.213,1.1926,1.2127,11380373.8
1781712000000,1.2127,1.2243,1.211,1.2119,12519713.9
1781715600000,1.2119,1.2185,1.2075,1.2173,6934756.7
1781719200000,1.2173,1.2191,1.1923,1.2081,37654564.4
1781722800000,1.2081,1.2123,1.1759,1.1799,36867296.6
1781726400000,1.1799,1.1905,1.1776,1.1895,12198779.7
1781730000000,1.1895,1.19,1.178,1.1815,6284403.1
1781733600000,1.1815,1.1882,1.1701,1.1835,12177206.5
1781737200000,1.1835,1.1888,1.1832,1.186,3531533.7
1781740800000,1.186,1.1908,1.1852,1.1864,3653261.6
1781744400000,1.1864,1.1916,1.1846,1.1881,8314789.3
1781748000000,1.1881,1.1903,1.1877,1.1888,3054788.8
1781751600000,1.1888,1.189,1.1771,1.178,6578905.7
1781755200000,1.178,1.1783,1.1665,1.1687,16294799.4
1781758800000,1.1687,1.1687,1.1617,1.167,12000470.9
1781762400000,1.167,1.1711,1.1631,1.17,5900258.3
1781766000000,1.17,1.1808,1.1677,1.1781,8145554.7
1781769600000,1.1781,1.1808,1.1759,1.1776,7042293.5
1781773200000,1.1776,1.1818,1.1758,1.178,5357430.2
1781776800000,1.178,1.1781,1.1668,1.1686,12777582.4
1781780400000,1.1686,1.1708,1.1607,1.164,10434316.4
1781784000000,1.164,1.1701,1.1627,1.1682,6217681.9
1781787600000,1.1682,1.1717,1.1542,1.1603,16934286.7
1781791200000,1.1603,1.1696,1.1546,1.1593,10849149.5
1781794800000,1.1593,1.1598,1.1322,1.1375,42118562.0
1781798400000,1.1375,1.1475,1.1362,1.1467,10558184.2
1781802000000,1.1467,1.1484,1.1372,1.1426,10296154.0
1781805600000,1.1426,1.1463,1.1359,1.1377,6777124.0
1781809200000,1.1377,1.146,1.1347,1.1431,7593424.5
1781812800000,1.1431,1.1543,1.1431,1.1518,12926462.9
1781816400000,1.1518,1.1519,1.1419,1.1442,5556578.4
1781820000000,1.1442,1.1479,1.1414,1.1465,8299827.6
1781823600000,1.1465,1.1471,1.1421,1.1459,2205187.0
1781827200000,1.1459,1.1495,1.1427,1.1484,4541171.5
1781830800000,1.1484,1.1517,1.1437,1.1506,4352736.7
1781834400000,1.1506,1.1524,1.1446,1.1479,2902979.6
1781838000000,1.1479,1.1496,1.133,1.1383,24344260.2
1781841600000,1.1383,1.1398,1.1243,1.1268,15024826.9
1781845200000,1.1268,1.133,1.1266,1.1329,6203058.9
1781848800000,1.1329,1.1356,1.1274,1.1335,4361925.0
1781852400000,1.1335,1.1335,1.1205,1.125,13718469.5
1781856000000,1.125,1.1305,1.1237,1.1261,8094732.9
1781859600000,1.1261,1.1277,1.1215,1.1242,5192827.5
1781863200000,1.1242,1.1266,1.1205,1.1245,5569414.1
1781866800000,1.1245,1.1285,1.1215,1.1265,5182410.8
1781870400000,1.1265,1.1316,1.117,1.1306,14787253.5
1781874000000,1.1306,1.1433,1.1285,1.1389,12999816.7
1781877600000,1.1389,1.1409,1.1335,1.1359,7799001.7
1781881200000,1.1359,1.1376,1.132,1.1362,3866216.6
1781884800000,1.1362,1.1387,1.128,1.1296,5821684.4
1781888400000,1.1296,1.1382,1.128,1.1356,5413413.4
1781892000000,1.1356,1.1356,1.1289,1.1319,3374919.2
1781895600000,1.1319,1.1334,1.1276,1.1309,4915451.2
1781899200000,1.1309,1.1348,1.1267,1.134,5330762.7
1781902800000,1.134,1.1341,1.1284,1.1292,2608444.6
1781906400000,1.1292,1.1357,1.1287,1.1334,2639520.3
1781910000000,1.1334,1.1379,1.132,1.1351,3277792.8
1781913600000,1.1351,1.1421,1.1344,1.1367,5192423.6
1781917200000,1.1367,1.1416,1.1358,1.1409,2926787.5
1781920800000,1.1409,1.1413,1.1354,1.1383,2904095.1
1781924400000,1.1383,1.1403,1.1368,1.1391,1287093.9
1781928000000,1.1391,1.145,1.1382,1.1435,4453734.2
1781931600000,1.1435,1.154,1.1421,1.147,13428756.9
1781935200000,1.147,1.1509,1.1465,1.1489,4314230.2
1781938800000,1.1489,1.1494,1.1445,1.1465,2994890.0
1781942400000,1.1465,1.1471,1.1433,1.1462,2627672.5
1781946000000,1.1462,1.1522,1.1461,1.1516,3088557.3
1781949600000,1.1516,1.1516,1.1465,1.1488,5581429.4
1781953200000,1.1488,1.1493,1.1457,1.1466,3260651.4
1781956800000,1.1466,1.1489,1.1448,1.1455,5708252.8
1781960400000,1.1455,1.1466,1.1379,1.1407,12686543.9
1781964000000,1.1407,1.1516,1.1337,1.1457,15493317.2
1781967600000,1.1457,1.1557,1.1439,1.1504,17052673.0
1781971200000,1.1504,1.1505,1.144,1.1486,10229998.9
1781974800000,1.1486,1.1486,1.1384,1.1429,6275435.0
1781978400000,1.1429,1.1459,1.1409,1.1415,4026548.0
1781982000000,1.1415,1.1441,1.1391,1.1435,3578733.8
1781985600000,1.1435,1.1462,1.1431,1.1448,4120612.8
1781989200000,1.1448,1.1496,1.1441,1.1468,4047788.1
1781992800000,1.1468,1.155,1.1461,1.1519,4251906.0
1781996400000,1.1519,1.1534,1.1488,1.1493,3566621.3
1782000000000,1.1493,1.1499,1.1475,1.1486,2328623.7
1782003600000,1.1486,1.1493,1.1462,1.1489,2318179.9
1782007200000,1.1489,1.1494,1.1462,1.1467,1664591.0
1782010800000,1.1467,1.151,1.1455,1.1488,3045912.7
1782014400000,1.1488,1.1517,1.1441,1.1447,3532604.9
1782018000000,1.1447,1.1456,1.1424,1.144,3533965.1
1782021600000,1.144,1.1471,1.1434,1.1467,2381005.4
1782025200000,1.1467,1.15,1.1456,1.147,3280665.9
1782028800000,1.147,1.1474,1.1407,1.1442,4098422.5
1782032400000,1.1442,1.1499,1.1435,1.1486,4062813.7
1782036000000,1.1486,1.1529,1.1473,1.1477,5880808.0
1782039600000,1.1477,1.1498,1.1409,1.1418,15229991.4
1782043200000,1.1418,1.1446,1.1386,1.1436,9155298.2
1782046800000,1.1436,1.1463,1.1408,1.1444,11347905.7
1782050400000,1.1444,1.1469,1.1413,1.1468,2462107.2
1782054000000,1.1468,1.1512,1.1464,1.1491,5715457.1
1782057600000,1.1491,1.1491,1.1415,1.1442,5453684.2
1782061200000,1.1442,1.1465,1.1403,1.1419,3950241.1
1782064800000,1.1419,1.1462,1.1382,1.1449,5817536.6
1782068400000,1.1449,1.1475,1.1439,1.1449,2961451.5
1782072000000,1.1449,1.1468,1.1355,1.1389,6910201.6
1782075600000,1.1389,1.1391,1.118,1.1341,49540075.8
1782079200000,1.1341,1.1363,1.1265,1.1309,10897360.1
1782082800000,1.1309,1.1312,1.1228,1.1241,12003926.2
1782086400000,1.1241,1.1402,1.1241,1.1385,10060248.8
1782090000000,1.1385,1.1519,1.1334,1.1447,16642493.6
1782093600000,1.1447,1.1457,1.1356,1.1356,4854574.2
1782097200000,1.1356,1.138,1.1278,1.1295,7539958.2
1782100800000,1.1295,1.1339,1.1285,1.1336,4254461.0
1782104400000,1.1336,1.138,1.1332,1.135,3439408.9
1782108000000,1.135,1.1373,1.1287,1.1305,4243675.3
1782111600000,1.1305,1.1397,1.1296,1.1368,11701191.2
1782115200000,1.1368,1.1376,1.1315,1.1344,5402249.8
1782118800000,1.1344,1.1371,1.1322,1.1342,3304055.4
1782122400000,1.1342,1.1385,1.1339,1.1368,3221714.0
1782126000000,1.1368,1.1495,1.1357,1.1472,11794477.2
1782129600000,1.1472,1.1588,1.1456,1.157,16066721.9
1782133200000,1.157,1.1631,1.1512,1.1629,15849989.3
1782136800000,1.1629,1.1632,1.1396,1.1423,31069034.8
1782140400000,1.1423,1.1475,1.1367,1.1391,12603654.8
1782144000000,1.1391,1.1427,1.1343,1.1378,11437860.7
1782147600000,1.1378,1.1398,1.1321,1.1389,5557381.1
1782151200000,1.1389,1.1434,1.1313,1.1323,8681536.3
1782154800000,1.1323,1.1345,1.1291,1.1335,13363439.3
1782158400000,1.1335,1.1369,1.1287,1.1312,4975960.7
1782162000000,1.1312,1.1324,1.1234,1.1307,8633869.7
1782165600000,1.1307,1.1335,1.1206,1.1269,10161403.1
1782169200000,1.1269,1.13,1.1256,1.1289,3202539.6
1782172800000,1.1289,1.1317,1.1259,1.1307,10813799.5
1782176400000,1.1307,1.1332,1.1216,1.1281,8843403.4
1782180000000,1.1281,1.1298,1.1245,1.1291,2192570.5
1782183600000,1.1291,1.1292,1.1252,1.1269,2535049.5
1782187200000,1.1269,1.1279,1.1144,1.1168,25893967.6
1782190800000,1.1168,1.1188,1.1127,1.115,10710539.7
1782194400000,1.115,1.1156,1.1064,1.1125,20283908.2
1782198000000,1.1125,1.1165,1.112,1.1121,5342349.8
1782201600000,1.1121,1.1147,1.0934,1.0997,25265818.1
1782205200000,1.0997,1.1048,1.0997,1.1031,5137777.6
1782208800000,1.1031,1.107,1.1005,1.1035,5773216.6
1782212400000,1.1035,1.1099,1.1034,1.1086,7219572.3
1782216000000,1.1086,1.109,1.0989,1.1004,8296571.2
1782219600000,1.1004,1.1056,1.0956,1.1022,14625472.1
1782223200000,1.1022,1.1077,1.1,1.1009,9214359.0
1782226800000,1.1009,1.1009,1.091,1.0983,13826263.8
1782230400000,1.0983,1.1036,1.0963,1.1005,9321673.8
1782234000000,1.1005,1.1041,1.0953,1.0973,6988765.8
1782237600000,1.0973,1.1013,1.095,1.098,3740119.2
1782241200000,1.098,1.1042,1.0964,1.1013,5820255.7
1782244800000,1.1013,1.1048,1.1012,1.1038,2177832.2
1782248400000,1.1038,1.1062,1.1027,1.104,2779839.9
1782252000000,1.104,1.1122,1.1037,1.1083,7434122.6
1782255600000,1.1083,1.1112,1.1052,1.1094,2372917.9
1782259200000,1.1094,1.1123,1.108,1.1104,6154914.1
1782262800000,1.1104,1.1131,1.1066,1.1082,4833496.4
1782266400000,1.1082,1.1091,1.1042,1.1049,5944055.3
1782270000000,1.1049,1.1056,1.0984,1.1032,5021979.9
1782273600000,1.1032,1.1035,1.0937,1.1011,5509549.2
1782277200000,1.1011,1.1064,1.1006,1.1045,3328022.6
1782280800000,1.1045,1.1062,1.1017,1.1018,2338394.5
1782284400000,1.1018,1.1023,1.0964,1.098,4088214.7
1782288000000,1.098,1.1031,1.0972,1.1016,6239876.6
1782291600000,1.1016,1.1018,1.0963,1.0981,2988302.2
1782295200000,1.0981,1.0982,1.0829,1.0859,28723527.1
1782298800000,1.0859,1.1019,1.0812,1.0951,17596087.3
1782302400000,1.0951,1.0951,1.0893,1.0896,7950309.8
1782306000000,1.0896,1.0902,1.0744,1.0753,35948280.1
1782309600000,1.0753,1.0819,1.0722,1.0747,17242448.2
1782313200000,1.0747,1.075,1.0556,1.0576,23953171.3
1782316800000,1.0576,1.0668,1.0505,1.0561,27748557.7
1782320400000,1.0561,1.0603,1.0453,1.0504,28478172.1
1782324000000,1.0504,1.0699,1.0488,1.0595,14923211.9
1782327600000,1.0595,1.0614,1.0518,1.0567,13879358.3
1782331200000,1.0567,1.0779,1.0535,1.0739,22420317.5
1782334800000,1.0739,1.0766,1.0664,1.0757,7091928.3
1782338400000,1.0757,1.08,1.0695,1.0708,5695840.1
1782342000000,1.0708,1.0753,1.0692,1.0728,3956191.4
1782345600000,1.0728,1.0767,1.0716,1.0735,6445587.6
1782349200000,1.0735,1.0774,1.072,1.0748,4489811.5
1782352800000,1.0748,1.0766,1.0688,1.0708,2852572.8
1782356400000,1.0708,1.0729,1.0679,1.0714,2802930.2
1782360000000,1.0714,1.0816,1.0693,1.0795,6925158.7
1782363600000,1.0795,1.0875,1.0778,1.0838,9381242.8
1782367200000,1.0838,1.089,1.0832,1.0873,7325347.0
1782370800000,1.0873,1.0878,1.0839,1.0863,4126184.2
1782374400000,1.0863,1.0863,1.0818,1.0825,3428273.8
1782378000000,1.0825,1.0832,1.0794,1.0811,3859243.1
1782381600000,1.0811,1.0814,1.0725,1.0733,6887102.9
1782385200000,1.0733,1.0739,1.0671,1.0714,9451559.7
1782388800000,1.0714,1.0791,1.0664,1.0742,13352676.1
1782392400000,1.0742,1.0759,1.0111,1.0146,78793947.5
1782396000000,1.0146,1.0484,1.0146,1.0326,57702370.7
1782399600000,1.0326,1.037,1.0227,1.0343,18194204.6
1782403200000,1.0343,1.0439,1.0258,1.03,16181799.4
1782406800000,1.03,1.0455,1.0295,1.0454,13052280.8
1782410400000,1.0454,1.0471,1.0326,1.0339,9581831.7
1782414000000,1.0339,1.0342,1.0273,1.0338,7997157.4
1782417600000,1.0338,1.0396,1.0307,1.0326,5859757.9
1782421200000,1.0326,1.0432,1.0322,1.0431,7669051.5
1782424800000,1.0431,1.0437,1.0379,1.0403,4080411.8
1782428400000,1.0403,1.0479,1.0366,1.0429,6675908.0
1782432000000,1.0429,1.0455,1.0398,1.0404,3806998.4
1782435600000,1.0404,1.0422,1.0282,1.0313,6511588.5
1782439200000,1.0313,1.0318,1.0108,1.0141,38191327.7
1782442800000,1.0141,1.0357,1.0083,1.0339,25020105.6
1782446400000,1.0339,1.0352,1.0266,1.0276,7334756.7
1782450000000,1.0276,1.0349,1.0264,1.0329,6249786.4
1782453600000,1.0329,1.0454,1.0291,1.044,12915034.2
1782457200000,1.044,1.0523,1.0437,1.0492,16546597.8
1782460800000,1.0492,1.0503,1.0368,1.0389,17013437.0
1782464400000,1.0389,1.0391,1.0281,1.0311,17020846.9
1782468000000,1.0311,1.0335,1.0252,1.027,7822419.5
1782471600000,1.027,1.0307,1.0191,1.0221,10429402.7
1782475200000,1.0221,1.0334,1.0157,1.0191,19557234.2
1782478800000,1.0191,1.0384,1.0103,1.0383,26296114.7
1782482400000,1.0383,1.0476,1.034,1.0362,32380553.1
1782486000000,1.0362,1.0488,1.0343,1.0445,16979984.6
1782489600000,1.0445,1.0532,1.0395,1.0442,16032113.4
1782493200000,1.0442,1.0507,1.0438,1.0471,5725338.0
1782496800000,1.0471,1.0494,1.0389,1.0402,7382598.8
1782500400000,1.0402,1.0534,1.0386,1.0474,24047048.6
1782504000000,1.0474,1.0554,1.0426,1.0442,15342106.3
1782507600000,1.0442,1.0467,1.0401,1.0417,6831394.8
1782511200000,1.0417,1.0478,1.0374,1.0475,5140532.3
1782514800000,1.0475,1.0493,1.045,1.0484,4872228.5
1782518400000,1.0484,1.0517,1.0435,1.0471,4835212.3
1782522000000,1.0471,1.0521,1.0453,1.0515,4869020.2
1782525600000,1.0515,1.0664,1.0504,1.0612,14829873.3
1782529200000,1.0612,1.0622,1.0561,1.0583,7205088.6
1782532800000,1.0583,1.0634,1.0582,1.0595,5091477.3
1782536400000,1.0595,1.0601,1.0524,1.0571,6124909.6
1782540000000,1.0571,1.0606,1.0532,1.0592,5137897.0
1782543600000,1.0592,1.0621,1.0572,1.0597,3440134.3
1782547200000,1.0597,1.0597,1.0546,1.0565,3808815.7
1782550800000,1.0565,1.058,1.0536,1.0577,3766925.2
1782554400000,1.0577,1.0591,1.0561,1.0588,1996095.8
1782558000000,1.0588,1.06,1.0538,1.0588,2933792.8
1782561600000,1.0588,1.0613,1.057,1.0602,2258064.1
1782565200000,1.0602,1.0643,1.0593,1.0641,5062163.6
1782568800000,1.0641,1.0685,1.0624,1.068,6976635.4
1782572400000,1.068,1.075,1.0675,1.0746,11904203.8
1782576000000,1.0746,1.0767,1.0687,1.0693,14614235.7
1782579600000,1.0693,1.07,1.0595,1.0598,9314047.4
1782583200000,1.0598,1.0603,1.055,1.0581,13582151.8
1782586800000,1.0581,1.0593,1.0514,1.0538,11120355.2
1782590400000,1.0538,1.0562,1.0535,1.0545,2621094.9
1782594000000,1.0545,1.0572,1.0499,1.0524,7607006.4
1782597600000,1.0524,1.0532,1.0442,1.053,7089159.1
1782601200000,1.053,1.0548,1.0464,1.0469,5761401.0
1782604800000,1.0469,1.0505,1.0463,1.0492,4722413.0
1782608400000,1.0492,1.0505,1.0453,1.0504,2998618.4
1782612000000,1.0504,1.0525,1.0447,1.0459,4341574.7
1782615600000,1.0459,1.0502,1.0459,1.0492,2289343.5
1782619200000,1.0492,1.0499,1.0455,1.0479,2621237.9
1782622800000,1.0479,1.0479,1.0419,1.0471,8146413.4
1782626400000,1.0471,1.0483,1.0413,1.0444,3512099.4
1782630000000,1.0444,1.0508,1.0441,1.0505,5933495.2
1782633600000,1.0505,1.0584,1.0496,1.054,6823765.7
1782637200000,1.054,1.0549,1.0482,1.0494,5053070.3
1782640800000,1.0494,1.0508,1.0452,1.048,3485890.1
1782644400000,1.048,1.0531,1.0461,1.0523,3297416.1
1782648000000,1.0523,1.0558,1.0485,1.0514,4124493.0
1782651600000,1.0514,1.0522,1.0457,1.0487,4769088.0
1782655200000,1.0487,1.0569,1.048,1.0518,4471252.8
1782658800000,1.0518,1.0571,1.0492,1.0519,6496970.6
1782662400000,1.0519,1.0529,1.0434,1.0467,6744985.7
1782666000000,1.0467,1.0492,1.0403,1.0466,6529843.3
1782669600000,1.0466,1.048,1.0426,1.0461,3652370.0
1782673200000,1.0461,1.0487,1.0384,1.044,8180836.5
1782676800000,1.044,1.0497,1.0432,1.0461,6242555.6
1782680400000,1.0461,1.0464,1.0375,1.0402,7958629.3
1782684000000,1.0402,1.0517,1.0327,1.0374,20423013.4
1782687600000,1.0374,1.0517,1.0364,1.0479,7626854.0
1782691200000,1.0479,1.0488,1.0331,1.047,11219103.6
1782694800000,1.047,1.048,1.0386,1.0429,4391581.8
1782698400000,1.0429,1.0479,1.031,1.0459,11697637.3
1782702000000,1.0459,1.0553,1.0457,1.0503,8836329.9
1782705600000,1.0503,1.0503,1.0413,1.0429,5488985.9
1782709200000,1.0429,1.0479,1.0352,1.0479,8252021.6
1782712800000,1.0479,1.0543,1.0469,1.0489,8679185.2
1782716400000,1.0489,1.0518,1.045,1.0486,5181478.3
1782720000000,1.0486,1.0504,1.0414,1.0434,7924716.4
1782723600000,1.0434,1.0499,1.0426,1.0488,7040775.6
1782727200000,1.0488,1.0551,1.0488,1.0514,10234747.8
1782730800000,1.0514,1.0608,1.0472,1.0531,13366708.7
1782734400000,1.0531,1.0658,1.0475,1.0549,27310283.8
1782738000000,1.0549,1.062,1.0436,1.0497,25729958.9
1782741600000,1.0497,1.0506,1.0392,1.0489,14765641.5
1782745200000,1.0489,1.0515,1.0404,1.0488,12520564.1
1782748800000,1.0488,1.0529,1.0423,1.0502,7417017.1
1782752400000,1.0502,1.0689,1.0501,1.0652,16192653.3
1782756000000,1.0652,1.0688,1.0622,1.0644,9898639.4
1782759600000,1.0644,1.0762,1.0631,1.0746,15388067.0
1782763200000,1.0746,1.0748,1.0623,1.063,8931809.9
1782766800000,1.063,1.0654,1.0593,1.0641,7262334.9
1782770400000,1.0641,1.065,1.0586,1.0589,3475519.9
1782774000000,1.0589,1.0593,1.0548,1.0582,4018976.3
1782777600000,1.0582,1.0585,1.0477,1.0481,9292594.2
1782781200000,1.0481,1.0516,1.0467,1.0495,5055790.6
1782784800000,1.0495,1.052,1.0454,1.0499,4178202.3
1782788400000,1.0499,1.0523,1.0431,1.0447,12092142.6
1782792000000,1.0447,1.0473,1.042,1.0456,4104005.3
1782795600000,1.0456,1.049,1.0445,1.0488,3114005.8
1782799200000,1.0488,1.0506,1.047,1.0491,3095705.9
1782802800000,1.0491,1.0499,1.046,1.0468,3173142.5
1782806400000,1.0468,1.0476,1.0403,1.0441,8205932.7
1782810000000,1.0441,1.0455,1.0415,1.0434,3036927.5
1782813600000,1.0434,1.0438,1.0409,1.0415,2627740.4
1782817200000,1.0415,1.0431,1.0365,1.0385,8923507.2
1782820800000,1.0385,1.0385,1.027,1.0273,26637974.8
1782824400000,1.0273,1.0356,1.0269,1.0349,14448187.3
1782828000000,1.0349,1.0447,1.0323,1.0339,15128403.9
1782831600000,1.0339,1.041,1.0289,1.0335,19175958.3
1782835200000,1.0335,1.0437,1.0318,1.0409,10579435.3
1782838800000,1.0409,1.0441,1.0373,1.0382,4794619.7
1782842400000,1.0382,1.0475,1.0372,1.0428,5304968.0
1782846000000,1.0428,1.0495,1.0382,1.0446,7854874.6
1782849600000,1.0446,1.0463,1.0405,1.0414,3254307.6
1782853200000,1.0414,1.0423,1.0381,1.041,4791795.2
1782856800000,1.041,1.0439,1.0383,1.0401,2576989.5
1782860400000,1.0401,1.0404,1.0377,1.0395,1532105.1
1782864000000,1.0395,1.0409,1.0347,1.0367,6388009.2
1782867600000,1.0367,1.0428,1.0211,1.0408,23396418.7
1782871200000,1.0408,1.0473,1.0377,1.0455,6812443.9
1782874800000,1.0455,1.0525,1.0417,1.0503,7138124.6
1782878400000,1.0503,1.0539,1.0482,1.0508,3206951.5
1782882000000,1.0508,1.0527,1.0479,1.0502,2793326.1
1782885600000,1.0502,1.0503,1.0386,1.0416,19571274.2
1782889200000,1.0416,1.0436,1.0385,1.0433,4106302.0
1782892800000,1.0433,1.0473,1.0375,1.0471,4564107.3
1782896400000,1.0471,1.0486,1.0439,1.0453,5292403.7
1782900000000,1.0453,1.046,1.0389,1.0397,3412217.5
1782903600000,1.0397,1.0421,1.0354,1.038,10779713.7
1782907200000,1.038,1.0394,1.033,1.0364,8482042.0
1782910800000,1.0364,1.0489,1.0357,1.0487,23696317.2
1782914400000,1.0487,1.0607,1.0461,1.0515,26804724.8
1782918000000,1.0515,1.0655,1.051,1.0601,14506317.3
1782921600000,1.0601,1.0645,1.0551,1.0568,7463262.4
1782925200000,1.0568,1.0623,1.0542,1.0614,4170653.9
1782928800000,1.0614,1.0637,1.0575,1.0597,3577301.4
1782932400000,1.0597,1.065,1.0583,1.0609,5339106.1
1782936000000,1.0609,1.061,1.0554,1.0577,4224028.7
1782939600000,1.0577,1.0692,1.0573,1.066,7575288.6
1782943200000,1.066,1.0734,1.0596,1.0608,10556268.3
1782946800000,1.0608,1.0609,1.0513,1.0524,9431241.8
1782950400000,1.0524,1.0525,1.0441,1.0473,6884732.0
1782954000000,1.0473,1.0595,1.0463,1.0568,5097107.6
1782957600000,1.0568,1.0607,1.0542,1.0593,2726425.5
1782961200000,1.0593,1.0697,1.0557,1.0672,9957179.8
1782964800000,1.0672,1.0674,1.0611,1.0641,3292904.8
1782968400000,1.0641,1.0661,1.058,1.0593,5268186.8
1782972000000,1.0593,1.0613,1.0551,1.0559,5661006.9
1782975600000,1.0559,1.0593,1.0551,1.0579,3077870.5
1782979200000,1.0579,1.0643,1.0579,1.0636,4787624.6
1782982800000,1.0636,1.0814,1.0616,1.0731,20102251.7
1782986400000,1.0731,1.0818,1.0719,1.0811,10197071.2
1782990000000,1.0811,1.0856,1.0763,1.0836,11760736.0
1782993600000,1.0836,1.097,1.0827,1.0923,22799029.3
1782997200000,1.0923,1.1119,1.0913,1.1037,26236591.9
1783000800000,1.1037,1.1073,1.0876,1.0915,21824716.6
1783004400000,1.0915,1.096,1.0857,1.0931,7617440.9
1783008000000,1.0931,1.0958,1.086,1.0903,8632603.3
1783011600000,1.0903,1.0935,1.0874,1.0877,6747190.5
1783015200000,1.0877,1.0911,1.0866,1.0887,4440355.8
1783018800000,1.0887,1.089,1.0828,1.0847,5834016.4
1783022400000,1.0847,1.085,1.0807,1.0825,7989728.1
1783026000000,1.0825,1.0838,1.0782,1.0809,3540690.9
1783029600000,1.0809,1.0842,1.0781,1.0832,3885888.5
1783033200000,1.0832,1.0876,1.0814,1.0874,4413391.2
1783036800000,1.0874,1.0878,1.0819,1.0833,4001301.2
1783040400000,1.0833,1.095,1.0827,1.0933,5827315.4
1783044000000,1.0933,1.0945,1.0863,1.0908,5068745.2
1783047600000,1.0908,1.0922,1.0858,1.0899,3815425.6
1783051200000,1.0899,1.0936,1.088,1.092,3648164.1
1783054800000,1.092,1.101,1.091,1.0994,6197235.4
1783058400000,1.0994,1.1062,1.0987,1.1004,5933082.6
1783062000000,1.1004,1.1045,1.097,1.1021,6478055.0
1783065600000,1.1021,1.1069,1.0985,1.0995,6616849.7
1783069200000,1.0995,1.1039,1.0978,1.1007,2969277.2
1783072800000,1.1007,1.1125,1.0988,1.1086,13557555.4
1783076400000,1.1086,1.1118,1.106,1.1096,8073838.6
1783080000000,1.1096,1.1135,1.1028,1.1073,7934469.3
1783083600000,1.1073,1.1152,1.1072,1.1109,9106860.2
1783087200000,1.1109,1.1136,1.105,1.1117,9093354.1
1783090800000,1.1117,1.1234,1.1115,1.1197,13558902.6
1783094400000,1.1197,1.1212,1.1136,1.1147,9184990.3
1783098000000,1.1147,1.1241,1.114,1.1228,6552389.3
1783101600000,1.1228,1.1291,1.12,1.1265,7180876.4
1783105200000,1.1265,1.1449,1.1256,1.1313,22728017.4
1783108800000,1.1313,1.1437,1.1274,1.1389,19838022.2
1783112400000,1.1389,1.141,1.1258,1.1328,8844897.0
1783116000000,1.1328,1.135,1.1272,1.1297,4254666.2
1783119600000,1.1297,1.1374,1.1281,1.1342,6920055.1
1783123200000,1.1342,1.1427,1.1331,1.1409,8883080.4
1783126800000,1.1409,1.1409,1.1307,1.1327,9847562.4
1783130400000,1.1327,1.1385,1.1315,1.135,4403461.8
1783134000000,1.135,1.1409,1.1315,1.1374,5137140.1
1783137600000,1.1374,1.1494,1.136,1.1474,14115443.3
1783141200000,1.1474,1.1474,1.1371,1.1387,9957610.0
1783144800000,1.1387,1.1464,1.133,1.1372,11041626.9
1783148400000,1.1372,1.143,1.1325,1.1391,13932088.3
1783152000000,1.1391,1.1489,1.139,1.1413,14063420.1
1783155600000,1.1413,1.1437,1.1344,1.1366,9390248.4
1783159200000,1.1366,1.142,1.1349,1.1409,5691499.5
1783162800000,1.1409,1.144,1.1376,1.1397,7535953.8
1783166400000,1.1397,1.1543,1.1396,1.1473,16493119.2
1783170000000,1.1473,1.1609,1.1469,1.1521,18584919.1
1783173600000,1.1521,1.174,1.152,1.173,33769368.3
1783177200000,1.173,1.1805,1.1665,1.1718,25941229.6
1783180800000,1.1718,1.1772,1.1629,1.1735,15900707.6
1783184400000,1.1735,1.1838,1.1673,1.1806,17236409.8
1783188000000,1.1806,1.182,1.1728,1.1742,7619110.7
1783191600000,1.1742,1.1778,1.1659,1.1677,9375609.3
1783195200000,1.1677,1.1695,1.1589,1.1622,10586302.1
1783198800000,1.1622,1.1679,1.1611,1.1655,5153589.3
1783202400000,1.1655,1.1663,1.1597,1.1616,4633386.4
1783206000000,1.1616,1.1619,1.1535,1.157,13600407.8
1783209600000,1.157,1.157,1.1466,1.1491,15597593.4
1783213200000,1.1491,1.1507,1.1418,1.1449,11481574.7
1783216800000,1.1449,1.1451,1.1332,1.137,13095886.8
1783220400000,1.137,1.1404,1.1348,1.1379,10454615.1
1783224000000,1.1379,1.1417,1.1361,1.1374,7677764.7
1783227600000,1.1374,1.1374,1.1322,1.1358,5924816.2
1783231200000,1.1358,1.1387,1.1333,1.1376,3975508.7
1783234800000,1.1376,1.1403,1.1347,1.1392,5934641.1
1783238400000,1.1392,1.1408,1.1366,1.1378,5499490.2
1783242000000,1.1378,1.1386,1.1252,1.1271,19579470.2
1783245600000,1.1271,1.1296,1.1243,1.1288,7283106.6
1783249200000,1.1288,1.1327,1.1273,1.1313,5490550.8
1783252800000,1.1313,1.1361,1.1279,1.135,8027943.7
1783256400000,1.135,1.1364,1.1301,1.1348,5263661.4
1783260000000,1.1348,1.1373,1.1328,1.1364,3908143.7
1783263600000,1.1364,1.1407,1.134,1.1362,11344526.6
1783267200000,1.1362,1.1383,1.1335,1.1343,3851367.7
1783270800000,1.1343,1.1384,1.1314,1.134,5751014.1
1783274400000,1.134,1.1397,1.1339,1.1353,3245383.4
1783278000000,1.1353,1.1375,1.1329,1.1345,4352553.6
1783281600000,1.1345,1.1376,1.1338,1.1367,3142453.1
1783285200000,1.1367,1.1481,1.1343,1.1437,11666520.3
1783288800000,1.1437,1.1616,1.1417,1.1573,18806488.8
1783292400000,1.1573,1.1691,1.1547,1.1567,13166208.9
1783296000000,1.1567,1.1581,1.1452,1.1555,10064160.5
1783299600000,1.1555,1.1609,1.1515,1.1519,9334698.7
1783303200000,1.1519,1.1538,1.1457,1.1481,7720581.0
1783306800000,1.1481,1.15,1.1401,1.1468,11079124.5
1783310400000,1.1468,1.1483,1.1437,1.1453,3622092.9
1783314000000,1.1453,1.1454,1.1359,1.1402,13478998.8
1783317600000,1.1402,1.1409,1.1361,1.1374,5031361.6
1783321200000,1.1374,1.1465,1.1357,1.1453,6749131.2
1783324800000,1.1453,1.1509,1.1392,1.1418,9064873.5
1783328400000,1.1418,1.142,1.1334,1.1357,7205402.2
1783332000000,1.1357,1.1442,1.1354,1.142,6671615.5
1783335600000,1.142,1.1434,1.1341,1.1343,7715626.6
1783339200000,1.1343,1.1348,1.1134,1.1147,35005999.4
1783342800000,1.1147,1.1222,1.1088,1.1152,24853474.9
1783346400000,1.1152,1.1264,1.1131,1.123,12239396.4
1783350000000,1.123,1.1448,1.1229,1.1439,19303945.3
1783353600000,1.1439,1.1539,1.1391,1.1529,18252850.4
1783357200000,1.1529,1.1585,1.1458,1.1463,13934699.5
1783360800000,1.1463,1.1501,1.1406,1.1477,9341164.2
1783364400000,1.1477,1.1524,1.1445,1.1486,8627723.8
1783368000000,1.1486,1.1486,1.1415,1.1434,6475776.0
1783371600000,1.1434,1.1643,1.1429,1.1531,16724334.6
1783375200000,1.1531,1.1542,1.1462,1.1472,4432591.4
1783378800000,1.1472,1.1498,1.1434,1.1447,4123736.9
1783382400000,1.1447,1.1509,1.1441,1.148,6468810.6
1783386000000,1.148,1.148,1.1387,1.1405,7056519.5
1783389600000,1.1405,1.1415,1.1292,1.1304,11949747.1
1783393200000,1.1304,1.134,1.1267,1.1285,12018065.5
1783396800000,1.1285,1.1289,1.1227,1.1248,8842844.5
1783400400000,1.1248,1.1287,1.1205,1.1269,10190675.1
1783404000000,1.1269,1.1326,1.1241,1.1318,6305937.0
1783407600000,1.1318,1.1344,1.126,1.1261,7205781.1
1783411200000,1.1261,1.1275,1.1235,1.1243,4560796.8
1783414800000,1.1243,1.1267,1.1235,1.1263,3363273.2
1783418400000,1.1263,1.1297,1.1219,1.1231,8766757.9
1783422000000,1.1231,1.125,1.1195,1.1245,7775196.3
1783425600000,1.1245,1.1317,1.1241,1.1261,7981908.3
1783429200000,1.1261,1.1272,1.1186,1.1203,16803131.6
1783432800000,1.1203,1.1253,1.1077,1.1245,30241049.5
1783436400000,1.1245,1.1322,1.12,1.1299,9554237.2
1783440000000,1.1299,1.1349,1.1242,1.1288,9921357.1
1783443600000,1.1288,1.132,1.1257,1.1319,4750940.0
1783447200000,1.1319,1.132,1.1186,1.1189,15348449.7
1783450800000,1.1189,1.1251,1.1127,1.1221,12988776.2
1783454400000,1.1221,1.1226,1.1166,1.1182,5177789.2
1783458000000,1.1182,1.1211,1.1114,1.113,5348469.9
1783461600000,1.113,1.1165,1.1051,1.115,14955037.2
1783465200000,1.115,1.1186,1.1106,1.1113,7813375.5
1783468800000,1.1113,1.116,1.1092,1.1133,8011414.7
1783472400000,1.1133,1.1151,1.0971,1.0983,20851944.9
1783476000000,1.0983,1.1012,1.0895,1.0998,19354804.2
1783479600000,1.0998,1.1036,1.0934,1.0949,6237516.3
1783483200000,1.0949,1.0967,1.0912,1.0943,6082542.3
1783486800000,1.0943,1.0958,1.0887,1.091,5772119.5
1783490400000,1.091,1.0921,1.0858,1.0909,9080081.6
1783494000000,1.0909,1.0947,1.0875,1.0935,5588199.3
1783497600000,1.0935,1.0946,1.0735,1.0799,44897666.5
1783501200000,1.0799,1.0818,1.0752,1.0788,8555192.1
1783504800000,1.0788,1.084,1.0764,1.0833,11193645.4
1783508400000,1.0833,1.0885,1.0798,1.0863,8449062.0
1783512000000,1.0863,1.0881,1.0815,1.0816,6235332.5
1783515600000,1.0816,1.0872,1.0771,1.081,22294425.7
1783519200000,1.081,1.0842,1.0736,1.0777,12204789.5
1783522800000,1.0777,1.0781,1.0687,1.0732,11254979.8
1783526400000,1.0732,1.0837,1.0728,1.0836,9444686.2
1783530000000,1.0836,1.0949,1.0832,1.086,11029367.2
1783533600000,1.086,1.0902,1.0826,1.0873,8311896.4
1783537200000,1.0873,1.0955,1.0845,1.0907,8270480.3
1783540800000,1.0907,1.0924,1.0871,1.0882,7243813.0
1783544400000,1.0882,1.0907,1.0835,1.0905,5957749.9
1783548000000,1.0905,1.0927,1.0888,1.0924,3627190.2
1783551600000,1.0924,1.0924,1.0871,1.0903,5421102.2
1783555200000,1.0903,1.0912,1.0866,1.0876,3818278.5
1783558800000,1.0876,1.0987,1.0822,1.0828,12462984.3
1783562400000,1.0828,1.0899,1.0819,1.0839,4282972.1
1783566000000,1.0839,1.0891,1.0823,1.0872,4311135.2
1783569600000,1.0872,1.0943,1.0845,1.0937,3749411.3
1783573200000,1.0937,1.0998,1.0909,1.0989,5693107.7
1783576800000,1.0989,1.1019,1.0959,1.0996,7158066.9
1783580400000,1.0996,1.1023,1.0943,1.0975,5600831.4
1783584000000,1.0975,1.0986,1.0943,1.0949,4387311.0
1783587600000,1.0949,1.095,1.091,1.0939,4399830.2
1783591200000,1.0939,1.0964,1.0896,1.0917,5467255.0
1783594800000,1.0917,1.0936,1.0901,1.093,4416097.4
1783598400000,1.093,1.0968,1.0902,1.0935,12871618.3
1783602000000,1.0935,1.1014,1.0923,1.0987,7234289.8
1783605600000,1.0987,1.1005,1.0905,1.0934,7300262.6
1783609200000,1.0934,1.0965,1.0886,1.0895,7964201.0
1783612800000,1.0895,1.0917,1.0859,1.0882,6345367.7
1783616400000,1.0882,1.0977,1.0882,1.0958,4883119.9
1783620000000,1.0958,1.1001,1.0926,1.0945,7859847.3
1783623600000,1.0945,1.0981,1.0915,1.0971,4063567.4
1783627200000,1.0971,1.0993,1.0948,1.0969,2460323.7
1783630800000,1.0969,1.098,1.0964,1.0973,1839766.2
1783634400000,1.0973,1.0981,1.0951,1.0956,1964306.6
1783638000000,1.0956,1.0958,1.0918,1.0929,3658204.5
1783641600000,1.0929,1.0933,1.088,1.0916,6166848.8
1783645200000,1.0916,1.1084,1.0895,1.1042,12438303.2
1783648800000,1.1042,1.1093,1.1012,1.1071,7699842.0
1783652400000,1.1071,1.1088,1.1032,1.1064,2366394.7
1783656000000,1.1064,1.1119,1.1055,1.109,4598100.9
1783659600000,1.109,1.1101,1.1069,1.1092,1917694.9
1783663200000,1.1092,1.1101,1.1042,1.1052,4806200.5
1783666800000,1.1052,1.1074,1.1029,1.1051,4274847.9
1783670400000,1.1051,1.115,1.1041,1.1117,9977480.3
1783674000000,1.1117,1.1177,1.1093,1.115,6984463.5
1783677600000,1.115,1.1173,1.1122,1.1135,6504420.1
1783681200000,1.1135,1.1151,1.1082,1.1118,8367407.8
1783684800000,1.1118,1.114,1.1068,1.1068,9182872.1
1783688400000,1.1068,1.1123,1.1057,1.1097,7188316.4
1783692000000,1.1097,1.11,1.0956,1.1006,28703935.0
1783695600000,1.1006,1.1054,1.0997,1.1031,4429331.7
1783699200000,1.1031,1.1056,1.0989,1.1047,5155435.1
1783702800000,1.1047,1.1056,1.1002,1.1004,3078359.1
1783706400000,1.1004,1.1044,1.0968,1.0991,4090847.1
1783710000000,1.0991,1.1064,1.0978,1.1047,5244030.2
1783713600000,1.1047,1.1059,1.1025,1.1036,3459391.9
1783717200000,1.1036,1.1064,1.1021,1.1043,3584892.6
1783720800000,1.1043,1.1058,1.1031,1.105,1537346.5
1783724400000,1.105,1.1051,1.1025,1.1042,1903391.1
1783728000000,1.1042,1.1051,1.1012,1.1047,2252759.0
1783731600000,1.1047,1.1077,1.1023,1.1025,3163776.0
1783735200000,1.1025,1.1061,1.1019,1.1058,2269585.9
1783738800000,1.1058,1.1091,1.105,1.1071,3728940.4
1783742400000,1.1071,1.1072,1.103,1.104,3396245.6
1783746000000,1.104,1.107,1.1031,1.106,2226431.7
1783749600000,1.106,1.1088,1.1048,1.107,3598785.7
1783753200000,1.107,1.1087,1.1065,1.107,2134226.8
1783756800000,1.107,1.1082,1.105,1.1079,3037454.6
1783760400000,1.1079,1.1101,1.1058,1.1059,4953480.4
1783764000000,1.1059,1.1087,1.1054,1.1083,2804568.1
1783767600000,1.1083,1.1094,1.1071,1.1077,4925688.3
1783771200000,1.1077,1.1087,1.1067,1.108,4137704.1
1783774800000,1.108,1.1117,1.1075,1.1082,3167308.0
1783778400000,1.1082,1.1152,1.1081,1.1133,9576699.4
1783782000000,1.1133,1.1177,1.1088,1.1128,15521934.0
1783785600000,1.1128,1.1156,1.1104,1.1122,4510910.7
1783789200000,1.1122,1.1164,1.1108,1.1142,2811632.1
1783792800000,1.1142,1.1178,1.1132,1.1165,2763953.6
1783796400000,1.1165,1.1189,1.1136,1.1149,4574001.6
1783800000000,1.1149,1.1156,1.1134,1.1137,1765676.3
1783803600000,1.1137,1.1162,1.1133,1.1142,2048154.7
1783807200000,1.1142,1.1145,1.1069,1.1085,5454067.8
1783810800000,1.1085,1.1089,1.0961,1.0962,15985069.7
1783814400000,1.0962,1.0983,1.0887,1.0927,22555656.1
1783818000000,1.0927,1.0982,1.092,1.0981,9854925.0
1783821600000,1.0981,1.0982,1.0942,1.0955,2741291.4
1783825200000,1.0955,1.0991,1.0948,1.0991,2919904.0
1783828800000,1.0991,1.0995,1.0936,1.0949,4662173.1
1783832400000,1.0949,1.0959,1.0931,1.0939,3776320.2
1783836000000,1.0939,1.0939,1.0861,1.0909,14647753.5
1783839600000,1.0909,1.093,1.0897,1.0908,4067063.8
1783843200000,1.0908,1.0943,1.0903,1.0932,3048324.6
1783846800000,1.0932,1.0971,1.09,1.0943,7350619.1
1783850400000,1.0943,1.0956,1.0932,1.0943,2598198.8
1783854000000,1.0943,1.0982,1.0922,1.0959,3245040.0
1783857600000,1.0959,1.0996,1.0953,1.0986,3282534.2
1783861200000,1.0986,1.101,1.0967,1.0978,3709188.6
1783864800000,1.0978,1.1037,1.0958,1.1012,5511101.5
1783868400000,1.1012,1.1032,1.0993,1.1015,4759599.3
1783872000000,1.1015,1.1035,1.0994,1.1013,2986260.0
1783875600000,1.1013,1.1019,1.0965,1.098,4157571.4
1783879200000,1.098,1.1008,1.0968,1.1003,1939004.9
1783882800000,1.1003,1.1011,1.0977,1.0999,1188807.7
1783886400000,1.0999,1.1006,1.0981,1.0988,2135021.6
1783890000000,1.0988,1.1006,1.0927,1.0938,5981441.5
1783893600000,1.0938,1.0938,1.0804,1.0857,28914956.2
1783897200000,1.0857,1.0868,1.083,1.0853,3538647.4
1783900800000,1.0853,1.1022,1.0831,1.0924,20364004.1
1783904400000,1.0924,1.0933,1.079,1.0803,13328223.6
1783908000000,1.0803,1.0829,1.076,1.0792,11947173.8
1783911600000,1.0792,1.0792,1.0666,1.0716,15085496.3
1783915200000,1.0716,1.0751,1.0699,1.072,4298184.6
1783918800000,1.072,1.0784,1.0695,1.0754,7029848.9
1783922400000,1.0754,1.0775,1.0743,1.0773,3406454.8
1783926000000,1.0773,1.081,1.076,1.0791,4519558.7
1783929600000,1.0791,1.0825,1.0779,1.0793,3156525.0
1783933200000,1.0793,1.08,1.0779,1.0779,2426204.3
1783936800000,1.0779,1.0788,1.0752,1.0767,4213774.9
1783940400000,1.0767,1.0806,1.0765,1.0767,3107685.1
1783944000000,1.0767,1.078,1.0695,1.073,8557475.8
1783947600000,1.073,1.0732,1.0651,1.0682,10816900.1
1783951200000,1.0682,1.0778,1.0663,1.0769,11035386.2
1783954800000,1.0769,1.0797,1.0716,1.072,5082812.1
1783958400000,1.072,1.074,1.0659,1.0681,5991823.7
1783962000000,1.0681,1.0701,1.0582,1.0586,9829037.8
1783965600000,1.0586,1.0625,1.0563,1.061,9345499.5
1783969200000,1.061,1.0702,1.0601,1.0668,8364321.3
1783972800000,1.0668,1.0676,1.0582,1.0619,7152801.5
1783976400000,1.0619,1.062,1.0525,1.0588,11455941.3
1783980000000,1.0588,1.0626,1.0579,1.0579,5868860.0
1783983600000,1.0579,1.0667,1.0569,1.0666,9259459.4
1783987200000,1.0666,1.0698,1.0639,1.0687,6604966.1
1783990800000,1.0687,1.0703,1.0645,1.0646,3770763.4
1783994400000,1.0646,1.0669,1.0621,1.0653,4337812.3
1783998000000,1.0653,1.0668,1.0605,1.0656,3414886.2
1784001600000,1.0656,1.0686,1.0637,1.0677,2365843.0
1784005200000,1.0677,1.0728,1.067,1.0709,4477725.6
1784008800000,1.0709,1.0711,1.0686,1.0691,3037169.4
1784012400000,1.0691,1.0711,1.0667,1.0683,3185370.0
1784016000000,1.0683,1.0709,1.0671,1.0682,2198617.5
1784019600000,1.0682,1.07,1.067,1.0678,1454155.7
1784023200000,1.0678,1.0717,1.067,1.0706,2652457.6
1784026800000,1.0706,1.0724,1.0688,1.0718,3059980.3
1784030400000,1.0718,1.0907,1.0695,1.0887,37008307.9
1784034000000,1.0887,1.1049,1.0846,1.0988,41065802.5
1784037600000,1.0988,1.1044,1.0947,1.1026,13496175.5
1784041200000,1.1026,1.1109,1.1005,1.1042,17169711.1
1784044800000,1.1042,1.1083,1.1024,1.1044,7587706.0
1784048400000,1.1044,1.1048,1.0977,1.1038,9299783.8
1784052000000,1.1038,1.1132,1.1028,1.1119,13407799.4
1784055600000,1.1119,1.1206,1.1106,1.1148,20108994.4
1784059200000,1.1148,1.1154,1.1091,1.11,6310023.3
1784062800000,1.11,1.111,1.1064,1.1075,6504157.2
1784066400000,1.1075,1.1136,1.1046,1.1098,8215403.4
1784070000000,1.1098,1.1123,1.1084,1.1112,2769664.1
1784073600000,1.1112,1.1119,1.1064,1.1078,4947040.8
1784077200000,1.1078,1.1081,1.1018,1.1029,7112928.6
1784080800000,1.1029,1.1037,1.0982,1.099,5291485.7
1784084400000,1.099,1.1047,1.0989,1.1036,4006515.6
1784088000000,1.1036,1.1059,1.1007,1.1026,3512604.7
1784091600000,1.1026,1.1065,1.0991,1.1061,4328882.1
1784095200000,1.1061,1.1132,1.1051,1.1069,10109989.6
1784098800000,1.1069,1.1074,1.1011,1.1032,3437134.5
1784102400000,1.1032,1.1086,1.1025,1.1074,5357913.3
1784106000000,1.1074,1.1123,1.1071,1.1085,5589293.0
1784109600000,1.1085,1.1098,1.1058,1.108,4038045.1
1784113200000,1.108,1.1089,1.1066,1.1079,3284324.3
1784116800000,1.1079,1.1215,1.1052,1.1206,18578346.1
1784120400000,1.1206,1.129,1.1173,1.1215,28955414.8
1784124000000,1.1215,1.1301,1.118,1.1253,17987313.5
1784127600000,1.1253,1.1283,1.1203,1.1258,10492632.3
1784131200000,1.1258,1.1266,1.1074,1.1134,22883504.9
1784134800000,1.1134,1.1191,1.1106,1.117,9290003.6
1784138400000,1.117,1.1209,1.1112,1.1121,6288490.1
1784142000000,1.1121,1.1143,1.1082,1.1092,7384397.9
1784145600000,1.1092,1.1134,1.1077,1.1108,3892248.3
1784149200000,1.1108,1.1159,1.1099,1.115,7924998.5
1784152800000,1.115,1.1184,1.1141,1.1155,4166939.3
1784156400000,1.1155,1.1164,1.1116,1.1128,3107507.6
1784160000000,1.1128,1.1158,1.1078,1.11,6459140.4
1784163600000,1.11,1.1142,1.1054,1.1134,6189298.5
1784167200000,1.1134,1.1167,1.1112,1.1165,3297037.0
1784170800000,1.1165,1.1172,1.1112,1.1125,3082232.8
1784174400000,1.1125,1.1135,1.1102,1.1133,2255799.4
1784178000000,1.1133,1.1174,1.1128,1.1154,3507113.1
1784181600000,1.1154,1.1176,1.1115,1.1136,4027351.2
1784185200000,1.1136,1.1148,1.1031,1.1057,10699756.8
1784188800000,1.1057,1.1097,1.0994,1.1063,23317320.7
1784192400000,1.1063,1.1076,1.1044,1.1047,5224794.7
1784196000000,1.1047,1.109,1.104,1.1082,2691890.4
1784199600000,1.1082,1.1089,1.1049,1.1081,5177049.3
1784203200000,1.1081,1.1104,1.0996,1.1012,11499148.1
1784206800000,1.1012,1.1119,1.101,1.1097,11193033.3
1784210400000,1.1097,1.116,1.1072,1.1113,19369748.4
1784214000000,1.1113,1.1179,1.1055,1.1141,8016999.2
1784217600000,1.1141,1.1145,1.107,1.1086,4866219.2
1784221200000,1.1086,1.1087,1.0852,1.0939,58052541.9
1784224800000,1.0939,1.0952,1.0874,1.0925,14172472.3
1784228400000,1.0925,1.0987,1.0922,1.0965,8423698.7
1784232000000,1.0965,1.0976,1.0945,1.0969,4707373.9
1784235600000,1.0969,1.0983,1.0943,1.0973,5331325.8
1784239200000,1.0973,1.0983,1.0889,1.0897,5659672.9
1784242800000,1.0897,1.0907,1.0845,1.0864,6596147.5
1784246400000,1.0864,1.0913,1.0826,1.0913,7813157.9
1784250000000,1.0913,1.0952,1.0851,1.0873,6124688.6
1784253600000,1.0873,1.0904,1.0853,1.0874,3904894.8
1784257200000,1.0874,1.0942,1.0874,1.0918,4815468.7
1784260800000,1.0918,1.0921,1.087,1.0897,6534475.4
1784264400000,1.0897,1.09,1.0782,1.0799,12588378.8
1784268000000,1.0799,1.0873,1.0787,1.0867,5843261.6
1784271600000,1.0867,1.0868,1.0817,1.0832,4098563.8
1784275200000,1.0832,1.0855,1.0787,1.0842,3403724.4
1784278800000,1.0842,1.0877,1.0838,1.0844,3161483.7
1784282400000,1.0844,1.0876,1.0844,1.0859,4176609.9
1784286000000,1.0859,1.0865,1.0831,1.0841,5772149.0
1784289600000,1.0841,1.0841,1.0773,1.0775,6799538.3
1784293200000,1.0775,1.08,1.069,1.0798,20895184.1
1784296800000,1.0798,1.0863,1.0797,1.082,11725267.3
1784300400000,1.082,1.0828,1.0733,1.0827,11917847.0
1784304000000,1.0827,1.0896,1.0808,1.0857,8073403.4
1784307600000,1.0857,1.0952,1.0857,1.0909,7851050.2
1784311200000,1.0909,1.0934,1.0873,1.0916,3260409.4
1784314800000,1.0916,1.0926,1.0848,1.0906,4431660.6
1784318400000,1.0906,1.0906,1.0858,1.0879,3245233.7
1784322000000,1.0879,1.0906,1.0872,1.0877,3484389.1
1784325600000,1.0877,1.0882,1.0863,1.0876,2311503.5
1784329200000,1.0876,1.0898,1.0862,1.0883,1218665.3
1784332800000,1.0883,1.0904,1.0869,1.0877,2347701.8
1784336400000,1.0877,1.0896,1.0866,1.0879,1922976.9
1784340000000,1.0879,1.0909,1.0875,1.0895,1435695.6
1784343600000,1.0895,1.0909,1.0884,1.0895,1471394.0
1784347200000,1.0895,1.0896,1.087,1.0874,1377424.5
1784350800000,1.0874,1.089,1.0862,1.0874,1533113.7
1784354400000,1.0874,1.0892,1.0862,1.0886,1813568.5
1784358000000,1.0886,1.0901,1.0872,1.0882,2077765.4
1784361600000,1.0882,1.0909,1.0871,1.0887,2534768.5
1784365200000,1.0887,1.089,1.0834,1.0857,4746136.5
1784368800000,1.0857,1.0874,1.0855,1.0864,2121736.9
1784372400000,1.0864,1.089,1.0857,1.0881,1783431.8
1784376000000,1.0881,1.0905,1.0853,1.0885,2401251.1
1784379600000,1.0885,1.0885,1.0825,1.0853,3365984.2
1784383200000,1.0853,1.0887,1.0844,1.0885,2673678.2
1784386800000,1.0885,1.089,1.0851,1.086,1769297.7
1784390400000,1.086,1.09,1.0859,1.0893,2280002.7
1784394000000,1.0893,1.0939,1.087,1.0929,4123008.3
1784397600000,1.0929,1.0955,1.0894,1.0902,3470816.3
1784401200000,1.0902,1.0933,1.0899,1.0928,2002045.6
1784404800000,1.0928,1.0964,1.092,1.0927,1694756.3
1784408400000,1.0927,1.0977,1.0914,1.0931,3671001.2
1784412000000,1.0931,1.0952,1.0911,1.0929,2418577.8
1784415600000,1.0929,1.0933,1.0908,1.0924,1767131.0
1784419200000,1.0924,1.094,1.0915,1.0939,1815428.7
1784422800000,1.0939,1.094,1.0921,1.0934,924586.2
1784426400000,1.0934,1.0994,1.0934,1.0964,3590695.6
1784430000000,1.0964,1.0972,1.0922,1.0944,2334645.4
1784433600000,1.0944,1.0979,1.0927,1.0959,1925758.4
1784437200000,1.0959,1.0973,1.0948,1.0959,979603.9
1784440800000,1.0959,1.0977,1.0949,1.0957,1231631.9
1784444400000,1.0957,1.097,1.0942,1.0948,1149391.3
1784448000000,1.0948,1.098,1.0945,1.0976,1409901.1
1784451600000,1.0976,1.0987,1.0941,1.0948,1700208.4
1784455200000,1.0948,1.099,1.0932,1.0973,2667165.8
1784458800000,1.0973,1.0989,1.0958,1.0964,1416029.6
1784462400000,1.0964,1.0966,1.0904,1.0949,4907871.6
1784466000000,1.0949,1.0953,1.0915,1.0936,2021812.3
1784469600000,1.0936,1.1013,1.0919,1.0981,7016522.7
1784473200000,1.0981,1.0988,1.0963,1.0972,2201094.3
1784476800000,1.0972,1.0978,1.0935,1.0936,2525015.5
1784480400000,1.0936,1.0961,1.088,1.0939,5710525.5
1784484000000,1.0939,1.094,1.0888,1.0921,5183705.9
1784487600000,1.0921,1.0943,1.0909,1.0942,1871268.9
1784491200000,1.0942,1.0974,1.0941,1.0963,3429080.9
1784494800000,1.0963,1.0967,1.0911,1.0924,2731124.7
1784498400000,1.0924,1.1013,1.0915,1.0972,6729415.5
1784502000000,1.0972,1.098,1.093,1.0972,3512962.6
1784505600000,1.0972,1.1056,1.0925,1.0956,10618572.4
1784509200000,1.0956,1.1081,1.0941,1.0961,8960906.7
1784512800000,1.0961,1.1032,1.0956,1.1006,4827207.2
1784516400000,1.1006,1.1016,1.0963,1.0994,2961398.5
1784520000000,1.0994,1.1,1.0944,1.0954,4385318.7
1784523600000,1.0954,1.0956,1.0856,1.0875,8201327.5
1784527200000,1.0875,1.089,1.0824,1.0849,6641044.5
1784530800000,1.0849,1.0905,1.0824,1.0897,3522807.9
1784534400000,1.0897,1.0914,1.0856,1.0877,5031971.0
1784538000000,1.0877,1.0927,1.0865,1.089,8054411.3
1784541600000,1.089,1.0956,1.089,1.0921,11668300.3
1784545200000,1.0921,1.1066,1.0912,1.1056,17425750.9
1784548800000,1.1056,1.1056,1.0976,1.0993,7843972.0
1784552400000,1.0993,1.1008,1.0887,1.0904,10562879.2
1784556000000,1.0904,1.0946,1.0856,1.0928,8864840.8
1784559600000,1.0928,1.1136,1.0927,1.1121,18417255.5
1784563200000,1.1121,1.1146,1.1097,1.1137,8616484.3
1784566800000,1.1137,1.1166,1.1102,1.1148,7098285.0
1784570400000,1.1148,1.1204,1.1132,1.1139,16019877.2
1784574000000,1.1139,1.118,1.1108,1.1163,8821152.5
1784577600000,1.1163,1.1166,1.1122,1.1143,4736839.1
1784581200000,1.1143,1.1183,1.1141,1.1146,3539141.2
1784584800000,1.1146,1.1148,1.1078,1.1093,6269445.8
1784588400000,1.1093,1.114,1.1091,1.1118,1680305.8
1784592000000,1.1118,1.1174,1.1107,1.1157,3504482.1
1784595600000,1.1157,1.1201,1.113,1.1133,3512241.5
1784599200000,1.1133,1.1214,1.1115,1.1186,2947975.7
1784602800000,1.1186,1.1259,1.1185,1.1239,6988634.5
1784606400000,1.1239,1.1284,1.121,1.1261,5529671.3
1784610000000,1.1261,1.1385,1.1251,1.1307,15682974.7
1784613600000,1.1307,1.1364,1.1283,1.1337,4795572.7
1784617200000,1.1337,1.1362,1.1309,1.1357,4147505.7
1784620800000,1.1357,1.1374,1.1322,1.1329,5638047.5
1784624400000,1.1329,1.1361,1.1306,1.1345,4337377.5
1784628000000,1.1345,1.1352,1.1291,1.1312,4378611.6
1784631600000,1.1312,1.1368,1.1292,1.1359,6567270.1
1784635200000,1.1359,1.1412,1.1339,1.1412,7304783.8
1784638800000,1.1412,1.1449,1.1377,1.1402,13860175.0
1784642400000,1.1402,1.1513,1.139,1.148,16246312.4
1784646000000,1.148,1.1563,1.1446,1.1542,12428254.1
1784649600000,1.1542,1.1581,1.1479,1.1504,10980040.1
1784653200000,1.1504,1.1613,1.1477,1.1573,17746515.2
1784656800000,1.1573,1.1637,1.1527,1.1577,11813110.3
1784660400000,1.1577,1.164,1.1527,1.1567,16287527.6
1784664000000,1.1567,1.157,1.1478,1.1483,8210614.5
1784667600000,1.1483,1.1483,1.1448,1.1464,6818650.5
1784671200000,1.1464,1.1465,1.1392,1.1417,12907088.3
1784674800000,1.1417,1.1434,1.1377,1.1432,4876304.3
1784678400000,1.1432,1.1475,1.1417,1.1453,6201613.8
1784682000000,1.1453,1.1459,1.1417,1.1439,3434529.6
1784685600000,1.1439,1.146,1.1405,1.141,3981244.7
1784689200000,1.141,1.1415,1.1379,1.1387,5495954.4
1784692800000,1.1387,1.1419,1.1382,1.1417,2963669.6
1784696400000,1.1417,1.1418,1.1328,1.133,12006542.7
1784700000000,1.133,1.1339,1.1289,1.1317,7940309.3
1784703600000,1.1317,1.1337,1.1281,1.1306,6477195.7
1784707200000,1.1306,1.1355,1.1304,1.1344,7550131.7
1784710800000,1.1344,1.1361,1.1317,1.1347,4453357.4
1784714400000,1.1347,1.139,1.1339,1.1384,4379592.4
1784718000000,1.1384,1.1402,1.1365,1.1384,6620359.2
1784721600000,1.1384,1.1385,1.1329,1.1363,6788233.1
1784725200000,1.1363,1.1433,1.1349,1.1423,8230854.5
1784728800000,1.1423,1.1493,1.1356,1.1417,11777706.0
1784732400000,1.1417,1.1554,1.1417,1.1509,11081029.3
1784736000000,1.1509,1.1569,1.1462,1.153,6487354.9
1784739600000,1.153,1.1534,1.1437,1.1473,4925741.9
1784743200000,1.1473,1.1482,1.1383,1.141,6403912.8
1784746800000,1.141,1.1422,1.1352,1.1367,5791833.1
1784750400000,1.1367,1.1386,1.1334,1.1376,5368693.2
1784754000000,1.1376,1.1418,1.1373,1.1418,3321657.1
1784757600000,1.1418,1.1422,1.138,1.1419,4239491.3
1784761200000,1.1419,1.1424,1.1355,1.1414,4265042.3
1784764800000,1.1414,1.1444,1.1393,1.1404,4151635.8
1784768400000,1.1404,1.1423,1.1372,1.139,3057066.3
1784772000000,1.139,1.139,1.1331,1.1375,5881287.9
1784775600000,1.1375,1.1377,1.1326,1.1329,6538810.8
1784779200000,1.1329,1.1368,1.1318,1.1354,15181530.3
1784782800000,1.1354,1.1371,1.1326,1.1338,11248092.1
1784786400000,1.1338,1.1366,1.1328,1.1362,2052361.7
1784790000000,1.1362,1.1362,1.1293,1.1332,10088299.3
1784793600000,1.1332,1.1368,1.132,1.1353,5941103.2
1784797200000,1.1353,1.1367,1.1321,1.1322,2403198.0
1784800800000,1.1322,1.136,1.1309,1.1342,3867340.3
1784804400000,1.1342,1.1357,1.131,1.132,3175406.2
1784808000000,1.132,1.1332,1.1186,1.1215,27192461.2
1784811600000,1.1215,1.1216,1.1106,1.111,27351484.9
1784815200000,1.111,1.1155,1.1077,1.1095,9958982.8
1784818800000,1.1095,1.1139,1.103,1.1121,24128582.2
1784822400000,1.1121,1.1122,1.1064,1.1079,12105551.3
1784826000000,1.1079,1.1098,1.0984,1.1023,14239146.7
1784829600000,1.1023,1.106,1.1017,1.1048,7839919.3
1784833200000,1.1048,1.1064,1.102,1.1037,4326733.2
1784836800000,1.1037,1.1124,1.1037,1.1124,7985152.7
1784840400000,1.1124,1.1135,1.1086,1.1099,5969188.9
1784844000000,1.1099,1.1127,1.1071,1.1115,2883997.3
1784847600000,1.1115,1.1121,1.1056,1.1072,3240557.5
1784851200000,1.1072,1.108,1.1028,1.107,8302668.3
1784854800000,1.107,1.1102,1.1063,1.1086,2742131.8
1784858400000,1.1086,1.1093,1.1042,1.1059,3539001.7
1784862000000,1.1059,1.1117,1.1053,1.1106,4775257.4
1784865600000,1.1106,1.1109,1.1057,1.1067,3669967.4
1784869200000,1.1067,1.1099,1.1055,1.1094,2251651.4
1784872800000,1.1094,1.1146,1.109,1.1131,5344960.7
1784876400000,1.1131,1.1212,1.1101,1.1136,13655107.9
1784880000000,1.1136,1.1143,1.1109,1.1112,2974949.0
1784883600000,1.1112,1.1119,1.1075,1.108,4837786.5
1784887200000,1.108,1.1084,1.1043,1.1067,3934808.2
1784890800000,1.1067,1.107,1.1011,1.1034,9596151.7
1784894400000,1.1034,1.1048,1.0992,1.0993,6501817.5
1784898000000,1.0993,1.0998,1.0885,1.0926,27708412.7
1784901600000,1.0926,1.0932,1.0859,1.0922,11286225.6
1784905200000,1.0922,1.0939,1.0879,1.0905,6540707.6
1784908800000,1.0905,1.0916,1.0848,1.086,6762325.0
1784912400000,1.086,1.0903,1.0851,1.0884,12920772.0
1784916000000,1.0884,1.0885,1.084,1.0867,5248735.4
1784919600000,1.0867,1.0898,1.0846,1.0885,4157161.7
1784923200000,1.0885,1.0911,1.0883,1.09,3524015.8
1784926800000,1.09,1.0908,1.0877,1.0883,3564791.9
1784930400000,1.0883,1.0921,1.088,1.0912,2003435.9
1784934000000,1.0912,1.0928,1.0901,1.0913,3593520.6
1784937600000,1.0913,1.0937,1.0909,1.0931,4555701.8
1784941200000,1.0931,1.0944,1.0917,1.093,2993937.2
1784944800000,1.093,1.0942,1.0911,1.0931,3288884.4
1784948400000,1.0931,1.0939,1.0908,1.091,2400545.1
1784952000000,1.091,1.0937,1.0908,1.0929,3053269.6
1784955600000,1.0929,1.0934,1.0895,1.0909,2017316.6
1784959200000,1.0909,1.0918,1.0861,1.089,5951133.6
1784962800000,1.089,1.0892,1.0866,1.0872,1977570.3
1784966400000,1.0872,1.0882,1.0845,1.0863,5970913.1
1784970000000,1.0863,1.089,1.0855,1.0879,2259304.7
1784973600000,1.0879,1.0903,1.0879,1.0902,2182696.3
1784977200000,1.0902,1.0909,1.0885,1.0892,3173927.4
1784980800000,1.0892,1.0904,1.0884,1.0904,2889591.8
1784984400000,1.0904,1.0927,1.0901,1.0908,2695767.1
1784988000000,1.0908,1.0933,1.0897,1.0927,3241592.6
1784991600000,1.0927,1.0998,1.0926,1.0979,7715604.8
1784995200000,1.0979,1.1029,1.0966,1.1021,4812036.8
1784998800000,1.1021,1.1074,1.1006,1.103,5565489.9
1785002400000,1.103,1.1054,1.1011,1.1023,3432712.5
1785006000000,1.1023,1.1028,1.0988,1.1,2547955.2
1785009600000,1.1,1.1007,1.0976,1.0981,3458686.7
1785013200000,1.0981,1.1002,1.0967,1.0988,4221098.3
1785016800000,1.0988,1.1006,1.0979,1.0999,1962998.1
1785020400000,1.0999,1.1005,1.0971,1.0973,1587279.5
1785024000000,1.0973,1.0999,1.0966,1.0994,2454671.5
1785027600000,1.0994,1.1003,1.0985,1.0993,2152469.3
1785031200000,1.0993,1.1004,1.0981,1.1,1566279.7
1785034800000,1.1,1.1016,1.099,1.1011,2297822.2
1785038400000,1.1011,1.104,1.0988,1.1013,3537572.6
1785042000000,1.1013,1.1014,1.0983,1.0989,2429930.3
1785045600000,1.0989,1.1001,1.0949,1.0998,6034237.9
1785049200000,1.0998,1.1006,1.0973,1.0984,2837138.4
1785052800000,1.0984,1.0993,1.0979,1.0992,1007943.0
1785056400000,1.0992,1.1007,1.0985,1.0993,1039469.2
1785060000000,1.0993,1.1011,1.0983,1.1003,2003708.3
1785063600000,1.1003,1.1006,1.0992,1.1,1167658.4
1785067200000,1.1,1.1025,1.0977,1.0981,3323621.7
1785070800000,1.0981,1.0985,1.0959,1.0973,3546289.2
1785074400000,1.0973,1.1012,1.0956,1.0993,4820603.2
1785078000000,1.0993,1.1046,1.0985,1.1039,5441410.0
1785081600000,1.1039,1.1066,1.1014,1.1026,3576952.1
1785085200000,1.1026,1.1027,1.1004,1.1014,2179953.3
1785088800000,1.1014,1.1026,1.1003,1.1026,1175430.1
1785092400000,1.1026,1.1027,1.1007,1.1018,688256.3
1785096000000,1.1018,1.102,1.1003,1.1005,1200358.7
1785099600000,1.1005,1.1052,1.0997,1.1033,2898032.8
1785103200000,1.1033,1.1134,1.1033,1.1121,9396808.2
1785106800000,1.1121,1.116,1.1097,1.1125,4433896.3
1785110400000,1.1125,1.1128,1.1074,1.1083,4149653.2
1785114000000,1.1083,1.1098,1.1018,1.1076,4735893.3
1785117600000,1.1076,1.1084,1.1046,1.1053,2634100.1
1785121200000,1.1053,1.1077,1.1035,1.1068,1691627.6
1785124800000,1.1068,1.1097,1.1052,1.106,2175991.0
1785128400000,1.106,1.1101,1.1055,1.1098,2310990.5
1785132000000,1.1098,1.1144,1.1094,1.1103,5455549.5
1785135600000,1.1103,1.1112,1.1061,1.1072,3000859.7
1785139200000,1.1072,1.1077,1.1049,1.1061,2761707.0
1785142800000,1.1061,1.1088,1.1036,1.1076,3351494.0
1785146400000,1.1076,1.1089,1.1065,1.1075,1594854.7
1785150000000,1.1075,1.1098,1.1033,1.1048,4929147.2
1785153600000,1.1048,1.107,1.0984,1.1045,10889106.4
1785157200000,1.1045,1.1136,1.1018,1.1071,9850846.6
1785160800000,1.1071,1.1079,1.0844,1.09,30459286.7
1785164400000,1.09,1.0913,1.0849,1.0857,5775484.2
1785168000000,1.0857,1.095,1.0851,1.0931,7435113.2
1785171600000,1.0931,1.0956,1.0896,1.0934,4665557.0
1785175200000,1.0934,1.0942,1.0859,1.0896,5203636.6
1785178800000,1.0896,1.0948,1.0878,1.0918,3821890.7
1785182400000,1.0918,1.0932,1.0883,1.0904,2078722.1
1785186000000,1.0904,1.0911,1.0853,1.086,3095600.1
1785189600000,1.086,1.0862,1.0652,1.0663,28681173.6
1785193200000,1.0663,1.0682,1.0622,1.0654,12482557.8
1785196800000,1.0654,1.0657,1.0576,1.0584,11923743.6
1785200400000,1.0584,1.0617,1.0535,1.0571,8875125.7
1785204000000,1.0571,1.0589,1.0552,1.0567,3767457.0
1785207600000,1.0567,1.0598,1.0564,1.0577,3185967.5
1785211200000,1.0577,1.0579,1.055,1.0559,3550965.6
1785214800000,1.0559,1.0603,1.0557,1.0572,4895866.1
1785218400000,1.0572,1.0598,1.0551,1.0593,4782557.3
1785222000000,1.0593,1.0599,1.0536,1.0552,6237135.0
1785225600000,1.0552,1.0568,1.0536,1.0559,5661587.9
1785229200000,1.0559,1.0594,1.0547,1.0557,4229329.0
1785232800000,1.0557,1.0568,1.0528,1.0549,5181390.1
1785236400000,1.0549,1.0553,1.0479,1.0489,16661001.3
1785240000000,1.0489,1.0539,1.0479,1.0534,6828317.2
1785243600000,1.0534,1.0554,1.0442,1.0502,16992182.3
1785247200000,1.0502,1.0551,1.0457,1.0535,6420667.2
1785250800000,1.0535,1.0671,1.0514,1.0647,14915349.9
1785254400000,1.0647,1.0661,1.0614,1.0634,4957784.2
1785258000000,1.0634,1.0634,1.0547,1.0575,5792990.6
1785261600000,1.0575,1.0599,1.0549,1.0574,2481742.4
1785265200000,1.0574,1.0625,1.0567,1.0606,4347211.0
1785268800000,1.0606,1.0631,1.0596,1.0628,5352150.1
1785272400000,1.0628,1.0691,1.0627,1.068,6316179.1
1785276000000,1.068,1.0699,1.0623,1.0625,5880917.9
1785279600000,1.0625,1.0692,1.0586,1.0684,8720397.4
1785283200000,1.0684,1.0797,1.0683,1.0785,10773593.9
1785286800000,1.0785,1.0805,1.0709,1.0712,5139946.4
1785290400000,1.0712,1.082,1.0695,1.0788,5541114.4
1785294000000,1.0788,1.0805,1.0704,1.0708,6423366.4
1785297600000,1.0708,1.0805,1.0674,1.0799,8223692.7
1785301200000,1.0799,1.0906,1.0799,1.0852,12840422.3
1785304800000,1.0852,1.0892,1.0822,1.0872,5051437.9
1785308400000,1.0872,1.09,1.0855,1.0897,5129317.2
1785312000000,1.0897,1.0908,1.0846,1.0866,16725091.0
1785315600000,1.0866,1.0933,1.0866,1.088,4138657.0
1785319200000,1.088,1.0896,1.086,1.0869,5770083.2
1785322800000,1.0869,1.0887,1.0835,1.0837,12658146.3
1785326400000,1.0837,1.0837,1.0743,1.0775,9569377.6
1785330000000,1.0775,1.078,1.0696,1.075,11521093.6
1785333600000,1.075,1.0761,1.0686,1.0716,7598370.8
1785337200000,1.0716,1.0731,1.0661,1.0675,5981994.9
1785340800000,1.0675,1.0721,1.0655,1.0694,18101094.0
1785344400000,1.0694,1.0798,1.0694,1.0797,6959217.4
1785348000000,1.0797,1.0918,1.0759,1.0866,25011040.4
1785351600000,1.0866,1.0896,1.0673,1.0691,10288554.8
1785355200000,1.0691,1.0704,1.0616,1.0655,14560087.0
1785358800000,1.0655,1.0795,1.0632,1.0744,16886343.2
1785362400000,1.0744,1.0792,1.0733,1.0741,5004865.9
1785366000000,1.0741,1.0752,1.0705,1.0735,5189163.7
1785369600000,1.0735,1.0769,1.0683,1.0704,4494487.3
1785373200000,1.0704,1.0809,1.0698,1.0779,5539888.2
1785376800000,1.0779,1.0802,1.0749,1.0752,3154157.5
1785380400000,1.0752,1.0778,1.0742,1.0751,2450776.1
1785384000000,1.0751,1.076,1.0727,1.0742,3071142.2
1785387600000,1.0742,1.0776,1.0722,1.076,2615022.2
1785391200000,1.076,1.0773,1.0722,1.0732,2827197.6
1785394800000,1.0732,1.0795,1.073,1.0763,4470703.4
1785398400000,1.0763,1.0803,1.0747,1.0781,4659448.0
1785402000000,1.0781,1.0824,1.078,1.0805,4490240.7
1785405600000,1.0805,1.0823,1.0774,1.0788,3147464.8
1785409200000,1.0788,1.0849,1.078,1.0833,4371051.4
1785412800000,1.0833,1.0854,1.0812,1.0829,6384055.3
1785416400000,1.0829,1.0887,1.0791,1.0849,17214878.4
1785420000000,1.0849,1.09,1.081,1.0867,8179284.1
1785423600000,1.0867,1.0949,1.085,1.0917,9170119.3
1785427200000,1.0917,1.0935,1.088,1.0895,3242841.2
1785430800000,1.0895,1.0925,1.0867,1.0904,3824179.1
1785434400000,1.0904,1.0921,1.0844,1.0851,4218503.4
1785438000000,1.0851,1.0905,1.0845,1.0893,4007502.1
1785441600000,1.0893,1.0916,1.0846,1.0849,4980186.5
1785445200000,1.0849,1.0865,1.0836,1.084,1881444.2
1785448800000,1.084,1.0884,1.083,1.0854,2476579.7
1785452400000,1.0854,1.0892,1.0814,1.082,11228942.8
1785456000000,1.082,1.0843,1.0806,1.0814,5454805.1
1785459600000,1.0814,1.0894,1.0783,1.0801,8164251.2
1785463200000,1.0801,1.082,1.0782,1.0801,3003775.6
1785466800000,1.0801,1.0823,1.0776,1.0811,3126716.6
1785470400000,1.0811,1.0823,1.0801,1.0812,2099981.5
1785474000000,1.0812,1.0827,1.0786,1.0798,1809999.4
1785477600000,1.0798,1.0838,1.0789,1.0798,3626243.2
1785481200000,1.0798,1.0798,1.0733,1.0789,8006825.6
1785484800000,1.0789,1.0797,1.075,1.0767,2929953.3
1785488400000,1.0767,1.077,1.0703,1.0714,4442524.1
1785492000000,1.0714,1.0742,1.0702,1.073,3026360.1
1785495600000,1.073,1.0753,1.0705,1.072,2655789.5
1785499200000,1.072,1.0724,1.069,1.0717,4675557.2
1785502800000,1.0717,1.0735,1.0652,1.0658,7668062.4
1785506400000,1.0658,1.0672,1.0562,1.0627,36384589.3
1785510000000,1.0627,1.0648,1.057,1.06,14142929.9
1785513600000,1.06,1.0633,1.0595,1.0629,2759350.8
1785517200000,1.0629,1.0705,1.0626,1.0691,3557184.6
1785520800000,1.0691,1.0701,1.0629,1.0647,2840267.0
1785524400000,1.0647,1.0659,1.0605,1.0613,4552547.2
1785528000000,1.0613,1.0643,1.061,1.0615,1816701.7
1785531600000,1.0615,1.0646,1.0585,1.0602,4572501.0
1785535200000,1.0602,1.0637,1.0589,1.0614,2629177.2
1785538800000,1.0614,1.063,1.0604,1.0612,1619126.9
1785542400000,1.0612,1.0633,1.0612,1.0624,1481100.6
1785546000000,1.0624,1.0647,1.0624,1.0645,1771836.6
1785549600000,1.0645,1.066,1.0645,1.0651,1334742.8
1785553200000,1.0651,1.0661,1.0638,1.0654,2583152.9
1785556800000,1.0654,1.0668,1.065,1.0665,1182495.6
1785560400000,1.0665,1.0665,1.0621,1.0636,1969691.4
1785564000000,1.0636,1.065,1.0628,1.0636,1472129.7
1785567600000,1.0636,1.0638,1.0609,1.0616,2638157.0
1785571200000,1.0616,1.0624,1.061,1.0621,2417319.6
1785574800000,1.0621,1.0628,1.0606,1.0608,1120206.7
1785578400000,1.0608,1.0633,1.0594,1.0622,1638503.5
1785582000000,1.0622,1.0631,1.0611,1.0631,1498802.4
1785585600000,1.0631,1.0644,1.0627,1.064,1580330.5
1785589200000,1.064,1.0644,1.0627,1.0631,924052.9
1785592800000,1.0631,1.0658,1.0631,1.0658,1064365.4
1785596400000,1.0658,1.0658,1.0624,1.0624,2383336.8
1785600000000,1.0624,1.0642,1.0592,1.0607,3558850.9
1785603600000,1.0607,1.0615,1.0565,1.0585,6917786.6
1785607200000,1.0585,1.0593,1.0467,1.0528,33126080.7
1785610800000,1.0528,1.0539,1.0508,1.0518,4398592.3
1785614400000,1.0518,1.0557,1.0511,1.055,3626287.9
1785618000000,1.055,1.0604,1.0548,1.0598,7022286.5
1785621600000,1.0598,1.0616,1.0591,1.0601,1696227.7
1785625200000,1.0601,1.0614,1.0589,1.0599,2024065.6
1785628800000,1.0599,1.0621,1.0599,1.0619,1935266.1
1785632400000,1.0619,1.0687,1.0619,1.0658,15961032.8
1785636000000,1.0658,1.0761,1.0657,1.0759,9902792.2
1785639600000,1.0759,1.08,1.0744,1.077,5062703.9
1785643200000,1.077,1.0836,1.0764,1.0816,6390904.6
1785646800000,1.0816,1.084,1.0801,1.0825,5119771.0
1785650400000,1.0825,1.0854,1.081,1.0822,3755424.1
1785654000000,1.0822,1.0847,1.0814,1.0831,3365612.9
1785657600000,1.0831,1.084,1.0786,1.0797,6156619.1
1785661200000,1.0797,1.0834,1.0761,1.0825,6755514.6
1785664800000,1.0825,1.0826,1.0791,1.0808,3297986.7
1785668400000,1.0808,1.0825,1.0781,1.0792,4104310.2
1785672000000,1.0792,1.0814,1.0771,1.0772,3739772.3
1785675600000,1.0772,1.0811,1.0769,1.0805,3107643.7
1785679200000,1.0805,1.0828,1.0795,1.0812,3349481.1
1785682800000,1.0812,1.0823,1.0795,1.0799,1330068.8
1785686400000,1.0799,1.0816,1.0772,1.0805,3057054.3
1785690000000,1.0805,1.0829,1.0799,1.0817,1263377.9
1785693600000,1.0817,1.0869,1.0802,1.0808,5908500.2
1785697200000,1.0808,1.0821,1.0797,1.0816,2281488.9
1785700800000,1.0816,1.0818,1.0798,1.081,1144512.1
1785704400000,1.081,1.0895,1.0809,1.0862,7263248.0
1785708000000,1.0862,1.0928,1.085,1.085,5309646.3
1785711600000,1.085,1.0865,1.082,1.0865,3954004.7
1785715200000,1.0865,1.0873,1.0796,1.0806,4274217.2
1785718800000,1.0806,1.081,1.0742,1.0751,4377399.9
1785722400000,1.0751,1.0768,1.0726,1.0738,3425892.9
1785726000000,1.0738,1.074,1.0674,1.0708,6436255.0
1785729600000,1.0708,1.0731,1.0697,1.0699,2979192.6
1785733200000,1.0699,1.0724,1.0695,1.0719,3336408.7
1785736800000,1.0719,1.0726,1.0675,1.0678,3639660.1
1785740400000,1.0678,1.0694,1.0656,1.0677,6003999.0
1785744000000,1.0677,1.0683,1.0623,1.0668,6258664.2
1785747600000,1.0668,1.0714,1.0661,1.0709,5308414.7
1785751200000,1.0709,1.0717,1.0676,1.0694,3562772.1
1785754800000,1.0694,1.0697,1.0632,1.0639,6273559.1
1785758400000,1.0639,1.0659,1.0636,1.0654,2866791.5
1785762000000,1.0654,1.076,1.0649,1.0756,11420675.0
1785765600000,1.0756,1.0833,1.0721,1.0825,13846811.5
1785769200000,1.0825,1.0869,1.0778,1.0834,7550289.9
1785772800000,1.0834,1.0847,1.0787,1.0815,5362030.5
1785776400000,1.0815,1.0845,1.0795,1.0809,4237010.2
1785780000000,1.0809,1.0839,1.0802,1.0815,3519720.1
1785783600000,1.0815,1.0828,1.0783,1.0797,4132031.4
1785787200000,1.0797,1.0836,1.0787,1.0836,2552182.9
1785790800000,1.0836,1.0837,1.0793,1.0797,2746628.7
1785794400000,1.0797,1.0799,1.0735,1.0755,5408586.9
1785798000000,1.0755,1.0756,1.0729,1.0752,1816817.3
1785801600000,1.0752,1.0761,1.0694,1.0701,5887744.9
1785805200000,1.0701,1.0789,1.0694,1.0777,7206325.8
1785808800000,1.0777,1.0801,1.0744,1.0775,3935972.4
1785812400000,1.0775,1.0781,1.0737,1.0769,2583729.1
1785816000000,1.0769,1.0815,1.0755,1.0788,4058566.9
1785819600000,1.0788,1.0796,1.0757,1.0759,3054246.5
1785823200000,1.0759,1.0768,1.0721,1.0734,4751181.4
1785826800000,1.0734,1.0791,1.0713,1.0784,3908102.4
1785830400000,1.0784,1.0793,1.0734,1.0744,2779445.1
1785834000000,1.0744,1.0744,1.0717,1.0724,2419065.6
1785837600000,1.0724,1.0769,1.0697,1.0747,6939306.1
1785841200000,1.0747,1.0788,1.0736,1.0788,3254120.5
1785844800000,1.0788,1.0791,1.0751,1.0762,5409418.0
1785848400000,1.0762,1.0784,1.0709,1.0715,9965473.8
1785852000000,1.0715,1.0765,1.0701,1.0755,7399276.4
1785855600000,1.0755,1.08,1.0717,1.077,6249501.6
1785859200000,1.077,1.0771,1.073,1.074,2043469.1
1785862800000,1.074,1.0778,1.072,1.0733,2663898.9
1785866400000,1.0733,1.0795,1.0731,1.0766,3401982.1
1785870000000,1.0766,1.0825,1.0756,1.0798,5539247.1
1785873600000,1.0798,1.0798,1.0737,1.0774,5848016.8
1785877200000,1.0774,1.0779,1.0755,1.0759,1693016.7
1785880800000,1.0759,1.0768,1.0737,1.0756,2073792.1
1785884400000,1.0756,1.0784,1.0728,1.0733,5943003.9
1785888000000,1.0733,1.0739,1.0685,1.0698,5053499.8
1785891600000,1.0698,1.0731,1.0676,1.0727,6284548.4
1785895200000,1.0727,1.0765,1.0722,1.0735,3864946.9
1785898800000,1.0735,1.0744,1.0653,1.067,9092902.9
1785902400000,1.067,1.0674,1.0659,1.0666,2267854.8
1785906000000,1.0666,1.0724,1.0663,1.0691,3601003.0
1785909600000,1.0691,1.0704,1.0677,1.0683,2302061.1
1785913200000,1.0683,1.0687,1.0632,1.0668,5795126.7
1785916800000,1.0668,1.0674,1.0646,1.0652,3229996.7
1785920400000,1.0652,1.0665,1.0642,1.0643,3041986.7
1785924000000,1.0643,1.0644,1.0607,1.0612,7393570.7
1785927600000,1.0612,1.0622,1.0591,1.0604,4858647.3
1785931200000,1.0604,1.0685,1.0602,1.0634,9700005.8
1785934800000,1.0634,1.0638,1.0541,1.0612,18806626.9
1785938400000,1.0612,1.0651,1.0592,1.0647,8093523.5
1785942000000,1.0647,1.0667,1.06,1.0603,7172313.7
1785945600000,1.0603,1.0688,1.06,1.0667,5868122.9
1785949200000,1.0667,1.0716,1.0663,1.0697,5020944.2
1785952800000,1.0697,1.0728,1.0682,1.0691,3030142.8
1785956400000,1.0691,1.0716,1.0681,1.0695,5035455.5
1785960000000,1.0695,1.072,1.0669,1.0692,5160728.1
1785963600000,1.0692,1.0692,1.063,1.0645,6046648.7
1785967200000,1.0645,1.065,1.0616,1.0617,4697191.7
1785970800000,1.0617,1.063,1.0598,1.0618,7213059.7
1785974400000,1.0618,1.0631,1.0607,1.0621,1795426.8
1785978000000,1.0621,1.0622,1.0528,1.0534,13492642.9
1785981600000,1.0534,1.0544,1.0413,1.0465,36525457.9
1785985200000,1.0465,1.0471,1.0406,1.0428,9419061.4
1785988800000,1.0428,1.0478,1.0389,1.0475,9999944.0
1785992400000,1.0475,1.0517,1.0474,1.0517,5350420.8
1785996000000,1.0517,1.052,1.0491,1.0514,3741737.9
1785999600000,1.0514,1.0515,1.0477,1.0488,3235173.5
1786003200000,1.0488,1.0579,1.0478,1.0552,10540928.7
1786006800000,1.0552,1.0563,1.0403,1.0445,34784408.9
1786010400000,1.0445,1.0468,1.0418,1.0468,5890478.6
1786014000000,1.0468,1.0511,1.0449,1.0497,5773538.4
1786017600000,1.0497,1.0498,1.0454,1.0461,3481354.3
1786021200000,1.0461,1.0469,1.0417,1.0452,8846305.2
1786024800000,1.0452,1.0477,1.0416,1.0471,7468907.6
1786028400000,1.0471,1.0536,1.0469,1.0486,10195496.3
1786032000000,1.0486,1.0493,1.0423,1.0455,8948399.5
1786035600000,1.0455,1.0486,1.0395,1.041,8529915.9
1786039200000,1.041,1.0425,1.0334,1.0354,17631211.9
1786042800000,1.0354,1.038,1.0318,1.0344,11176451.9
1786046400000,1.0344,1.0369,1.032,1.0328,5779266.6
1786050000000,1.0328,1.0362,1.0325,1.0355,7718644.6
1786053600000,1.0355,1.037,1.0342,1.0368,2486077.8
1786057200000,1.0368,1.0368,1.0287,1.0345,8738787.6
1786060800000,1.0345,1.0362,1.0307,1.0357,5760430.7
1786064400000,1.0357,1.0387,1.0349,1.0373,3468949.1
1786068000000,1.0373,1.0376,1.0269,1.0299,10488317.8
1786071600000,1.0299,1.0308,1.0185,1.0205,23549660.7
1786075200000,1.0205,1.0231,1.0173,1.0201,13673033.9
1786078800000,1.0201,1.0221,1.0144,1.0206,12878526.3
1786082400000,1.0206,1.0282,1.0201,1.0255,9719779.6
1786086000000,1.0255,1.0284,1.0241,1.0278,5084382.9
1786089600000,1.0278,1.0313,1.0264,1.0306,7572505.7
1786093200000,1.0306,1.0369,1.0305,1.0356,16653056.2
1786096800000,1.0356,1.0372,1.0339,1.0343,11549544.8
1786100400000,1.0343,1.0366,1.0319,1.0335,8051775.3
1786104000000,1.0335,1.043,1.0332,1.0374,17839484.0
1786107600000,1.0374,1.0409,1.035,1.0357,9766076.0
1786111200000,1.0357,1.0358,1.0251,1.0266,20415721.4
1786114800000,1.0266,1.0298,1.0256,1.0272,7081984.9
1786118400000,1.0272,1.0302,1.0151,1.0153,17194127.4
1786122000000,1.0153,1.0183,1.012,1.0161,17746113.0
1786125600000,1.0161,1.0211,1.0138,1.0179,6276596.2
1786129200000,1.0179,1.025,1.0177,1.0231,6130205.4
1786132800000,1.0231,1.0258,1.0228,1.0248,1937037.0
1786136400000,1.0248,1.0272,1.0212,1.0226,10737819.2
1786140000000,1.0226,1.0233,1.0183,1.02,5585057.7
1786143600000,1.02,1.023,1.02,1.0205,2935562.3
1786147200000,1.0205,1.025,1.0196,1.0242,4862375.2
1786150800000,1.0242,1.0308,1.0242,1.0292,4562901.1
1786154400000,1.0292,1.0313,1.029,1.0302,3738058.2
1786158000000,1.0302,1.0382,1.03,1.0368,7348907.0
1786161600000,1.0368,1.0389,1.0338,1.0345,4518787.2
1786165200000,1.0345,1.0353,1.0316,1.0328,4298212.9
1786168800000,1.0328,1.0356,1.0324,1.0344,3682208.4
1786172400000,1.0344,1.0347,1.0325,1.0342,2301106.1
1786176000000,1.0342,1.0358,1.0333,1.0356,3353406.1
1786179600000,1.0356,1.0376,1.0348,1.0354,5694118.0
1786183200000,1.0354,1.0399,1.0352,1.0387,3998750.5
1786186800000,1.0387,1.0398,1.0362,1.0375,3682735.3
1786190400000,1.0375,1.0429,1.0368,1.0405,5878160.8
1786194000000,1.0405,1.0424,1.04,1.0411,4836735.2
1786197600000,1.0411,1.0452,1.0411,1.0442,5886675.3
1786201200000,1.0442,1.0462,1.0416,1.0447,7487592.2
1786204800000,1.0447,1.0483,1.0446,1.0469,6801198.0
1786208400000,1.0469,1.0473,1.0451,1.0454,4748484.3
1786212000000,1.0454,1.0455,1.0412,1.0418,6027341.4
1786215600000,1.0418,1.0432,1.0397,1.0422,3205736.5
1786219200000,1.0422,1.0431,1.0417,1.0421,1250991.2
1786222800000,1.0421,1.0432,1.0416,1.0425,1698565.5
1786226400000,1.0425,1.043,1.0382,1.0384,4255720.6
1786230000000,1.0384,1.0393,1.0367,1.039,4029474.6
1786233600000,1.039,1.0403,1.0372,1.0391,3880035.4
1786237200000,1.0391,1.0402,1.0347,1.0356,6161682.0
1786240800000,1.0356,1.0364,1.0334,1.0349,3723660.0
1786244400000,1.0349,1.0377,1.0337,1.0365,3202664.9
1786248000000,1.0365,1.0387,1.0364,1.0372,2560030.1
1786251600000,1.0372,1.0379,1.034,1.0359,3922665.7
1786255200000,1.0359,1.0408,1.0357,1.0405,4077703.5
1786258800000,1.0405,1.0409,1.0358,1.0366,5741256.9
1786262400000,1.0366,1.0387,1.0306,1.0333,11564847.6
1786266000000,1.0333,1.0356,1.0322,1.0354,7030203.8
1786269600000,1.0354,1.0376,1.0353,1.0363,2532154.3
1786273200000,1.0363,1.0368,1.035,1.0364,1349558.1
1786276800000,1.0364,1.0375,1.0349,1.0367,2284811.4
1786280400000,1.0367,1.0404,1.0365,1.0384,4177115.2
1786284000000,1.0384,1.0426,1.038,1.0419,4485165.5
1786287600000,1.0419,1.0435,1.0408,1.0428,5165889.6
1786291200000,1.0428,1.0452,1.0413,1.0436,5089386.6
1786294800000,1.0436,1.0438,1.041,1.041,3496220.9
1786298400000,1.041,1.0421,1.0391,1.0399,3523569.0
1786302000000,1.0399,1.0416,1.0395,1.0415,1108240.2
1786305600000,1.0415,1.0423,1.0392,1.0416,2902524.6
1786309200000,1.0416,1.0449,1.0409,1.0424,4572002.8
1786312800000,1.0424,1.0475,1.0346,1.0369,8828418.9
1786316400000,1.0369,1.0379,1.0275,1.0294,13013657.6
1786320000000,1.0294,1.0374,1.0272,1.0308,11808642.2
1786323600000,1.0308,1.0408,1.0279,1.0374,7023362.0
1786327200000,1.0374,1.0379,1.0279,1.0343,11275355.2
1786330800000,1.0343,1.036,1.0278,1.031,8414125.7
1786334400000,1.031,1.0339,1.0287,1.0311,3899178.2
1786338000000,1.0311,1.036,1.0307,1.0347,2760269.2
1786341600000,1.0347,1.0381,1.0343,1.0381,3497458.2
1786345200000,1.0381,1.0397,1.0362,1.0369,5353761.5
1786348800000,1.0369,1.0384,1.0309,1.0335,9714604.5
1786352400000,1.0335,1.0343,1.0297,1.0302,4715186.0
1786356000000,1.0302,1.0323,1.0296,1.0317,3061322.6
1786359600000,1.0317,1.0341,1.0305,1.034,4413737.9
1786363200000,1.034,1.0353,1.0277,1.0285,6483275.7
1786366800000,1.0285,1.0292,1.0228,1.0257,18200681.4
1786370400000,1.0257,1.0319,1.0253,1.0264,7285804.1
1786374000000,1.0264,1.0267,1.0204,1.0227,17913959.8
1786377600000,1.0227,1.0249,1.0163,1.0181,19223343.4
1786381200000,1.0181,1.0217,1.0171,1.0195,6276584.3
1786384800000,1.0195,1.0203,1.015,1.0171,6060671.4
1786388400000,1.0171,1.023,1.0168,1.0201,4970165.2
1786392000000,1.0201,1.0207,1.0187,1.0192,4569002.2
1786395600000,1.0192,1.0213,1.0159,1.0165,5181051.2
1786399200000,1.0165,1.0172,1.0045,1.011,38989771.3
1786402800000,1.011,1.013,1.0099,1.0117,9099018.3
1786406400000,1.0117,1.013,1.0093,1.0123,7269953.2
1786410000000,1.0123,1.0157,1.0106,1.0152,4278426.6
1786413600000,1.0152,1.0161,1.0126,1.0127,2363066.5
1786417200000,1.0127,1.0145,1.0125,1.0142,4479514.3
1786420800000,1.0142,1.0149,1.0124,1.0126,2761966.2
1786424400000,1.0126,1.0135,1.0095,1.0096,5343982.6
1786428000000,1.0096,1.0114,1.0014,1.006,25291580.2
1786431600000,1.006,1.0071,1.0025,1.0044,10904527.1
1786435200000,1.0044,1.0063,1.002,1.0056,7477727.1
1786438800000,1.0056,1.0074,1.0041,1.0068,5247395.5
1786442400000,1.0068,1.0068,1.0011,1.0051,11928384.3
1786446000000,1.0051,1.0099,1.005,1.0076,11344954.6
1786449600000,1.0076,1.0089,1.0035,1.0038,7278077.8
1786453200000,1.0038,1.0095,1.0026,1.0082,9022939.2
1786456800000,1.0082,1.0107,0.9905,0.9939,49538466.8
1786460400000,0.9939,1.0075,0.9933,1.0034,35735270.1
1786464000000,1.0034,1.0106,1.0017,1.0092,13532411.9
1786467600000,1.0092,1.0158,1.0087,1.0139,16236418.1
1786471200000,1.0139,1.0186,1.0077,1.0125,12226509.2
1786474800000,1.0125,1.0157,1.0087,1.0151,14817412.0
1786478400000,1.0151,1.0249,1.015,1.0171,20959364.3
1786482000000,1.0171,1.0261,1.0169,1.0241,20001163.1
1786485600000,1.0241,1.0255,1.02,1.021,5312876.2
1786489200000,1.021,1.0234,1.0183,1.0225,5623001.2
1786492800000,1.0225,1.023,1.0208,1.0219,4642404.1
1786496400000,1.0219,1.0245,1.0219,1.0227,4408172.3
1786500000000,1.0227,1.025,1.019,1.0209,5731366.4
1786503600000,1.0209,1.0217,1.019,1.0199,3035183.1
1786507200000,1.0199,1.0213,1.0188,1.02,2718827.0
1786510800000,1.02,1.0228,1.0188,1.0214,3115067.6
1786514400000,1.0214,1.0214,1.0176,1.0194,4197933.5
1786518000000,1.0194,1.0219,1.0177,1.0202,3142194.1
1786521600000,1.0202,1.0211,1.0167,1.0169,4169916.3
1786525200000,1.0169,1.0254,1.0167,1.0237,8599134.5
1786528800000,1.0237,1.0253,1.0204,1.021,5025528.4
1786532400000,1.021,1.0222,1.0197,1.0222,4888597.0
1786536000000,1.0222,1.0259,1.0145,1.0169,28200876.1
1786539600000,1.0169,1.0182,1.0128,1.0142,8020257.3
1786543200000,1.0142,1.0157,1.0067,1.0085,22061607.6
1786546800000,1.0085,1.0125,1.0075,1.0122,7971794.5
1786550400000,1.0122,1.0127,1.0077,1.0083,4127218.9
1786554000000,1.0083,1.0105,1.0059,1.0096,6446342.6
1786557600000,1.0096,1.0121,1.0085,1.0086,2569419.3
1786561200000,1.0086,1.0092,1.0061,1.007,3613055.8
1786564800000,1.007,1.0103,1.0065,1.0089,3366138.2
1786568400000,1.0089,1.0099,1.0023,1.0042,11825184.8
1786572000000,1.0042,1.0072,1.0023,1.0039,3324068.4
1786575600000,1.0039,1.0057,1.0002,1.0051,6836121.7
1786579200000,1.0051,1.0073,1.0023,1.0038,5302003.2
1786582800000,1.0038,1.0053,1.0014,1.0042,5149959.3
1786586400000,1.0042,1.0067,1.002,1.0067,2935111.7
1786590000000,1.0067,1.0124,1.0065,1.0104,15815005.6
1786593600000,1.0104,1.0119,1.01,1.0104,4056177.2
1786597200000,1.0104,1.0152,1.0091,1.0133,12462731.9
1786600800000,1.0133,1.0147,1.0115,1.0143,3666906.7
1786604400000,1.0143,1.015,1.0128,1.0128,2581536.8
1786608000000,1.0128,1.0132,1.0112,1.0123,3248653.4
1786611600000,1.0123,1.0127,1.0092,1.0122,4798797.2
1786615200000,1.0122,1.0125,1.0054,1.0075,16027848.6
1786618800000,1.0075,1.0079,1.0014,1.0036,16661020.3
1786622400000,1.0036,1.0072,1.0028,1.0053,6201690.5
1786626000000,1.0053,1.0091,1.005,1.006,5896081.2
1786629600000,1.006,1.0102,1.0035,1.0093,8578983.6
1786633200000,1.0093,1.011,1.0022,1.0024,7683501.9
1786636800000,1.0024,1.0071,0.9976,1.0045,19016057.6
1786640400000,1.0045,1.008,1.0039,1.0062,4910934.5
1786644000000,1.0062,1.0104,1.0041,1.0086,4636302.0
1786647600000,1.0086,1.01,1.0073,1.0097,3825064.0
1786651200000,1.0097,1.0112,1.0085,1.0085,2974437.8
1786654800000,1.0085,1.0098,1.0069,1.0079,4115195.6
1786658400000,1.0079,1.0117,1.0076,1.0086,2710007.0
1786662000000,1.0086,1.0091,1.0075,1.009,1992751.7
1786665600000,1.009,1.0115,1.0086,1.0115,3159562.1
1786669200000,1.0115,1.0126,1.0098,1.0111,3714475.8
1786672800000,1.0111,1.0136,1.0108,1.0109,3395783.2
1786676400000,1.0109,1.0115,1.0088,1.0091,2209140.3
1786680000000,1.0091,1.0124,1.0085,1.0086,2122936.2
1786683600000,1.0086,1.0095,1.0076,1.0092,2468989.4
1786687200000,1.0092,1.0093,1.005,1.0051,4496578.6
1786690800000,1.0051,1.0053,1.003,1.0041,6109906.3
1786694400000,1.0041,1.0068,1.0035,1.0065,5136440.2
1786698000000,1.0065,1.0067,1.0007,1.0034,9751861.9
1786701600000,1.0034,1.0039,1.0017,1.0021,3314894.7
1786705200000,1.0021,1.0037,1.001,1.002,3663266.5
1786708800000,1.002,1.0027,0.999,1.0007,7364616.3
1786712400000,1.0007,1.0051,1.0,1.0024,8809002.2
1786716000000,1.0024,1.0045,1.0002,1.0009,6475261.6
1786719600000,1.0009,1.0089,1.0004,1.0061,9229046.3
1786723200000,1.0061,1.0071,1.0005,1.0018,9782970.9
1786726800000,1.0018,1.0043,0.9984,1.0004,8959511.6
1786730400000,1.0004,1.0031,0.9978,0.9993,8157556.9
1786734000000,0.9993,1.0004,0.9978,0.9985,5384736.7
1786737600000,0.9985,0.9995,0.9957,0.9984,11288520.8
1786741200000,0.9984,0.9996,0.995,0.9978,6993680.1
1786744800000,0.9978,0.9984,0.9846,0.9922,28019620.0
1786748400000,0.9922,0.9988,0.9917,0.9988,6317745.5
1786752000000,0.9988,1.0007,0.9975,1.0001,4028524.4
1786755600000,1.0001,1.0013,0.9992,1.0011,3296195.6
1786759200000,1.0011,1.0058,1.0011,1.0052,6880622.4
1786762800000,1.0052,1.0074,1.0031,1.0041,4184952.7
1786766400000,1.0041,1.0062,1.0035,1.0045,2844800.8
1786770000000,1.0045,1.0062,1.0017,1.004,5459133.5
1786773600000,1.004,1.0058,1.0028,1.0049,1781870.5
1786777200000,1.0049,1.0053,1.0021,1.0023,2673765.0
1786780800000,1.0023,1.0034,1.0002,1.0011,3376362.6
1786784400000,1.0011,1.0024,1.0003,1.0023,2009613.3
1786788000000,1.0023,1.0029,1.0013,1.0024,2076114.9
1786791600000,1.0024,1.0036,1.0015,1.0019,3340337.7
1786795200000,1.0019,1.0022,1.0001,1.0021,2212435.3
1786798800000,1.0021,1.0023,1.0009,1.0011,1631454.1
1786802400000,1.0011,1.0022,0.9991,1.0014,2864805.6
1786806000000,1.0014,1.0021,1.0008,1.0018,2693685.2
1786809600000,1.0018,1.0027,1.0009,1.002,1536481.6
1786813200000,1.002,1.0032,1.0016,1.0018,1520545.0
1786816800000,1.0018,1.0022,0.9998,1.0016,3538107.7
1786820400000,1.0016,1.0037,1.0015,1.0036,1776310.2
1786824000000,1.0036,1.0039,1.0026,1.0033,1453414.3
1786827600000,1.0033,1.0046,1.0031,1.0036,2400503.4
1786831200000,1.0036,1.0061,1.0036,1.0037,3652011.8
1786834800000,1.0037,1.0038,1.0005,1.002,3385851.6
1786838400000,1.002,1.0023,1.0006,1.0012,3466216.9
1786842000000,1.0012,1.0016,0.9992,1.0008,3349249.6
1786845600000,1.0008,1.0028,0.9994,1.0019,2419304.1
1786849200000,1.0019,1.0025,1.0012,1.0016,1372504.3
1786852800000,1.0016,1.0016,1.0,1.0004,991216.3
1786856400000,1.0004,1.0006,0.9985,0.9996,3742566.5
1786860000000,0.9996,1.0014,0.9988,0.9998,3130998.6
1786863600000,0.9998,1.0021,0.9997,1.0019,1820688.2
1786867200000,1.0019,1.0019,1.001,1.0011,1024859.2
1786870800000,1.0011,1.0022,0.9994,0.9998,3975934.5
1786874400000,0.9998,1.0001,0.9966,0.9998,5935962.9
1786878000000,0.9998,1.0003,0.9988,0.9995,3071903.0
1786881600000,0.9995,1.0006,0.9987,0.9995,2278034.0
1786885200000,0.9995,1.0005,0.9994,0.9997,2041093.7
1786888800000,0.9997,1.0008,0.9994,1.0006,3666586.0
1786892400000,1.0006,1.002,1.0006,1.0014,3847805.2
1786896000000,1.0014,1.0035,1.0008,1.0022,4056828.5
1786899600000,1.0022,1.0026,1.0003,1.0004,3159170.1
1786903200000,1.0004,1.0004,0.9973,0.9988,6707020.9
1786906800000,0.9988,1.002,0.9985,1.0004,2577753.2
1786910400000,1.0004,1.0014,0.9979,0.9988,3662634.3
1786914000000,0.9988,0.9997,0.9883,0.9952,24268743.6
1786917600000,0.9952,0.9966,0.9909,0.9935,10146961.9
1786921200000,0.9935,0.9944,0.991,0.993,4577745.9
1786924800000,0.993,0.9936,0.9877,0.9929,8832481.7
1786928400000,0.9929,1.0009,0.9924,0.998,9747644.4
1786932000000,0.998,1.0043,0.997,1.0017,11088070.9
1786935600000,1.0017,1.0028,1.0004,1.002,4228967.6
1786939200000,1.002,1.0034,1.0009,1.0014,2756659.3
1786942800000,1.0014,1.0036,1.0004,1.0006,2750253.1
1786946400000,1.0006,1.007,1.0004,1.0054,7723489.7
1786950000000,1.0054,1.0061,1.0022,1.0024,3265143.3
1786953600000,1.0024,1.0027,0.9968,0.9977,12067417.9
1786957200000,0.9977,0.9988,0.9961,0.9965,4382950.6
1786960800000,0.9965,1.002,0.9961,1.0017,4666461.8
1786964400000,1.0017,1.0019,0.9994,0.9998,2949606.1
1786968000000,0.9998,1.0012,0.9965,0.9975,5260963.7
1786971600000,0.9975,1.0034,0.9964,1.0002,7622815.6
1786975200000,1.0002,1.0046,0.9976,1.0039,5695320.5
1786978800000,1.0039,1.0083,1.0017,1.0064,11217939.5
1786982400000,1.0064,1.0066,1.0024,1.0026,4084859.0
1786986000000,1.0026,1.0046,0.9998,1.0011,5989199.4
1786989600000,1.0011,1.0029,1.0002,1.0011,2546310.9
1786993200000,1.0011,1.0013,0.9988,1.0008,3686916.3
1786996800000,1.0008,1.0045,0.9991,1.0032,4864687.9
1787000400000,1.0032,1.0038,1.0013,1.0016,2134687.7
1787004000000,1.0016,1.0028,0.9995,1.0,2082273.4
1787007600000,1.0,1.0041,0.9995,1.0025,2832292.2
1787011200000,1.0025,1.0044,1.0,1.0024,4754094.5
1787014800000,1.0024,1.0025,0.9944,0.996,7386217.2
1787018400000,0.996,0.9967,0.9882,0.9901,13377378.7
1787022000000,0.9901,0.9918,0.9887,0.9907,7260171.5
1787025600000,0.9907,0.9955,0.9894,0.9943,4181304.4
1787029200000,0.9943,0.9967,0.9925,0.9946,7344229.8
1787032800000,0.9946,1.0001,0.9934,0.9979,5223030.9
1787036400000,0.9979,0.9987,0.9944,0.996,7675255.4
1787040000000,0.996,0.9979,0.9917,0.9966,6529726.6
1787043600000,0.9966,0.9968,0.9942,0.9956,1786271.2
1787047200000,0.9956,0.996,0.9945,0.9958,1839930.1
1787050800000,0.9958,1.0019,0.9955,0.9982,6586439.6
1787054400000,0.9982,0.9988,0.9971,0.9974,1422981.5
1787058000000,0.9974,0.9988,0.9953,0.9978,4099508.4
1787061600000,0.9978,1.0064,0.9965,1.0004,14002541.1
1787065200000,1.0004,1.0045,0.9999,1.0034,4391024.9
1787068800000,1.0034,1.0039,1.0002,1.0019,3526517.6
1787072400000,1.0019,1.002,0.9996,1.0,5767224.4
1787076000000,1.0,1.0024,1.0,1.001,2388843.5
1787079600000,1.001,1.0027,1.0003,1.0022,3416565.2
1787083200000,1.0022,1.0032,0.9981,0.9997,7228428.6
1787086800000,0.9997,1.0021,0.9996,1.0,3057251.9
1787090400000,1.0,1.0019,0.9985,1.0001,5615771.3
1787094000000,1.0001,1.0032,0.9999,1.0015,4935425.2
1787097600000,1.0015,1.0016,0.9957,0.996,5371969.0
1787101200000,0.996,0.9999,0.9954,0.9984,6372105.7
1787104800000,0.9984,0.9987,0.9974,0.9979,1942222.2
1787108400000,0.9979,1.0011,0.9974,0.9997,3750960.5
1787112000000,0.9997,1.0005,0.9992,0.9995,1786831.1
1787115600000,0.9995,1.0012,0.9987,0.9995,6362937.3
1787119200000,0.9995,1.005,0.9987,1.0039,11448259.5
1787122800000,1.0039,1.006,1.0026,1.0031,5033913.1
1787126400000,1.0031,1.0094,1.0028,1.0063,20593987.9
1787130000000,1.0063,1.0077,1.0033,1.0041,4315852.9
1787133600000,1.0041,1.0052,1.003,1.0049,2240741.3
1787137200000,1.0049,1.0065,1.0042,1.0055,2527852.0
1787140800000,1.0055,1.0123,1.0052,1.0109,21324096.7
1787144400000,1.0109,1.0235,1.0097,1.0164,27890761.5
1787148000000,1.0164,1.0344,1.015,1.0327,23789040.3
1787151600000,1.0327,1.0747,1.0302,1.0676,108984628.6
1787155200000,1.0676,1.0708,1.0635,1.0641,26439256.6
1787158800000,1.0641,1.0647,1.0517,1.0613,23369493.0
1787162400000,1.0613,1.0696,1.0555,1.0688,10150688.9
1787166000000,1.0688,1.0709,1.064,1.0674,13719528.3
1787169600000,1.0674,1.1042,1.0671,1.0988,49936583.7
1787173200000,1.0988,1.1329,1.0956,1.1321,54962377.7
1787176800000,1.1321,1.1362,1.0996,1.1023,56088435.8
1787180400000,1.1023,1.1062,1.094,1.1055,21273236.7
1787184000000,1.1055,1.1129,1.1042,1.1077,21673102.9
1787187600000,1.1077,1.1153,1.1062,1.1115,15248800.3
1787191200000,1.1115,1.1135,1.0988,1.0988,12523426.5
1787194800000,1.0988,1.1003,1.0876,1.0935,20614474.5
1787198400000,1.0935,1.1018,1.0928,1.0997,7188570.2
1787202000000,1.0997,1.1099,1.0996,1.1041,7372323.5
1787205600000,1.1041,1.1118,1.1001,1.111,12242483.5
1787209200000,1.111,1.113,1.1073,1.1116,6912574.1
1787212800000,1.1116,1.1557,1.1109,1.1525,46996732.8
1787216400000,1.1525,1.1633,1.1452,1.1493,32661925.0
1787220000000,1.1493,1.1665,1.1469,1.1601,24564798.2
1787223600000,1.1601,1.1959,1.1563,1.1906,49789340.6
1787227200000,1.1906,1.1973,1.1772,1.1925,38626261.2
1787230800000,1.1925,1.2231,1.1884,1.2205,52863973.2
1787234400000,1.2205,1.2465,1.2148,1.2273,81270306.3
1787238000000,1.2273,1.2645,1.2254,1.2609,80248344.4
1787241600000,1.2609,1.3165,1.2516,1.3143,94351663.5
1787245200000,1.3143,1.3437,1.3047,1.3101,111076934.9
1787248800000,1.3101,1.3179,1.2284,1.2295,121291357.9
1787252400000,1.2295,1.2397,1.2197,1.2323,59651317.7
1787256000000,1.2323,1.2471,1.23,1.2433,35840653.4
1787259600000,1.2433,1.2708,1.2424,1.2573,32537209.1
1787263200000,1.2573,1.2654,1.253,1.2558,24133016.0
1787266800000,1.2558,1.2747,1.2543,1.2673,20023699.1
1787270400000,1.2673,1.2736,1.258,1.2648,25997856.2
1787274000000,1.2648,1.3018,1.2629,1.2953,40705900.3
1787277600000,1.2953,1.3002,1.2806,1.2886,34047829.3
1787281200000,1.2886,1.3187,1.2837,1.3081,32552607.4
1787284800000,1.3081,1.3209,1.2955,1.3141,34515301.8
1787288400000,1.3141,1.3142,1.3032,1.3096,24465976.2
1787292000000,1.3096,1.3209,1.2961,1.2983,28624684.7
1787295600000,1.2983,1.322,1.2974,1.3138,30073859.9
1787299200000,1.3138,1.3998,1.3124,1.3994,97880234.2
1787302800000,1.3994,1.4308,1.337,1.4195,116420469.8
1787306400000,1.4195,1.4255,1.3666,1.3841,88201720.3
1787310000000,1.3841,1.4041,1.3554,1.3575,67876306.4
1787313600000,1.3575,1.3873,1.3468,1.3806,44772345.5
1787317200000,1.3806,1.4222,1.3662,1.4159,60828875.7
1787320800000,1.4159,1.418,1.388,1.3989,50333448.5
1787324400000,1.3989,1.4191,1.3942,1.4029,38687559.8
1787328000000,1.4029,1.4079,1.3839,1.3993,31247061.1
1787331600000,1.3993,1.4137,1.3734,1.3864,32685750.7
1787335200000,1.3864,1.4003,1.3681,1.378,21208524.6
1787338800000,1.378,1.3878,1.3617,1.372,31149968.4
1787342400000,1.372,1.3826,1.3657,1.3742,15918686.5
1787346000000,1.3742,1.41,1.3722,1.4059,24108009.2
1787349600000,1.4059,1.4522,1.3983,1.4445,64891307.7
1787353200000,1.4445,1.4758,1.4349,1.4541,53244256.4
1787356800000,1.4541,1.482,1.4231,1.4594,74375454.0
1787360400000,1.4594,1.5114,1.4561,1.4756,59475115.2
1787364000000,1.4756,1.5556,1.4746,1.5494,58057072.5
1787367600000,1.5494,1.5992,1.5424,1.5634,87715799.4
1787371200000,1.5634,1.6748,1.553,1.6627,110469828.2
1787374800000,1.6627,1.7,1.37,1.5275,338129848.6
1787378400000,1.5275,1.5925,1.5135,1.5783,71361406.3
1787382000000,1.5783,1.6284,1.5555,1.5633,82687917.8
1787385600000,1.5633,1.5671,1.4832,1.5285,83084733.1
1787389200000,1.5285,1.5313,1.4879,1.5023,43135554.0
1787392800000,1.5023,1.5042,1.4242,1.4848,96759140.2
1787396400000,1.4848,1.501,1.4742,1.4883,28790221.5
1787400000000,1.4883,1.5293,1.4843,1.5015,38392516.9
1787403600000,1.5015,1.5113,1.4876,1.4997,29479979.8
1787407200000,1.4997,1.5012,1.4353,1.4514,55183129.1
1787410800000,1.4514,1.455,1.4294,1.4396,39617132.5
1787414400000,1.4396,1.4896,1.4343,1.4799,46034365.7
1787418000000,1.4799,1.4872,1.4633,1.4798,20989564.4
1787421600000,1.4798,1.498,1.4771,1.4883,17230204.8
1787425200000,1.4883,1.5066,1.4825,1.5002,16439844.2
1787428800000,1.5002,1.5151,1.4936,1.5009,19473416.0
1787432400000,1.5009,1.5009,1.4515,1.4544,27745643.9
1787436000000,1.4544,1.4752,1.446,1.4677,15615636.1
1787439600000,1.4677,1.4698,1.4507,1.4615,11177289.8
1787443200000,1.4615,1.5189,1.4614,1.513,39215913.2
1787446800000,1.513,1.5135,1.4845,1.4905,25092981.5
1787450400000,1.4905,1.4941,1.4707,1.4839,21617915.9
1787454000000,1.4839,1.4937,1.4614,1.4743,18733998.0
1787457600000,1.4743,1.4895,1.4454,1.4543,33743039.1
1787461200000,1.4543,1.478,1.4381,1.4465,41446490.6
1787464800000,1.4465,1.4632,1.4344,1.4446,27202039.6
1787468400000,1.4446,1.4736,1.4395,1.4615,25538822.0
1787472000000,1.4615,1.4859,1.4574,1.4754,27102998.5
1787475600000,1.4754,1.4866,1.4672,1.4778,13950967.8
1787479200000,1.4778,1.507,1.4754,1.4757,33452595.6
1787482800000,1.4757,1.5038,1.4756,1.4947,27102683.0
1787486400000,1.4947,1.4993,1.4837,1.4945,17757126.3
1787490000000,1.4945,1.5254,1.4932,1.5203,45813640.8
1787493600000,1.5203,1.5507,1.4546,1.5152,106005157.5
1787497200000,1.5152,1.5173,1.4869,1.4965,35683617.5
1787500800000,1.4965,1.5111,1.4937,1.5071,11737271.8
1787504400000,1.5071,1.524,1.4984,1.5047,23811865.2
1787508000000,1.5047,1.5199,1.502,1.5083,15205423.3
1787511600000,1.5083,1.5108,1.4877,1.4975,16705285.1
1787515200000,1.4975,1.5078,1.4904,1.5009,14442361.6
1787518800000,1.5009,1.5465,1.5007,1.5257,34824862.8
1787522400000,1.5257,1.5321,1.5107,1.5168,17650927.2
1787526000000,1.5168,1.5306,1.5088,1.5203,16385824.1
1787529600000,1.5203,1.5239,1.481,1.5055,36738134.2
1787533200000,1.5055,1.5063,1.4651,1.4662,27552290.8
1787536800000,1.4662,1.4939,1.4619,1.4871,27416532.0
1787540400000,1.4871,1.4899,1.4635,1.465,21364616.0
1787544000000,1.465,1.484,1.4647,1.4791,17311762.8
1787547600000,1.4791,1.4879,1.4639,1.4804,25882710.2
1787551200000,1.4804,1.4913,1.4678,1.4838,26553842.4
1787554800000,1.4838,1.5035,1.4736,1.4756,47604445.2
1787558400000,1.4756,1.4786,1.4508,1.4597,29631050.6
1787562000000,1.4597,1.485,1.4589,1.4796,15915524.9
1787565600000,1.4796,1.49,1.4765,1.4838,14849290.8
1787569200000,1.4838,1.5085,1.4711,1.4971,33031192.4
1787572800000,1.4971,1.518,1.4807,1.5166,33592934.4
1787576400000,1.5166,1.5238,1.4765,1.4899,59602523.4
1787580000000,1.4899,1.5302,1.4874,1.5097,47110504.8
1787583600000,1.5097,1.5289,1.494,1.5006,35977124.8
1787587200000,1.5006,1.523,1.4968,1.4988,30109907.6
1787590800000,1.4988,1.5011,1.4614,1.4756,59376504.4
1787594400000,1.4756,1.4896,1.4667,1.4721,19876961.6
1787598000000,1.4721,1.4854,1.4652,1.4823,20233950.2
1787601600000,1.4823,1.4839,1.4685,1.4786,9620369.2
1787605200000,1.4786,1.4893,1.4753,1.4812,7315036.9
1787608800000,1.4812,1.4845,1.4754,1.4776,5633415.8
1787612400000,1.4776,1.484,1.4651,1.481,20167952.3
1787616000000,1.481,1.5161,1.4741,1.507,26327670.7
1787619600000,1.507,1.5162,1.4958,1.5094,17269799.2
1787623200000,1.5094,1.5517,1.5038,1.5212,44988744.7
1787626800000,1.5212,1.5323,1.5068,1.513,25366406.9
1787630400000,1.513,1.5166,1.5034,1.5132,16430375.6
1787634000000,1.5132,1.5274,1.5109,1.519,14452280.7
1787637600000,1.519,1.521,1.4937,1.5023,25157943.2
1787641200000,1.5023,1.5116,1.4722,1.4852,31827886.5
1787644800000,1.4852,1.4963,1.484,1.4897,17990293.8
1787648400000,1.4897,1.4955,1.4659,1.4793,25783526.5
1787652000000,1.4793,1.4858,1.4756,1.4837,12327501.6
1787655600000,1.4837,1.4865,1.4764,1.48,9394420.6
1787659200000,1.48,1.4825,1.4594,1.4733,27706453.2
1787662800000,1.4733,1.4757,1.4421,1.4566,48081644.8
1787666400000,1.4566,1.4789,1.4531,1.4724,31554143.8
1787670000000,1.4724,1.481,1.4632,1.478,16693487.9
1787673600000,1.478,1.483,1.4656,1.471,13327800.1
1787677200000,1.471,1.4772,1.4602,1.4757,12428855.8
1787680800000,1.4757,1.4819,1.4711,1.4755,7169633.1
1787684400000,1.4755,1.4778,1.4637,1.4707,10092419.9
1787688000000,1.4707,1.4725,1.4414,1.4427,22790480.5
1787691600000,1.4427,1.4487,1.4036,1.4373,52115886.4
1787695200000,1.4373,1.4525,1.4368,1.4463,16151593.6
1787698800000,1.4463,1.4491,1.4269,1.4337,15652191.0
1787702400000,1.4337,1.4363,1.4203,1.4323,20070903.7
1787706000000,1.4323,1.4468,1.4314,1.4414,15520836.5
1787709600000,1.4414,1.4505,1.4366,1.4425,7758942.2
1787713200000,1.4425,1.4457,1.4342,1.4389,9580090.4
1787716800000,1.4389,1.447,1.4319,1.434,14235130.9
1787720400000,1.434,1.446,1.4242,1.4419,14266981.2
1787724000000,1.4419,1.4464,1.431,1.4367,12682449.1
1787727600000,1.4367,1.4426,1.4315,1.4321,13582191.9
1787731200000,1.4321,1.4402,1.423,1.4284,14263819.5
1787734800000,1.4284,1.4323,1.4065,1.4091,27352413.1
1787738400000,1.4091,1.4344,1.4022,1.4301,28213295.9
1787742000000,1.4301,1.4311,1.4066,1.4109,23479288.5
1787745600000,1.4109,1.4236,1.3913,1.4093,30328724.6
1787749200000,1.4093,1.412,1.3749,1.3936,52995578.5
1787752800000,1.3936,1.399,1.3691,1.3707,25445379.2
1787756400000,1.3707,1.38,1.3566,1.3722,43134921.1
1787760000000,1.3722,1.3807,1.3665,1.3744,13809261.9
1787763600000,1.3744,1.3966,1.3729,1.3859,23352161.2
1787767200000,1.3859,1.3895,1.3774,1.3838,9630086.8
1787770800000,1.3838,1.3875,1.3762,1.3778,10881376.7
1787774400000,1.3778,1.3796,1.3635,1.3788,13957459.6
1787778000000,1.3788,1.4009,1.3772,1.4003,14354563.0
1787781600000,1.4003,1.4156,1.3974,1.4025,23649256.0
1787785200000,1.4025,1.4272,1.3994,1.4217,26371697.8
1787788800000,1.4217,1.4219,1.4029,1.4031,13550015.7
1787792400000,1.4031,1.4162,1.3964,1.4084,13927065.0
1787796000000,1.4084,1.4164,1.4013,1.4046,8724742.6
1787799600000,1.4046,1.4122,1.3998,1.4062,7531340.7
1787803200000,1.4062,1.4097,1.3973,1.4024,6981022.5
1787806800000,1.4024,1.4106,1.3915,1.4097,14883619.0
1787810400000,1.4097,1.4097,1.3973,1.4052,7571351.6
1787814000000,1.4052,1.4136,1.4019,1.4114,9344553.6
1787817600000,1.4114,1.4409,1.4095,1.4341,56976711.9
1787821200000,1.4341,1.4537,1.4303,1.4351,31822512.9
1787824800000,1.4351,1.4433,1.4151,1.4226,31606617.6
1787828400000,1.4226,1.4322,1.419,1.4245,13078331.4
1787832000000,1.4245,1.4341,1.42,1.4206,11196414.9
1787835600000,1.4206,1.4412,1.4183,1.4374,15602291.2
1787839200000,1.4374,1.4699,1.4349,1.4603,40647389.5
1787842800000,1.4603,1.4699,1.4507,1.4651,28542542.2
1787846400000,1.4651,1.4734,1.4592,1.4645,19601525.2
1787850000000,1.4645,1.4704,1.4534,1.4576,13106598.0
1787853600000,1.4576,1.458,1.4341,1.4511,24469336.5
1787857200000,1.4511,1.4568,1.4447,1.4563,11906932.5
1787860800000,1.4563,1.461,1.4481,1.4539,13167538.3
1787864400000,1.4539,1.4551,1.4438,1.4494,7556694.2
1787868000000,1.4494,1.4583,1.448,1.4525,9234028.2
1787871600000,1.4525,1.4577,1.4496,1.4526,6310847.9
1787875200000,1.4526,1.4537,1.4407,1.4469,12320333.4
1787878800000,1.4469,1.4724,1.4463,1.4497,22215056.9
1787882400000,1.4497,1.4497,1.4237,1.432,26833050.6
1787886000000,1.432,1.4354,1.4248,1.43,11149837.9
1787889600000,1.43,1.4326,1.4182,1.4207,15036700.6
1787893200000,1.4207,1.4265,1.4171,1.421,10184566.2
1787896800000,1.421,1.4271,1.421,1.4248,5479265.2
1787900400000,1.4248,1.4251,1.4158,1.4202,10195161.2
1787904000000,1.4202,1.426,1.4175,1.4198,7505173.1
1787907600000,1.4198,1.4201,1.408,1.4098,17117161.2
1787911200000,1.4098,1.4209,1.4001,1.4204,18448206.7
1787914800000,1.4204,1.4324,1.419,1.4191,17484344.3
1787918400000,1.4191,1.423,1.412,1.4228,12679506.8
1787922000000,1.4228,1.4254,1.4131,1.4177,12630222.5
1787925600000,1.4177,1.4396,1.3831,1.4308,75050985.9
1787929200000,1.4308,1.4374,1.4021,1.4028,27542608.9
1787932800000,1.4028,1.4118,1.3713,1.3921,57164036.2
1787936400000,1.3921,1.3935,1.3806,1.3878,12279439.8
1787940000000,1.3878,1.3884,1.3621,1.3732,23445234.4
1787943600000,1.3732,1.3831,1.3726,1.3779,9281586.1
1787947200000,1.3779,1.386,1.3744,1.3794,10568692.0
1787950800000,1.3794,1.3834,1.3685,1.3715,7995959.6
1787954400000,1.3715,1.3833,1.37,1.3822,6969192.4
1787958000000,1.3822,1.3835,1.3795,1.3828,5346760.0
1787961600000,1.3828,1.3889,1.3805,1.3825,7832454.5
1787965200000,1.3825,1.3882,1.3747,1.3843,11652173.7
1787968800000,1.3843,1.3868,1.379,1.3821,5017576.4
1787972400000,1.3821,1.3843,1.3769,1.3787,8563568.2
1787976000000,1.3787,1.3855,1.3782,1.3853,6137840.4
1787979600000,1.3853,1.3921,1.3841,1.3885,7111688.7
1787983200000,1.3885,1.3887,1.376,1.3796,7413217.0
1787986800000,1.3796,1.3856,1.379,1.3821,5813893.6
1787990400000,1.3821,1.3833,1.3779,1.3823,5293654.6
1787994000000,1.3823,1.3856,1.3808,1.3831,4565143.5
1787997600000,1.3831,1.3886,1.3788,1.3846,5857238.6
1788001200000,1.3846,1.3862,1.381,1.3826,3072402.0
1788004800000,1.3826,1.3861,1.3803,1.384,2962062.5
1788008400000,1.384,1.387,1.3823,1.3861,2176775.7
1788012000000,1.3861,1.4023,1.3853,1.3999,17766923.9
1788015600000,1.3999,1.4005,1.3895,1.3923,12510963.5
1788019200000,1.3923,1.3973,1.3884,1.3911,13092125.2
1788022800000,1.3911,1.3942,1.3839,1.3917,9251473.6
1788026400000,1.3917,1.3963,1.3896,1.3936,6455384.9
1788030000000,1.3936,1.4037,1.3926,1.3971,12790601.4
1788033600000,1.3971,1.4015,1.394,1.397,5645608.3
1788037200000,1.397,1.398,1.3887,1.3914,9618905.2
1788040800000,1.3914,1.3947,1.3897,1.3924,2890009.5
1788044400000,1.3924,1.3965,1.392,1.3956,3795328.9
1788048000000,1.3956,1.3987,1.3922,1.3948,5396006.5
1788051600000,1.3948,1.3948,1.3886,1.3909,7533831.7
1788055200000,1.3909,1.3957,1.3901,1.3929,5211145.1
1788058800000,1.3929,1.3948,1.3906,1.3919,3525616.7
1788062400000,1.3919,1.394,1.3868,1.3919,8635435.0
1788066000000,1.3919,1.397,1.3912,1.3953,4768747.1
1788069600000,1.3953,1.4032,1.3927,1.401,6535228.6
1788073200000,1.401,1.4014,1.3899,1.391,10103241.5
1788076800000,1.391,1.3938,1.3877,1.3914,4851050.2
1788080400000,1.3914,1.3921,1.3785,1.3856,12257625.0
1788084000000,1.3856,1.3908,1.384,1.3889,6118758.7
1788087600000,1.3889,1.3927,1.3883,1.3916,5209438.2
1788091200000,1.3916,1.4031,1.3911,1.4019,15308572.2
1788094800000,1.4019,1.4102,1.3955,1.4078,11296705.7
1788098400000,1.4078,1.408,1.4014,1.4031,7451038.1
1788102000000,1.4031,1.4052,1.3942,1.3976,7892111.9
1788105600000,1.3976,1.425,1.3959,1.4218,16819910.0
1788109200000,1.4218,1.4236,1.4071,1.4181,16503923.4
1788112800000,1.4181,1.433,1.411,1.4235,11794610.3
1788116400000,1.4235,1.4236,1.4067,1.4104,10206620.1
1788120000000,1.4104,1.4135,1.3864,1.3951,19115414.3
1788123600000,1.3951,1.3978,1.382,1.3944,15900439.4
1788127200000,1.3944,1.4032,1.3801,1.3855,13874773.8
1788130800000,1.3855,1.3869,1.333,1.3565,58058304.7
1788134400000,1.3565,1.3705,1.3516,1.3644,18735890.2
1788138000000,1.3644,1.3655,1.342,1.3428,21346619.9
1788141600000,1.3428,1.3565,1.3384,1.3442,15813034.1
1788145200000,1.3442,1.3571,1.3422,1.3538,9607556.8
1788148800000,1.3538,1.3547,1.3446,1.3508,7981000.3
1788152400000,1.3508,1.3679,1.3482,1.3632,20649684.0
1788156000000,1.3632,1.3675,1.3591,1.3637,11311848.1
1788159600000,1.3637,1.3728,1.3629,1.372,11268097.5
1788163200000,1.372,1.3776,1.3646,1.3727,9447628.0
1788166800000,1.3727,1.3795,1.3685,1.3719,8042542.9
1788170400000,1.3719,1.3829,1.367,1.3802,11420986.5
1788174000000,1.3802,1.3809,1.3697,1.3704,7921207.9
1788177600000,1.3704,1.379,1.356,1.3614,24897904.5
1788181200000,1.3614,1.3726,1.3585,1.3615,15652453.9
1788184800000,1.3615,1.3808,1.3583,1.3756,17612366.5
1788188400000,1.3756,1.3784,1.3638,1.3722,13536564.9
1788192000000,1.3722,1.3828,1.3672,1.3755,9501092.8
1788195600000,1.3755,1.3867,1.3711,1.3843,12008702.8
1788199200000,1.3843,1.3958,1.3796,1.3856,12985352.1
1788202800000,1.3856,1.3918,1.3837,1.3868,7024033.2
1788206400000,1.3868,1.3944,1.3841,1.3861,6643220.8
1788210000000,1.3861,1.3903,1.3797,1.3859,8571233.2
1788213600000,1.3859,1.3875,1.3792,1.3802,3471696.1
1788217200000,1.3802,1.3802,1.3739,1.3792,4264333.0
1788220800000,1.3792,1.3881,1.378,1.3836,6330308.5
1788224400000,1.3836,1.3868,1.3736,1.3762,6719027.5
1788228000000,1.3762,1.3763,1.3686,1.375,7380920.6
1788231600000,1.375,1.3917,1.3743,1.3862,9023092.2
1788235200000,1.3862,1.3883,1.3784,1.3804,6047452.1
1788238800000,1.3804,1.3966,1.3796,1.3944,11822130.9
1788242400000,1.3944,1.3947,1.3833,1.3834,9380794.3
1788246000000,1.3834,1.3858,1.3765,1.3794,8616471.6
1788249600000,1.3794,1.3799,1.3607,1.3621,22108122.7
1788253200000,1.3621,1.3676,1.3607,1.3665,7706717.9
1788256800000,1.3665,1.3836,1.3642,1.377,14118476.6
1788260400000,1.377,1.387,1.3739,1.3816,9921710.0
1788264000000,1.3816,1.3832,1.3682,1.3692,14128284.0
1788267600000,1.3692,1.377,1.3554,1.3747,32463559.4
1788271200000,1.3747,1.3836,1.3731,1.3777,13033484.2
1788274800000,1.3777,1.3814,1.3655,1.3772,13922731.2
1788278400000,1.3772,1.3781,1.3563,1.3648,14054443.1
1788282000000,1.3648,1.3732,1.3603,1.362,10876424.4
1788285600000,1.362,1.3645,1.3376,1.3554,31771385.5
1788289200000,1.3554,1.3644,1.3528,1.3542,14038482.6
1788292800000,1.3542,1.3562,1.3465,1.3538,11797548.4
1788296400000,1.3538,1.3552,1.337,1.3487,14443913.4
1788300000000,1.3487,1.3527,1.3392,1.3444,11860305.5
1788303600000,1.3444,1.3563,1.343,1.351,15135868.0
1788307200000,1.351,1.3527,1.3403,1.3407,6626513.5
1788310800000,1.3407,1.3442,1.3267,1.3342,21506429.7
1788314400000,1.3342,1.3465,1.3304,1.3443,11943478.8
1788318000000,1.3443,1.3574,1.3431,1.3511,13087971.0
1788321600000,1.3511,1.3519,1.342,1.3476,8754254.3
1788325200000,1.3476,1.3539,1.3428,1.3507,6799517.5
1788328800000,1.3507,1.3519,1.3412,1.3462,10543589.7
1788332400000,1.3462,1.352,1.3443,1.3448,6764600.4
1788336000000,1.3448,1.3459,1.3246,1.3303,18986744.7
1788339600000,1.3303,1.3363,1.3215,1.3269,16116900.3
1788343200000,1.3269,1.3272,1.3088,1.3194,23198193.6
1788346800000,1.3194,1.325,1.3143,1.3244,9703857.6
1788350400000,1.3244,1.3309,1.3167,1.3173,12863806.4
1788354000000,1.3173,1.3454,1.3173,1.3411,20069814.3
1788357600000,1.3411,1.3462,1.3314,1.3319,16150957.7
1788361200000,1.3319,1.3398,1.3251,1.3362,17125945.2
1788364800000,1.3362,1.3423,1.3311,1.3318,10247146.0
1788368400000,1.3318,1.338,1.3263,1.3378,12184053.6
1788372000000,1.3378,1.3439,1.3367,1.3417,12056540.3
1788375600000,1.3417,1.3484,1.3395,1.3438,8745037.0
1788379200000,1.3438,1.3552,1.343,1.3509,19046715.1
1788382800000,1.3509,1.3527,1.3454,1.3477,5039704.3
1788386400000,1.3477,1.3481,1.3414,1.3441,5209928.5
1788390000000,1.3441,1.3517,1.3415,1.3504,5779260.5
1788393600000,1.3504,1.3544,1.343,1.3438,11413608.4
1788397200000,1.3438,1.3658,1.3394,1.3554,23006659.9
1788400800000,1.3554,1.3728,1.3526,1.3691,17037383.5
1788404400000,1.3691,1.3745,1.3632,1.3663,11070792.7
1788408000000,1.3663,1.3693,1.3605,1.3689,9915277.8
1788411600000,1.3689,1.3706,1.3496,1.3683,18205249.9
1788415200000,1.3683,1.3693,1.3623,1.364,7899418.0
1788418800000,1.364,1.3754,1.362,1.365,18925947.5
1788422400000,1.365,1.3787,1.365,1.3685,10975813.3
1788426000000,1.3685,1.3718,1.3604,1.361,12126532.6
1788429600000,1.361,1.3665,1.3584,1.3645,11100601.8
1788433200000,1.3645,1.374,1.3633,1.3727,14812772.5
1788436800000,1.3727,1.3909,1.3685,1.3861,24267518.2
1788440400000,1.3861,1.4011,1.3824,1.3933,25793086.4
1788444000000,1.3933,1.4504,1.3881,1.4499,54582615.6
1788447600000,1.4499,1.4677,1.4374,1.4642,67880895.6
1788451200000,1.4642,1.466,1.4412,1.4526,39096817.8
1788454800000,1.4526,1.4639,1.4483,1.4614,17395453.0
1788458400000,1.4614,1.4686,1.4535,1.4625,14513595.7
1788462000000,1.4625,1.4748,1.4599,1.4708,15000020.2
1788465600000,1.4708,1.4833,1.4595,1.4708,21810518.6
1788469200000,1.4708,1.4777,1.4631,1.4654,16288057.8
1788472800000,1.4654,1.4675,1.4404,1.455,19146365.5
1788476400000,1.455,1.4596,1.4476,1.4506,10165843.2
1788480000000,1.4506,1.4586,1.4404,1.4409,16201649.8
1788483600000,1.4409,1.4468,1.4335,1.4437,13736564.5
1788487200000,1.4437,1.447,1.4374,1.4462,5873667.1
1788490800000,1.4462,1.4529,1.4456,1.4464,5798174.4
1788494400000,1.4464,1.4564,1.4431,1.4503,10363944.6
1788498000000,1.4503,1.4531,1.4408,1.4463,11266583.3
1788501600000,1.4463,1.4527,1.438,1.4458,7247060.2
1788505200000,1.4458,1.4529,1.4418,1.4434,14214150.3
1788508800000,1.4434,1.4575,1.4366,1.4568,16261818.4
1788512400000,1.4568,1.4618,1.4471,1.4514,18686954.1
1788516000000,1.4514,1.4527,1.4419,1.4485,10030274.3
1788519600000,1.4485,1.455,1.4448,1.45,8043096.6
1788523200000,1.45,1.4555,1.3906,1.4085,97881281.5
1788526800000,1.4085,1.4229,1.4002,1.4124,29884868.9
1788530400000,1.4124,1.4148,1.3822,1.3887,26248448.9
1788534000000,1.3887,1.4014,1.3861,1.3983,14302333.8
1788537600000,1.3983,1.4075,1.3967,1.4021,8861923.4
1788541200000,1.4021,1.4024,1.3895,1.3932,8598491.6
1788544800000,1.3932,1.3998,1.3929,1.3982,6430161.7
1788548400000,1.3982,1.4043,1.3981,1.3985,8958380.6
1788552000000,1.3985,1.4008,1.3956,1.3992,5248163.6
1788555600000,1.3992,1.4018,1.3931,1.3952,4482064.8
1788559200000,1.3952,1.3979,1.3931,1.3947,3065273.2
1788562800000,1.3947,1.3992,1.3936,1.3978,3909312.0
1788566400000,1.3978,1.3994,1.3939,1.3947,5935236.9
1788570000000,1.3947,1.4015,1.3938,1.3958,7874545.1
1788573600000,1.3958,1.3981,1.3927,1.3976,5441578.1
1788577200000,1.3976,1.4,1.3959,1.3964,4371740.6
1788580800000,1.3964,1.3987,1.3946,1.3972,5157313.9
1788584400000,1.3972,1.3998,1.3948,1.3984,5143809.1
1788588000000,1.3984,1.4039,1.398,1.4026,4959081.2
1788591600000,1.4026,1.4053,1.4013,1.4038,6743075.5
1788595200000,1.4038,1.4067,1.3993,1.4057,14133541.1
1788598800000,1.4057,1.4106,1.4044,1.4066,5973919.5
1788602400000,1.4066,1.4069,1.4023,1.4044,5844376.1
1788606000000,1.4044,1.4065,1.4015,1.4036,6293073.5
1788609600000,1.4036,1.4164,1.4032,1.4139,11236825.0
1788613200000,1.4139,1.4181,1.4084,1.4115,13881874.3
1788616800000,1.4115,1.4197,1.4112,1.4137,9668212.2
1788620400000,1.4137,1.4152,1.4097,1.4116,8056133.5
1788624000000,1.4116,1.4188,1.4107,1.415,8139979.2
1788627600000,1.415,1.4273,1.414,1.4258,11938420.6
1788631200000,1.4258,1.427,1.4166,1.4174,7550772.6
1788634800000,1.4174,1.42,1.4127,1.4153,7407234.8
1788638400000,1.4153,1.418,1.412,1.4144,10074778.4
1788642000000,1.4144,1.4218,1.4137,1.4197,5282887.1
1788645600000,1.4197,1.4221,1.4122,1.4138,7127291.0
1788649200000,1.4138,1.4156,1.3936,1.4116,20136005.7
1788652800000,1.4116,1.417,1.4105,1.4135,7973891.5
1788656400000,1.4135,1.4199,1.4117,1.4169,12552137.7
1788660000000,1.4169,1.4198,1.4149,1.4177,4505487.3
1788663600000,1.4177,1.432,1.417,1.4236,11133790.7
1788667200000,1.4236,1.4241,1.4158,1.4196,8266248.1
1788670800000,1.4196,1.4286,1.4169,1.4239,8755153.5
1788674400000,1.4239,1.426,1.4162,1.4175,5678758.9
1788678000000,1.4175,1.4194,1.4062,1.4161,13811711.0
1788681600000,1.4161,1.4179,1.4131,1.415,7017726.8
1788685200000,1.415,1.4241,1.4135,1.4186,11347422.4
1788688800000,1.4186,1.4222,1.4166,1.421,4298413.9
1788692400000,1.421,1.4223,1.4172,1.4199,6925088.5
1788696000000,1.4199,1.4261,1.4169,1.4179,9143388.6
1788699600000,1.4179,1.4216,1.4116,1.4159,12419801.5
1788703200000,1.4159,1.4167,1.3954,1.4097,22170001.7
1788706800000,1.4097,1.4117,1.3999,1.4104,10553421.5
1788710400000,1.4104,1.4137,1.4076,1.4117,4799545.1
1788714000000,1.4117,1.4134,1.4057,1.4083,6812579.7
1788717600000,1.4083,1.4149,1.4083,1.412,8879267.1
1788721200000,1.412,1.4121,1.4079,1.4092,1570970.5
1788724800000,1.4092,1.4241,1.4084,1.4216,10155722.3
1788728400000,1.4216,1.4271,1.4187,1.4246,6574621.4
1788732000000,1.4246,1.4246,1.4076,1.4179,15448497.7
1788735600000,1.4179,1.4264,1.4178,1.423,8793662.5
1788739200000,1.423,1.4252,1.4149,1.4178,9366995.2
1788742800000,1.4178,1.4194,1.4021,1.406,22855742.0
1788746400000,1.406,1.4319,1.3994,1.4133,24962155.9
1788750000000,1.4133,1.4165,1.402,1.4056,15055491.7
1788753600000,1.4056,1.4096,1.4017,1.4056,11188704.4
1788757200000,1.4056,1.4163,1.4047,1.4073,8646150.5
1788760800000,1.4073,1.4124,1.4053,1.4083,6171294.7
1788764400000,1.4083,1.4125,1.3853,1.3983,28492685.3
1788768000000,1.3983,1.4099,1.3974,1.4032,22417636.0
1788771600000,1.4032,1.4072,1.3959,1.3964,14697518.7
1788775200000,1.3964,1.4019,1.3923,1.3981,13492720.5
1788778800000,1.3981,1.4007,1.3961,1.3983,6166672.2
1788782400000,1.3983,1.4126,1.398,1.4112,9529099.4
1788786000000,1.4112,1.4128,1.4007,1.4024,13283291.7
1788789600000,1.4024,1.4038,1.3901,1.3977,27003782.9
1788793200000,1.3977,1.3983,1.3745,1.3828,32223190.0
1788796800000,1.3828,1.3953,1.3824,1.3948,9165649.7
1788800400000,1.3948,1.3991,1.394,1.3974,5824467.2
1788804000000,1.3974,1.3989,1.3915,1.394,6189210.4
1788807600000,1.394,1.4034,1.3927,1.4013,6012330.3
1788811200000,1.4013,1.4022,1.3945,1.398,13081012.2
1788814800000,1.398,1.4,1.3942,1.3963,3933377.4
1788818400000,1.3963,1.3973,1.3821,1.3876,12251341.7
1788822000000,1.3876,1.3981,1.3872,1.396,10314732.4
1788825600000,1.396,1.4019,1.3921,1.4009,11268089.5
1788829200000,1.4009,1.4059,1.3981,1.4032,8280017.2
1788832800000,1.4032,1.4063,1.3908,1.3908,8958364.3
1788836400000,1.3908,1.3973,1.3881,1.3944,6332567.2
1788840000000,1.3944,1.396,1.3899,1.3902,7664333.9
1788843600000,1.3902,1.3961,1.3855,1.3867,14718791.7
1788847200000,1.3867,1.389,1.3794,1.3826,24182789.2
1788850800000,1.3826,1.3932,1.3823,1.3879,11049018.6
1788854400000,1.3879,1.3923,1.3831,1.3894,7228814.2
1788858000000,1.3894,1.4007,1.3885,1.3983,13501737.7
1788861600000,1.3983,1.4031,1.3967,1.397,10358454.9
1788865200000,1.397,1.3984,1.389,1.394,11738766.6
1788868800000,1.394,1.3997,1.3871,1.3979,8249635.1
1788872400000,1.3979,1.4081,1.3828,1.4031,25784074.0
1788876000000,1.4031,1.418,1.3991,1.417,23748251.1
1788879600000,1.417,1.4342,1.4108,1.4341,25905023.6
1788883200000,1.4341,1.4504,1.4255,1.4353,34483283.3
1788886800000,1.4353,1.4387,1.4234,1.4268,12493047.3
1788890400000,1.4268,1.4462,1.4234,1.4303,19718753.8
1788894000000,1.4303,1.434,1.4149,1.4225,22996579.3
1788897600000,1.4225,1.4261,1.4123,1.4139,12183510.6
1788901200000,1.4139,1.423,1.4132,1.4162,7168989.7
1788904800000,1.4162,1.4229,1.4158,1.4175,7609700.4
1788908400000,1.4175,1.4217,1.4141,1.4166,11468349.2
1788912000000,1.4166,1.4247,1.4165,1.4199,6847390.2
1788915600000,1.4199,1.4219,1.4085,1.4169,11293122.0
1788919200000,1.4169,1.4206,1.4112,1.4154,10792461.2
1788922800000,1.4154,1.4175,1.4089,1.4161,9119061.3
1788926400000,1.4161,1.4369,1.4161,1.4358,16904454.0
1788930000000,1.4358,1.4363,1.4222,1.4268,13394575.3
1788933600000,1.4268,1.4405,1.4262,1.4332,7135923.7
1788937200000,1.4332,1.4421,1.433,1.4403,12747118.0
1788940800000,1.4403,1.4448,1.4349,1.4378,11482727.6
1788944400000,1.4378,1.4379,1.4186,1.4196,13992770.9
1788948000000,1.4196,1.4249,1.4179,1.4224,12727442.5
1788951600000,1.4224,1.4282,1.4161,1.4267,14299733.1
1788955200000,1.4267,1.4395,1.4252,1.4364,14964292.3
1788958800000,1.4364,1.4385,1.4219,1.4282,19499279.2
1788962400000,1.4282,1.4324,1.4205,1.4246,14475144.4
1788966000000,1.4246,1.4326,1.4046,1.4165,28787452.5
1788969600000,1.4165,1.4226,1.4101,1.4219,10959228.4
1788973200000,1.4219,1.4238,1.4175,1.4216,5979502.3
1788976800000,1.4216,1.4224,1.4156,1.4167,6300794.0
1788980400000,1.4167,1.4188,1.3976,1.4007,13416977.5
1788984000000,1.4007,1.4046,1.3931,1.4029,14057470.7
1788987600000,1.4029,1.4029,1.3902,1.3956,11089564.5
1788991200000,1.3956,1.3966,1.3748,1.3836,27975856.0
1788994800000,1.3836,1.3949,1.3833,1.3942,6274626.6
1788998400000,1.3942,1.3955,1.3849,1.3866,8488707.0
1789002000000,1.3866,1.3948,1.3761,1.3825,12010896.4
1789005600000,1.3825,1.3916,1.3796,1.3914,6039488.5
1789009200000,1.3914,1.3938,1.3883,1.3899,7301256.1
1789012800000,1.3899,1.393,1.3863,1.388,6337135.4
1789016400000,1.388,1.3926,1.3849,1.3911,8291467.9
1789020000000,1.3911,1.3915,1.3814,1.3882,6306153.2
1789023600000,1.3882,1.3882,1.3761,1.382,9794783.2
1789027200000,1.382,1.384,1.379,1.3814,8257970.2
1789030800000,1.3814,1.3842,1.3719,1.3776,11402601.6
1789034400000,1.3776,1.3801,1.3681,1.3748,11192336.9
1789038000000,1.3748,1.382,1.3718,1.376,19696320.6
1789041600000,1.376,1.3813,1.3371,1.3576,71594323.4
1789045200000,1.3576,1.366,1.3492,1.3634,25066088.5
1789048800000,1.3634,1.3683,1.3566,1.3595,13829939.3
1789052400000,1.3595,1.36,1.351,1.3559,11220712.6
1789056000000,1.3559,1.3582,1.3415,1.3534,19404292.3
1789059600000,1.3534,1.3641,1.3511,1.3596,14392322.8
1789063200000,1.3596,1.3599,1.3467,1.3553,10870888.8
1789066800000,1.3553,1.358,1.349,1.35,8700156.8
1789070400000,1.35,1.3571,1.3497,1.3534,3638014.6
1789074000000,1.3534,1.3562,1.349,1.351,3758966.0
1789077600000,1.351,1.3544,1.342,1.3421,6174304.5
1789081200000,1.3421,1.3436,1.3282,1.3337,21386201.5
1789084800000,1.3337,1.3432,1.3331,1.341,7762048.0
1789088400000,1.341,1.3455,1.3359,1.3454,7778420.2
1789092000000,1.3454,1.3458,1.3374,1.3419,6011689.4
1789095600000,1.3419,1.343,1.3369,1.3422,6406012.6
1789099200000,1.3422,1.3493,1.3409,1.3475,7026656.2
1789102800000,1.3475,1.3495,1.3456,1.3487,7973328.5
1789106400000,1.3487,1.3527,1.3482,1.3526,7146845.3
1789110000000,1.3526,1.359,1.3503,1.3506,10058514.3
1789113600000,1.3506,1.3565,1.3476,1.3528,6417370.1
1789117200000,1.3528,1.3537,1.3365,1.3409,11315829.4
1789120800000,1.3409,1.3442,1.3316,1.3321,8511073.6
1789124400000,1.3321,1.3326,1.3201,1.3285,15698133.9
1789128000000,1.3285,1.3707,1.314,1.3657,63833752.8
1789131600000,1.3657,1.4171,1.353,1.4156,56048470.6
1789135200000,1.4156,1.4329,1.3852,1.3942,48984483.4
1789138800000,1.3942,1.4052,1.3647,1.3737,32310083.1
1789142400000,1.3737,1.3837,1.3674,1.3759,17534082.2
1789146000000,1.3759,1.3774,1.3646,1.3672,8647580.7
1789149600000,1.3672,1.3683,1.3459,1.3516,27034629.3
1789153200000,1.3516,1.362,1.3455,1.3606,11362908.1
1789156800000,1.3606,1.3677,1.3561,1.3614,13527694.5
1789160400000,1.3614,1.3663,1.3513,1.3523,4107910.1
1789164000000,1.3523,1.3575,1.3457,1.3496,12189401.0
1789167600000,1.3496,1.3563,1.3483,1.3556,3336170.5
1789171200000,1.3556,1.3584,1.3537,1.3562,3478230.0
1789174800000,1.3562,1.3628,1.3553,1.36,5518086.7
1789178400000,1.36,1.3633,1.3589,1.3629,4858651.0
1789182000000,1.3629,1.3654,1.3614,1.3631,4661870.3
1789185600000,1.3631,1.3649,1.3609,1.3623,2789680.6
1789189200000,1.3623,1.3648,1.3606,1.3632,4392765.5
1789192800000,1.3632,1.3648,1.3611,1.3626,3627568.4
1789196400000,1.3626,1.3698,1.3623,1.3686,3615087.7
1789200000000,1.3686,1.3696,1.3642,1.3663,5681661.9
1789203600000,1.3663,1.3699,1.3657,1.3691,5481781.1
1789207200000,1.3691,1.3739,1.369,1.3726,3638236.7
1789210800000,1.3726,1.3737,1.3703,1.3716,4704941.3
1789214400000,1.3716,1.3724,1.3679,1.3697,4630430.6
1789218000000,1.3697,1.3709,1.3654,1.3672,6563415.2
1789221600000,1.3672,1.3708,1.3669,1.3692,2875379.1
1789225200000,1.3692,1.3735,1.3677,1.3716,5099221.1
1789228800000,1.3716,1.3724,1.3684,1.3693,2777518.1
1789232400000,1.3693,1.3698,1.3656,1.3663,3631409.4
1789236000000,1.3663,1.3664,1.3621,1.3628,5338227.8
1789239600000,1.3628,1.3642,1.3606,1.362,4338577.0
1789243200000,1.362,1.3662,1.3619,1.3639,3300526.8
1789246800000,1.3639,1.3657,1.3616,1.3623,2336572.5
1789250400000,1.3623,1.3651,1.3601,1.3624,4016178.0
1789254000000,1.3624,1.3669,1.362,1.3655,2235727.3
1789257600000,1.3655,1.3674,1.3642,1.3665,2236633.9
1789261200000,1.3665,1.3673,1.3632,1.3669,4823269.4
1789264800000,1.3669,1.3699,1.3646,1.3674,3584210.9
1789268400000,1.3674,1.3689,1.3619,1.3629,4563350.8
1789272000000,1.3629,1.365,1.3627,1.3636,2395280.5
1789275600000,1.3636,1.3678,1.3634,1.3673,2453425.9
1789279200000,1.3673,1.3674,1.3575,1.3601,5016445.1
1789282800000,1.3601,1.3618,1.3564,1.3571,6299922.9
1789286400000,1.3571,1.3589,1.3445,1.3472,12081060.9
1789290000000,1.3472,1.3503,1.337,1.3437,12106336.1
1789293600000,1.3437,1.3442,1.3362,1.3398,5005714.4
1789297200000,1.3398,1.343,1.3379,1.3425,5161990.8
1789300800000,1.3425,1.3429,1.3359,1.3394,5792324.0
1789304400000,1.3394,1.3421,1.3314,1.3412,10211081.5
1789308000000,1.3412,1.3534,1.341,1.3498,8760858.7
1789311600000,1.3498,1.35,1.3428,1.3429,5042154.6
1789315200000,1.3429,1.3506,1.3428,1.3503,3311480.1
1789318800000,1.3503,1.3568,1.3503,1.3548,5118225.8
1789322400000,1.3548,1.3599,1.3531,1.3577,3566288.1
1789326000000,1.3577,1.3593,1.3521,1.3543,4701662.0
1789329600000,1.3543,1.3614,1.3543,1.3605,4840348.5
1789333200000,1.3605,1.3617,1.3557,1.3568,3948401.9
1789336800000,1.3568,1.3568,1.3332,1.3368,19290002.9
1789340400000,1.3368,1.3442,1.3365,1.3401,8126577.2
1789344000000,1.3401,1.3499,1.3336,1.3464,9798383.2
1789347600000,1.3464,1.3493,1.3372,1.3429,8285577.6
1789351200000,1.3507,1.3732,1.3491,1.3695,20110610.6
1789354800000,1.3695,1.3802,1.3678,1.3721,18709677.8
1789358400000,1.3721,1.3798,1.3708,1.3763,14300475.4
1789362000000,1.3763,1.3807,1.3735,1.3797,7820769.1
1789365600000,1.3797,1.388,1.3742,1.3859,17022315.8
1789369200000,1.3859,1.3901,1.3837,1.39,10571002.9
1789372800000,1.39,1.3943,1.3833,1.3848,15744934.6
1789376400000,1.3848,1.4097,1.3805,1.4024,30447488.0
1789380000000,1.4024,1.4081,1.3944,1.3967,19176108.0
1789383600000,1.3967,1.4062,1.3939,1.3982,15829275.2
1789387200000,1.3982,1.4041,1.3916,1.3945,19888016.6
1789390800000,1.3945,1.4031,1.3822,1.394,26426325.2
1789394400000,1.394,1.405,1.3935,1.3992,21838555.8
1789398000000,1.3992,1.4068,1.3916,1.4029,18647767.9
1789401600000,1.4029,1.422,1.4008,1.4184,20146501.9
1789405200000,1.4184,1.4402,1.416,1.4339,23515665.6
1789408800000,1.4339,1.4798,1.4295,1.4767,54576841.4
1789412400000,1.4767,1.4774,1.4535,1.4635,39035791.2
1789416000000,1.4635,1.491,1.4623,1.4631,39398065.9
1789419600000,1.4631,1.4638,1.4414,1.4427,26829431.4
1789423200000,1.4427,1.4518,1.4334,1.4352,15757728.5
1789426800000,1.4352,1.4377,1.4177,1.4227,21019577.7
1789430400000,1.4227,1.4273,1.4143,1.4186,12532842.2
1789434000000,1.4186,1.4254,1.4146,1.4214,13857447.1
1789437600000,1.4214,1.4297,1.4213,1.4229,11858642.6
1789441200000,1.4229,1.4229,1.4104,1.4152,14263207.6
1789444800000,1.4152,1.4178,1.4075,1.413,12845247.7
1789448400000,1.413,1.4131,1.399,1.4078,15026925.6
1789452000000,1.4078,1.4101,1.3952,1.3989,15103439.3
1789455600000,1.3989,1.4035,1.3912,1.3935,14831436.5
1789459200000,1.3935,1.3978,1.3852,1.3974,21909378.5
1789462800000,1.3974,1.4063,1.3949,1.4016,17121399.1
1789466400000,1.4016,1.4037,1.3967,1.4018,10152621.3
1789470000000,1.4018,1.4027,1.3928,1.4003,12971986.0
1789473600000,1.4003,1.4088,1.3987,1.4061,9608373.4
